ISO-10303-21;
HEADER;
FILE_DESCRIPTION(('FreeCAD Model'),'2;1');
FILE_NAME('Open CASCADE Shape Model','2026-10-03T11:49:32',('FreeCAD'),(
    'FreeCAD'),'Open CASCADE STEP processor 7.8','FreeCAD','Unknown');
FILE_SCHEMA(('AUTOMOTIVE_DESIGN { 1 0 10303 214 1 1 1 1 }'));
ENDSEC;
DATA;
#1 = APPLICATION_PROTOCOL_DEFINITION('international standard',
  'automotive_design',2000,#2);
#2 = APPLICATION_CONTEXT(
  'core data for automotive mechanical design processes');
#3 = SHAPE_DEFINITION_REPRESENTATION(#4,#10);
#4 = PRODUCT_DEFINITION_SHAPE('','',#5);
#5 = PRODUCT_DEFINITION('design','',#6,#9);
#6 = PRODUCT_DEFINITION_FORMATION('','',#7);
#7 = PRODUCT('Open CASCADE STEP translator 7.8 1',
  'Open CASCADE STEP translator 7.8 1','',(#8));
#8 = PRODUCT_CONTEXT('',#2,'mechanical');
#9 = PRODUCT_DEFINITION_CONTEXT('part definition',#2,'design');
#10 = SHAPE_REPRESENTATION('',(#11,#15,#213,#411,#575,#739,#1612,#2485),
  #6093);
#11 = AXIS2_PLACEMENT_3D('',#12,#13,#14);
#12 = CARTESIAN_POINT('',(0.,0.,0.));
#13 = DIRECTION('',(0.,0.,1.));
#14 = DIRECTION('',(1.,0.,-0.));
#15 = MANIFOLD_SOLID_BREP('',#16);
#16 = CLOSED_SHELL('',(#17,#53,#95,#123,#157,#177,#189,#201));
#17 = ADVANCED_FACE('',(#18),#48,.T.);
#18 = FACE_BOUND('',#19,.T.);
#19 = EDGE_LOOP('',(#20,#29,#36,#43));
#20 = ORIENTED_EDGE('',*,*,#21,.F.);
#21 = EDGE_CURVE('',#22,#24,#26,.T.);
#22 = VERTEX_POINT('',#23);
#23 = CARTESIAN_POINT('',(-2.9,6.75,-1.05));
#24 = VERTEX_POINT('',#25);
#25 = CARTESIAN_POINT('',(-2.9,6.75,8.2));
#26 = B_SPLINE_CURVE_WITH_KNOTS('',1,(#27,#28),.UNSPECIFIED.,.F.,.F.,(2,
    2),(14.031138830084,23.281138830084),.PIECEWISE_BEZIER_KNOTS.);
#27 = CARTESIAN_POINT('',(-2.9,6.75,-1.05));
#28 = CARTESIAN_POINT('',(-2.9,6.75,8.2));
#29 = ORIENTED_EDGE('',*,*,#30,.T.);
#30 = EDGE_CURVE('',#22,#31,#33,.T.);
#31 = VERTEX_POINT('',#32);
#32 = CARTESIAN_POINT('',(-3.4,6.75,-1.05));
#33 = B_SPLINE_CURVE_WITH_KNOTS('',1,(#34,#35),.UNSPECIFIED.,.F.,.F.,(2,
    2),(-0.5,0.),.PIECEWISE_BEZIER_KNOTS.);
#34 = CARTESIAN_POINT('',(-2.9,6.75,-1.05));
#35 = CARTESIAN_POINT('',(-3.4,6.75,-1.05));
#36 = ORIENTED_EDGE('',*,*,#37,.T.);
#37 = EDGE_CURVE('',#31,#38,#40,.T.);
#38 = VERTEX_POINT('',#39);
#39 = CARTESIAN_POINT('',(-3.4,6.75,8.2));
#40 = B_SPLINE_CURVE_WITH_KNOTS('',1,(#41,#42),.UNSPECIFIED.,.F.,.F.,(2,
    2),(14.031138830084,23.281138830084),.PIECEWISE_BEZIER_KNOTS.);
#41 = CARTESIAN_POINT('',(-3.4,6.75,-1.05));
#42 = CARTESIAN_POINT('',(-3.4,6.75,8.2));
#43 = ORIENTED_EDGE('',*,*,#44,.F.);
#44 = EDGE_CURVE('',#24,#38,#45,.T.);
#45 = B_SPLINE_CURVE_WITH_KNOTS('',1,(#46,#47),.UNSPECIFIED.,.F.,.F.,(2,
    2),(0.,0.5),.PIECEWISE_BEZIER_KNOTS.);
#46 = CARTESIAN_POINT('',(-2.9,6.75,8.2));
#47 = CARTESIAN_POINT('',(-3.4,6.75,8.2));
#48 = B_SPLINE_SURFACE_WITH_KNOTS('',1,1,(
    (#49,#50)
    ,(#51,#52
    )),.UNSPECIFIED.,.F.,.F.,.F.,(2,2),(2,2),(-0.5,0.),(14.031138830084,
    23.281138830084),.PIECEWISE_BEZIER_KNOTS.);
#49 = CARTESIAN_POINT('',(-2.9,6.75,-1.05));
#50 = CARTESIAN_POINT('',(-2.9,6.75,8.2));
#51 = CARTESIAN_POINT('',(-3.4,6.75,-1.05));
#52 = CARTESIAN_POINT('',(-3.4,6.75,8.2));
#53 = ADVANCED_FACE('',(#54),#90,.T.);
#54 = FACE_BOUND('',#55,.T.);
#55 = EDGE_LOOP('',(#56,#65,#72,#79,#84,#85));
#56 = ORIENTED_EDGE('',*,*,#57,.F.);
#57 = EDGE_CURVE('',#58,#60,#62,.T.);
#58 = VERTEX_POINT('',#59);
#59 = CARTESIAN_POINT('',(-2.9,5.25,-1.05));
#60 = VERTEX_POINT('',#61);
#61 = CARTESIAN_POINT('',(-2.9,5.25,8.2));
#62 = B_SPLINE_CURVE_WITH_KNOTS('',1,(#63,#64),.UNSPECIFIED.,.F.,.F.,(2,
    2),(14.031138830084,23.281138830084),.PIECEWISE_BEZIER_KNOTS.);
#63 = CARTESIAN_POINT('',(-2.9,5.25,-1.05));
#64 = CARTESIAN_POINT('',(-2.9,5.25,8.2));
#65 = ORIENTED_EDGE('',*,*,#66,.T.);
#66 = EDGE_CURVE('',#58,#67,#69,.T.);
#67 = VERTEX_POINT('',#68);
#68 = CARTESIAN_POINT('',(-2.9,5.514490471062,-2.55));
#69 = B_SPLINE_CURVE_WITH_KNOTS('',1,(#70,#71),.UNSPECIFIED.,.F.,.F.,(2,
    2),(-14.07844656995,-12.55530665212),.PIECEWISE_BEZIER_KNOTS.);
#70 = CARTESIAN_POINT('',(-2.9,5.25,-1.05));
#71 = CARTESIAN_POINT('',(-2.9,5.514490471062,-2.55));
#72 = ORIENTED_EDGE('',*,*,#73,.F.);
#73 = EDGE_CURVE('',#74,#67,#76,.T.);
#74 = VERTEX_POINT('',#75);
#75 = CARTESIAN_POINT('',(-2.9,6.485509528937,-2.55));
#76 = B_SPLINE_CURVE_WITH_KNOTS('',1,(#77,#78),.UNSPECIFIED.,.F.,.F.,(2,
    2),(0.264490471063,1.235509528937),.PIECEWISE_BEZIER_KNOTS.);
#77 = CARTESIAN_POINT('',(-2.9,6.485509528937,-2.55));
#78 = CARTESIAN_POINT('',(-2.9,5.514490471062,-2.55));
#79 = ORIENTED_EDGE('',*,*,#80,.T.);
#80 = EDGE_CURVE('',#74,#22,#81,.T.);
#81 = B_SPLINE_CURVE_WITH_KNOTS('',1,(#82,#83),.UNSPECIFIED.,.F.,.F.,(2,
    2),(12.294834385629,13.817974303458),.PIECEWISE_BEZIER_KNOTS.);
#82 = CARTESIAN_POINT('',(-2.9,6.485509528937,-2.55));
#83 = CARTESIAN_POINT('',(-2.9,6.75,-1.05));
#84 = ORIENTED_EDGE('',*,*,#21,.T.);
#85 = ORIENTED_EDGE('',*,*,#86,.F.);
#86 = EDGE_CURVE('',#60,#24,#87,.T.);
#87 = B_SPLINE_CURVE_WITH_KNOTS('',1,(#88,#89),.UNSPECIFIED.,.F.,.F.,(2,
    2),(0.,1.5),.PIECEWISE_BEZIER_KNOTS.);
#88 = CARTESIAN_POINT('',(-2.9,5.25,8.2));
#89 = CARTESIAN_POINT('',(-2.9,6.75,8.2));
#90 = B_SPLINE_SURFACE_WITH_KNOTS('',1,1,(
    (#91,#92)
    ,(#93,#94
    )),.UNSPECIFIED.,.F.,.F.,.F.,(2,2),(2,2),(-1.5,8.881784197001E-16),(
    12.531138830084,23.281138830084),.PIECEWISE_BEZIER_KNOTS.);
#91 = CARTESIAN_POINT('',(-2.9,5.25,-2.55));
#92 = CARTESIAN_POINT('',(-2.9,5.25,8.2));
#93 = CARTESIAN_POINT('',(-2.9,6.75,-2.55));
#94 = CARTESIAN_POINT('',(-2.9,6.75,8.2));
#95 = ADVANCED_FACE('',(#96),#118,.T.);
#96 = FACE_BOUND('',#97,.T.);
#97 = EDGE_LOOP('',(#98,#107,#112,#113));
#98 = ORIENTED_EDGE('',*,*,#99,.F.);
#99 = EDGE_CURVE('',#100,#102,#104,.T.);
#100 = VERTEX_POINT('',#101);
#101 = CARTESIAN_POINT('',(-3.4,5.25,-1.05));
#102 = VERTEX_POINT('',#103);
#103 = CARTESIAN_POINT('',(-3.4,5.25,8.2));
#104 = B_SPLINE_CURVE_WITH_KNOTS('',1,(#105,#106),.UNSPECIFIED.,.F.,.F.,
  (2,2),(14.031138830084,23.281138830084),.PIECEWISE_BEZIER_KNOTS.);
#105 = CARTESIAN_POINT('',(-3.4,5.25,-1.05));
#106 = CARTESIAN_POINT('',(-3.4,5.25,8.2));
#107 = ORIENTED_EDGE('',*,*,#108,.T.);
#108 = EDGE_CURVE('',#100,#58,#109,.T.);
#109 = B_SPLINE_CURVE_WITH_KNOTS('',1,(#110,#111),.UNSPECIFIED.,.F.,.F.,
  (2,2),(-0.5,0.),.PIECEWISE_BEZIER_KNOTS.);
#110 = CARTESIAN_POINT('',(-3.4,5.25,-1.05));
#111 = CARTESIAN_POINT('',(-2.9,5.25,-1.05));
#112 = ORIENTED_EDGE('',*,*,#57,.T.);
#113 = ORIENTED_EDGE('',*,*,#114,.F.);
#114 = EDGE_CURVE('',#102,#60,#115,.T.);
#115 = B_SPLINE_CURVE_WITH_KNOTS('',1,(#116,#117),.UNSPECIFIED.,.F.,.F.,
  (2,2),(0.,0.5),.PIECEWISE_BEZIER_KNOTS.);
#116 = CARTESIAN_POINT('',(-3.4,5.25,8.2));
#117 = CARTESIAN_POINT('',(-2.9,5.25,8.2));
#118 = B_SPLINE_SURFACE_WITH_KNOTS('',1,1,(
    (#119,#120)
    ,(#121,#122
    )),.UNSPECIFIED.,.F.,.F.,.F.,(2,2),(2,2),(-0.5,0.),(14.031138830084,
    23.281138830084),.PIECEWISE_BEZIER_KNOTS.);
#119 = CARTESIAN_POINT('',(-3.4,5.25,-1.05));
#120 = CARTESIAN_POINT('',(-3.4,5.25,8.2));
#121 = CARTESIAN_POINT('',(-2.9,5.25,-1.05));
#122 = CARTESIAN_POINT('',(-2.9,5.25,8.2));
#123 = ADVANCED_FACE('',(#124),#152,.T.);
#124 = FACE_BOUND('',#125,.T.);
#125 = EDGE_LOOP('',(#126,#135,#140,#141,#146,#147));
#126 = ORIENTED_EDGE('',*,*,#127,.F.);
#127 = EDGE_CURVE('',#128,#130,#132,.T.);
#128 = VERTEX_POINT('',#129);
#129 = CARTESIAN_POINT('',(-3.4,5.514490471062,-2.55));
#130 = VERTEX_POINT('',#131);
#131 = CARTESIAN_POINT('',(-3.4,6.485509528937,-2.55));
#132 = B_SPLINE_CURVE_WITH_KNOTS('',1,(#133,#134),.UNSPECIFIED.,.F.,.F.,
  (2,2),(0.264490471063,1.235509528937),.PIECEWISE_BEZIER_KNOTS.);
#133 = CARTESIAN_POINT('',(-3.4,5.514490471062,-2.55));
#134 = CARTESIAN_POINT('',(-3.4,6.485509528937,-2.55));
#135 = ORIENTED_EDGE('',*,*,#136,.T.);
#136 = EDGE_CURVE('',#128,#100,#137,.T.);
#137 = B_SPLINE_CURVE_WITH_KNOTS('',1,(#138,#139),.UNSPECIFIED.,.F.,.F.,
  (2,2),(12.294834385629,13.817974303458),.PIECEWISE_BEZIER_KNOTS.);
#138 = CARTESIAN_POINT('',(-3.4,5.514490471062,-2.55));
#139 = CARTESIAN_POINT('',(-3.4,5.25,-1.05));
#140 = ORIENTED_EDGE('',*,*,#99,.T.);
#141 = ORIENTED_EDGE('',*,*,#142,.F.);
#142 = EDGE_CURVE('',#38,#102,#143,.T.);
#143 = B_SPLINE_CURVE_WITH_KNOTS('',1,(#144,#145),.UNSPECIFIED.,.F.,.F.,
  (2,2),(0.,1.5),.PIECEWISE_BEZIER_KNOTS.);
#144 = CARTESIAN_POINT('',(-3.4,6.75,8.2));
#145 = CARTESIAN_POINT('',(-3.4,5.25,8.2));
#146 = ORIENTED_EDGE('',*,*,#37,.F.);
#147 = ORIENTED_EDGE('',*,*,#148,.T.);
#148 = EDGE_CURVE('',#31,#130,#149,.T.);
#149 = B_SPLINE_CURVE_WITH_KNOTS('',1,(#150,#151),.UNSPECIFIED.,.F.,.F.,
  (2,2),(-14.07844656995,-12.55530665212),.PIECEWISE_BEZIER_KNOTS.);
#150 = CARTESIAN_POINT('',(-3.4,6.75,-1.05));
#151 = CARTESIAN_POINT('',(-3.4,6.485509528937,-2.55));
#152 = B_SPLINE_SURFACE_WITH_KNOTS('',1,1,(
    (#153,#154)
    ,(#155,#156
    )),.UNSPECIFIED.,.F.,.F.,.F.,(2,2),(2,2),(-1.5,4.440892098501E-16),(
    12.531138830084,23.281138830084),.PIECEWISE_BEZIER_KNOTS.);
#153 = CARTESIAN_POINT('',(-3.4,6.75,-2.55));
#154 = CARTESIAN_POINT('',(-3.4,6.75,8.2));
#155 = CARTESIAN_POINT('',(-3.4,5.25,-2.55));
#156 = CARTESIAN_POINT('',(-3.4,5.25,8.2));
#157 = ADVANCED_FACE('',(#158),#172,.F.);
#158 = FACE_BOUND('',#159,.T.);
#159 = EDGE_LOOP('',(#160,#161,#166,#167));
#160 = ORIENTED_EDGE('',*,*,#73,.T.);
#161 = ORIENTED_EDGE('',*,*,#162,.T.);
#162 = EDGE_CURVE('',#67,#128,#163,.T.);
#163 = B_SPLINE_CURVE_WITH_KNOTS('',1,(#164,#165),.UNSPECIFIED.,.F.,.F.,
  (2,2),(-0.5,0.),.PIECEWISE_BEZIER_KNOTS.);
#164 = CARTESIAN_POINT('',(-2.9,5.514490471062,-2.55));
#165 = CARTESIAN_POINT('',(-3.4,5.514490471062,-2.55));
#166 = ORIENTED_EDGE('',*,*,#127,.T.);
#167 = ORIENTED_EDGE('',*,*,#168,.T.);
#168 = EDGE_CURVE('',#130,#74,#169,.T.);
#169 = B_SPLINE_CURVE_WITH_KNOTS('',1,(#170,#171),.UNSPECIFIED.,.F.,.F.,
  (2,2),(-0.5,0.),.PIECEWISE_BEZIER_KNOTS.);
#170 = CARTESIAN_POINT('',(-3.4,6.485509528937,-2.55));
#171 = CARTESIAN_POINT('',(-2.9,6.485509528937,-2.55));
#172 = B_SPLINE_SURFACE_WITH_KNOTS('',1,1,(
    (#173,#174)
    ,(#175,#176
    )),.UNSPECIFIED.,.F.,.F.,.F.,(2,2),(2,2),(5.770704068819,
    6.741723126694),(13.338960762841,13.838960762841),
  .PIECEWISE_BEZIER_KNOTS.);
#173 = CARTESIAN_POINT('',(-2.9,5.514490471062,-2.55));
#174 = CARTESIAN_POINT('',(-3.4,5.514490471062,-2.55));
#175 = CARTESIAN_POINT('',(-2.9,6.485509528937,-2.55));
#176 = CARTESIAN_POINT('',(-3.4,6.485509528937,-2.55));
#177 = ADVANCED_FACE('',(#178),#184,.T.);
#178 = FACE_BOUND('',#179,.T.);
#179 = EDGE_LOOP('',(#180,#181,#182,#183));
#180 = ORIENTED_EDGE('',*,*,#86,.T.);
#181 = ORIENTED_EDGE('',*,*,#44,.T.);
#182 = ORIENTED_EDGE('',*,*,#142,.T.);
#183 = ORIENTED_EDGE('',*,*,#114,.T.);
#184 = B_SPLINE_SURFACE_WITH_KNOTS('',1,1,(
    (#185,#186)
    ,(#187,#188
    )),.UNSPECIFIED.,.F.,.F.,.F.,(2,2),(2,2),(-10.1,-8.6),(6.5,7.),
  .PIECEWISE_BEZIER_KNOTS.);
#185 = CARTESIAN_POINT('',(-2.9,5.25,8.2));
#186 = CARTESIAN_POINT('',(-3.4,5.25,8.2));
#187 = CARTESIAN_POINT('',(-2.9,6.75,8.2));
#188 = CARTESIAN_POINT('',(-3.4,6.75,8.2));
#189 = ADVANCED_FACE('',(#190),#196,.T.);
#190 = FACE_BOUND('',#191,.T.);
#191 = EDGE_LOOP('',(#192,#193,#194,#195));
#192 = ORIENTED_EDGE('',*,*,#66,.F.);
#193 = ORIENTED_EDGE('',*,*,#108,.F.);
#194 = ORIENTED_EDGE('',*,*,#136,.F.);
#195 = ORIENTED_EDGE('',*,*,#162,.F.);
#196 = B_SPLINE_SURFACE_WITH_KNOTS('',1,1,(
    (#197,#198)
    ,(#199,#200
    )),.UNSPECIFIED.,.F.,.F.,.F.,(2,2),(2,2),(-13.83896076284,
    -13.33896076284),(0.,1.523139917829),.PIECEWISE_BEZIER_KNOTS.);
#197 = CARTESIAN_POINT('',(-3.4,5.514490471062,-2.55));
#198 = CARTESIAN_POINT('',(-3.4,5.25,-1.05));
#199 = CARTESIAN_POINT('',(-2.9,5.514490471062,-2.55));
#200 = CARTESIAN_POINT('',(-2.9,5.25,-1.05));
#201 = ADVANCED_FACE('',(#202),#208,.T.);
#202 = FACE_BOUND('',#203,.T.);
#203 = EDGE_LOOP('',(#204,#205,#206,#207));
#204 = ORIENTED_EDGE('',*,*,#148,.F.);
#205 = ORIENTED_EDGE('',*,*,#30,.F.);
#206 = ORIENTED_EDGE('',*,*,#80,.F.);
#207 = ORIENTED_EDGE('',*,*,#168,.F.);
#208 = B_SPLINE_SURFACE_WITH_KNOTS('',1,1,(
    (#209,#210)
    ,(#211,#212
    )),.UNSPECIFIED.,.F.,.F.,.F.,(2,2),(2,2),(13.338960762841,
    13.838960762841),(0.,1.523139917829),.PIECEWISE_BEZIER_KNOTS.);
#209 = CARTESIAN_POINT('',(-2.9,6.485509528937,-2.55));
#210 = CARTESIAN_POINT('',(-2.9,6.75,-1.05));
#211 = CARTESIAN_POINT('',(-3.4,6.485509528937,-2.55));
#212 = CARTESIAN_POINT('',(-3.4,6.75,-1.05));
#213 = MANIFOLD_SOLID_BREP('',#214);
#214 = CLOSED_SHELL('',(#215,#265,#293,#335,#355,#375,#387,#399));
#215 = ADVANCED_FACE('',(#216),#260,.T.);
#216 = FACE_BOUND('',#217,.T.);
#217 = EDGE_LOOP('',(#218,#227,#234,#241,#248,#255));
#218 = ORIENTED_EDGE('',*,*,#219,.F.);
#219 = EDGE_CURVE('',#220,#222,#224,.T.);
#220 = VERTEX_POINT('',#221);
#221 = CARTESIAN_POINT('',(10.1,5.514490471062,-2.55));
#222 = VERTEX_POINT('',#223);
#223 = CARTESIAN_POINT('',(10.1,6.485509528937,-2.55));
#224 = B_SPLINE_CURVE_WITH_KNOTS('',1,(#225,#226),.UNSPECIFIED.,.F.,.F.,
  (2,2),(-1.235509528937,-0.264490471063),.PIECEWISE_BEZIER_KNOTS.);
#225 = CARTESIAN_POINT('',(10.1,5.514490471062,-2.55));
#226 = CARTESIAN_POINT('',(10.1,6.485509528937,-2.55));
#227 = ORIENTED_EDGE('',*,*,#228,.T.);
#228 = EDGE_CURVE('',#220,#229,#231,.T.);
#229 = VERTEX_POINT('',#230);
#230 = CARTESIAN_POINT('',(10.1,5.25,-1.05));
#231 = B_SPLINE_CURVE_WITH_KNOTS('',1,(#232,#233),.UNSPECIFIED.,.F.,.F.,
  (2,2),(12.555306652129,14.078446569958),.PIECEWISE_BEZIER_KNOTS.);
#232 = CARTESIAN_POINT('',(10.1,5.514490471062,-2.55));
#233 = CARTESIAN_POINT('',(10.1,5.25,-1.05));
#234 = ORIENTED_EDGE('',*,*,#235,.T.);
#235 = EDGE_CURVE('',#229,#236,#238,.T.);
#236 = VERTEX_POINT('',#237);
#237 = CARTESIAN_POINT('',(10.1,5.25,8.2));
#238 = B_SPLINE_CURVE_WITH_KNOTS('',1,(#239,#240),.UNSPECIFIED.,.F.,.F.,
  (2,2),(14.031138830084,23.281138830084),.PIECEWISE_BEZIER_KNOTS.);
#239 = CARTESIAN_POINT('',(10.1,5.25,-1.05));
#240 = CARTESIAN_POINT('',(10.1,5.25,8.2));
#241 = ORIENTED_EDGE('',*,*,#242,.F.);
#242 = EDGE_CURVE('',#243,#236,#245,.T.);
#243 = VERTEX_POINT('',#244);
#244 = CARTESIAN_POINT('',(10.1,6.75,8.2));
#245 = B_SPLINE_CURVE_WITH_KNOTS('',1,(#246,#247),.UNSPECIFIED.,.F.,.F.,
  (2,2),(0.,1.5),.PIECEWISE_BEZIER_KNOTS.);
#246 = CARTESIAN_POINT('',(10.1,6.75,8.2));
#247 = CARTESIAN_POINT('',(10.1,5.25,8.2));
#248 = ORIENTED_EDGE('',*,*,#249,.F.);
#249 = EDGE_CURVE('',#250,#243,#252,.T.);
#250 = VERTEX_POINT('',#251);
#251 = CARTESIAN_POINT('',(10.1,6.75,-1.05));
#252 = B_SPLINE_CURVE_WITH_KNOTS('',1,(#253,#254),.UNSPECIFIED.,.F.,.F.,
  (2,2),(14.031138830084,23.281138830084),.PIECEWISE_BEZIER_KNOTS.);
#253 = CARTESIAN_POINT('',(10.1,6.75,-1.05));
#254 = CARTESIAN_POINT('',(10.1,6.75,8.2));
#255 = ORIENTED_EDGE('',*,*,#256,.T.);
#256 = EDGE_CURVE('',#250,#222,#257,.T.);
#257 = B_SPLINE_CURVE_WITH_KNOTS('',1,(#258,#259),.UNSPECIFIED.,.F.,.F.,
  (2,2),(-13.81797430345,-12.29483438562),.PIECEWISE_BEZIER_KNOTS.);
#258 = CARTESIAN_POINT('',(10.1,6.75,-1.05));
#259 = CARTESIAN_POINT('',(10.1,6.485509528937,-2.55));
#260 = B_SPLINE_SURFACE_WITH_KNOTS('',1,1,(
    (#261,#262)
    ,(#263,#264
    )),.UNSPECIFIED.,.F.,.F.,.F.,(2,2),(2,2),(-8.881784197001E-16,1.5),(
    12.531138830084,23.281138830084),.PIECEWISE_BEZIER_KNOTS.);
#261 = CARTESIAN_POINT('',(10.1,6.75,-2.55));
#262 = CARTESIAN_POINT('',(10.1,6.75,8.2));
#263 = CARTESIAN_POINT('',(10.1,5.25,-2.55));
#264 = CARTESIAN_POINT('',(10.1,5.25,8.2));
#265 = ADVANCED_FACE('',(#266),#288,.T.);
#266 = FACE_BOUND('',#267,.T.);
#267 = EDGE_LOOP('',(#268,#277,#282,#283));
#268 = ORIENTED_EDGE('',*,*,#269,.F.);
#269 = EDGE_CURVE('',#270,#272,#274,.T.);
#270 = VERTEX_POINT('',#271);
#271 = CARTESIAN_POINT('',(10.6,6.75,-1.05));
#272 = VERTEX_POINT('',#273);
#273 = CARTESIAN_POINT('',(10.6,6.75,8.2));
#274 = B_SPLINE_CURVE_WITH_KNOTS('',1,(#275,#276),.UNSPECIFIED.,.F.,.F.,
  (2,2),(14.031138830084,23.281138830084),.PIECEWISE_BEZIER_KNOTS.);
#275 = CARTESIAN_POINT('',(10.6,6.75,-1.05));
#276 = CARTESIAN_POINT('',(10.6,6.75,8.2));
#277 = ORIENTED_EDGE('',*,*,#278,.T.);
#278 = EDGE_CURVE('',#270,#250,#279,.T.);
#279 = B_SPLINE_CURVE_WITH_KNOTS('',1,(#280,#281),.UNSPECIFIED.,.F.,.F.,
  (2,2),(-0.5,0.),.PIECEWISE_BEZIER_KNOTS.);
#280 = CARTESIAN_POINT('',(10.6,6.75,-1.05));
#281 = CARTESIAN_POINT('',(10.1,6.75,-1.05));
#282 = ORIENTED_EDGE('',*,*,#249,.T.);
#283 = ORIENTED_EDGE('',*,*,#284,.F.);
#284 = EDGE_CURVE('',#272,#243,#285,.T.);
#285 = B_SPLINE_CURVE_WITH_KNOTS('',1,(#286,#287),.UNSPECIFIED.,.F.,.F.,
  (2,2),(0.,0.5),.PIECEWISE_BEZIER_KNOTS.);
#286 = CARTESIAN_POINT('',(10.6,6.75,8.2));
#287 = CARTESIAN_POINT('',(10.1,6.75,8.2));
#288 = B_SPLINE_SURFACE_WITH_KNOTS('',1,1,(
    (#289,#290)
    ,(#291,#292
    )),.UNSPECIFIED.,.F.,.F.,.F.,(2,2),(2,2),(0.,0.5),(14.031138830084,
    23.281138830084),.PIECEWISE_BEZIER_KNOTS.);
#289 = CARTESIAN_POINT('',(10.6,6.75,-1.05));
#290 = CARTESIAN_POINT('',(10.6,6.75,8.2));
#291 = CARTESIAN_POINT('',(10.1,6.75,-1.05));
#292 = CARTESIAN_POINT('',(10.1,6.75,8.2));
#293 = ADVANCED_FACE('',(#294),#330,.T.);
#294 = FACE_BOUND('',#295,.T.);
#295 = EDGE_LOOP('',(#296,#305,#312,#319,#324,#325));
#296 = ORIENTED_EDGE('',*,*,#297,.F.);
#297 = EDGE_CURVE('',#298,#300,#302,.T.);
#298 = VERTEX_POINT('',#299);
#299 = CARTESIAN_POINT('',(10.6,5.25,-1.05));
#300 = VERTEX_POINT('',#301);
#301 = CARTESIAN_POINT('',(10.6,5.25,8.2));
#302 = B_SPLINE_CURVE_WITH_KNOTS('',1,(#303,#304),.UNSPECIFIED.,.F.,.F.,
  (2,2),(14.031138830084,23.281138830084),.PIECEWISE_BEZIER_KNOTS.);
#303 = CARTESIAN_POINT('',(10.6,5.25,-1.05));
#304 = CARTESIAN_POINT('',(10.6,5.25,8.2));
#305 = ORIENTED_EDGE('',*,*,#306,.T.);
#306 = EDGE_CURVE('',#298,#307,#309,.T.);
#307 = VERTEX_POINT('',#308);
#308 = CARTESIAN_POINT('',(10.6,5.514490471062,-2.55));
#309 = B_SPLINE_CURVE_WITH_KNOTS('',1,(#310,#311),.UNSPECIFIED.,.F.,.F.,
  (2,2),(-13.81797430345,-12.29483438562),.PIECEWISE_BEZIER_KNOTS.);
#310 = CARTESIAN_POINT('',(10.6,5.25,-1.05));
#311 = CARTESIAN_POINT('',(10.6,5.514490471062,-2.55));
#312 = ORIENTED_EDGE('',*,*,#313,.F.);
#313 = EDGE_CURVE('',#314,#307,#316,.T.);
#314 = VERTEX_POINT('',#315);
#315 = CARTESIAN_POINT('',(10.6,6.485509528937,-2.55));
#316 = B_SPLINE_CURVE_WITH_KNOTS('',1,(#317,#318),.UNSPECIFIED.,.F.,.F.,
  (2,2),(-1.235509528937,-0.264490471063),.PIECEWISE_BEZIER_KNOTS.);
#317 = CARTESIAN_POINT('',(10.6,6.485509528937,-2.55));
#318 = CARTESIAN_POINT('',(10.6,5.514490471062,-2.55));
#319 = ORIENTED_EDGE('',*,*,#320,.T.);
#320 = EDGE_CURVE('',#314,#270,#321,.T.);
#321 = B_SPLINE_CURVE_WITH_KNOTS('',1,(#322,#323),.UNSPECIFIED.,.F.,.F.,
  (2,2),(12.555306652129,14.078446569958),.PIECEWISE_BEZIER_KNOTS.);
#322 = CARTESIAN_POINT('',(10.6,6.485509528937,-2.55));
#323 = CARTESIAN_POINT('',(10.6,6.75,-1.05));
#324 = ORIENTED_EDGE('',*,*,#269,.T.);
#325 = ORIENTED_EDGE('',*,*,#326,.F.);
#326 = EDGE_CURVE('',#300,#272,#327,.T.);
#327 = B_SPLINE_CURVE_WITH_KNOTS('',1,(#328,#329),.UNSPECIFIED.,.F.,.F.,
  (2,2),(0.,1.5),.PIECEWISE_BEZIER_KNOTS.);
#328 = CARTESIAN_POINT('',(10.6,5.25,8.2));
#329 = CARTESIAN_POINT('',(10.6,6.75,8.2));
#330 = B_SPLINE_SURFACE_WITH_KNOTS('',1,1,(
    (#331,#332)
    ,(#333,#334
    )),.UNSPECIFIED.,.F.,.F.,.F.,(2,2),(2,2),(-4.440892098501E-16,1.5),(
    12.531138830084,23.281138830084),.PIECEWISE_BEZIER_KNOTS.);
#331 = CARTESIAN_POINT('',(10.6,5.25,-2.55));
#332 = CARTESIAN_POINT('',(10.6,5.25,8.2));
#333 = CARTESIAN_POINT('',(10.6,6.75,-2.55));
#334 = CARTESIAN_POINT('',(10.6,6.75,8.2));
#335 = ADVANCED_FACE('',(#336),#350,.T.);
#336 = FACE_BOUND('',#337,.T.);
#337 = EDGE_LOOP('',(#338,#339,#344,#345));
#338 = ORIENTED_EDGE('',*,*,#235,.F.);
#339 = ORIENTED_EDGE('',*,*,#340,.T.);
#340 = EDGE_CURVE('',#229,#298,#341,.T.);
#341 = B_SPLINE_CURVE_WITH_KNOTS('',1,(#342,#343),.UNSPECIFIED.,.F.,.F.,
  (2,2),(-0.5,0.),.PIECEWISE_BEZIER_KNOTS.);
#342 = CARTESIAN_POINT('',(10.1,5.25,-1.05));
#343 = CARTESIAN_POINT('',(10.6,5.25,-1.05));
#344 = ORIENTED_EDGE('',*,*,#297,.T.);
#345 = ORIENTED_EDGE('',*,*,#346,.F.);
#346 = EDGE_CURVE('',#236,#300,#347,.T.);
#347 = B_SPLINE_CURVE_WITH_KNOTS('',1,(#348,#349),.UNSPECIFIED.,.F.,.F.,
  (2,2),(0.,0.5),.PIECEWISE_BEZIER_KNOTS.);
#348 = CARTESIAN_POINT('',(10.1,5.25,8.2));
#349 = CARTESIAN_POINT('',(10.6,5.25,8.2));
#350 = B_SPLINE_SURFACE_WITH_KNOTS('',1,1,(
    (#351,#352)
    ,(#353,#354
    )),.UNSPECIFIED.,.F.,.F.,.F.,(2,2),(2,2),(0.,0.5),(14.031138830084,
    23.281138830084),.PIECEWISE_BEZIER_KNOTS.);
#351 = CARTESIAN_POINT('',(10.1,5.25,-1.05));
#352 = CARTESIAN_POINT('',(10.1,5.25,8.2));
#353 = CARTESIAN_POINT('',(10.6,5.25,-1.05));
#354 = CARTESIAN_POINT('',(10.6,5.25,8.2));
#355 = ADVANCED_FACE('',(#356),#370,.F.);
#356 = FACE_BOUND('',#357,.T.);
#357 = EDGE_LOOP('',(#358,#359,#364,#365));
#358 = ORIENTED_EDGE('',*,*,#313,.T.);
#359 = ORIENTED_EDGE('',*,*,#360,.T.);
#360 = EDGE_CURVE('',#307,#220,#361,.T.);
#361 = B_SPLINE_CURVE_WITH_KNOTS('',1,(#362,#363),.UNSPECIFIED.,.F.,.F.,
  (2,2),(-0.5,0.),.PIECEWISE_BEZIER_KNOTS.);
#362 = CARTESIAN_POINT('',(10.6,5.514490471062,-2.55));
#363 = CARTESIAN_POINT('',(10.1,5.514490471062,-2.55));
#364 = ORIENTED_EDGE('',*,*,#219,.T.);
#365 = ORIENTED_EDGE('',*,*,#366,.T.);
#366 = EDGE_CURVE('',#222,#314,#367,.T.);
#367 = B_SPLINE_CURVE_WITH_KNOTS('',1,(#368,#369),.UNSPECIFIED.,.F.,.F.,
  (2,2),(-0.5,0.),.PIECEWISE_BEZIER_KNOTS.);
#368 = CARTESIAN_POINT('',(10.1,6.485509528937,-2.55));
#369 = CARTESIAN_POINT('',(10.6,6.485509528937,-2.55));
#370 = B_SPLINE_SURFACE_WITH_KNOTS('',1,1,(
    (#371,#372)
    ,(#373,#374
    )),.UNSPECIFIED.,.F.,.F.,.F.,(2,2),(2,2),(5.770704068819,
    6.741723126694),(-0.161039237159,0.338960762841),
  .PIECEWISE_BEZIER_KNOTS.);
#371 = CARTESIAN_POINT('',(10.6,5.514490471062,-2.55));
#372 = CARTESIAN_POINT('',(10.1,5.514490471062,-2.55));
#373 = CARTESIAN_POINT('',(10.6,6.485509528937,-2.55));
#374 = CARTESIAN_POINT('',(10.1,6.485509528937,-2.55));
#375 = ADVANCED_FACE('',(#376),#382,.T.);
#376 = FACE_BOUND('',#377,.T.);
#377 = EDGE_LOOP('',(#378,#379,#380,#381));
#378 = ORIENTED_EDGE('',*,*,#284,.T.);
#379 = ORIENTED_EDGE('',*,*,#242,.T.);
#380 = ORIENTED_EDGE('',*,*,#346,.T.);
#381 = ORIENTED_EDGE('',*,*,#326,.T.);
#382 = B_SPLINE_SURFACE_WITH_KNOTS('',1,1,(
    (#383,#384)
    ,(#385,#386
    )),.UNSPECIFIED.,.F.,.F.,.F.,(2,2),(2,2),(-10.1,-8.6),(-7.,-6.5),
  .PIECEWISE_BEZIER_KNOTS.);
#383 = CARTESIAN_POINT('',(10.6,5.25,8.2));
#384 = CARTESIAN_POINT('',(10.1,5.25,8.2));
#385 = CARTESIAN_POINT('',(10.6,6.75,8.2));
#386 = CARTESIAN_POINT('',(10.1,6.75,8.2));
#387 = ADVANCED_FACE('',(#388),#394,.T.);
#388 = FACE_BOUND('',#389,.T.);
#389 = EDGE_LOOP('',(#390,#391,#392,#393));
#390 = ORIENTED_EDGE('',*,*,#306,.F.);
#391 = ORIENTED_EDGE('',*,*,#340,.F.);
#392 = ORIENTED_EDGE('',*,*,#228,.F.);
#393 = ORIENTED_EDGE('',*,*,#360,.F.);
#394 = B_SPLINE_SURFACE_WITH_KNOTS('',1,1,(
    (#395,#396)
    ,(#397,#398
    )),.UNSPECIFIED.,.F.,.F.,.F.,(2,2),(2,2),(-0.338960762841,
    0.161039237159),(0.,1.523139917829),.PIECEWISE_BEZIER_KNOTS.);
#395 = CARTESIAN_POINT('',(10.1,5.514490471062,-2.55));
#396 = CARTESIAN_POINT('',(10.1,5.25,-1.05));
#397 = CARTESIAN_POINT('',(10.6,5.514490471062,-2.55));
#398 = CARTESIAN_POINT('',(10.6,5.25,-1.05));
#399 = ADVANCED_FACE('',(#400),#406,.T.);
#400 = FACE_BOUND('',#401,.T.);
#401 = EDGE_LOOP('',(#402,#403,#404,#405));
#402 = ORIENTED_EDGE('',*,*,#256,.F.);
#403 = ORIENTED_EDGE('',*,*,#278,.F.);
#404 = ORIENTED_EDGE('',*,*,#320,.F.);
#405 = ORIENTED_EDGE('',*,*,#366,.F.);
#406 = B_SPLINE_SURFACE_WITH_KNOTS('',1,1,(
    (#407,#408)
    ,(#409,#410
    )),.UNSPECIFIED.,.F.,.F.,.F.,(2,2),(2,2),(-0.161039237159,
    0.338960762841),(0.,1.523139917829),.PIECEWISE_BEZIER_KNOTS.);
#407 = CARTESIAN_POINT('',(10.6,6.485509528937,-2.55));
#408 = CARTESIAN_POINT('',(10.6,6.75,-1.05));
#409 = CARTESIAN_POINT('',(10.1,6.485509528937,-2.55));
#410 = CARTESIAN_POINT('',(10.1,6.75,-1.05));
#411 = MANIFOLD_SOLID_BREP('',#412);
#412 = CLOSED_SHELL('',(#413,#461,#498,#530,#547,#557));
#413 = ADVANCED_FACE('',(#414),#450,.T.);
#414 = FACE_BOUND('',#415,.T.);
#415 = EDGE_LOOP('',(#416,#428,#435,#445));
#416 = ORIENTED_EDGE('',*,*,#417,.F.);
#417 = EDGE_CURVE('',#418,#420,#422,.T.);
#418 = VERTEX_POINT('',#419);
#419 = CARTESIAN_POINT('',(7.2,-0.95,-2.5));
#420 = VERTEX_POINT('',#421);
#421 = CARTESIAN_POINT('',(7.2,0.95,-2.5));
#422 = ( BOUNDED_CURVE() B_SPLINE_CURVE(2,(#423,#424,#425,#426,#427),
.UNSPECIFIED.,.F.,.F.) B_SPLINE_CURVE_WITH_KNOTS((3,2,3),(3.14159265359,
4.712388980385,6.28318530718),.PIECEWISE_BEZIER_KNOTS.) CURVE() 
GEOMETRIC_REPRESENTATION_ITEM() RATIONAL_B_SPLINE_CURVE((1.,
0.707106781187,1.,0.707106781187,1.)) REPRESENTATION_ITEM('') );
#423 = CARTESIAN_POINT('',(7.2,-0.95,-2.5));
#424 = CARTESIAN_POINT('',(6.25,-0.95,-2.5));
#425 = CARTESIAN_POINT('',(6.25,0.,-2.5));
#426 = CARTESIAN_POINT('',(6.25,0.95,-2.5));
#427 = CARTESIAN_POINT('',(7.2,0.95,-2.5));
#428 = ORIENTED_EDGE('',*,*,#429,.T.);
#429 = EDGE_CURVE('',#418,#430,#432,.T.);
#430 = VERTEX_POINT('',#431);
#431 = CARTESIAN_POINT('',(7.2,-1.25,-2.2));
#432 = B_SPLINE_CURVE_WITH_KNOTS('',1,(#433,#434),.UNSPECIFIED.,.F.,.F.,
  (2,2),(-0.424264068712,0.),.PIECEWISE_BEZIER_KNOTS.);
#433 = CARTESIAN_POINT('',(7.2,-0.95,-2.5));
#434 = CARTESIAN_POINT('',(7.2,-1.25,-2.2));
#435 = ORIENTED_EDGE('',*,*,#436,.F.);
#436 = EDGE_CURVE('',#437,#430,#439,.T.);
#437 = VERTEX_POINT('',#438);
#438 = CARTESIAN_POINT('',(7.2,1.25,-2.2));
#439 = ( BOUNDED_CURVE() B_SPLINE_CURVE(2,(#440,#441,#442,#443,#444),
.UNSPECIFIED.,.F.,.F.) B_SPLINE_CURVE_WITH_KNOTS((3,2,3),(0.,
1.570796326795,3.14159265359),.PIECEWISE_BEZIER_KNOTS.) CURVE() 
GEOMETRIC_REPRESENTATION_ITEM() RATIONAL_B_SPLINE_CURVE((1.,
0.707106781187,1.,0.707106781187,1.)) REPRESENTATION_ITEM('') );
#440 = CARTESIAN_POINT('',(7.2,1.25,-2.2));
#441 = CARTESIAN_POINT('',(5.95,1.25,-2.2));
#442 = CARTESIAN_POINT('',(5.95,0.,-2.2));
#443 = CARTESIAN_POINT('',(5.95,-1.25,-2.2));
#444 = CARTESIAN_POINT('',(7.2,-1.25,-2.2));
#445 = ORIENTED_EDGE('',*,*,#446,.F.);
#446 = EDGE_CURVE('',#420,#437,#447,.T.);
#447 = B_SPLINE_CURVE_WITH_KNOTS('',1,(#448,#449),.UNSPECIFIED.,.F.,.F.,
  (2,2),(-0.424264068712,0.),.PIECEWISE_BEZIER_KNOTS.);
#448 = CARTESIAN_POINT('',(7.2,0.95,-2.5));
#449 = CARTESIAN_POINT('',(7.2,1.25,-2.2));
#450 = ( BOUNDED_SURFACE() B_SPLINE_SURFACE(2,1,(
    (#451,#452)
    ,(#453,#454)
    ,(#455,#456)
    ,(#457,#458)
,(#459,#460
    )),.UNSPECIFIED.,.F.,.F.,.F.) B_SPLINE_SURFACE_WITH_KNOTS((3,2,3),(2
    ,2),(0.,1.570796326795,3.14159265359),(-0.424264068712,
    2.997602166488E-15),.PIECEWISE_BEZIER_KNOTS.) 
GEOMETRIC_REPRESENTATION_ITEM() RATIONAL_B_SPLINE_SURFACE((
    (1.,1.)
    ,(0.707106781187,0.707106781187)
    ,(1.,1.)
    ,(0.707106781187,0.707106781187)
,(1.,1.))) REPRESENTATION_ITEM('') SURFACE() );
#451 = CARTESIAN_POINT('',(7.2,0.95,-2.5));
#452 = CARTESIAN_POINT('',(7.2,1.25,-2.2));
#453 = CARTESIAN_POINT('',(6.25,0.95,-2.5));
#454 = CARTESIAN_POINT('',(5.95,1.25,-2.2));
#455 = CARTESIAN_POINT('',(6.25,0.,-2.5));
#456 = CARTESIAN_POINT('',(5.95,0.,-2.2));
#457 = CARTESIAN_POINT('',(6.25,-0.95,-2.5));
#458 = CARTESIAN_POINT('',(5.95,-1.25,-2.2));
#459 = CARTESIAN_POINT('',(7.2,-0.95,-2.5));
#460 = CARTESIAN_POINT('',(7.2,-1.25,-2.2));
#461 = ADVANCED_FACE('',(#462),#487,.T.);
#462 = FACE_BOUND('',#463,.T.);
#463 = EDGE_LOOP('',(#464,#465,#472,#482));
#464 = ORIENTED_EDGE('',*,*,#436,.T.);
#465 = ORIENTED_EDGE('',*,*,#466,.T.);
#466 = EDGE_CURVE('',#430,#467,#469,.T.);
#467 = VERTEX_POINT('',#468);
#468 = CARTESIAN_POINT('',(7.2,-1.25,0.6));
#469 = B_SPLINE_CURVE_WITH_KNOTS('',1,(#470,#471),.UNSPECIFIED.,.F.,.F.,
  (2,2),(14.735533905933,17.535533905933),.PIECEWISE_BEZIER_KNOTS.);
#470 = CARTESIAN_POINT('',(7.2,-1.25,-2.2));
#471 = CARTESIAN_POINT('',(7.2,-1.25,0.6));
#472 = ORIENTED_EDGE('',*,*,#473,.F.);
#473 = EDGE_CURVE('',#474,#467,#476,.T.);
#474 = VERTEX_POINT('',#475);
#475 = CARTESIAN_POINT('',(7.2,1.25,0.6));
#476 = ( BOUNDED_CURVE() B_SPLINE_CURVE(2,(#477,#478,#479,#480,#481),
.UNSPECIFIED.,.F.,.F.) B_SPLINE_CURVE_WITH_KNOTS((3,2,3),(3.14159265359,
4.712388980385,6.28318530718),.PIECEWISE_BEZIER_KNOTS.) CURVE() 
GEOMETRIC_REPRESENTATION_ITEM() RATIONAL_B_SPLINE_CURVE((1.,
0.707106781187,1.,0.707106781187,1.)) REPRESENTATION_ITEM('') );
#477 = CARTESIAN_POINT('',(7.2,1.25,0.6));
#478 = CARTESIAN_POINT('',(5.95,1.25,0.6));
#479 = CARTESIAN_POINT('',(5.95,0.,0.6));
#480 = CARTESIAN_POINT('',(5.95,-1.25,0.6));
#481 = CARTESIAN_POINT('',(7.2,-1.25,0.6));
#482 = ORIENTED_EDGE('',*,*,#483,.F.);
#483 = EDGE_CURVE('',#437,#474,#484,.T.);
#484 = B_SPLINE_CURVE_WITH_KNOTS('',1,(#485,#486),.UNSPECIFIED.,.F.,.F.,
  (2,2),(14.735533905933,17.535533905933),.PIECEWISE_BEZIER_KNOTS.);
#485 = CARTESIAN_POINT('',(7.2,1.25,-2.2));
#486 = CARTESIAN_POINT('',(7.2,1.25,0.6));
#487 = ( BOUNDED_SURFACE() B_SPLINE_SURFACE(2,1,(
    (#488,#489)
    ,(#490,#491)
    ,(#492,#493)
    ,(#494,#495)
,(#496,#497
    )),.UNSPECIFIED.,.F.,.F.,.F.) B_SPLINE_SURFACE_WITH_KNOTS((3,2,3),(2
    ,2),(0.,1.570796326795,3.14159265359),(14.735533905933,
    17.535533905933),.PIECEWISE_BEZIER_KNOTS.) 
GEOMETRIC_REPRESENTATION_ITEM() RATIONAL_B_SPLINE_SURFACE((
    (1.,1.)
    ,(0.707106781187,0.707106781187)
    ,(1.,1.)
    ,(0.707106781187,0.707106781187)
,(1.,1.))) REPRESENTATION_ITEM('') SURFACE() );
#488 = CARTESIAN_POINT('',(7.2,1.25,-2.2));
#489 = CARTESIAN_POINT('',(7.2,1.25,0.6));
#490 = CARTESIAN_POINT('',(5.95,1.25,-2.2));
#491 = CARTESIAN_POINT('',(5.95,1.25,0.6));
#492 = CARTESIAN_POINT('',(5.95,0.,-2.2));
#493 = CARTESIAN_POINT('',(5.95,0.,0.6));
#494 = CARTESIAN_POINT('',(5.95,-1.25,-2.2));
#495 = CARTESIAN_POINT('',(5.95,-1.25,0.6));
#496 = CARTESIAN_POINT('',(7.2,-1.25,-2.2));
#497 = CARTESIAN_POINT('',(7.2,-1.25,0.6));
#498 = ADVANCED_FACE('',(#499),#519,.T.);
#499 = FACE_BOUND('',#500,.T.);
#500 = EDGE_LOOP('',(#501,#502,#510,#511));
#501 = ORIENTED_EDGE('',*,*,#466,.F.);
#502 = ORIENTED_EDGE('',*,*,#503,.T.);
#503 = EDGE_CURVE('',#430,#437,#504,.T.);
#504 = ( BOUNDED_CURVE() B_SPLINE_CURVE(2,(#505,#506,#507,#508,#509),
.UNSPECIFIED.,.F.,.F.) B_SPLINE_CURVE_WITH_KNOTS((3,2,3),(3.14159265359,
4.712388980385,6.28318530718),.PIECEWISE_BEZIER_KNOTS.) CURVE() 
GEOMETRIC_REPRESENTATION_ITEM() RATIONAL_B_SPLINE_CURVE((1.,
0.707106781187,1.,0.707106781187,1.)) REPRESENTATION_ITEM('') );
#505 = CARTESIAN_POINT('',(7.2,-1.25,-2.2));
#506 = CARTESIAN_POINT('',(8.45,-1.25,-2.2));
#507 = CARTESIAN_POINT('',(8.45,0.,-2.2));
#508 = CARTESIAN_POINT('',(8.45,1.25,-2.2));
#509 = CARTESIAN_POINT('',(7.2,1.25,-2.2));
#510 = ORIENTED_EDGE('',*,*,#483,.T.);
#511 = ORIENTED_EDGE('',*,*,#512,.F.);
#512 = EDGE_CURVE('',#467,#474,#513,.T.);
#513 = ( BOUNDED_CURVE() B_SPLINE_CURVE(2,(#514,#515,#516,#517,#518),
.UNSPECIFIED.,.F.,.F.) B_SPLINE_CURVE_WITH_KNOTS((3,2,3),(0.,
1.570796326795,3.14159265359),.PIECEWISE_BEZIER_KNOTS.) CURVE() 
GEOMETRIC_REPRESENTATION_ITEM() RATIONAL_B_SPLINE_CURVE((1.,
0.707106781187,1.,0.707106781187,1.)) REPRESENTATION_ITEM('') );
#514 = CARTESIAN_POINT('',(7.2,-1.25,0.6));
#515 = CARTESIAN_POINT('',(8.45,-1.25,0.6));
#516 = CARTESIAN_POINT('',(8.45,0.,0.6));
#517 = CARTESIAN_POINT('',(8.45,1.25,0.6));
#518 = CARTESIAN_POINT('',(7.2,1.25,0.6));
#519 = ( BOUNDED_SURFACE() B_SPLINE_SURFACE(2,1,(
    (#520,#521)
    ,(#522,#523)
    ,(#524,#525)
    ,(#526,#527)
,(#528,#529
    )),.UNSPECIFIED.,.F.,.F.,.F.) B_SPLINE_SURFACE_WITH_KNOTS((3,2,3),(2
    ,2),(3.14159265359,4.712388980385,6.28318530718),(14.735533905933,
    17.535533905933),.PIECEWISE_BEZIER_KNOTS.) 
GEOMETRIC_REPRESENTATION_ITEM() RATIONAL_B_SPLINE_SURFACE((
    (1.,1.)
    ,(0.707106781187,0.707106781187)
    ,(1.,1.)
    ,(0.707106781187,0.707106781187)
,(1.,1.))) REPRESENTATION_ITEM('') SURFACE() );
#520 = CARTESIAN_POINT('',(7.2,-1.25,-2.2));
#521 = CARTESIAN_POINT('',(7.2,-1.25,0.6));
#522 = CARTESIAN_POINT('',(8.45,-1.25,-2.2));
#523 = CARTESIAN_POINT('',(8.45,-1.25,0.6));
#524 = CARTESIAN_POINT('',(8.45,0.,-2.2));
#525 = CARTESIAN_POINT('',(8.45,0.,0.6));
#526 = CARTESIAN_POINT('',(8.45,1.25,-2.2));
#527 = CARTESIAN_POINT('',(8.45,1.25,0.6));
#528 = CARTESIAN_POINT('',(7.2,1.25,-2.2));
#529 = CARTESIAN_POINT('',(7.2,1.25,0.6));
#530 = ADVANCED_FACE('',(#531),#542,.F.);
#531 = FACE_BOUND('',#532,.T.);
#532 = EDGE_LOOP('',(#533,#541));
#533 = ORIENTED_EDGE('',*,*,#534,.T.);
#534 = EDGE_CURVE('',#420,#418,#535,.T.);
#535 = ( BOUNDED_CURVE() B_SPLINE_CURVE(2,(#536,#537,#538,#539,#540),
.UNSPECIFIED.,.F.,.F.) B_SPLINE_CURVE_WITH_KNOTS((3,2,3),(0.,
1.570796326795,3.14159265359),.PIECEWISE_BEZIER_KNOTS.) CURVE() 
GEOMETRIC_REPRESENTATION_ITEM() RATIONAL_B_SPLINE_CURVE((1.,
0.707106781187,1.,0.707106781187,1.)) REPRESENTATION_ITEM('') );
#536 = CARTESIAN_POINT('',(7.2,0.95,-2.5));
#537 = CARTESIAN_POINT('',(8.15,0.95,-2.5));
#538 = CARTESIAN_POINT('',(8.15,0.,-2.5));
#539 = CARTESIAN_POINT('',(8.15,-0.95,-2.5));
#540 = CARTESIAN_POINT('',(7.2,-0.95,-2.5));
#541 = ORIENTED_EDGE('',*,*,#417,.T.);
#542 = B_SPLINE_SURFACE_WITH_KNOTS('',1,1,(
    (#543,#544)
    ,(#545,#546
    )),.UNSPECIFIED.,.F.,.F.,.F.,(2,2),(2,2),(-0.693786402244,
    1.206213597756),(2.288960762841,4.188960762841),
  .PIECEWISE_BEZIER_KNOTS.);
#543 = CARTESIAN_POINT('',(8.15,-0.95,-2.5));
#544 = CARTESIAN_POINT('',(6.25,-0.95,-2.5));
#545 = CARTESIAN_POINT('',(8.15,0.95,-2.5));
#546 = CARTESIAN_POINT('',(6.25,0.95,-2.5));
#547 = ADVANCED_FACE('',(#548),#552,.F.);
#548 = FACE_BOUND('',#549,.T.);
#549 = EDGE_LOOP('',(#550,#551));
#550 = ORIENTED_EDGE('',*,*,#473,.T.);
#551 = ORIENTED_EDGE('',*,*,#512,.T.);
#552 = B_SPLINE_SURFACE_WITH_KNOTS('',1,1,(
    (#553,#554)
    ,(#555,#556
    )),.UNSPECIFIED.,.F.,.F.,.F.,(2,2),(2,2),(-1.25,1.25),(-1.25,1.25),
  .PIECEWISE_BEZIER_KNOTS.);
#553 = CARTESIAN_POINT('',(8.45,1.25,0.6));
#554 = CARTESIAN_POINT('',(5.95,1.25,0.6));
#555 = CARTESIAN_POINT('',(8.45,-1.25,0.6));
#556 = CARTESIAN_POINT('',(5.95,-1.25,0.6));
#557 = ADVANCED_FACE('',(#558),#564,.T.);
#558 = FACE_BOUND('',#559,.T.);
#559 = EDGE_LOOP('',(#560,#561,#562,#563));
#560 = ORIENTED_EDGE('',*,*,#429,.F.);
#561 = ORIENTED_EDGE('',*,*,#534,.F.);
#562 = ORIENTED_EDGE('',*,*,#446,.T.);
#563 = ORIENTED_EDGE('',*,*,#503,.F.);
#564 = ( BOUNDED_SURFACE() B_SPLINE_SURFACE(2,1,(
    (#565,#566)
    ,(#567,#568)
    ,(#569,#570)
    ,(#571,#572)
,(#573,#574
    )),.UNSPECIFIED.,.F.,.F.,.F.) B_SPLINE_SURFACE_WITH_KNOTS((3,2,3),(2
    ,2),(3.14159265359,4.712388980385,6.28318530718),(-0.424264068712,
    2.997602166488E-15),.PIECEWISE_BEZIER_KNOTS.) 
GEOMETRIC_REPRESENTATION_ITEM() RATIONAL_B_SPLINE_SURFACE((
    (1.,1.)
    ,(0.707106781187,0.707106781187)
    ,(1.,1.)
    ,(0.707106781187,0.707106781187)
,(1.,1.))) REPRESENTATION_ITEM('') SURFACE() );
#565 = CARTESIAN_POINT('',(7.2,-0.95,-2.5));
#566 = CARTESIAN_POINT('',(7.2,-1.25,-2.2));
#567 = CARTESIAN_POINT('',(8.15,-0.95,-2.5));
#568 = CARTESIAN_POINT('',(8.45,-1.25,-2.2));
#569 = CARTESIAN_POINT('',(8.15,0.,-2.5));
#570 = CARTESIAN_POINT('',(8.45,0.,-2.2));
#571 = CARTESIAN_POINT('',(8.15,0.95,-2.5));
#572 = CARTESIAN_POINT('',(8.45,1.25,-2.2));
#573 = CARTESIAN_POINT('',(7.2,0.95,-2.5));
#574 = CARTESIAN_POINT('',(7.2,1.25,-2.2));
#575 = MANIFOLD_SOLID_BREP('',#576);
#576 = CLOSED_SHELL('',(#577,#625,#662,#694,#711,#721));
#577 = ADVANCED_FACE('',(#578),#614,.T.);
#578 = FACE_BOUND('',#579,.T.);
#579 = EDGE_LOOP('',(#580,#592,#599,#609));
#580 = ORIENTED_EDGE('',*,*,#581,.T.);
#581 = EDGE_CURVE('',#582,#584,#586,.T.);
#582 = VERTEX_POINT('',#583);
#583 = CARTESIAN_POINT('',(0.,0.95,-2.5));
#584 = VERTEX_POINT('',#585);
#585 = CARTESIAN_POINT('',(0.,-0.95,-2.5));
#586 = ( BOUNDED_CURVE() B_SPLINE_CURVE(2,(#587,#588,#589,#590,#591),
.UNSPECIFIED.,.F.,.F.) B_SPLINE_CURVE_WITH_KNOTS((3,2,3),(0.,
1.570796326795,3.14159265359),.PIECEWISE_BEZIER_KNOTS.) CURVE() 
GEOMETRIC_REPRESENTATION_ITEM() RATIONAL_B_SPLINE_CURVE((1.,
0.707106781187,1.,0.707106781187,1.)) REPRESENTATION_ITEM('') );
#587 = CARTESIAN_POINT('',(0.,0.95,-2.5));
#588 = CARTESIAN_POINT('',(-0.95,0.95,-2.5));
#589 = CARTESIAN_POINT('',(-0.95,0.,-2.5));
#590 = CARTESIAN_POINT('',(-0.95,-0.95,-2.5));
#591 = CARTESIAN_POINT('',(0.,-0.95,-2.5));
#592 = ORIENTED_EDGE('',*,*,#593,.T.);
#593 = EDGE_CURVE('',#584,#594,#596,.T.);
#594 = VERTEX_POINT('',#595);
#595 = CARTESIAN_POINT('',(0.,-1.25,-2.2));
#596 = B_SPLINE_CURVE_WITH_KNOTS('',1,(#597,#598),.UNSPECIFIED.,.F.,.F.,
  (2,2),(-0.424264068712,0.),.PIECEWISE_BEZIER_KNOTS.);
#597 = CARTESIAN_POINT('',(0.,-0.95,-2.5));
#598 = CARTESIAN_POINT('',(0.,-1.25,-2.2));
#599 = ORIENTED_EDGE('',*,*,#600,.T.);
#600 = EDGE_CURVE('',#594,#601,#603,.T.);
#601 = VERTEX_POINT('',#602);
#602 = CARTESIAN_POINT('',(0.,1.25,-2.2));
#603 = ( BOUNDED_CURVE() B_SPLINE_CURVE(2,(#604,#605,#606,#607,#608),
.UNSPECIFIED.,.F.,.F.) B_SPLINE_CURVE_WITH_KNOTS((3,2,3),(3.14159265359,
4.712388980385,6.28318530718),.PIECEWISE_BEZIER_KNOTS.) CURVE() 
GEOMETRIC_REPRESENTATION_ITEM() RATIONAL_B_SPLINE_CURVE((1.,
0.707106781187,1.,0.707106781187,1.)) REPRESENTATION_ITEM('') );
#604 = CARTESIAN_POINT('',(0.,-1.25,-2.2));
#605 = CARTESIAN_POINT('',(-1.25,-1.25,-2.2));
#606 = CARTESIAN_POINT('',(-1.25,0.,-2.2));
#607 = CARTESIAN_POINT('',(-1.25,1.25,-2.2));
#608 = CARTESIAN_POINT('',(-4.440892098501E-16,1.25,-2.2));
#609 = ORIENTED_EDGE('',*,*,#610,.F.);
#610 = EDGE_CURVE('',#582,#601,#611,.T.);
#611 = B_SPLINE_CURVE_WITH_KNOTS('',1,(#612,#613),.UNSPECIFIED.,.F.,.F.,
  (2,2),(-0.424264068712,0.),.PIECEWISE_BEZIER_KNOTS.);
#612 = CARTESIAN_POINT('',(0.,0.95,-2.5));
#613 = CARTESIAN_POINT('',(0.,1.25,-2.2));
#614 = ( BOUNDED_SURFACE() B_SPLINE_SURFACE(2,1,(
    (#615,#616)
    ,(#617,#618)
    ,(#619,#620)
    ,(#621,#622)
,(#623,#624
    )),.UNSPECIFIED.,.F.,.F.,.F.) B_SPLINE_SURFACE_WITH_KNOTS((3,2,3),(2
    ,2),(0.,1.570796326795,3.14159265359),(-0.424264068712,
    2.997602166488E-15),.PIECEWISE_BEZIER_KNOTS.) 
GEOMETRIC_REPRESENTATION_ITEM() RATIONAL_B_SPLINE_SURFACE((
    (1.,1.)
    ,(0.707106781187,0.707106781187)
    ,(1.,1.)
    ,(0.707106781187,0.707106781187)
,(1.,1.))) REPRESENTATION_ITEM('') SURFACE() );
#615 = CARTESIAN_POINT('',(0.,0.95,-2.5));
#616 = CARTESIAN_POINT('',(0.,1.25,-2.2));
#617 = CARTESIAN_POINT('',(-0.95,0.95,-2.5));
#618 = CARTESIAN_POINT('',(-1.25,1.25,-2.2));
#619 = CARTESIAN_POINT('',(-0.95,0.,-2.5));
#620 = CARTESIAN_POINT('',(-1.25,0.,-2.2));
#621 = CARTESIAN_POINT('',(-0.95,-0.95,-2.5));
#622 = CARTESIAN_POINT('',(-1.25,-1.25,-2.2));
#623 = CARTESIAN_POINT('',(0.,-0.95,-2.5));
#624 = CARTESIAN_POINT('',(0.,-1.25,-2.2));
#625 = ADVANCED_FACE('',(#626),#651,.T.);
#626 = FACE_BOUND('',#627,.T.);
#627 = EDGE_LOOP('',(#628,#629,#636,#646));
#628 = ORIENTED_EDGE('',*,*,#600,.F.);
#629 = ORIENTED_EDGE('',*,*,#630,.T.);
#630 = EDGE_CURVE('',#594,#631,#633,.T.);
#631 = VERTEX_POINT('',#632);
#632 = CARTESIAN_POINT('',(0.,-1.25,0.6));
#633 = B_SPLINE_CURVE_WITH_KNOTS('',1,(#634,#635),.UNSPECIFIED.,.F.,.F.,
  (2,2),(14.735533905933,17.535533905933),.PIECEWISE_BEZIER_KNOTS.);
#634 = CARTESIAN_POINT('',(0.,-1.25,-2.2));
#635 = CARTESIAN_POINT('',(0.,-1.25,0.6));
#636 = ORIENTED_EDGE('',*,*,#637,.T.);
#637 = EDGE_CURVE('',#631,#638,#640,.T.);
#638 = VERTEX_POINT('',#639);
#639 = CARTESIAN_POINT('',(0.,1.25,0.6));
#640 = ( BOUNDED_CURVE() B_SPLINE_CURVE(2,(#641,#642,#643,#644,#645),
.UNSPECIFIED.,.F.,.F.) B_SPLINE_CURVE_WITH_KNOTS((3,2,3),(0.,
1.570796326795,3.14159265359),.PIECEWISE_BEZIER_KNOTS.) CURVE() 
GEOMETRIC_REPRESENTATION_ITEM() RATIONAL_B_SPLINE_CURVE((1.,
0.707106781187,1.,0.707106781187,1.)) REPRESENTATION_ITEM('') );
#641 = CARTESIAN_POINT('',(0.,-1.25,0.6));
#642 = CARTESIAN_POINT('',(-1.25,-1.25,0.6));
#643 = CARTESIAN_POINT('',(-1.25,0.,0.6));
#644 = CARTESIAN_POINT('',(-1.25,1.25,0.6));
#645 = CARTESIAN_POINT('',(0.,1.25,0.6));
#646 = ORIENTED_EDGE('',*,*,#647,.F.);
#647 = EDGE_CURVE('',#601,#638,#648,.T.);
#648 = B_SPLINE_CURVE_WITH_KNOTS('',1,(#649,#650),.UNSPECIFIED.,.F.,.F.,
  (2,2),(14.735533905933,17.535533905933),.PIECEWISE_BEZIER_KNOTS.);
#649 = CARTESIAN_POINT('',(0.,1.25,-2.2));
#650 = CARTESIAN_POINT('',(0.,1.25,0.6));
#651 = ( BOUNDED_SURFACE() B_SPLINE_SURFACE(2,1,(
    (#652,#653)
    ,(#654,#655)
    ,(#656,#657)
    ,(#658,#659)
,(#660,#661
    )),.UNSPECIFIED.,.F.,.F.,.F.) B_SPLINE_SURFACE_WITH_KNOTS((3,2,3),(2
    ,2),(0.,1.570796326795,3.14159265359),(14.735533905933,
    17.535533905933),.PIECEWISE_BEZIER_KNOTS.) 
GEOMETRIC_REPRESENTATION_ITEM() RATIONAL_B_SPLINE_SURFACE((
    (1.,1.)
    ,(0.707106781187,0.707106781187)
    ,(1.,1.)
    ,(0.707106781187,0.707106781187)
,(1.,1.))) REPRESENTATION_ITEM('') SURFACE() );
#652 = CARTESIAN_POINT('',(0.,1.25,-2.2));
#653 = CARTESIAN_POINT('',(0.,1.25,0.6));
#654 = CARTESIAN_POINT('',(-1.25,1.25,-2.2));
#655 = CARTESIAN_POINT('',(-1.25,1.25,0.6));
#656 = CARTESIAN_POINT('',(-1.25,0.,-2.2));
#657 = CARTESIAN_POINT('',(-1.25,0.,0.6));
#658 = CARTESIAN_POINT('',(-1.25,-1.25,-2.2));
#659 = CARTESIAN_POINT('',(-1.25,-1.25,0.6));
#660 = CARTESIAN_POINT('',(0.,-1.25,-2.2));
#661 = CARTESIAN_POINT('',(0.,-1.25,0.6));
#662 = ADVANCED_FACE('',(#663),#683,.T.);
#663 = FACE_BOUND('',#664,.T.);
#664 = EDGE_LOOP('',(#665,#666,#674,#675));
#665 = ORIENTED_EDGE('',*,*,#630,.F.);
#666 = ORIENTED_EDGE('',*,*,#667,.F.);
#667 = EDGE_CURVE('',#601,#594,#668,.T.);
#668 = ( BOUNDED_CURVE() B_SPLINE_CURVE(2,(#669,#670,#671,#672,#673),
.UNSPECIFIED.,.F.,.F.) B_SPLINE_CURVE_WITH_KNOTS((3,2,3),(0.,
1.570796326795,3.14159265359),.PIECEWISE_BEZIER_KNOTS.) CURVE() 
GEOMETRIC_REPRESENTATION_ITEM() RATIONAL_B_SPLINE_CURVE((1.,
0.707106781187,1.,0.707106781187,1.)) REPRESENTATION_ITEM('') );
#669 = CARTESIAN_POINT('',(0.,1.25,-2.2));
#670 = CARTESIAN_POINT('',(1.25,1.25,-2.2));
#671 = CARTESIAN_POINT('',(1.25,0.,-2.2));
#672 = CARTESIAN_POINT('',(1.25,-1.25,-2.2));
#673 = CARTESIAN_POINT('',(0.,-1.25,-2.2));
#674 = ORIENTED_EDGE('',*,*,#647,.T.);
#675 = ORIENTED_EDGE('',*,*,#676,.T.);
#676 = EDGE_CURVE('',#638,#631,#677,.T.);
#677 = ( BOUNDED_CURVE() B_SPLINE_CURVE(2,(#678,#679,#680,#681,#682),
.UNSPECIFIED.,.F.,.F.) B_SPLINE_CURVE_WITH_KNOTS((3,2,3),(3.14159265359,
4.712388980385,6.28318530718),.PIECEWISE_BEZIER_KNOTS.) CURVE() 
GEOMETRIC_REPRESENTATION_ITEM() RATIONAL_B_SPLINE_CURVE((1.,
0.707106781187,1.,0.707106781187,1.)) REPRESENTATION_ITEM('') );
#678 = CARTESIAN_POINT('',(0.,1.25,0.6));
#679 = CARTESIAN_POINT('',(1.25,1.25,0.6));
#680 = CARTESIAN_POINT('',(1.25,0.,0.6));
#681 = CARTESIAN_POINT('',(1.25,-1.25,0.6));
#682 = CARTESIAN_POINT('',(4.440892098501E-16,-1.25,0.6));
#683 = ( BOUNDED_SURFACE() B_SPLINE_SURFACE(2,1,(
    (#684,#685)
    ,(#686,#687)
    ,(#688,#689)
    ,(#690,#691)
,(#692,#693
    )),.UNSPECIFIED.,.F.,.F.,.F.) B_SPLINE_SURFACE_WITH_KNOTS((3,2,3),(2
    ,2),(3.14159265359,4.712388980385,6.28318530718),(14.735533905933,
    17.535533905933),.PIECEWISE_BEZIER_KNOTS.) 
GEOMETRIC_REPRESENTATION_ITEM() RATIONAL_B_SPLINE_SURFACE((
    (1.,1.)
    ,(0.707106781187,0.707106781187)
    ,(1.,1.)
    ,(0.707106781187,0.707106781187)
,(1.,1.))) REPRESENTATION_ITEM('') SURFACE() );
#684 = CARTESIAN_POINT('',(0.,-1.25,-2.2));
#685 = CARTESIAN_POINT('',(0.,-1.25,0.6));
#686 = CARTESIAN_POINT('',(1.25,-1.25,-2.2));
#687 = CARTESIAN_POINT('',(1.25,-1.25,0.6));
#688 = CARTESIAN_POINT('',(1.25,0.,-2.2));
#689 = CARTESIAN_POINT('',(1.25,0.,0.6));
#690 = CARTESIAN_POINT('',(1.25,1.25,-2.2));
#691 = CARTESIAN_POINT('',(1.25,1.25,0.6));
#692 = CARTESIAN_POINT('',(4.440892098501E-16,1.25,-2.2));
#693 = CARTESIAN_POINT('',(4.440892098501E-16,1.25,0.6));
#694 = ADVANCED_FACE('',(#695),#706,.F.);
#695 = FACE_BOUND('',#696,.T.);
#696 = EDGE_LOOP('',(#697,#698));
#697 = ORIENTED_EDGE('',*,*,#581,.F.);
#698 = ORIENTED_EDGE('',*,*,#699,.F.);
#699 = EDGE_CURVE('',#584,#582,#700,.T.);
#700 = ( BOUNDED_CURVE() B_SPLINE_CURVE(2,(#701,#702,#703,#704,#705),
.UNSPECIFIED.,.F.,.F.) B_SPLINE_CURVE_WITH_KNOTS((3,2,3),(3.14159265359,
4.712388980385,6.28318530718),.PIECEWISE_BEZIER_KNOTS.) CURVE() 
GEOMETRIC_REPRESENTATION_ITEM() RATIONAL_B_SPLINE_CURVE((1.,
0.707106781187,1.,0.707106781187,1.)) REPRESENTATION_ITEM('') );
#701 = CARTESIAN_POINT('',(0.,-0.95,-2.5));
#702 = CARTESIAN_POINT('',(0.95,-0.95,-2.5));
#703 = CARTESIAN_POINT('',(0.95,0.,-2.5));
#704 = CARTESIAN_POINT('',(0.95,0.95,-2.5));
#705 = CARTESIAN_POINT('',(4.440892098501E-16,0.95,-2.5));
#706 = B_SPLINE_SURFACE_WITH_KNOTS('',1,1,(
    (#707,#708)
    ,(#709,#710
    )),.UNSPECIFIED.,.F.,.F.,.F.,(2,2),(2,2),(-0.693786402244,
    1.206213597756),(-4.188960762841,-2.288960762841),
  .PIECEWISE_BEZIER_KNOTS.);
#707 = CARTESIAN_POINT('',(0.95,-0.95,-2.5));
#708 = CARTESIAN_POINT('',(-0.95,-0.95,-2.5));
#709 = CARTESIAN_POINT('',(0.95,0.95,-2.5));
#710 = CARTESIAN_POINT('',(-0.95,0.95,-2.5));
#711 = ADVANCED_FACE('',(#712),#716,.F.);
#712 = FACE_BOUND('',#713,.T.);
#713 = EDGE_LOOP('',(#714,#715));
#714 = ORIENTED_EDGE('',*,*,#676,.F.);
#715 = ORIENTED_EDGE('',*,*,#637,.F.);
#716 = B_SPLINE_SURFACE_WITH_KNOTS('',1,1,(
    (#717,#718)
    ,(#719,#720
    )),.UNSPECIFIED.,.F.,.F.,.F.,(2,2),(2,2),(-1.25,1.25),(-1.25,1.25),
  .PIECEWISE_BEZIER_KNOTS.);
#717 = CARTESIAN_POINT('',(1.25,1.25,0.6));
#718 = CARTESIAN_POINT('',(-1.25,1.25,0.6));
#719 = CARTESIAN_POINT('',(1.25,-1.25,0.6));
#720 = CARTESIAN_POINT('',(-1.25,-1.25,0.6));
#721 = ADVANCED_FACE('',(#722),#728,.T.);
#722 = FACE_BOUND('',#723,.T.);
#723 = EDGE_LOOP('',(#724,#725,#726,#727));
#724 = ORIENTED_EDGE('',*,*,#593,.F.);
#725 = ORIENTED_EDGE('',*,*,#699,.T.);
#726 = ORIENTED_EDGE('',*,*,#610,.T.);
#727 = ORIENTED_EDGE('',*,*,#667,.T.);
#728 = ( BOUNDED_SURFACE() B_SPLINE_SURFACE(2,1,(
    (#729,#730)
    ,(#731,#732)
    ,(#733,#734)
    ,(#735,#736)
,(#737,#738
    )),.UNSPECIFIED.,.F.,.F.,.F.) B_SPLINE_SURFACE_WITH_KNOTS((3,2,3),(2
    ,2),(3.14159265359,4.712388980385,6.28318530718),(-0.424264068712,
    2.997602166488E-15),.PIECEWISE_BEZIER_KNOTS.) 
GEOMETRIC_REPRESENTATION_ITEM() RATIONAL_B_SPLINE_SURFACE((
    (1.,1.)
    ,(0.707106781187,0.707106781187)
    ,(1.,1.)
    ,(0.707106781187,0.707106781187)
,(1.,1.))) REPRESENTATION_ITEM('') SURFACE() );
#729 = CARTESIAN_POINT('',(0.,-0.95,-2.5));
#730 = CARTESIAN_POINT('',(0.,-1.25,-2.2));
#731 = CARTESIAN_POINT('',(0.95,-0.95,-2.5));
#732 = CARTESIAN_POINT('',(1.25,-1.25,-2.2));
#733 = CARTESIAN_POINT('',(0.95,0.,-2.5));
#734 = CARTESIAN_POINT('',(1.25,0.,-2.2));
#735 = CARTESIAN_POINT('',(0.95,0.95,-2.5));
#736 = CARTESIAN_POINT('',(1.25,1.25,-2.2));
#737 = CARTESIAN_POINT('',(4.440892098501E-16,0.95,-2.5));
#738 = CARTESIAN_POINT('',(4.440892098501E-16,1.25,-2.2));
#739 = MANIFOLD_SOLID_BREP('',#740);
#740 = CLOSED_SHELL('',(#741,#847,#953,#999,#1028,#1064,#1102,#1144,
    #1169,#1202,#1239,#1267,#1334,#1394,#1428,#1448,#1461,#1474,#1494,
    #1507,#1520,#1540,#1553,#1566,#1586,#1599));
#741 = ADVANCED_FACE('',(#742),#836,.F.);
#742 = FACE_BOUND('',#743,.F.);
#743 = EDGE_LOOP('',(#744,#753,#761,#768,#776,#783,#791,#798,#806,#813,
    #823,#830));
#744 = ORIENTED_EDGE('',*,*,#745,.F.);
#745 = EDGE_CURVE('',#746,#748,#750,.T.);
#746 = VERTEX_POINT('',#747);
#747 = CARTESIAN_POINT('',(6.574318740551,7.85,3.936450774907));
#748 = VERTEX_POINT('',#749);
#749 = CARTESIAN_POINT('',(6.574318740551,15.65,3.936450774907));
#750 = B_SPLINE_CURVE_WITH_KNOTS('',1,(#751,#752),.UNSPECIFIED.,.F.,.F.,
  (2,2),(0.,7.8),.PIECEWISE_BEZIER_KNOTS.);
#751 = CARTESIAN_POINT('',(6.574318740551,7.85,3.936450774907));
#752 = CARTESIAN_POINT('',(6.574318740551,15.65,3.936450774907));
#753 = ORIENTED_EDGE('',*,*,#754,.T.);
#754 = EDGE_CURVE('',#746,#755,#757,.T.);
#755 = VERTEX_POINT('',#756);
#756 = CARTESIAN_POINT('',(6.786450774907,7.85,3.724318740551));
#757 = ( BOUNDED_CURVE() B_SPLINE_CURVE(2,(#758,#759,#760),
.UNSPECIFIED.,.F.,.F.) B_SPLINE_CURVE_WITH_KNOTS((3,3),(0.584040242607,
0.986756084188),.PIECEWISE_BEZIER_KNOTS.) CURVE() 
GEOMETRIC_REPRESENTATION_ITEM() RATIONAL_B_SPLINE_CURVE((1.,
0.979795897113,1.)) REPRESENTATION_ITEM('') );
#758 = CARTESIAN_POINT('',(6.574318740551,7.85,3.936450774907));
#759 = CARTESIAN_POINT('',(6.658734122635,7.85,3.808734122635));
#760 = CARTESIAN_POINT('',(6.786450774907,7.85,3.724318740551));
#761 = ORIENTED_EDGE('',*,*,#762,.T.);
#762 = EDGE_CURVE('',#755,#763,#765,.T.);
#763 = VERTEX_POINT('',#764);
#764 = CARTESIAN_POINT('',(6.786450774907,15.65,3.724318740551));
#765 = B_SPLINE_CURVE_WITH_KNOTS('',1,(#766,#767),.UNSPECIFIED.,.F.,.F.,
  (2,2),(0.,7.8),.PIECEWISE_BEZIER_KNOTS.);
#766 = CARTESIAN_POINT('',(6.786450774907,7.85,3.724318740551));
#767 = CARTESIAN_POINT('',(6.786450774907,15.65,3.724318740551));
#768 = ORIENTED_EDGE('',*,*,#769,.F.);
#769 = EDGE_CURVE('',#770,#763,#772,.T.);
#770 = VERTEX_POINT('',#771);
#771 = CARTESIAN_POINT('',(7.613549225093,15.65,3.724318740551));
#772 = ( BOUNDED_CURVE() B_SPLINE_CURVE(2,(#773,#774,#775),
.UNSPECIFIED.,.F.,.F.) B_SPLINE_CURVE_WITH_KNOTS((3,3),(4.128348737778,
5.296429222992),.PIECEWISE_BEZIER_KNOTS.) CURVE() 
GEOMETRIC_REPRESENTATION_ITEM() RATIONAL_B_SPLINE_CURVE((1.,
0.834241679265,1.)) REPRESENTATION_ITEM('') );
#773 = CARTESIAN_POINT('',(7.613549225093,15.65,3.724318740551));
#774 = CARTESIAN_POINT('',(7.2,15.65,3.450979945451));
#775 = CARTESIAN_POINT('',(6.786450774907,15.65,3.724318740551));
#776 = ORIENTED_EDGE('',*,*,#777,.F.);
#777 = EDGE_CURVE('',#778,#770,#780,.T.);
#778 = VERTEX_POINT('',#779);
#779 = CARTESIAN_POINT('',(7.613549225093,7.85,3.724318740551));
#780 = B_SPLINE_CURVE_WITH_KNOTS('',1,(#781,#782),.UNSPECIFIED.,.F.,.F.,
  (2,2),(0.,7.8),.PIECEWISE_BEZIER_KNOTS.);
#781 = CARTESIAN_POINT('',(7.613549225093,7.85,3.724318740551));
#782 = CARTESIAN_POINT('',(7.613549225093,15.65,3.724318740551));
#783 = ORIENTED_EDGE('',*,*,#784,.T.);
#784 = EDGE_CURVE('',#778,#785,#787,.T.);
#785 = VERTEX_POINT('',#786);
#786 = CARTESIAN_POINT('',(7.825681259449,7.85,3.936450774907));
#787 = ( BOUNDED_CURVE() B_SPLINE_CURVE(2,(#788,#789,#790),
.UNSPECIFIED.,.F.,.F.) B_SPLINE_CURVE_WITH_KNOTS((3,3),(2.154836569402,
2.557552410983),.PIECEWISE_BEZIER_KNOTS.) CURVE() 
GEOMETRIC_REPRESENTATION_ITEM() RATIONAL_B_SPLINE_CURVE((1.,
0.979795897113,1.)) REPRESENTATION_ITEM('') );
#788 = CARTESIAN_POINT('',(7.613549225093,7.85,3.724318740551));
#789 = CARTESIAN_POINT('',(7.741265877365,7.85,3.808734122635));
#790 = CARTESIAN_POINT('',(7.825681259449,7.85,3.936450774907));
#791 = ORIENTED_EDGE('',*,*,#792,.T.);
#792 = EDGE_CURVE('',#785,#793,#795,.T.);
#793 = VERTEX_POINT('',#794);
#794 = CARTESIAN_POINT('',(7.825681259449,15.65,3.936450774907));
#795 = B_SPLINE_CURVE_WITH_KNOTS('',1,(#796,#797),.UNSPECIFIED.,.F.,.F.,
  (2,2),(0.,7.8),.PIECEWISE_BEZIER_KNOTS.);
#796 = CARTESIAN_POINT('',(7.825681259449,7.85,3.936450774907));
#797 = CARTESIAN_POINT('',(7.825681259449,15.65,3.936450774907));
#798 = ORIENTED_EDGE('',*,*,#799,.F.);
#799 = EDGE_CURVE('',#800,#793,#802,.T.);
#800 = VERTEX_POINT('',#801);
#801 = CARTESIAN_POINT('',(7.95,15.65,4.35));
#802 = ( BOUNDED_CURVE() B_SPLINE_CURVE(2,(#803,#804,#805),
.UNSPECIFIED.,.F.,.F.) B_SPLINE_CURVE_WITH_KNOTS((3,3),(3.14159265359,
3.725632896197),.PIECEWISE_BEZIER_KNOTS.) CURVE() 
GEOMETRIC_REPRESENTATION_ITEM() RATIONAL_B_SPLINE_CURVE((1.,
0.957664262481,1.)) REPRESENTATION_ITEM('') );
#803 = CARTESIAN_POINT('',(7.95,15.65,4.35));
#804 = CARTESIAN_POINT('',(7.95,15.65,4.124539402431));
#805 = CARTESIAN_POINT('',(7.825681259449,15.65,3.936450774907));
#806 = ORIENTED_EDGE('',*,*,#807,.T.);
#807 = EDGE_CURVE('',#800,#808,#810,.T.);
#808 = VERTEX_POINT('',#809);
#809 = CARTESIAN_POINT('',(7.95,7.65,4.35));
#810 = B_SPLINE_CURVE_WITH_KNOTS('',1,(#811,#812),.UNSPECIFIED.,.F.,.F.,
  (2,2),(-0.,8.),.PIECEWISE_BEZIER_KNOTS.);
#811 = CARTESIAN_POINT('',(7.95,15.65,4.35));
#812 = CARTESIAN_POINT('',(7.95,7.65,4.35));
#813 = ORIENTED_EDGE('',*,*,#814,.T.);
#814 = EDGE_CURVE('',#808,#815,#817,.T.);
#815 = VERTEX_POINT('',#816);
#816 = CARTESIAN_POINT('',(6.45,7.65,4.35));
#817 = ( BOUNDED_CURVE() B_SPLINE_CURVE(2,(#818,#819,#820,#821,#822),
.UNSPECIFIED.,.F.,.F.) B_SPLINE_CURVE_WITH_KNOTS((3,2,3),(3.14159265359,
4.712388980385,6.28318530718),.PIECEWISE_BEZIER_KNOTS.) CURVE() 
GEOMETRIC_REPRESENTATION_ITEM() RATIONAL_B_SPLINE_CURVE((1.,
0.707106781187,1.,0.707106781187,1.)) REPRESENTATION_ITEM('') );
#818 = CARTESIAN_POINT('',(7.95,7.65,4.35));
#819 = CARTESIAN_POINT('',(7.95,7.65,3.6));
#820 = CARTESIAN_POINT('',(7.2,7.65,3.6));
#821 = CARTESIAN_POINT('',(6.45,7.65,3.6));
#822 = CARTESIAN_POINT('',(6.45,7.65,4.35));
#823 = ORIENTED_EDGE('',*,*,#824,.F.);
#824 = EDGE_CURVE('',#825,#815,#827,.T.);
#825 = VERTEX_POINT('',#826);
#826 = CARTESIAN_POINT('',(6.45,15.65,4.35));
#827 = B_SPLINE_CURVE_WITH_KNOTS('',1,(#828,#829),.UNSPECIFIED.,.F.,.F.,
  (2,2),(-0.,8.),.PIECEWISE_BEZIER_KNOTS.);
#828 = CARTESIAN_POINT('',(6.45,15.65,4.35));
#829 = CARTESIAN_POINT('',(6.45,7.65,4.35));
#830 = ORIENTED_EDGE('',*,*,#831,.F.);
#831 = EDGE_CURVE('',#748,#825,#832,.T.);
#832 = ( BOUNDED_CURVE() B_SPLINE_CURVE(2,(#833,#834,#835),
.UNSPECIFIED.,.F.,.F.) B_SPLINE_CURVE_WITH_KNOTS((3,3),(5.699145064572,
6.28318530718),.PIECEWISE_BEZIER_KNOTS.) CURVE() 
GEOMETRIC_REPRESENTATION_ITEM() RATIONAL_B_SPLINE_CURVE((1.,
0.957664262481,1.)) REPRESENTATION_ITEM('') );
#833 = CARTESIAN_POINT('',(6.574318740551,15.65,3.936450774907));
#834 = CARTESIAN_POINT('',(6.45,15.65,4.124539402431));
#835 = CARTESIAN_POINT('',(6.45,15.65,4.35));
#836 = ( BOUNDED_SURFACE() B_SPLINE_SURFACE(2,1,(
    (#837,#838)
    ,(#839,#840)
    ,(#841,#842)
    ,(#843,#844)
,(#845,#846
    )),.UNSPECIFIED.,.F.,.F.,.F.) B_SPLINE_SURFACE_WITH_KNOTS((3,2,3),(2
    ,2),(3.14159265359,4.712388980385,6.28318530718),(0.,8.),
.PIECEWISE_BEZIER_KNOTS.) GEOMETRIC_REPRESENTATION_ITEM() 
RATIONAL_B_SPLINE_SURFACE((
    (1.,1.)
    ,(0.707106781187,0.707106781187)
    ,(1.,1.)
    ,(0.707106781187,0.707106781187)
,(1.,1.))) REPRESENTATION_ITEM('') SURFACE() );
#837 = CARTESIAN_POINT('',(6.45,15.65,4.35));
#838 = CARTESIAN_POINT('',(6.45,7.65,4.35));
#839 = CARTESIAN_POINT('',(6.45,15.65,3.6));
#840 = CARTESIAN_POINT('',(6.45,7.65,3.6));
#841 = CARTESIAN_POINT('',(7.2,15.65,3.6));
#842 = CARTESIAN_POINT('',(7.2,7.65,3.6));
#843 = CARTESIAN_POINT('',(7.95,15.65,3.6));
#844 = CARTESIAN_POINT('',(7.95,7.65,3.6));
#845 = CARTESIAN_POINT('',(7.95,15.65,4.35));
#846 = CARTESIAN_POINT('',(7.95,7.65,4.35));
#847 = ADVANCED_FACE('',(#848),#942,.T.);
#848 = FACE_BOUND('',#849,.T.);
#849 = EDGE_LOOP('',(#850,#860,#867,#877,#884,#892,#899,#907,#914,#922,
    #929,#937));
#850 = ORIENTED_EDGE('',*,*,#851,.T.);
#851 = EDGE_CURVE('',#852,#854,#856,.T.);
#852 = VERTEX_POINT('',#853);
#853 = CARTESIAN_POINT('',(5.612802658462,15.15,5.725065307182));
#854 = VERTEX_POINT('',#855);
#855 = CARTESIAN_POINT('',(5.1,15.15,4.35));
#856 = ( BOUNDED_CURVE() B_SPLINE_CURVE(2,(#857,#858,#859),
.UNSPECIFIED.,.F.,.F.) B_SPLINE_CURVE_WITH_KNOTS((3,3),(5.569276593668,
6.28318530718),.PIECEWISE_BEZIER_KNOTS.) CURVE() 
GEOMETRIC_REPRESENTATION_ITEM() RATIONAL_B_SPLINE_CURVE((1.,
0.936965382999,1.)) REPRESENTATION_ITEM('') );
#857 = CARTESIAN_POINT('',(5.612802658462,15.15,5.725065307182));
#858 = CARTESIAN_POINT('',(5.1,15.15,5.133152318036));
#859 = CARTESIAN_POINT('',(5.1,15.15,4.35));
#860 = ORIENTED_EDGE('',*,*,#861,.T.);
#861 = EDGE_CURVE('',#854,#862,#864,.T.);
#862 = VERTEX_POINT('',#863);
#863 = CARTESIAN_POINT('',(5.1,7.65,4.35));
#864 = B_SPLINE_CURVE_WITH_KNOTS('',1,(#865,#866),.UNSPECIFIED.,.F.,.F.,
  (2,2),(0.5,8.),.PIECEWISE_BEZIER_KNOTS.);
#865 = CARTESIAN_POINT('',(5.1,15.15,4.35));
#866 = CARTESIAN_POINT('',(5.1,7.65,4.35));
#867 = ORIENTED_EDGE('',*,*,#868,.T.);
#868 = EDGE_CURVE('',#862,#869,#871,.T.);
#869 = VERTEX_POINT('',#870);
#870 = CARTESIAN_POINT('',(9.3,7.65,4.35));
#871 = ( BOUNDED_CURVE() B_SPLINE_CURVE(2,(#872,#873,#874,#875,#876),
.UNSPECIFIED.,.F.,.F.) B_SPLINE_CURVE_WITH_KNOTS((3,2,3),(0.,
1.570796326795,3.14159265359),.PIECEWISE_BEZIER_KNOTS.) CURVE() 
GEOMETRIC_REPRESENTATION_ITEM() RATIONAL_B_SPLINE_CURVE((1.,
0.707106781187,1.,0.707106781187,1.)) REPRESENTATION_ITEM('') );
#872 = CARTESIAN_POINT('',(5.1,7.65,4.35));
#873 = CARTESIAN_POINT('',(5.1,7.65,6.45));
#874 = CARTESIAN_POINT('',(7.2,7.65,6.45));
#875 = CARTESIAN_POINT('',(9.3,7.65,6.45));
#876 = CARTESIAN_POINT('',(9.3,7.65,4.35));
#877 = ORIENTED_EDGE('',*,*,#878,.F.);
#878 = EDGE_CURVE('',#879,#869,#881,.T.);
#879 = VERTEX_POINT('',#880);
#880 = CARTESIAN_POINT('',(9.3,15.15,4.35));
#881 = B_SPLINE_CURVE_WITH_KNOTS('',1,(#882,#883),.UNSPECIFIED.,.F.,.F.,
  (2,2),(0.5,8.),.PIECEWISE_BEZIER_KNOTS.);
#882 = CARTESIAN_POINT('',(9.3,15.15,4.35));
#883 = CARTESIAN_POINT('',(9.3,7.65,4.35));
#884 = ORIENTED_EDGE('',*,*,#885,.T.);
#885 = EDGE_CURVE('',#879,#886,#888,.T.);
#886 = VERTEX_POINT('',#887);
#887 = CARTESIAN_POINT('',(8.787197341538,15.15,5.725065307182));
#888 = ( BOUNDED_CURVE() B_SPLINE_CURVE(2,(#889,#890,#891),
.UNSPECIFIED.,.F.,.F.) B_SPLINE_CURVE_WITH_KNOTS((3,3),(3.14159265359,
3.855501367102),.PIECEWISE_BEZIER_KNOTS.) CURVE() 
GEOMETRIC_REPRESENTATION_ITEM() RATIONAL_B_SPLINE_CURVE((1.,
0.936965382999,1.)) REPRESENTATION_ITEM('') );
#889 = CARTESIAN_POINT('',(9.3,15.15,4.35));
#890 = CARTESIAN_POINT('',(9.3,15.15,5.133152318036));
#891 = CARTESIAN_POINT('',(8.787197341538,15.15,5.725065307182));
#892 = ORIENTED_EDGE('',*,*,#893,.T.);
#893 = EDGE_CURVE('',#886,#894,#896,.T.);
#894 = VERTEX_POINT('',#895);
#895 = CARTESIAN_POINT('',(8.787197341538,7.85,5.725065307182));
#896 = B_SPLINE_CURVE_WITH_KNOTS('',1,(#897,#898),.UNSPECIFIED.,.F.,.F.,
  (2,2),(0.5,7.8),.PIECEWISE_BEZIER_KNOTS.);
#897 = CARTESIAN_POINT('',(8.787197341538,15.15,5.725065307182));
#898 = CARTESIAN_POINT('',(8.787197341538,7.85,5.725065307182));
#899 = ORIENTED_EDGE('',*,*,#900,.F.);
#900 = EDGE_CURVE('',#901,#894,#903,.T.);
#901 = VERTEX_POINT('',#902);
#902 = CARTESIAN_POINT('',(8.575065307182,7.85,5.937197341538));
#903 = ( BOUNDED_CURVE() B_SPLINE_CURVE(2,(#904,#905,#906),
.UNSPECIFIED.,.F.,.F.) B_SPLINE_CURVE_WITH_KNOTS((3,3),(2.284705040307,
2.427683940078),.PIECEWISE_BEZIER_KNOTS.) CURVE() 
GEOMETRIC_REPRESENTATION_ITEM() RATIONAL_B_SPLINE_CURVE((1.,
0.997445717412,1.)) REPRESENTATION_ITEM('') );
#904 = CARTESIAN_POINT('',(8.575065307182,7.85,5.937197341538));
#905 = CARTESIAN_POINT('',(8.688726869613,7.85,5.838726869613));
#906 = CARTESIAN_POINT('',(8.787197341538,7.85,5.725065307182));
#907 = ORIENTED_EDGE('',*,*,#908,.T.);
#908 = EDGE_CURVE('',#901,#909,#911,.T.);
#909 = VERTEX_POINT('',#910);
#910 = CARTESIAN_POINT('',(8.575065307182,15.15,5.937197341538));
#911 = B_SPLINE_CURVE_WITH_KNOTS('',1,(#912,#913),.UNSPECIFIED.,.F.,.F.,
  (2,2),(-7.8,-0.5),.PIECEWISE_BEZIER_KNOTS.);
#912 = CARTESIAN_POINT('',(8.575065307182,7.85,5.937197341538));
#913 = CARTESIAN_POINT('',(8.575065307182,15.15,5.937197341538));
#914 = ORIENTED_EDGE('',*,*,#915,.T.);
#915 = EDGE_CURVE('',#909,#916,#918,.T.);
#916 = VERTEX_POINT('',#917);
#917 = CARTESIAN_POINT('',(5.824934692818,15.15,5.937197341538));
#918 = ( BOUNDED_CURVE() B_SPLINE_CURVE(2,(#919,#920,#921),
.UNSPECIFIED.,.F.,.F.) B_SPLINE_CURVE_WITH_KNOTS((3,3),(3.998480266873,
5.426297693897),.PIECEWISE_BEZIER_KNOTS.) CURVE() 
GEOMETRIC_REPRESENTATION_ITEM() RATIONAL_B_SPLINE_CURVE((1.,
0.755808257875,1.)) REPRESENTATION_ITEM('') );
#919 = CARTESIAN_POINT('',(8.575065307182,15.15,5.937197341538));
#920 = CARTESIAN_POINT('',(7.2,15.15,7.128482476368));
#921 = CARTESIAN_POINT('',(5.824934692818,15.15,5.937197341538));
#922 = ORIENTED_EDGE('',*,*,#923,.T.);
#923 = EDGE_CURVE('',#916,#924,#926,.T.);
#924 = VERTEX_POINT('',#925);
#925 = CARTESIAN_POINT('',(5.824934692818,7.85,5.937197341538));
#926 = B_SPLINE_CURVE_WITH_KNOTS('',1,(#927,#928),.UNSPECIFIED.,.F.,.F.,
  (2,2),(0.5,7.8),.PIECEWISE_BEZIER_KNOTS.);
#927 = CARTESIAN_POINT('',(5.824934692818,15.15,5.937197341538));
#928 = CARTESIAN_POINT('',(5.824934692818,7.85,5.937197341538));
#929 = ORIENTED_EDGE('',*,*,#930,.F.);
#930 = EDGE_CURVE('',#931,#924,#933,.T.);
#931 = VERTEX_POINT('',#932);
#932 = CARTESIAN_POINT('',(5.612802658462,7.85,5.725065307182));
#933 = ( BOUNDED_CURVE() B_SPLINE_CURVE(2,(#934,#935,#936),
.UNSPECIFIED.,.F.,.F.) B_SPLINE_CURVE_WITH_KNOTS((3,3),(0.713908713512,
0.856887613283),.PIECEWISE_BEZIER_KNOTS.) CURVE() 
GEOMETRIC_REPRESENTATION_ITEM() RATIONAL_B_SPLINE_CURVE((1.,
0.997445717412,1.)) REPRESENTATION_ITEM('') );
#934 = CARTESIAN_POINT('',(5.612802658462,7.85,5.725065307182));
#935 = CARTESIAN_POINT('',(5.711273130387,7.85,5.838726869613));
#936 = CARTESIAN_POINT('',(5.824934692818,7.85,5.937197341538));
#937 = ORIENTED_EDGE('',*,*,#938,.T.);
#938 = EDGE_CURVE('',#931,#852,#939,.T.);
#939 = B_SPLINE_CURVE_WITH_KNOTS('',1,(#940,#941),.UNSPECIFIED.,.F.,.F.,
  (2,2),(-7.8,-0.5),.PIECEWISE_BEZIER_KNOTS.);
#940 = CARTESIAN_POINT('',(5.612802658462,7.85,5.725065307182));
#941 = CARTESIAN_POINT('',(5.612802658462,15.15,5.725065307182));
#942 = ( BOUNDED_SURFACE() B_SPLINE_SURFACE(2,1,(
    (#943,#944)
    ,(#945,#946)
    ,(#947,#948)
    ,(#949,#950)
,(#951,#952
    )),.UNSPECIFIED.,.F.,.F.,.F.) B_SPLINE_SURFACE_WITH_KNOTS((3,2,3),(2
    ,2),(0.,1.570796326795,3.14159265359),(0.5,8.),
.PIECEWISE_BEZIER_KNOTS.) GEOMETRIC_REPRESENTATION_ITEM() 
RATIONAL_B_SPLINE_SURFACE((
    (1.,1.)
    ,(0.707106781187,0.707106781187)
    ,(1.,1.)
    ,(0.707106781187,0.707106781187)
,(1.,1.))) REPRESENTATION_ITEM('') SURFACE() );
#943 = CARTESIAN_POINT('',(9.3,15.15,4.35));
#944 = CARTESIAN_POINT('',(9.3,7.65,4.35));
#945 = CARTESIAN_POINT('',(9.3,15.15,6.45));
#946 = CARTESIAN_POINT('',(9.3,7.65,6.45));
#947 = CARTESIAN_POINT('',(7.2,15.15,6.45));
#948 = CARTESIAN_POINT('',(7.2,7.65,6.45));
#949 = CARTESIAN_POINT('',(5.1,15.15,6.45));
#950 = CARTESIAN_POINT('',(5.1,7.65,6.45));
#951 = CARTESIAN_POINT('',(5.1,15.15,4.35));
#952 = CARTESIAN_POINT('',(5.1,7.65,4.35));
#953 = ADVANCED_FACE('',(#954),#989,.T.);
#954 = FACE_BOUND('',#955,.T.);
#955 = EDGE_LOOP('',(#956,#964,#972,#980));
#956 = ORIENTED_EDGE('',*,*,#957,.F.);
#957 = EDGE_CURVE('',#854,#958,#960,.T.);
#958 = VERTEX_POINT('',#959);
#959 = CARTESIAN_POINT('',(5.612802658462,15.15,2.974934692818));
#960 = ( BOUNDED_CURVE() B_SPLINE_CURVE(2,(#961,#962,#963),
.UNSPECIFIED.,.F.,.F.) B_SPLINE_CURVE_WITH_KNOTS((3,3),(0.,
0.713908713512),.PIECEWISE_BEZIER_KNOTS.) CURVE() 
GEOMETRIC_REPRESENTATION_ITEM() RATIONAL_B_SPLINE_CURVE((1.,
0.936965382999,1.)) REPRESENTATION_ITEM('') );
#961 = CARTESIAN_POINT('',(5.1,15.15,4.35));
#962 = CARTESIAN_POINT('',(5.1,15.15,3.566847681964));
#963 = CARTESIAN_POINT('',(5.612802658462,15.15,2.974934692818));
#964 = ORIENTED_EDGE('',*,*,#965,.T.);
#965 = EDGE_CURVE('',#854,#966,#968,.T.);
#966 = VERTEX_POINT('',#967);
#967 = CARTESIAN_POINT('',(5.6,15.65,4.35));
#968 = ( BOUNDED_CURVE() B_SPLINE_CURVE(2,(#969,#970,#971),
.UNSPECIFIED.,.F.,.F.) B_SPLINE_CURVE_WITH_KNOTS((3,3),(1.570796326795,
3.14159265359),.PIECEWISE_BEZIER_KNOTS.) CURVE() 
GEOMETRIC_REPRESENTATION_ITEM() RATIONAL_B_SPLINE_CURVE((1.,
0.707106781187,1.)) REPRESENTATION_ITEM('') );
#969 = CARTESIAN_POINT('',(5.1,15.15,4.35));
#970 = CARTESIAN_POINT('',(5.1,15.65,4.35));
#971 = CARTESIAN_POINT('',(5.6,15.65,4.35));
#972 = ORIENTED_EDGE('',*,*,#973,.F.);
#973 = EDGE_CURVE('',#974,#966,#976,.T.);
#974 = VERTEX_POINT('',#975);
#975 = CARTESIAN_POINT('',(5.967545950215,15.65,3.329677984571));
#976 = ( BOUNDED_CURVE() B_SPLINE_CURVE(2,(#977,#978,#979),
.UNSPECIFIED.,.F.,.F.) B_SPLINE_CURVE_WITH_KNOTS((3,3),(5.59167501889,
6.28318530718),.PIECEWISE_BEZIER_KNOTS.) CURVE() 
GEOMETRIC_REPRESENTATION_ITEM() RATIONAL_B_SPLINE_CURVE((1.,
0.940819797069,1.)) REPRESENTATION_ITEM('') );
#977 = CARTESIAN_POINT('',(5.967545950215,15.65,3.329677984571));
#978 = CARTESIAN_POINT('',(5.6,15.65,3.773639290879));
#979 = CARTESIAN_POINT('',(5.6,15.65,4.35));
#980 = ORIENTED_EDGE('',*,*,#981,.F.);
#981 = EDGE_CURVE('',#958,#974,#982,.T.);
#982 = B_SPLINE_CURVE_WITH_KNOTS('',3,(#983,#984,#985,#986,#987,#988),
  .UNSPECIFIED.,.F.,.F.,(4,2,4),(1.971656719321E-07,3.917772435257E-04,
    7.833573213795E-04),.UNSPECIFIED.);
#983 = CARTESIAN_POINT('',(5.612802658462,15.15,2.974934692818));
#984 = CARTESIAN_POINT('',(5.612802658462,15.282398548944,2.974934692818
    ));
#985 = CARTESIAN_POINT('',(5.651427968611,15.411844140656,3.013560002967
    ));
#986 = CARTESIAN_POINT('',(5.782518798673,15.596198199582,3.144650833029
    ));
#987 = CARTESIAN_POINT('',(5.875104417162,15.65,3.237236451518));
#988 = CARTESIAN_POINT('',(5.967545950215,15.65,3.329677984571));
#989 = ( BOUNDED_SURFACE() B_SPLINE_SURFACE(2,2,(
    (#990,#991,#992)
    ,(#993,#994,#995)
    ,(#996,#997,#998
)),.UNSPECIFIED.,.F.,.F.,.F.) B_SPLINE_SURFACE_WITH_KNOTS((3,3),(3,3),(
    5.569276593668,6.28318530718),(0.,1.570796326795),
.PIECEWISE_BEZIER_KNOTS.) GEOMETRIC_REPRESENTATION_ITEM() 
RATIONAL_B_SPLINE_SURFACE((
    (1.,0.707106781187,1.)
    ,(0.936965382999,0.662534576055,0.936965382999)
,(1.,0.707106781187,1.))) REPRESENTATION_ITEM('') SURFACE() );
#990 = CARTESIAN_POINT('',(5.612802658462,15.15,2.974934692818));
#991 = CARTESIAN_POINT('',(5.612802658462,15.65,2.974934692818));
#992 = CARTESIAN_POINT('',(5.9907067874,15.65,3.302331194528));
#993 = CARTESIAN_POINT('',(5.1,15.15,3.566847681964));
#994 = CARTESIAN_POINT('',(5.1,15.65,3.566847681964));
#995 = CARTESIAN_POINT('',(5.6,15.65,3.753312519592));
#996 = CARTESIAN_POINT('',(5.1,15.15,4.35));
#997 = CARTESIAN_POINT('',(5.1,15.65,4.35));
#998 = CARTESIAN_POINT('',(5.6,15.65,4.35));
#999 = ADVANCED_FACE('',(#1000),#1023,.T.);
#1000 = FACE_BOUND('',#1001,.T.);
#1001 = EDGE_LOOP('',(#1002,#1009,#1017,#1022));
#1002 = ORIENTED_EDGE('',*,*,#1003,.F.);
#1003 = EDGE_CURVE('',#1004,#770,#1006,.T.);
#1004 = VERTEX_POINT('',#1005);
#1005 = CARTESIAN_POINT('',(8.220322015429,15.65,3.117545950215));
#1006 = B_SPLINE_CURVE_WITH_KNOTS('',1,(#1007,#1008),.UNSPECIFIED.,.F.,
  .F.,(2,2),(0.654986872389,1.513093181762),.PIECEWISE_BEZIER_KNOTS.);
#1007 = CARTESIAN_POINT('',(8.220322015429,15.65,3.117545950215));
#1008 = CARTESIAN_POINT('',(7.613549225093,15.65,3.724318740551));
#1009 = ORIENTED_EDGE('',*,*,#1010,.T.);
#1010 = EDGE_CURVE('',#1004,#1011,#1013,.T.);
#1011 = VERTEX_POINT('',#1012);
#1012 = CARTESIAN_POINT('',(6.179677984571,15.65,3.117545950215));
#1013 = ( BOUNDED_CURVE() B_SPLINE_CURVE(2,(#1014,#1015,#1016),
.UNSPECIFIED.,.F.,.F.) B_SPLINE_CURVE_WITH_KNOTS((3,3),(4.020878692095,
5.403899268675),.PIECEWISE_BEZIER_KNOTS.) CURVE() 
GEOMETRIC_REPRESENTATION_ITEM() RATIONAL_B_SPLINE_CURVE((1.,
0.770283781116,1.)) REPRESENTATION_ITEM('') );
#1014 = CARTESIAN_POINT('',(8.220322015429,15.65,3.117545950215));
#1015 = CARTESIAN_POINT('',(7.2,15.65,2.272843451691));
#1016 = CARTESIAN_POINT('',(6.179677984571,15.65,3.117545950215));
#1017 = ORIENTED_EDGE('',*,*,#1018,.F.);
#1018 = EDGE_CURVE('',#763,#1011,#1019,.T.);
#1019 = B_SPLINE_CURVE_WITH_KNOTS('',1,(#1020,#1021),.UNSPECIFIED.,.F.,
  .F.,(2,2),(-1.513093181762,-0.654986872389),.PIECEWISE_BEZIER_KNOTS.);
#1020 = CARTESIAN_POINT('',(6.786450774907,15.65,3.724318740551));
#1021 = CARTESIAN_POINT('',(6.179677984571,15.65,3.117545950215));
#1022 = ORIENTED_EDGE('',*,*,#769,.F.);
#1023 = B_SPLINE_SURFACE_WITH_KNOTS('',1,1,(
    (#1024,#1025)
    ,(#1026,#1027
    )),.UNSPECIFIED.,.F.,.F.,.F.,(2,2),(2,2),(-1.020322015429,
    1.020322015429),(-1.6,-0.625681259449),.PIECEWISE_BEZIER_KNOTS.);
#1024 = CARTESIAN_POINT('',(8.220322015429,15.65,2.75));
#1025 = CARTESIAN_POINT('',(8.220322015429,15.65,3.724318740551));
#1026 = CARTESIAN_POINT('',(6.179677984571,15.65,2.75));
#1027 = CARTESIAN_POINT('',(6.179677984571,15.65,3.724318740551));
#1028 = ADVANCED_FACE('',(#1029),#1059,.T.);
#1029 = FACE_BOUND('',#1030,.T.);
#1030 = EDGE_LOOP('',(#1031,#1036,#1037,#1045,#1052,#1058));
#1031 = ORIENTED_EDGE('',*,*,#1032,.F.);
#1032 = EDGE_CURVE('',#974,#748,#1033,.T.);
#1033 = B_SPLINE_CURVE_WITH_KNOTS('',1,(#1034,#1035),.UNSPECIFIED.,.F.,
  .F.,(2,2),(0.654986872389,1.513093181762),.PIECEWISE_BEZIER_KNOTS.);
#1034 = CARTESIAN_POINT('',(5.967545950215,15.65,3.329677984571));
#1035 = CARTESIAN_POINT('',(6.574318740551,15.65,3.936450774907));
#1036 = ORIENTED_EDGE('',*,*,#973,.T.);
#1037 = ORIENTED_EDGE('',*,*,#1038,.T.);
#1038 = EDGE_CURVE('',#966,#1039,#1041,.T.);
#1039 = VERTEX_POINT('',#1040);
#1040 = CARTESIAN_POINT('',(5.967545950215,15.65,5.370322015429));
#1041 = ( BOUNDED_CURVE() B_SPLINE_CURVE(2,(#1042,#1043,#1044),
.UNSPECIFIED.,.F.,.F.) B_SPLINE_CURVE_WITH_KNOTS((3,3),(0.,0.69151028829
),.PIECEWISE_BEZIER_KNOTS.) CURVE() GEOMETRIC_REPRESENTATION_ITEM() 
RATIONAL_B_SPLINE_CURVE((1.,0.940819797069,1.)) REPRESENTATION_ITEM('') 
  );
#1042 = CARTESIAN_POINT('',(5.6,15.65,4.35));
#1043 = CARTESIAN_POINT('',(5.6,15.65,4.926360709121));
#1044 = CARTESIAN_POINT('',(5.967545950215,15.65,5.370322015429));
#1045 = ORIENTED_EDGE('',*,*,#1046,.F.);
#1046 = EDGE_CURVE('',#1047,#1039,#1049,.T.);
#1047 = VERTEX_POINT('',#1048);
#1048 = CARTESIAN_POINT('',(6.574318740551,15.65,4.763549225093));
#1049 = B_SPLINE_CURVE_WITH_KNOTS('',1,(#1050,#1051),.UNSPECIFIED.,.F.,
  .F.,(2,2),(-1.513093181762,-0.654986872389),.PIECEWISE_BEZIER_KNOTS.);
#1050 = CARTESIAN_POINT('',(6.574318740551,15.65,4.763549225093));
#1051 = CARTESIAN_POINT('',(5.967545950215,15.65,5.370322015429));
#1052 = ORIENTED_EDGE('',*,*,#1053,.F.);
#1053 = EDGE_CURVE('',#825,#1047,#1054,.T.);
#1054 = ( BOUNDED_CURVE() B_SPLINE_CURVE(2,(#1055,#1056,#1057),
.UNSPECIFIED.,.F.,.F.) B_SPLINE_CURVE_WITH_KNOTS((3,3),(0.,
0.584040242607),.PIECEWISE_BEZIER_KNOTS.) CURVE() 
GEOMETRIC_REPRESENTATION_ITEM() RATIONAL_B_SPLINE_CURVE((1.,
0.957664262481,1.)) REPRESENTATION_ITEM('') );
#1055 = CARTESIAN_POINT('',(6.45,15.65,4.35));
#1056 = CARTESIAN_POINT('',(6.45,15.65,4.575460597569));
#1057 = CARTESIAN_POINT('',(6.574318740551,15.65,4.763549225093));
#1058 = ORIENTED_EDGE('',*,*,#831,.F.);
#1059 = B_SPLINE_SURFACE_WITH_KNOTS('',1,1,(
    (#1060,#1061)
    ,(#1062,#1063
    )),.UNSPECIFIED.,.F.,.F.,.F.,(2,2),(2,2),(0.625681259449,1.6),(
    -1.020322015429,1.020322015429),.PIECEWISE_BEZIER_KNOTS.);
#1060 = CARTESIAN_POINT('',(6.574318740551,15.65,3.329677984571));
#1061 = CARTESIAN_POINT('',(6.574318740551,15.65,5.370322015429));
#1062 = CARTESIAN_POINT('',(5.6,15.65,3.329677984571));
#1063 = CARTESIAN_POINT('',(5.6,15.65,5.370322015429));
#1064 = ADVANCED_FACE('',(#1065),#1097,.T.);
#1065 = FACE_BOUND('',#1066,.T.);
#1066 = EDGE_LOOP('',(#1067,#1076,#1084,#1091));
#1067 = ORIENTED_EDGE('',*,*,#1068,.F.);
#1068 = EDGE_CURVE('',#1069,#1071,#1073,.T.);
#1069 = VERTEX_POINT('',#1070);
#1070 = CARTESIAN_POINT('',(6.179677984571,15.65,5.582454049785));
#1071 = VERTEX_POINT('',#1072);
#1072 = CARTESIAN_POINT('',(6.786450774907,15.65,4.975681259449));
#1073 = B_SPLINE_CURVE_WITH_KNOTS('',1,(#1074,#1075),.UNSPECIFIED.,.F.,
  .F.,(2,2),(0.654986872389,1.513093181762),.PIECEWISE_BEZIER_KNOTS.);
#1074 = CARTESIAN_POINT('',(6.179677984571,15.65,5.582454049785));
#1075 = CARTESIAN_POINT('',(6.786450774907,15.65,4.975681259449));
#1076 = ORIENTED_EDGE('',*,*,#1077,.T.);
#1077 = EDGE_CURVE('',#1069,#1078,#1080,.T.);
#1078 = VERTEX_POINT('',#1079);
#1079 = CARTESIAN_POINT('',(8.220322015429,15.65,5.582454049785));
#1080 = ( BOUNDED_CURVE() B_SPLINE_CURVE(2,(#1081,#1082,#1083),
.UNSPECIFIED.,.F.,.F.) B_SPLINE_CURVE_WITH_KNOTS((3,3),(0.879286038505,
2.262306615085),.PIECEWISE_BEZIER_KNOTS.) CURVE() 
GEOMETRIC_REPRESENTATION_ITEM() RATIONAL_B_SPLINE_CURVE((1.,
0.770283781116,1.)) REPRESENTATION_ITEM('') );
#1081 = CARTESIAN_POINT('',(6.179677984571,15.65,5.582454049785));
#1082 = CARTESIAN_POINT('',(7.2,15.65,6.427156548309));
#1083 = CARTESIAN_POINT('',(8.220322015429,15.65,5.582454049785));
#1084 = ORIENTED_EDGE('',*,*,#1085,.F.);
#1085 = EDGE_CURVE('',#1086,#1078,#1088,.T.);
#1086 = VERTEX_POINT('',#1087);
#1087 = CARTESIAN_POINT('',(7.613549225093,15.65,4.975681259449));
#1088 = B_SPLINE_CURVE_WITH_KNOTS('',1,(#1089,#1090),.UNSPECIFIED.,.F.,
  .F.,(2,2),(-1.513093181762,-0.654986872389),.PIECEWISE_BEZIER_KNOTS.);
#1089 = CARTESIAN_POINT('',(7.613549225093,15.65,4.975681259449));
#1090 = CARTESIAN_POINT('',(8.220322015429,15.65,5.582454049785));
#1091 = ORIENTED_EDGE('',*,*,#1092,.F.);
#1092 = EDGE_CURVE('',#1071,#1086,#1093,.T.);
#1093 = ( BOUNDED_CURVE() B_SPLINE_CURVE(2,(#1094,#1095,#1096),
.UNSPECIFIED.,.F.,.F.) B_SPLINE_CURVE_WITH_KNOTS((3,3),(0.986756084188,
2.154836569402),.PIECEWISE_BEZIER_KNOTS.) CURVE() 
GEOMETRIC_REPRESENTATION_ITEM() RATIONAL_B_SPLINE_CURVE((1.,
0.834241679265,1.)) REPRESENTATION_ITEM('') );
#1094 = CARTESIAN_POINT('',(6.786450774907,15.65,4.975681259449));
#1095 = CARTESIAN_POINT('',(7.2,15.65,5.249020054549));
#1096 = CARTESIAN_POINT('',(7.613549225093,15.65,4.975681259449));
#1097 = B_SPLINE_SURFACE_WITH_KNOTS('',1,1,(
    (#1098,#1099)
    ,(#1100,#1101
    )),.UNSPECIFIED.,.F.,.F.,.F.,(2,2),(2,2),(-1.020322015429,
    1.020322015429),(0.625681259449,1.6),.PIECEWISE_BEZIER_KNOTS.);
#1098 = CARTESIAN_POINT('',(8.220322015429,15.65,4.975681259449));
#1099 = CARTESIAN_POINT('',(8.220322015429,15.65,5.95));
#1100 = CARTESIAN_POINT('',(6.179677984571,15.65,4.975681259449));
#1101 = CARTESIAN_POINT('',(6.179677984571,15.65,5.95));
#1102 = ADVANCED_FACE('',(#1103),#1134,.T.);
#1103 = FACE_BOUND('',#1104,.T.);
#1104 = EDGE_LOOP('',(#1105,#1116,#1124,#1133));
#1105 = ORIENTED_EDGE('',*,*,#1106,.F.);
#1106 = EDGE_CURVE('',#1107,#1004,#1109,.T.);
#1107 = VERTEX_POINT('',#1108);
#1108 = CARTESIAN_POINT('',(8.575065307182,15.15,2.762802658462));
#1109 = B_SPLINE_CURVE_WITH_KNOTS('',3,(#1110,#1111,#1112,#1113,#1114,
    #1115),.UNSPECIFIED.,.F.,.F.,(4,2,4),(1.97165671932E-07,
    3.917772435257E-04,7.833573213795E-04),.UNSPECIFIED.);
#1110 = CARTESIAN_POINT('',(8.575065307182,15.15,2.762802658462));
#1111 = CARTESIAN_POINT('',(8.575065307182,15.282398548944,
    2.762802658462));
#1112 = CARTESIAN_POINT('',(8.536439997033,15.411844140656,
    2.801427968611));
#1113 = CARTESIAN_POINT('',(8.405349166971,15.596198199582,
    2.932518798673));
#1114 = CARTESIAN_POINT('',(8.312763548482,15.65,3.025104417162));
#1115 = CARTESIAN_POINT('',(8.220322015429,15.65,3.117545950215));
#1116 = ORIENTED_EDGE('',*,*,#1117,.F.);
#1117 = EDGE_CURVE('',#1118,#1107,#1120,.T.);
#1118 = VERTEX_POINT('',#1119);
#1119 = CARTESIAN_POINT('',(5.824934692818,15.15,2.762802658462));
#1120 = ( BOUNDED_CURVE() B_SPLINE_CURVE(2,(#1121,#1122,#1123),
.UNSPECIFIED.,.F.,.F.) B_SPLINE_CURVE_WITH_KNOTS((3,3),(0.856887613283,
2.284705040307),.PIECEWISE_BEZIER_KNOTS.) CURVE() 
GEOMETRIC_REPRESENTATION_ITEM() RATIONAL_B_SPLINE_CURVE((1.,
0.755808257875,1.)) REPRESENTATION_ITEM('') );
#1121 = CARTESIAN_POINT('',(5.824934692818,15.15,2.762802658462));
#1122 = CARTESIAN_POINT('',(7.2,15.15,1.571517523632));
#1123 = CARTESIAN_POINT('',(8.575065307182,15.15,2.762802658462));
#1124 = ORIENTED_EDGE('',*,*,#1125,.F.);
#1125 = EDGE_CURVE('',#1011,#1118,#1126,.T.);
#1126 = B_SPLINE_CURVE_WITH_KNOTS('',3,(#1127,#1128,#1129,#1130,#1131,
    #1132),.UNSPECIFIED.,.F.,.F.,(4,2,4),(7.843649201753E-04,
    1.175634019461E-03,1.566903118747E-03),.UNSPECIFIED.);
#1127 = CARTESIAN_POINT('',(6.179677984571,15.65,3.117545950215));
#1128 = CARTESIAN_POINT('',(6.087311339241,15.65,3.025179304885));
#1129 = CARTESIAN_POINT('',(5.995398639681,15.597238303722,
    2.933266605325));
#1130 = CARTESIAN_POINT('',(5.862843270092,15.410847733105,
    2.800711235736));
#1131 = CARTESIAN_POINT('',(5.824934692818,15.282298934456,
    2.762802658462));
#1132 = CARTESIAN_POINT('',(5.824934692818,15.15,2.762802658462));
#1133 = ORIENTED_EDGE('',*,*,#1010,.F.);
#1134 = ( BOUNDED_SURFACE() B_SPLINE_SURFACE(2,2,(
    (#1135,#1136,#1137)
    ,(#1138,#1139,#1140)
    ,(#1141,#1142,#1143
)),.UNSPECIFIED.,.F.,.F.,.F.) B_SPLINE_SURFACE_WITH_KNOTS((3,3),(3,3),(
    3.998480266873,5.426297693897),(0.,1.570796326795),
.PIECEWISE_BEZIER_KNOTS.) GEOMETRIC_REPRESENTATION_ITEM() 
RATIONAL_B_SPLINE_SURFACE((
    (1.,0.707106781187,1.)
    ,(0.755808257875,0.53443714442,0.755808257875)
,(1.,0.707106781187,1.))) REPRESENTATION_ITEM('') SURFACE() );
#1135 = CARTESIAN_POINT('',(8.575065307182,15.15,2.762802658462));
#1136 = CARTESIAN_POINT('',(8.575065307182,15.65,2.762802658462));
#1137 = CARTESIAN_POINT('',(8.247668805472,15.65,3.1407067874));
#1138 = CARTESIAN_POINT('',(7.2,15.15,1.571517523632));
#1139 = CARTESIAN_POINT('',(7.2,15.65,1.571517523632));
#1140 = CARTESIAN_POINT('',(7.2,15.65,2.233060970387));
#1141 = CARTESIAN_POINT('',(5.824934692818,15.15,2.762802658462));
#1142 = CARTESIAN_POINT('',(5.824934692818,15.65,2.762802658462));
#1143 = CARTESIAN_POINT('',(6.152331194528,15.65,3.1407067874));
#1144 = ADVANCED_FACE('',(#1145),#1159,.T.);
#1145 = FACE_BOUND('',#1146,.T.);
#1146 = EDGE_LOOP('',(#1147,#1148,#1149,#1158));
#1147 = ORIENTED_EDGE('',*,*,#965,.F.);
#1148 = ORIENTED_EDGE('',*,*,#851,.F.);
#1149 = ORIENTED_EDGE('',*,*,#1150,.F.);
#1150 = EDGE_CURVE('',#1039,#852,#1151,.T.);
#1151 = B_SPLINE_CURVE_WITH_KNOTS('',3,(#1152,#1153,#1154,#1155,#1156,
    #1157),.UNSPECIFIED.,.F.,.F.,(4,2,4),(7.843649201753E-04,
    1.175634019461E-03,1.566903118747E-03),.UNSPECIFIED.);
#1152 = CARTESIAN_POINT('',(5.967545950215,15.65,5.370322015429));
#1153 = CARTESIAN_POINT('',(5.875179304885,15.65,5.462688660759));
#1154 = CARTESIAN_POINT('',(5.783266605325,15.597238303722,
    5.554601360319));
#1155 = CARTESIAN_POINT('',(5.650711235736,15.410847733105,
    5.687156729908));
#1156 = CARTESIAN_POINT('',(5.612802658462,15.282298934456,
    5.725065307182));
#1157 = CARTESIAN_POINT('',(5.612802658462,15.15,5.725065307182));
#1158 = ORIENTED_EDGE('',*,*,#1038,.F.);
#1159 = ( BOUNDED_SURFACE() B_SPLINE_SURFACE(2,2,(
    (#1160,#1161,#1162)
    ,(#1163,#1164,#1165)
    ,(#1166,#1167,#1168
)),.UNSPECIFIED.,.F.,.F.,.F.) B_SPLINE_SURFACE_WITH_KNOTS((3,3),(3,3),(
    0.,0.713908713512),(0.,1.570796326795),.PIECEWISE_BEZIER_KNOTS.) 
GEOMETRIC_REPRESENTATION_ITEM() RATIONAL_B_SPLINE_SURFACE((
    (1.,0.707106781187,1.)
    ,(0.936965382999,0.662534576055,0.936965382999)
,(1.,0.707106781187,1.))) REPRESENTATION_ITEM('') SURFACE() );
#1160 = CARTESIAN_POINT('',(5.1,15.15,4.35));
#1161 = CARTESIAN_POINT('',(5.1,15.65,4.35));
#1162 = CARTESIAN_POINT('',(5.6,15.65,4.35));
#1163 = CARTESIAN_POINT('',(5.1,15.15,5.133152318036));
#1164 = CARTESIAN_POINT('',(5.1,15.65,5.133152318036));
#1165 = CARTESIAN_POINT('',(5.6,15.65,4.946687480408));
#1166 = CARTESIAN_POINT('',(5.612802658462,15.15,5.725065307182));
#1167 = CARTESIAN_POINT('',(5.612802658462,15.65,5.725065307182));
#1168 = CARTESIAN_POINT('',(5.9907067874,15.65,5.397668805472));
#1169 = ADVANCED_FACE('',(#1170),#1192,.T.);
#1170 = FACE_BOUND('',#1171,.T.);
#1171 = EDGE_LOOP('',(#1172,#1181,#1182,#1191));
#1172 = ORIENTED_EDGE('',*,*,#1173,.F.);
#1173 = EDGE_CURVE('',#916,#1069,#1174,.T.);
#1174 = B_SPLINE_CURVE_WITH_KNOTS('',3,(#1175,#1176,#1177,#1178,#1179,
    #1180),.UNSPECIFIED.,.F.,.F.,(4,2,4),(1.971656719321E-07,
    3.917772435257E-04,7.833573213795E-04),.UNSPECIFIED.);
#1175 = CARTESIAN_POINT('',(5.824934692818,15.15,5.937197341538));
#1176 = CARTESIAN_POINT('',(5.824934692818,15.282398548944,
    5.937197341538));
#1177 = CARTESIAN_POINT('',(5.863560002967,15.411844140656,
    5.898572031389));
#1178 = CARTESIAN_POINT('',(5.994650833029,15.596198199582,
    5.767481201327));
#1179 = CARTESIAN_POINT('',(6.087236451518,15.65,5.674895582838));
#1180 = CARTESIAN_POINT('',(6.179677984571,15.65,5.582454049785));
#1181 = ORIENTED_EDGE('',*,*,#915,.F.);
#1182 = ORIENTED_EDGE('',*,*,#1183,.F.);
#1183 = EDGE_CURVE('',#1078,#909,#1184,.T.);
#1184 = B_SPLINE_CURVE_WITH_KNOTS('',3,(#1185,#1186,#1187,#1188,#1189,
    #1190),.UNSPECIFIED.,.F.,.F.,(4,2,4),(7.843649201753E-04,
    1.175634019461E-03,1.566903118747E-03),.UNSPECIFIED.);
#1185 = CARTESIAN_POINT('',(8.220322015429,15.65,5.582454049785));
#1186 = CARTESIAN_POINT('',(8.312688660759,15.65,5.674820695115));
#1187 = CARTESIAN_POINT('',(8.404601360319,15.597238303722,
    5.766733394675));
#1188 = CARTESIAN_POINT('',(8.537156729908,15.410847733105,
    5.899288764264));
#1189 = CARTESIAN_POINT('',(8.575065307182,15.282298934456,
    5.937197341538));
#1190 = CARTESIAN_POINT('',(8.575065307182,15.15,5.937197341538));
#1191 = ORIENTED_EDGE('',*,*,#1077,.F.);
#1192 = ( BOUNDED_SURFACE() B_SPLINE_SURFACE(2,2,(
    (#1193,#1194,#1195)
    ,(#1196,#1197,#1198)
    ,(#1199,#1200,#1201
)),.UNSPECIFIED.,.F.,.F.,.F.) B_SPLINE_SURFACE_WITH_KNOTS((3,3),(3,3),(
    0.856887613283,2.284705040307),(0.,1.570796326795),
.PIECEWISE_BEZIER_KNOTS.) GEOMETRIC_REPRESENTATION_ITEM() 
RATIONAL_B_SPLINE_SURFACE((
    (1.,0.707106781187,1.)
    ,(0.755808257875,0.53443714442,0.755808257875)
,(1.,0.707106781187,1.))) REPRESENTATION_ITEM('') SURFACE() );
#1193 = CARTESIAN_POINT('',(5.824934692818,15.15,5.937197341538));
#1194 = CARTESIAN_POINT('',(5.824934692818,15.65,5.937197341538));
#1195 = CARTESIAN_POINT('',(6.152331194528,15.65,5.5592932126));
#1196 = CARTESIAN_POINT('',(7.2,15.15,7.128482476368));
#1197 = CARTESIAN_POINT('',(7.2,15.65,7.128482476368));
#1198 = CARTESIAN_POINT('',(7.2,15.65,6.466939029613));
#1199 = CARTESIAN_POINT('',(8.575065307182,15.15,5.937197341538));
#1200 = CARTESIAN_POINT('',(8.575065307182,15.65,5.937197341538));
#1201 = CARTESIAN_POINT('',(8.247668805472,15.65,5.5592932126));
#1202 = ADVANCED_FACE('',(#1203),#1234,.T.);
#1203 = FACE_BOUND('',#1204,.T.);
#1204 = EDGE_LOOP('',(#1205,#1212,#1213,#1221,#1228));
#1205 = ORIENTED_EDGE('',*,*,#1206,.F.);
#1206 = EDGE_CURVE('',#793,#1207,#1209,.T.);
#1207 = VERTEX_POINT('',#1208);
#1208 = CARTESIAN_POINT('',(8.432454049785,15.65,3.329677984571));
#1209 = B_SPLINE_CURVE_WITH_KNOTS('',1,(#1210,#1211),.UNSPECIFIED.,.F.,
  .F.,(2,2),(-1.513093181762,-0.654986872389),.PIECEWISE_BEZIER_KNOTS.);
#1210 = CARTESIAN_POINT('',(7.825681259449,15.65,3.936450774907));
#1211 = CARTESIAN_POINT('',(8.432454049785,15.65,3.329677984571));
#1212 = ORIENTED_EDGE('',*,*,#799,.F.);
#1213 = ORIENTED_EDGE('',*,*,#1214,.F.);
#1214 = EDGE_CURVE('',#1215,#800,#1217,.T.);
#1215 = VERTEX_POINT('',#1216);
#1216 = CARTESIAN_POINT('',(7.825681259449,15.65,4.763549225093));
#1217 = ( BOUNDED_CURVE() B_SPLINE_CURVE(2,(#1218,#1219,#1220),
.UNSPECIFIED.,.F.,.F.) B_SPLINE_CURVE_WITH_KNOTS((3,3),(2.557552410983,
3.14159265359),.PIECEWISE_BEZIER_KNOTS.) CURVE() 
GEOMETRIC_REPRESENTATION_ITEM() RATIONAL_B_SPLINE_CURVE((1.,
0.957664262481,1.)) REPRESENTATION_ITEM('') );
#1218 = CARTESIAN_POINT('',(7.825681259449,15.65,4.763549225093));
#1219 = CARTESIAN_POINT('',(7.95,15.65,4.575460597569));
#1220 = CARTESIAN_POINT('',(7.95,15.65,4.35));
#1221 = ORIENTED_EDGE('',*,*,#1222,.F.);
#1222 = EDGE_CURVE('',#1223,#1215,#1225,.T.);
#1223 = VERTEX_POINT('',#1224);
#1224 = CARTESIAN_POINT('',(8.432454049785,15.65,5.370322015429));
#1225 = B_SPLINE_CURVE_WITH_KNOTS('',1,(#1226,#1227),.UNSPECIFIED.,.F.,
  .F.,(2,2),(0.654986872389,1.513093181762),.PIECEWISE_BEZIER_KNOTS.);
#1226 = CARTESIAN_POINT('',(8.432454049785,15.65,5.370322015429));
#1227 = CARTESIAN_POINT('',(7.825681259449,15.65,4.763549225093));
#1228 = ORIENTED_EDGE('',*,*,#1229,.T.);
#1229 = EDGE_CURVE('',#1223,#1207,#1230,.T.);
#1230 = ( BOUNDED_CURVE() B_SPLINE_CURVE(2,(#1231,#1232,#1233),
.UNSPECIFIED.,.F.,.F.) B_SPLINE_CURVE_WITH_KNOTS((3,3),(2.4500823653,
3.83310294188),.PIECEWISE_BEZIER_KNOTS.) CURVE() 
GEOMETRIC_REPRESENTATION_ITEM() RATIONAL_B_SPLINE_CURVE((1.,
0.770283781116,1.)) REPRESENTATION_ITEM('') );
#1231 = CARTESIAN_POINT('',(8.432454049785,15.65,5.370322015429));
#1232 = CARTESIAN_POINT('',(9.277156548309,15.65,4.35));
#1233 = CARTESIAN_POINT('',(8.432454049785,15.65,3.329677984571));
#1234 = B_SPLINE_SURFACE_WITH_KNOTS('',1,1,(
    (#1235,#1236)
    ,(#1237,#1238
    )),.UNSPECIFIED.,.F.,.F.,.F.,(2,2),(2,2),(-1.6,-0.625681259449),(
    -1.020322015429,1.020322015429),.PIECEWISE_BEZIER_KNOTS.);
#1235 = CARTESIAN_POINT('',(8.8,15.65,3.329677984571));
#1236 = CARTESIAN_POINT('',(8.8,15.65,5.370322015429));
#1237 = CARTESIAN_POINT('',(7.825681259449,15.65,3.329677984571));
#1238 = CARTESIAN_POINT('',(7.825681259449,15.65,5.370322015429));
#1239 = ADVANCED_FACE('',(#1240,#1251),#1262,.F.);
#1240 = FACE_BOUND('',#1241,.T.);
#1241 = EDGE_LOOP('',(#1242,#1250));
#1242 = ORIENTED_EDGE('',*,*,#1243,.F.);
#1243 = EDGE_CURVE('',#869,#862,#1244,.T.);
#1244 = ( BOUNDED_CURVE() B_SPLINE_CURVE(2,(#1245,#1246,#1247,#1248,
#1249),.UNSPECIFIED.,.F.,.F.) B_SPLINE_CURVE_WITH_KNOTS((3,2,3),(
    3.14159265359,4.712388980385,6.28318530718),
.PIECEWISE_BEZIER_KNOTS.) CURVE() GEOMETRIC_REPRESENTATION_ITEM() 
RATIONAL_B_SPLINE_CURVE((1.,0.707106781187,1.,0.707106781187,1.)) 
REPRESENTATION_ITEM('') );
#1245 = CARTESIAN_POINT('',(9.3,7.65,4.35));
#1246 = CARTESIAN_POINT('',(9.3,7.65,2.25));
#1247 = CARTESIAN_POINT('',(7.2,7.65,2.25));
#1248 = CARTESIAN_POINT('',(5.1,7.65,2.25));
#1249 = CARTESIAN_POINT('',(5.1,7.65,4.35));
#1250 = ORIENTED_EDGE('',*,*,#868,.F.);
#1251 = FACE_BOUND('',#1252,.T.);
#1252 = EDGE_LOOP('',(#1253,#1254));
#1253 = ORIENTED_EDGE('',*,*,#814,.T.);
#1254 = ORIENTED_EDGE('',*,*,#1255,.T.);
#1255 = EDGE_CURVE('',#815,#808,#1256,.T.);
#1256 = ( BOUNDED_CURVE() B_SPLINE_CURVE(2,(#1257,#1258,#1259,#1260,
#1261),.UNSPECIFIED.,.F.,.F.) B_SPLINE_CURVE_WITH_KNOTS((3,2,3),(0.,
1.570796326795,3.14159265359),.PIECEWISE_BEZIER_KNOTS.) CURVE() 
GEOMETRIC_REPRESENTATION_ITEM() RATIONAL_B_SPLINE_CURVE((1.,
0.707106781187,1.,0.707106781187,1.)) REPRESENTATION_ITEM('') );
#1257 = CARTESIAN_POINT('',(6.45,7.65,4.35));
#1258 = CARTESIAN_POINT('',(6.45,7.65,5.1));
#1259 = CARTESIAN_POINT('',(7.2,7.65,5.1));
#1260 = CARTESIAN_POINT('',(7.95,7.65,5.1));
#1261 = CARTESIAN_POINT('',(7.95,7.65,4.35));
#1262 = B_SPLINE_SURFACE_WITH_KNOTS('',1,1,(
    (#1263,#1264)
    ,(#1265,#1266
    )),.UNSPECIFIED.,.F.,.F.,.F.,(2,2),(2,2),(-2.1,2.1),(-2.1,2.1),
  .PIECEWISE_BEZIER_KNOTS.);
#1263 = CARTESIAN_POINT('',(9.3,7.65,2.25));
#1264 = CARTESIAN_POINT('',(9.3,7.65,6.45));
#1265 = CARTESIAN_POINT('',(5.1,7.65,2.25));
#1266 = CARTESIAN_POINT('',(5.1,7.65,6.45));
#1267 = ADVANCED_FACE('',(#1268),#1323,.T.);
#1268 = FACE_BOUND('',#1269,.T.);
#1269 = EDGE_LOOP('',(#1270,#1271,#1272,#1279,#1287,#1292,#1293,#1300,
    #1308,#1315,#1321,#1322));
#1270 = ORIENTED_EDGE('',*,*,#861,.F.);
#1271 = ORIENTED_EDGE('',*,*,#957,.T.);
#1272 = ORIENTED_EDGE('',*,*,#1273,.T.);
#1273 = EDGE_CURVE('',#958,#1274,#1276,.T.);
#1274 = VERTEX_POINT('',#1275);
#1275 = CARTESIAN_POINT('',(5.612802658462,7.85,2.974934692818));
#1276 = B_SPLINE_CURVE_WITH_KNOTS('',1,(#1277,#1278),.UNSPECIFIED.,.F.,
  .F.,(2,2),(0.5,7.8),.PIECEWISE_BEZIER_KNOTS.);
#1277 = CARTESIAN_POINT('',(5.612802658462,15.15,2.974934692818));
#1278 = CARTESIAN_POINT('',(5.612802658462,7.85,2.974934692818));
#1279 = ORIENTED_EDGE('',*,*,#1280,.F.);
#1280 = EDGE_CURVE('',#1281,#1274,#1283,.T.);
#1281 = VERTEX_POINT('',#1282);
#1282 = CARTESIAN_POINT('',(5.824934692818,7.85,2.762802658462));
#1283 = ( BOUNDED_CURVE() B_SPLINE_CURVE(2,(#1284,#1285,#1286),
.UNSPECIFIED.,.F.,.F.) B_SPLINE_CURVE_WITH_KNOTS((3,3),(5.426297693897,
5.569276593668),.PIECEWISE_BEZIER_KNOTS.) CURVE() 
GEOMETRIC_REPRESENTATION_ITEM() RATIONAL_B_SPLINE_CURVE((1.,
0.997445717412,1.)) REPRESENTATION_ITEM('') );
#1284 = CARTESIAN_POINT('',(5.824934692818,7.85,2.762802658462));
#1285 = CARTESIAN_POINT('',(5.711273130387,7.85,2.861273130387));
#1286 = CARTESIAN_POINT('',(5.612802658462,7.85,2.974934692818));
#1287 = ORIENTED_EDGE('',*,*,#1288,.T.);
#1288 = EDGE_CURVE('',#1281,#1118,#1289,.T.);
#1289 = B_SPLINE_CURVE_WITH_KNOTS('',1,(#1290,#1291),.UNSPECIFIED.,.F.,
  .F.,(2,2),(-7.8,-0.5),.PIECEWISE_BEZIER_KNOTS.);
#1290 = CARTESIAN_POINT('',(5.824934692818,7.85,2.762802658462));
#1291 = CARTESIAN_POINT('',(5.824934692818,15.15,2.762802658462));
#1292 = ORIENTED_EDGE('',*,*,#1117,.T.);
#1293 = ORIENTED_EDGE('',*,*,#1294,.T.);
#1294 = EDGE_CURVE('',#1107,#1295,#1297,.T.);
#1295 = VERTEX_POINT('',#1296);
#1296 = CARTESIAN_POINT('',(8.575065307182,7.85,2.762802658462));
#1297 = B_SPLINE_CURVE_WITH_KNOTS('',1,(#1298,#1299),.UNSPECIFIED.,.F.,
  .F.,(2,2),(0.5,7.8),.PIECEWISE_BEZIER_KNOTS.);
#1298 = CARTESIAN_POINT('',(8.575065307182,15.15,2.762802658462));
#1299 = CARTESIAN_POINT('',(8.575065307182,7.85,2.762802658462));
#1300 = ORIENTED_EDGE('',*,*,#1301,.F.);
#1301 = EDGE_CURVE('',#1302,#1295,#1304,.T.);
#1302 = VERTEX_POINT('',#1303);
#1303 = CARTESIAN_POINT('',(8.787197341538,7.85,2.974934692818));
#1304 = ( BOUNDED_CURVE() B_SPLINE_CURVE(2,(#1305,#1306,#1307),
.UNSPECIFIED.,.F.,.F.) B_SPLINE_CURVE_WITH_KNOTS((3,3),(3.855501367102,
3.998480266873),.PIECEWISE_BEZIER_KNOTS.) CURVE() 
GEOMETRIC_REPRESENTATION_ITEM() RATIONAL_B_SPLINE_CURVE((1.,
0.997445717412,1.)) REPRESENTATION_ITEM('') );
#1305 = CARTESIAN_POINT('',(8.787197341538,7.85,2.974934692818));
#1306 = CARTESIAN_POINT('',(8.688726869613,7.85,2.861273130387));
#1307 = CARTESIAN_POINT('',(8.575065307182,7.85,2.762802658462));
#1308 = ORIENTED_EDGE('',*,*,#1309,.T.);
#1309 = EDGE_CURVE('',#1302,#1310,#1312,.T.);
#1310 = VERTEX_POINT('',#1311);
#1311 = CARTESIAN_POINT('',(8.787197341538,15.15,2.974934692818));
#1312 = B_SPLINE_CURVE_WITH_KNOTS('',1,(#1313,#1314),.UNSPECIFIED.,.F.,
  .F.,(2,2),(-7.8,-0.5),.PIECEWISE_BEZIER_KNOTS.);
#1313 = CARTESIAN_POINT('',(8.787197341538,7.85,2.974934692818));
#1314 = CARTESIAN_POINT('',(8.787197341538,15.15,2.974934692818));
#1315 = ORIENTED_EDGE('',*,*,#1316,.T.);
#1316 = EDGE_CURVE('',#1310,#879,#1317,.T.);
#1317 = ( BOUNDED_CURVE() B_SPLINE_CURVE(2,(#1318,#1319,#1320),
.UNSPECIFIED.,.F.,.F.) B_SPLINE_CURVE_WITH_KNOTS((3,3),(2.427683940078,
3.14159265359),.PIECEWISE_BEZIER_KNOTS.) CURVE() 
GEOMETRIC_REPRESENTATION_ITEM() RATIONAL_B_SPLINE_CURVE((1.,
0.936965382999,1.)) REPRESENTATION_ITEM('') );
#1318 = CARTESIAN_POINT('',(8.787197341538,15.15,2.974934692818));
#1319 = CARTESIAN_POINT('',(9.3,15.15,3.566847681964));
#1320 = CARTESIAN_POINT('',(9.3,15.15,4.35));
#1321 = ORIENTED_EDGE('',*,*,#878,.T.);
#1322 = ORIENTED_EDGE('',*,*,#1243,.T.);
#1323 = ( BOUNDED_SURFACE() B_SPLINE_SURFACE(2,1,(
    (#1324,#1325)
    ,(#1326,#1327)
    ,(#1328,#1329)
    ,(#1330,#1331)
    ,(#1332,#1333
)),.UNSPECIFIED.,.F.,.F.,.F.) B_SPLINE_SURFACE_WITH_KNOTS((3,2,3),(2,2),
  (3.14159265359,4.712388980385,6.28318530718),(0.5,8.),
.PIECEWISE_BEZIER_KNOTS.) GEOMETRIC_REPRESENTATION_ITEM() 
RATIONAL_B_SPLINE_SURFACE((
    (1.,1.)
    ,(0.707106781187,0.707106781187)
    ,(1.,1.)
    ,(0.707106781187,0.707106781187)
,(1.,1.))) REPRESENTATION_ITEM('') SURFACE() );
#1324 = CARTESIAN_POINT('',(5.1,15.15,4.35));
#1325 = CARTESIAN_POINT('',(5.1,7.65,4.35));
#1326 = CARTESIAN_POINT('',(5.1,15.15,2.25));
#1327 = CARTESIAN_POINT('',(5.1,7.65,2.25));
#1328 = CARTESIAN_POINT('',(7.2,15.15,2.25));
#1329 = CARTESIAN_POINT('',(7.2,7.65,2.25));
#1330 = CARTESIAN_POINT('',(9.3,15.15,2.25));
#1331 = CARTESIAN_POINT('',(9.3,7.65,2.25));
#1332 = CARTESIAN_POINT('',(9.3,15.15,4.35));
#1333 = CARTESIAN_POINT('',(9.3,7.65,4.35));
#1334 = ADVANCED_FACE('',(#1335),#1383,.F.);
#1335 = FACE_BOUND('',#1336,.F.);
#1336 = EDGE_LOOP('',(#1337,#1338,#1339,#1340,#1347,#1355,#1360,#1361,
    #1368,#1376,#1381,#1382));
#1337 = ORIENTED_EDGE('',*,*,#1255,.T.);
#1338 = ORIENTED_EDGE('',*,*,#807,.F.);
#1339 = ORIENTED_EDGE('',*,*,#1214,.F.);
#1340 = ORIENTED_EDGE('',*,*,#1341,.F.);
#1341 = EDGE_CURVE('',#1342,#1215,#1344,.T.);
#1342 = VERTEX_POINT('',#1343);
#1343 = CARTESIAN_POINT('',(7.825681259449,7.85,4.763549225093));
#1344 = B_SPLINE_CURVE_WITH_KNOTS('',1,(#1345,#1346),.UNSPECIFIED.,.F.,
  .F.,(2,2),(0.,7.8),.PIECEWISE_BEZIER_KNOTS.);
#1345 = CARTESIAN_POINT('',(7.825681259449,7.85,4.763549225093));
#1346 = CARTESIAN_POINT('',(7.825681259449,15.65,4.763549225093));
#1347 = ORIENTED_EDGE('',*,*,#1348,.T.);
#1348 = EDGE_CURVE('',#1342,#1349,#1351,.T.);
#1349 = VERTEX_POINT('',#1350);
#1350 = CARTESIAN_POINT('',(7.613549225093,7.85,4.975681259449));
#1351 = ( BOUNDED_CURVE() B_SPLINE_CURVE(2,(#1352,#1353,#1354),
.UNSPECIFIED.,.F.,.F.) B_SPLINE_CURVE_WITH_KNOTS((3,3),(3.725632896197,
4.128348737778),.PIECEWISE_BEZIER_KNOTS.) CURVE() 
GEOMETRIC_REPRESENTATION_ITEM() RATIONAL_B_SPLINE_CURVE((1.,
0.979795897113,1.)) REPRESENTATION_ITEM('') );
#1352 = CARTESIAN_POINT('',(7.825681259449,7.85,4.763549225093));
#1353 = CARTESIAN_POINT('',(7.741265877365,7.85,4.891265877365));
#1354 = CARTESIAN_POINT('',(7.613549225093,7.85,4.975681259449));
#1355 = ORIENTED_EDGE('',*,*,#1356,.T.);
#1356 = EDGE_CURVE('',#1349,#1086,#1357,.T.);
#1357 = B_SPLINE_CURVE_WITH_KNOTS('',1,(#1358,#1359),.UNSPECIFIED.,.F.,
  .F.,(2,2),(0.,7.8),.PIECEWISE_BEZIER_KNOTS.);
#1358 = CARTESIAN_POINT('',(7.613549225093,7.85,4.975681259449));
#1359 = CARTESIAN_POINT('',(7.613549225093,15.65,4.975681259449));
#1360 = ORIENTED_EDGE('',*,*,#1092,.F.);
#1361 = ORIENTED_EDGE('',*,*,#1362,.F.);
#1362 = EDGE_CURVE('',#1363,#1071,#1365,.T.);
#1363 = VERTEX_POINT('',#1364);
#1364 = CARTESIAN_POINT('',(6.786450774907,7.85,4.975681259449));
#1365 = B_SPLINE_CURVE_WITH_KNOTS('',1,(#1366,#1367),.UNSPECIFIED.,.F.,
  .F.,(2,2),(0.,7.8),.PIECEWISE_BEZIER_KNOTS.);
#1366 = CARTESIAN_POINT('',(6.786450774907,7.85,4.975681259449));
#1367 = CARTESIAN_POINT('',(6.786450774907,15.65,4.975681259449));
#1368 = ORIENTED_EDGE('',*,*,#1369,.T.);
#1369 = EDGE_CURVE('',#1363,#1370,#1372,.T.);
#1370 = VERTEX_POINT('',#1371);
#1371 = CARTESIAN_POINT('',(6.574318740551,7.85,4.763549225093));
#1372 = ( BOUNDED_CURVE() B_SPLINE_CURVE(2,(#1373,#1374,#1375),
.UNSPECIFIED.,.F.,.F.) B_SPLINE_CURVE_WITH_KNOTS((3,3),(5.296429222992,
5.699145064572),.PIECEWISE_BEZIER_KNOTS.) CURVE() 
GEOMETRIC_REPRESENTATION_ITEM() RATIONAL_B_SPLINE_CURVE((1.,
0.979795897113,1.)) REPRESENTATION_ITEM('') );
#1373 = CARTESIAN_POINT('',(6.786450774907,7.85,4.975681259449));
#1374 = CARTESIAN_POINT('',(6.658734122635,7.85,4.891265877365));
#1375 = CARTESIAN_POINT('',(6.574318740551,7.85,4.763549225093));
#1376 = ORIENTED_EDGE('',*,*,#1377,.T.);
#1377 = EDGE_CURVE('',#1370,#1047,#1378,.T.);
#1378 = B_SPLINE_CURVE_WITH_KNOTS('',1,(#1379,#1380),.UNSPECIFIED.,.F.,
  .F.,(2,2),(0.,7.8),.PIECEWISE_BEZIER_KNOTS.);
#1379 = CARTESIAN_POINT('',(6.574318740551,7.85,4.763549225093));
#1380 = CARTESIAN_POINT('',(6.574318740551,15.65,4.763549225093));
#1381 = ORIENTED_EDGE('',*,*,#1053,.F.);
#1382 = ORIENTED_EDGE('',*,*,#824,.T.);
#1383 = ( BOUNDED_SURFACE() B_SPLINE_SURFACE(2,1,(
    (#1384,#1385)
    ,(#1386,#1387)
    ,(#1388,#1389)
    ,(#1390,#1391)
    ,(#1392,#1393
)),.UNSPECIFIED.,.F.,.F.,.F.) B_SPLINE_SURFACE_WITH_KNOTS((3,2,3),(2,2),
  (0.,1.570796326795,3.14159265359),(0.,8.),.PIECEWISE_BEZIER_KNOTS.) 
GEOMETRIC_REPRESENTATION_ITEM() RATIONAL_B_SPLINE_SURFACE((
    (1.,1.)
    ,(0.707106781187,0.707106781187)
    ,(1.,1.)
    ,(0.707106781187,0.707106781187)
,(1.,1.))) REPRESENTATION_ITEM('') SURFACE() );
#1384 = CARTESIAN_POINT('',(7.95,15.65,4.35));
#1385 = CARTESIAN_POINT('',(7.95,7.65,4.35));
#1386 = CARTESIAN_POINT('',(7.95,15.65,5.1));
#1387 = CARTESIAN_POINT('',(7.95,7.65,5.1));
#1388 = CARTESIAN_POINT('',(7.2,15.65,5.1));
#1389 = CARTESIAN_POINT('',(7.2,7.65,5.1));
#1390 = CARTESIAN_POINT('',(6.45,15.65,5.1));
#1391 = CARTESIAN_POINT('',(6.45,7.65,5.1));
#1392 = CARTESIAN_POINT('',(6.45,15.65,4.35));
#1393 = CARTESIAN_POINT('',(6.45,7.65,4.35));
#1394 = ADVANCED_FACE('',(#1395),#1418,.T.);
#1395 = FACE_BOUND('',#1396,.T.);
#1396 = EDGE_LOOP('',(#1397,#1406,#1407,#1416,#1417));
#1397 = ORIENTED_EDGE('',*,*,#1398,.F.);
#1398 = EDGE_CURVE('',#1207,#1310,#1399,.T.);
#1399 = B_SPLINE_CURVE_WITH_KNOTS('',3,(#1400,#1401,#1402,#1403,#1404,
    #1405),.UNSPECIFIED.,.F.,.F.,(4,2,4),(7.843649201753E-04,
    1.175634019461E-03,1.566903118747E-03),.UNSPECIFIED.);
#1400 = CARTESIAN_POINT('',(8.432454049785,15.65,3.329677984571));
#1401 = CARTESIAN_POINT('',(8.524820695115,15.65,3.237311339241));
#1402 = CARTESIAN_POINT('',(8.616733394675,15.597238303722,
    3.145398639681));
#1403 = CARTESIAN_POINT('',(8.749288764264,15.410847733105,
    3.012843270092));
#1404 = CARTESIAN_POINT('',(8.787197341538,15.282298934456,
    2.974934692818));
#1405 = CARTESIAN_POINT('',(8.787197341538,15.15,2.974934692818));
#1406 = ORIENTED_EDGE('',*,*,#1229,.F.);
#1407 = ORIENTED_EDGE('',*,*,#1408,.F.);
#1408 = EDGE_CURVE('',#886,#1223,#1409,.T.);
#1409 = B_SPLINE_CURVE_WITH_KNOTS('',3,(#1410,#1411,#1412,#1413,#1414,
    #1415),.UNSPECIFIED.,.F.,.F.,(4,2,4),(1.97165671932E-07,
    3.917772435257E-04,7.833573213795E-04),.UNSPECIFIED.);
#1410 = CARTESIAN_POINT('',(8.787197341538,15.15,5.725065307182));
#1411 = CARTESIAN_POINT('',(8.787197341538,15.282398548944,
    5.725065307182));
#1412 = CARTESIAN_POINT('',(8.748572031389,15.411844140656,
    5.686439997033));
#1413 = CARTESIAN_POINT('',(8.617481201327,15.596198199582,
    5.555349166971));
#1414 = CARTESIAN_POINT('',(8.524895582838,15.65,5.462763548482));
#1415 = CARTESIAN_POINT('',(8.432454049785,15.65,5.370322015429));
#1416 = ORIENTED_EDGE('',*,*,#885,.F.);
#1417 = ORIENTED_EDGE('',*,*,#1316,.F.);
#1418 = ( BOUNDED_SURFACE() B_SPLINE_SURFACE(2,2,(
    (#1419,#1420,#1421)
    ,(#1422,#1423,#1424)
    ,(#1425,#1426,#1427
)),.UNSPECIFIED.,.F.,.F.,.F.) B_SPLINE_SURFACE_WITH_KNOTS((3,3),(3,3),(
    2.427683940078,3.855501367102),(0.,1.570796326795),
.PIECEWISE_BEZIER_KNOTS.) GEOMETRIC_REPRESENTATION_ITEM() 
RATIONAL_B_SPLINE_SURFACE((
    (1.,0.707106781187,1.)
    ,(0.755808257875,0.53443714442,0.755808257875)
,(1.,0.707106781187,1.))) REPRESENTATION_ITEM('') SURFACE() );
#1419 = CARTESIAN_POINT('',(8.787197341538,15.15,5.725065307182));
#1420 = CARTESIAN_POINT('',(8.787197341538,15.65,5.725065307182));
#1421 = CARTESIAN_POINT('',(8.4092932126,15.65,5.397668805472));
#1422 = CARTESIAN_POINT('',(9.978482476368,15.15,4.35));
#1423 = CARTESIAN_POINT('',(9.978482476368,15.65,4.35));
#1424 = CARTESIAN_POINT('',(9.316939029613,15.65,4.35));
#1425 = CARTESIAN_POINT('',(8.787197341538,15.15,2.974934692818));
#1426 = CARTESIAN_POINT('',(8.787197341538,15.65,2.974934692818));
#1427 = CARTESIAN_POINT('',(8.4092932126,15.65,3.302331194528));
#1428 = ADVANCED_FACE('',(#1429),#1443,.T.);
#1429 = FACE_BOUND('',#1430,.T.);
#1430 = EDGE_LOOP('',(#1431,#1432,#1437,#1438));
#1431 = ORIENTED_EDGE('',*,*,#900,.T.);
#1432 = ORIENTED_EDGE('',*,*,#1433,.T.);
#1433 = EDGE_CURVE('',#894,#1342,#1434,.T.);
#1434 = B_SPLINE_CURVE_WITH_KNOTS('',1,(#1435,#1436),.UNSPECIFIED.,.F.,
  .F.,(2,2),(0.153304098031,1.513093181762),.PIECEWISE_BEZIER_KNOTS.);
#1435 = CARTESIAN_POINT('',(8.787197341538,7.85,5.725065307182));
#1436 = CARTESIAN_POINT('',(7.825681259449,7.85,4.763549225093));
#1437 = ORIENTED_EDGE('',*,*,#1348,.T.);
#1438 = ORIENTED_EDGE('',*,*,#1439,.T.);
#1439 = EDGE_CURVE('',#1349,#901,#1440,.T.);
#1440 = B_SPLINE_CURVE_WITH_KNOTS('',1,(#1441,#1442),.UNSPECIFIED.,.F.,
  .F.,(2,2),(-1.513093181762,-0.153304098031),.PIECEWISE_BEZIER_KNOTS.);
#1441 = CARTESIAN_POINT('',(7.613549225093,7.85,4.975681259449));
#1442 = CARTESIAN_POINT('',(8.575065307182,7.85,5.937197341538));
#1443 = B_SPLINE_SURFACE_WITH_KNOTS('',1,1,(
    (#1444,#1445)
    ,(#1446,#1447
    )),.UNSPECIFIED.,.F.,.F.,.F.,(2,2),(2,2),(-1.587197341538,
    -0.413549225093),(0.413549225093,1.587197341538),
  .PIECEWISE_BEZIER_KNOTS.);
#1444 = CARTESIAN_POINT('',(8.787197341538,7.85,4.763549225093));
#1445 = CARTESIAN_POINT('',(8.787197341538,7.85,5.937197341538));
#1446 = CARTESIAN_POINT('',(7.613549225093,7.85,4.763549225093));
#1447 = CARTESIAN_POINT('',(7.613549225093,7.85,5.937197341538));
#1448 = ADVANCED_FACE('',(#1449),#1456,.F.);
#1449 = FACE_BOUND('',#1450,.T.);
#1450 = EDGE_LOOP('',(#1451,#1452,#1453,#1454,#1455));
#1451 = ORIENTED_EDGE('',*,*,#1408,.T.);
#1452 = ORIENTED_EDGE('',*,*,#1222,.T.);
#1453 = ORIENTED_EDGE('',*,*,#1341,.F.);
#1454 = ORIENTED_EDGE('',*,*,#1433,.F.);
#1455 = ORIENTED_EDGE('',*,*,#893,.F.);
#1456 = B_SPLINE_SURFACE_WITH_KNOTS('',1,1,(
    (#1457,#1458)
    ,(#1459,#1460
    )),.UNSPECIFIED.,.F.,.F.,.F.,(2,2),(2,2),(0.153304098031,
    1.513093181762),(0.,7.8),.PIECEWISE_BEZIER_KNOTS.);
#1457 = CARTESIAN_POINT('',(8.787197341538,7.85,5.725065307182));
#1458 = CARTESIAN_POINT('',(8.787197341538,15.65,5.725065307182));
#1459 = CARTESIAN_POINT('',(7.825681259449,7.85,4.763549225093));
#1460 = CARTESIAN_POINT('',(7.825681259449,15.65,4.763549225093));
#1461 = ADVANCED_FACE('',(#1462),#1469,.F.);
#1462 = FACE_BOUND('',#1463,.T.);
#1463 = EDGE_LOOP('',(#1464,#1465,#1466,#1467,#1468));
#1464 = ORIENTED_EDGE('',*,*,#1439,.F.);
#1465 = ORIENTED_EDGE('',*,*,#1356,.T.);
#1466 = ORIENTED_EDGE('',*,*,#1085,.T.);
#1467 = ORIENTED_EDGE('',*,*,#1183,.T.);
#1468 = ORIENTED_EDGE('',*,*,#908,.F.);
#1469 = B_SPLINE_SURFACE_WITH_KNOTS('',1,1,(
    (#1470,#1471)
    ,(#1472,#1473
    )),.UNSPECIFIED.,.F.,.F.,.F.,(2,2),(2,2),(-1.513093181762,
    -0.153304098031),(0.,7.8),.PIECEWISE_BEZIER_KNOTS.);
#1470 = CARTESIAN_POINT('',(7.613549225093,7.85,4.975681259449));
#1471 = CARTESIAN_POINT('',(7.613549225093,15.65,4.975681259449));
#1472 = CARTESIAN_POINT('',(8.575065307182,7.85,5.937197341538));
#1473 = CARTESIAN_POINT('',(8.575065307182,15.65,5.937197341538));
#1474 = ADVANCED_FACE('',(#1475),#1489,.T.);
#1475 = FACE_BOUND('',#1476,.T.);
#1476 = EDGE_LOOP('',(#1477,#1478,#1483,#1484));
#1477 = ORIENTED_EDGE('',*,*,#930,.T.);
#1478 = ORIENTED_EDGE('',*,*,#1479,.T.);
#1479 = EDGE_CURVE('',#924,#1363,#1480,.T.);
#1480 = B_SPLINE_CURVE_WITH_KNOTS('',1,(#1481,#1482),.UNSPECIFIED.,.F.,
  .F.,(2,2),(0.153304098031,1.513093181762),.PIECEWISE_BEZIER_KNOTS.);
#1481 = CARTESIAN_POINT('',(5.824934692818,7.85,5.937197341538));
#1482 = CARTESIAN_POINT('',(6.786450774907,7.85,4.975681259449));
#1483 = ORIENTED_EDGE('',*,*,#1369,.T.);
#1484 = ORIENTED_EDGE('',*,*,#1485,.T.);
#1485 = EDGE_CURVE('',#1370,#931,#1486,.T.);
#1486 = B_SPLINE_CURVE_WITH_KNOTS('',1,(#1487,#1488),.UNSPECIFIED.,.F.,
  .F.,(2,2),(-1.513093181762,-0.153304098031),.PIECEWISE_BEZIER_KNOTS.);
#1487 = CARTESIAN_POINT('',(6.574318740551,7.85,4.763549225093));
#1488 = CARTESIAN_POINT('',(5.612802658462,7.85,5.725065307182));
#1489 = B_SPLINE_SURFACE_WITH_KNOTS('',1,1,(
    (#1490,#1491)
    ,(#1492,#1493
    )),.UNSPECIFIED.,.F.,.F.,.F.,(2,2),(2,2),(0.413549225093,
    1.587197341538),(0.413549225093,1.587197341538),
  .PIECEWISE_BEZIER_KNOTS.);
#1490 = CARTESIAN_POINT('',(6.786450774907,7.85,4.763549225093));
#1491 = CARTESIAN_POINT('',(6.786450774907,7.85,5.937197341538));
#1492 = CARTESIAN_POINT('',(5.612802658462,7.85,4.763549225093));
#1493 = CARTESIAN_POINT('',(5.612802658462,7.85,5.937197341538));
#1494 = ADVANCED_FACE('',(#1495),#1502,.F.);
#1495 = FACE_BOUND('',#1496,.T.);
#1496 = EDGE_LOOP('',(#1497,#1498,#1499,#1500,#1501));
#1497 = ORIENTED_EDGE('',*,*,#1173,.T.);
#1498 = ORIENTED_EDGE('',*,*,#1068,.T.);
#1499 = ORIENTED_EDGE('',*,*,#1362,.F.);
#1500 = ORIENTED_EDGE('',*,*,#1479,.F.);
#1501 = ORIENTED_EDGE('',*,*,#923,.F.);
#1502 = B_SPLINE_SURFACE_WITH_KNOTS('',1,1,(
    (#1503,#1504)
    ,(#1505,#1506
    )),.UNSPECIFIED.,.F.,.F.,.F.,(2,2),(2,2),(0.153304098031,
    1.513093181762),(0.,7.8),.PIECEWISE_BEZIER_KNOTS.);
#1503 = CARTESIAN_POINT('',(5.824934692818,7.85,5.937197341538));
#1504 = CARTESIAN_POINT('',(5.824934692818,15.65,5.937197341538));
#1505 = CARTESIAN_POINT('',(6.786450774907,7.85,4.975681259449));
#1506 = CARTESIAN_POINT('',(6.786450774907,15.65,4.975681259449));
#1507 = ADVANCED_FACE('',(#1508),#1515,.F.);
#1508 = FACE_BOUND('',#1509,.T.);
#1509 = EDGE_LOOP('',(#1510,#1511,#1512,#1513,#1514));
#1510 = ORIENTED_EDGE('',*,*,#1485,.F.);
#1511 = ORIENTED_EDGE('',*,*,#1377,.T.);
#1512 = ORIENTED_EDGE('',*,*,#1046,.T.);
#1513 = ORIENTED_EDGE('',*,*,#1150,.T.);
#1514 = ORIENTED_EDGE('',*,*,#938,.F.);
#1515 = B_SPLINE_SURFACE_WITH_KNOTS('',1,1,(
    (#1516,#1517)
    ,(#1518,#1519
    )),.UNSPECIFIED.,.F.,.F.,.F.,(2,2),(2,2),(-1.513093181762,
    -0.153304098031),(0.,7.8),.PIECEWISE_BEZIER_KNOTS.);
#1516 = CARTESIAN_POINT('',(6.574318740551,7.85,4.763549225093));
#1517 = CARTESIAN_POINT('',(6.574318740551,15.65,4.763549225093));
#1518 = CARTESIAN_POINT('',(5.612802658462,7.85,5.725065307182));
#1519 = CARTESIAN_POINT('',(5.612802658462,15.65,5.725065307182));
#1520 = ADVANCED_FACE('',(#1521),#1535,.T.);
#1521 = FACE_BOUND('',#1522,.T.);
#1522 = EDGE_LOOP('',(#1523,#1524,#1529,#1530));
#1523 = ORIENTED_EDGE('',*,*,#1280,.T.);
#1524 = ORIENTED_EDGE('',*,*,#1525,.T.);
#1525 = EDGE_CURVE('',#1274,#746,#1526,.T.);
#1526 = B_SPLINE_CURVE_WITH_KNOTS('',1,(#1527,#1528),.UNSPECIFIED.,.F.,
  .F.,(2,2),(0.153304098031,1.513093181762),.PIECEWISE_BEZIER_KNOTS.);
#1527 = CARTESIAN_POINT('',(5.612802658462,7.85,2.974934692818));
#1528 = CARTESIAN_POINT('',(6.574318740551,7.85,3.936450774907));
#1529 = ORIENTED_EDGE('',*,*,#754,.T.);
#1530 = ORIENTED_EDGE('',*,*,#1531,.T.);
#1531 = EDGE_CURVE('',#755,#1281,#1532,.T.);
#1532 = B_SPLINE_CURVE_WITH_KNOTS('',1,(#1533,#1534),.UNSPECIFIED.,.F.,
  .F.,(2,2),(-1.513093181762,-0.153304098031),.PIECEWISE_BEZIER_KNOTS.);
#1533 = CARTESIAN_POINT('',(6.786450774907,7.85,3.724318740551));
#1534 = CARTESIAN_POINT('',(5.824934692818,7.85,2.762802658462));
#1535 = B_SPLINE_SURFACE_WITH_KNOTS('',1,1,(
    (#1536,#1537)
    ,(#1538,#1539
    )),.UNSPECIFIED.,.F.,.F.,.F.,(2,2),(2,2),(0.413549225093,
    1.587197341538),(-1.587197341538,-0.413549225093),
  .PIECEWISE_BEZIER_KNOTS.);
#1536 = CARTESIAN_POINT('',(6.786450774907,7.85,2.762802658462));
#1537 = CARTESIAN_POINT('',(6.786450774907,7.85,3.936450774907));
#1538 = CARTESIAN_POINT('',(5.612802658462,7.85,2.762802658462));
#1539 = CARTESIAN_POINT('',(5.612802658462,7.85,3.936450774907));
#1540 = ADVANCED_FACE('',(#1541),#1548,.F.);
#1541 = FACE_BOUND('',#1542,.T.);
#1542 = EDGE_LOOP('',(#1543,#1544,#1545,#1546,#1547));
#1543 = ORIENTED_EDGE('',*,*,#981,.T.);
#1544 = ORIENTED_EDGE('',*,*,#1032,.T.);
#1545 = ORIENTED_EDGE('',*,*,#745,.F.);
#1546 = ORIENTED_EDGE('',*,*,#1525,.F.);
#1547 = ORIENTED_EDGE('',*,*,#1273,.F.);
#1548 = B_SPLINE_SURFACE_WITH_KNOTS('',1,1,(
    (#1549,#1550)
    ,(#1551,#1552
    )),.UNSPECIFIED.,.F.,.F.,.F.,(2,2),(2,2),(0.153304098031,
    1.513093181762),(0.,7.8),.PIECEWISE_BEZIER_KNOTS.);
#1549 = CARTESIAN_POINT('',(5.612802658462,7.85,2.974934692818));
#1550 = CARTESIAN_POINT('',(5.612802658462,15.65,2.974934692818));
#1551 = CARTESIAN_POINT('',(6.574318740551,7.85,3.936450774907));
#1552 = CARTESIAN_POINT('',(6.574318740551,15.65,3.936450774907));
#1553 = ADVANCED_FACE('',(#1554),#1561,.F.);
#1554 = FACE_BOUND('',#1555,.T.);
#1555 = EDGE_LOOP('',(#1556,#1557,#1558,#1559,#1560));
#1556 = ORIENTED_EDGE('',*,*,#1531,.F.);
#1557 = ORIENTED_EDGE('',*,*,#762,.T.);
#1558 = ORIENTED_EDGE('',*,*,#1018,.T.);
#1559 = ORIENTED_EDGE('',*,*,#1125,.T.);
#1560 = ORIENTED_EDGE('',*,*,#1288,.F.);
#1561 = B_SPLINE_SURFACE_WITH_KNOTS('',1,1,(
    (#1562,#1563)
    ,(#1564,#1565
    )),.UNSPECIFIED.,.F.,.F.,.F.,(2,2),(2,2),(-1.513093181762,
    -0.153304098031),(0.,7.8),.PIECEWISE_BEZIER_KNOTS.);
#1562 = CARTESIAN_POINT('',(6.786450774907,7.85,3.724318740551));
#1563 = CARTESIAN_POINT('',(6.786450774907,15.65,3.724318740551));
#1564 = CARTESIAN_POINT('',(5.824934692818,7.85,2.762802658462));
#1565 = CARTESIAN_POINT('',(5.824934692818,15.65,2.762802658462));
#1566 = ADVANCED_FACE('',(#1567),#1581,.T.);
#1567 = FACE_BOUND('',#1568,.T.);
#1568 = EDGE_LOOP('',(#1569,#1570,#1575,#1576));
#1569 = ORIENTED_EDGE('',*,*,#1301,.T.);
#1570 = ORIENTED_EDGE('',*,*,#1571,.T.);
#1571 = EDGE_CURVE('',#1295,#778,#1572,.T.);
#1572 = B_SPLINE_CURVE_WITH_KNOTS('',1,(#1573,#1574),.UNSPECIFIED.,.F.,
  .F.,(2,2),(0.153304098031,1.513093181762),.PIECEWISE_BEZIER_KNOTS.);
#1573 = CARTESIAN_POINT('',(8.575065307182,7.85,2.762802658462));
#1574 = CARTESIAN_POINT('',(7.613549225093,7.85,3.724318740551));
#1575 = ORIENTED_EDGE('',*,*,#784,.T.);
#1576 = ORIENTED_EDGE('',*,*,#1577,.T.);
#1577 = EDGE_CURVE('',#785,#1302,#1578,.T.);
#1578 = B_SPLINE_CURVE_WITH_KNOTS('',1,(#1579,#1580),.UNSPECIFIED.,.F.,
  .F.,(2,2),(-1.513093181762,-0.153304098031),.PIECEWISE_BEZIER_KNOTS.);
#1579 = CARTESIAN_POINT('',(7.825681259449,7.85,3.936450774907));
#1580 = CARTESIAN_POINT('',(8.787197341538,7.85,2.974934692818));
#1581 = B_SPLINE_SURFACE_WITH_KNOTS('',1,1,(
    (#1582,#1583)
    ,(#1584,#1585
    )),.UNSPECIFIED.,.F.,.F.,.F.,(2,2),(2,2),(-1.587197341538,
    -0.413549225093),(-1.587197341538,-0.413549225093),
  .PIECEWISE_BEZIER_KNOTS.);
#1582 = CARTESIAN_POINT('',(8.787197341538,7.85,2.762802658462));
#1583 = CARTESIAN_POINT('',(8.787197341538,7.85,3.936450774907));
#1584 = CARTESIAN_POINT('',(7.613549225093,7.85,2.762802658462));
#1585 = CARTESIAN_POINT('',(7.613549225093,7.85,3.936450774907));
#1586 = ADVANCED_FACE('',(#1587),#1594,.F.);
#1587 = FACE_BOUND('',#1588,.T.);
#1588 = EDGE_LOOP('',(#1589,#1590,#1591,#1592,#1593));
#1589 = ORIENTED_EDGE('',*,*,#1106,.T.);
#1590 = ORIENTED_EDGE('',*,*,#1003,.T.);
#1591 = ORIENTED_EDGE('',*,*,#777,.F.);
#1592 = ORIENTED_EDGE('',*,*,#1571,.F.);
#1593 = ORIENTED_EDGE('',*,*,#1294,.F.);
#1594 = B_SPLINE_SURFACE_WITH_KNOTS('',1,1,(
    (#1595,#1596)
    ,(#1597,#1598
    )),.UNSPECIFIED.,.F.,.F.,.F.,(2,2),(2,2),(0.153304098031,
    1.513093181762),(0.,7.8),.PIECEWISE_BEZIER_KNOTS.);
#1595 = CARTESIAN_POINT('',(8.575065307182,7.85,2.762802658462));
#1596 = CARTESIAN_POINT('',(8.575065307182,15.65,2.762802658462));
#1597 = CARTESIAN_POINT('',(7.613549225093,7.85,3.724318740551));
#1598 = CARTESIAN_POINT('',(7.613549225093,15.65,3.724318740551));
#1599 = ADVANCED_FACE('',(#1600),#1607,.F.);
#1600 = FACE_BOUND('',#1601,.T.);
#1601 = EDGE_LOOP('',(#1602,#1603,#1604,#1605,#1606));
#1602 = ORIENTED_EDGE('',*,*,#1577,.F.);
#1603 = ORIENTED_EDGE('',*,*,#792,.T.);
#1604 = ORIENTED_EDGE('',*,*,#1206,.T.);
#1605 = ORIENTED_EDGE('',*,*,#1398,.T.);
#1606 = ORIENTED_EDGE('',*,*,#1309,.F.);
#1607 = B_SPLINE_SURFACE_WITH_KNOTS('',1,1,(
    (#1608,#1609)
    ,(#1610,#1611
    )),.UNSPECIFIED.,.F.,.F.,.F.,(2,2),(2,2),(-1.513093181762,
    -0.153304098031),(0.,7.8),.PIECEWISE_BEZIER_KNOTS.);
#1608 = CARTESIAN_POINT('',(7.825681259449,7.85,3.936450774907));
#1609 = CARTESIAN_POINT('',(7.825681259449,15.65,3.936450774907));
#1610 = CARTESIAN_POINT('',(8.787197341538,7.85,2.974934692818));
#1611 = CARTESIAN_POINT('',(8.787197341538,15.65,2.974934692818));
#1612 = MANIFOLD_SOLID_BREP('',#1613);
#1613 = CLOSED_SHELL('',(#1614,#1720,#1826,#1872,#1910,#1946,#1975,#2008
    ,#2033,#2075,#2112,#2140,#2207,#2267,#2301,#2321,#2334,#2347,#2367,
    #2380,#2393,#2413,#2426,#2439,#2459,#2472));
#1614 = ADVANCED_FACE('',(#1615),#1709,.F.);
#1615 = FACE_BOUND('',#1616,.F.);
#1616 = EDGE_LOOP('',(#1617,#1626,#1634,#1641,#1649,#1656,#1664,#1671,
    #1679,#1686,#1696,#1703));
#1617 = ORIENTED_EDGE('',*,*,#1618,.F.);
#1618 = EDGE_CURVE('',#1619,#1621,#1623,.T.);
#1619 = VERTEX_POINT('',#1620);
#1620 = CARTESIAN_POINT('',(0.625681259449,7.85,4.763549225093));
#1621 = VERTEX_POINT('',#1622);
#1622 = CARTESIAN_POINT('',(0.625681259449,15.65,4.763549225093));
#1623 = B_SPLINE_CURVE_WITH_KNOTS('',1,(#1624,#1625),.UNSPECIFIED.,.F.,
  .F.,(2,2),(0.,7.8),.PIECEWISE_BEZIER_KNOTS.);
#1624 = CARTESIAN_POINT('',(0.625681259449,7.85,4.763549225093));
#1625 = CARTESIAN_POINT('',(0.625681259449,15.65,4.763549225093));
#1626 = ORIENTED_EDGE('',*,*,#1627,.F.);
#1627 = EDGE_CURVE('',#1628,#1619,#1630,.T.);
#1628 = VERTEX_POINT('',#1629);
#1629 = CARTESIAN_POINT('',(0.413549225093,7.85,4.975681259449));
#1630 = ( BOUNDED_CURVE() B_SPLINE_CURVE(2,(#1631,#1632,#1633),
.UNSPECIFIED.,.F.,.F.) B_SPLINE_CURVE_WITH_KNOTS((3,3),(5.296429222992,
5.699145064572),.PIECEWISE_BEZIER_KNOTS.) CURVE() 
GEOMETRIC_REPRESENTATION_ITEM() RATIONAL_B_SPLINE_CURVE((1.,
0.979795897113,1.)) REPRESENTATION_ITEM('') );
#1631 = CARTESIAN_POINT('',(0.413549225093,7.85,4.975681259449));
#1632 = CARTESIAN_POINT('',(0.541265877365,7.85,4.891265877365));
#1633 = CARTESIAN_POINT('',(0.625681259449,7.85,4.763549225093));
#1634 = ORIENTED_EDGE('',*,*,#1635,.T.);
#1635 = EDGE_CURVE('',#1628,#1636,#1638,.T.);
#1636 = VERTEX_POINT('',#1637);
#1637 = CARTESIAN_POINT('',(0.413549225093,15.65,4.975681259449));
#1638 = B_SPLINE_CURVE_WITH_KNOTS('',1,(#1639,#1640),.UNSPECIFIED.,.F.,
  .F.,(2,2),(0.,7.8),.PIECEWISE_BEZIER_KNOTS.);
#1639 = CARTESIAN_POINT('',(0.413549225093,7.85,4.975681259449));
#1640 = CARTESIAN_POINT('',(0.413549225093,15.65,4.975681259449));
#1641 = ORIENTED_EDGE('',*,*,#1642,.T.);
#1642 = EDGE_CURVE('',#1636,#1643,#1645,.T.);
#1643 = VERTEX_POINT('',#1644);
#1644 = CARTESIAN_POINT('',(-0.413549225093,15.65,4.975681259449));
#1645 = ( BOUNDED_CURVE() B_SPLINE_CURVE(2,(#1646,#1647,#1648),
.UNSPECIFIED.,.F.,.F.) B_SPLINE_CURVE_WITH_KNOTS((3,3),(0.986756084188,
2.154836569402),.PIECEWISE_BEZIER_KNOTS.) CURVE() 
GEOMETRIC_REPRESENTATION_ITEM() RATIONAL_B_SPLINE_CURVE((1.,
0.834241679265,1.)) REPRESENTATION_ITEM('') );
#1646 = CARTESIAN_POINT('',(0.413549225093,15.65,4.975681259449));
#1647 = CARTESIAN_POINT('',(-7.993605777301E-15,15.65,5.249020054549));
#1648 = CARTESIAN_POINT('',(-0.413549225093,15.65,4.975681259449));
#1649 = ORIENTED_EDGE('',*,*,#1650,.F.);
#1650 = EDGE_CURVE('',#1651,#1643,#1653,.T.);
#1651 = VERTEX_POINT('',#1652);
#1652 = CARTESIAN_POINT('',(-0.413549225093,7.85,4.975681259449));
#1653 = B_SPLINE_CURVE_WITH_KNOTS('',1,(#1654,#1655),.UNSPECIFIED.,.F.,
  .F.,(2,2),(0.,7.8),.PIECEWISE_BEZIER_KNOTS.);
#1654 = CARTESIAN_POINT('',(-0.413549225093,7.85,4.975681259449));
#1655 = CARTESIAN_POINT('',(-0.413549225093,15.65,4.975681259449));
#1656 = ORIENTED_EDGE('',*,*,#1657,.F.);
#1657 = EDGE_CURVE('',#1658,#1651,#1660,.T.);
#1658 = VERTEX_POINT('',#1659);
#1659 = CARTESIAN_POINT('',(-0.625681259449,7.85,4.763549225093));
#1660 = ( BOUNDED_CURVE() B_SPLINE_CURVE(2,(#1661,#1662,#1663),
.UNSPECIFIED.,.F.,.F.) B_SPLINE_CURVE_WITH_KNOTS((3,3),(3.725632896197,
4.128348737778),.PIECEWISE_BEZIER_KNOTS.) CURVE() 
GEOMETRIC_REPRESENTATION_ITEM() RATIONAL_B_SPLINE_CURVE((1.,
0.979795897113,1.)) REPRESENTATION_ITEM('') );
#1661 = CARTESIAN_POINT('',(-0.625681259449,7.85,4.763549225093));
#1662 = CARTESIAN_POINT('',(-0.541265877365,7.85,4.891265877365));
#1663 = CARTESIAN_POINT('',(-0.413549225093,7.85,4.975681259449));
#1664 = ORIENTED_EDGE('',*,*,#1665,.T.);
#1665 = EDGE_CURVE('',#1658,#1666,#1668,.T.);
#1666 = VERTEX_POINT('',#1667);
#1667 = CARTESIAN_POINT('',(-0.625681259449,15.65,4.763549225093));
#1668 = B_SPLINE_CURVE_WITH_KNOTS('',1,(#1669,#1670),.UNSPECIFIED.,.F.,
  .F.,(2,2),(0.,7.8),.PIECEWISE_BEZIER_KNOTS.);
#1669 = CARTESIAN_POINT('',(-0.625681259449,7.85,4.763549225093));
#1670 = CARTESIAN_POINT('',(-0.625681259449,15.65,4.763549225093));
#1671 = ORIENTED_EDGE('',*,*,#1672,.T.);
#1672 = EDGE_CURVE('',#1666,#1673,#1675,.T.);
#1673 = VERTEX_POINT('',#1674);
#1674 = CARTESIAN_POINT('',(-0.75,15.65,4.35));
#1675 = ( BOUNDED_CURVE() B_SPLINE_CURVE(2,(#1676,#1677,#1678),
.UNSPECIFIED.,.F.,.F.) B_SPLINE_CURVE_WITH_KNOTS((3,3),(2.557552410983,
3.14159265359),.PIECEWISE_BEZIER_KNOTS.) CURVE() 
GEOMETRIC_REPRESENTATION_ITEM() RATIONAL_B_SPLINE_CURVE((1.,
0.957664262481,1.)) REPRESENTATION_ITEM('') );
#1676 = CARTESIAN_POINT('',(-0.625681259449,15.65,4.763549225093));
#1677 = CARTESIAN_POINT('',(-0.75,15.65,4.575460597569));
#1678 = CARTESIAN_POINT('',(-0.75,15.65,4.35));
#1679 = ORIENTED_EDGE('',*,*,#1680,.T.);
#1680 = EDGE_CURVE('',#1673,#1681,#1683,.T.);
#1681 = VERTEX_POINT('',#1682);
#1682 = CARTESIAN_POINT('',(-0.75,7.65,4.35));
#1683 = B_SPLINE_CURVE_WITH_KNOTS('',1,(#1684,#1685),.UNSPECIFIED.,.F.,
  .F.,(2,2),(0.,8.),.PIECEWISE_BEZIER_KNOTS.);
#1684 = CARTESIAN_POINT('',(-0.75,15.65,4.35));
#1685 = CARTESIAN_POINT('',(-0.75,7.65,4.35));
#1686 = ORIENTED_EDGE('',*,*,#1687,.F.);
#1687 = EDGE_CURVE('',#1688,#1681,#1690,.T.);
#1688 = VERTEX_POINT('',#1689);
#1689 = CARTESIAN_POINT('',(0.75,7.65,4.35));
#1690 = ( BOUNDED_CURVE() B_SPLINE_CURVE(2,(#1691,#1692,#1693,#1694,
#1695),.UNSPECIFIED.,.F.,.F.) B_SPLINE_CURVE_WITH_KNOTS((3,2,3),(0.,
1.570796326795,3.14159265359),.PIECEWISE_BEZIER_KNOTS.) CURVE() 
GEOMETRIC_REPRESENTATION_ITEM() RATIONAL_B_SPLINE_CURVE((1.,
0.707106781187,1.,0.707106781187,1.)) REPRESENTATION_ITEM('') );
#1691 = CARTESIAN_POINT('',(0.75,7.65,4.35));
#1692 = CARTESIAN_POINT('',(0.75,7.65,5.1));
#1693 = CARTESIAN_POINT('',(0.,7.65,5.1));
#1694 = CARTESIAN_POINT('',(-0.75,7.65,5.1));
#1695 = CARTESIAN_POINT('',(-0.75,7.65,4.35));
#1696 = ORIENTED_EDGE('',*,*,#1697,.F.);
#1697 = EDGE_CURVE('',#1698,#1688,#1700,.T.);
#1698 = VERTEX_POINT('',#1699);
#1699 = CARTESIAN_POINT('',(0.75,15.65,4.35));
#1700 = B_SPLINE_CURVE_WITH_KNOTS('',1,(#1701,#1702),.UNSPECIFIED.,.F.,
  .F.,(2,2),(0.,8.),.PIECEWISE_BEZIER_KNOTS.);
#1701 = CARTESIAN_POINT('',(0.75,15.65,4.35));
#1702 = CARTESIAN_POINT('',(0.75,7.65,4.35));
#1703 = ORIENTED_EDGE('',*,*,#1704,.T.);
#1704 = EDGE_CURVE('',#1698,#1621,#1705,.T.);
#1705 = ( BOUNDED_CURVE() B_SPLINE_CURVE(2,(#1706,#1707,#1708),
.UNSPECIFIED.,.F.,.F.) B_SPLINE_CURVE_WITH_KNOTS((3,3),(0.,
0.584040242607),.PIECEWISE_BEZIER_KNOTS.) CURVE() 
GEOMETRIC_REPRESENTATION_ITEM() RATIONAL_B_SPLINE_CURVE((1.,
0.957664262481,1.)) REPRESENTATION_ITEM('') );
#1706 = CARTESIAN_POINT('',(0.75,15.65,4.35));
#1707 = CARTESIAN_POINT('',(0.75,15.65,4.575460597569));
#1708 = CARTESIAN_POINT('',(0.625681259449,15.65,4.763549225093));
#1709 = ( BOUNDED_SURFACE() B_SPLINE_SURFACE(2,1,(
    (#1710,#1711)
    ,(#1712,#1713)
    ,(#1714,#1715)
    ,(#1716,#1717)
    ,(#1718,#1719
)),.UNSPECIFIED.,.F.,.F.,.F.) B_SPLINE_SURFACE_WITH_KNOTS((3,2,3),(2,2),
  (3.14159265359,4.712388980385,6.28318530718),(0.,8.),
.PIECEWISE_BEZIER_KNOTS.) GEOMETRIC_REPRESENTATION_ITEM() 
RATIONAL_B_SPLINE_SURFACE((
    (1.,1.)
    ,(0.707106781187,0.707106781187)
    ,(1.,1.)
    ,(0.707106781187,0.707106781187)
,(1.,1.))) REPRESENTATION_ITEM('') SURFACE() );
#1710 = CARTESIAN_POINT('',(0.75,15.65,4.35));
#1711 = CARTESIAN_POINT('',(0.75,7.65,4.35));
#1712 = CARTESIAN_POINT('',(0.75,15.65,5.1));
#1713 = CARTESIAN_POINT('',(0.75,7.65,5.1));
#1714 = CARTESIAN_POINT('',(0.,15.65,5.1));
#1715 = CARTESIAN_POINT('',(0.,7.65,5.1));
#1716 = CARTESIAN_POINT('',(-0.75,15.65,5.1));
#1717 = CARTESIAN_POINT('',(-0.75,7.65,5.1));
#1718 = CARTESIAN_POINT('',(-0.75,15.65,4.35));
#1719 = CARTESIAN_POINT('',(-0.75,7.65,4.35));
#1720 = ADVANCED_FACE('',(#1721),#1815,.T.);
#1721 = FACE_BOUND('',#1722,.T.);
#1722 = EDGE_LOOP('',(#1723,#1733,#1740,#1750,#1757,#1765,#1772,#1780,
    #1787,#1795,#1802,#1810));
#1723 = ORIENTED_EDGE('',*,*,#1724,.F.);
#1724 = EDGE_CURVE('',#1725,#1727,#1729,.T.);
#1725 = VERTEX_POINT('',#1726);
#1726 = CARTESIAN_POINT('',(2.1,15.15,4.35));
#1727 = VERTEX_POINT('',#1728);
#1728 = CARTESIAN_POINT('',(1.587197341538,15.15,2.974934692818));
#1729 = ( BOUNDED_CURVE() B_SPLINE_CURVE(2,(#1730,#1731,#1732),
.UNSPECIFIED.,.F.,.F.) B_SPLINE_CURVE_WITH_KNOTS((3,3),(0.,
0.713908713512),.PIECEWISE_BEZIER_KNOTS.) CURVE() 
GEOMETRIC_REPRESENTATION_ITEM() RATIONAL_B_SPLINE_CURVE((1.,
0.936965382999,1.)) REPRESENTATION_ITEM('') );
#1730 = CARTESIAN_POINT('',(2.1,15.15,4.35));
#1731 = CARTESIAN_POINT('',(2.1,15.15,3.566847681964));
#1732 = CARTESIAN_POINT('',(1.587197341538,15.15,2.974934692818));
#1733 = ORIENTED_EDGE('',*,*,#1734,.T.);
#1734 = EDGE_CURVE('',#1725,#1735,#1737,.T.);
#1735 = VERTEX_POINT('',#1736);
#1736 = CARTESIAN_POINT('',(2.1,7.65,4.35));
#1737 = B_SPLINE_CURVE_WITH_KNOTS('',1,(#1738,#1739),.UNSPECIFIED.,.F.,
  .F.,(2,2),(0.5,8.),.PIECEWISE_BEZIER_KNOTS.);
#1738 = CARTESIAN_POINT('',(2.1,15.15,4.35));
#1739 = CARTESIAN_POINT('',(2.1,7.65,4.35));
#1740 = ORIENTED_EDGE('',*,*,#1741,.F.);
#1741 = EDGE_CURVE('',#1742,#1735,#1744,.T.);
#1742 = VERTEX_POINT('',#1743);
#1743 = CARTESIAN_POINT('',(-2.1,7.65,4.35));
#1744 = ( BOUNDED_CURVE() B_SPLINE_CURVE(2,(#1745,#1746,#1747,#1748,
#1749),.UNSPECIFIED.,.F.,.F.) B_SPLINE_CURVE_WITH_KNOTS((3,2,3),(
    3.14159265359,4.712388980385,6.28318530718),
.PIECEWISE_BEZIER_KNOTS.) CURVE() GEOMETRIC_REPRESENTATION_ITEM() 
RATIONAL_B_SPLINE_CURVE((1.,0.707106781187,1.,0.707106781187,1.)) 
REPRESENTATION_ITEM('') );
#1745 = CARTESIAN_POINT('',(-2.1,7.65,4.35));
#1746 = CARTESIAN_POINT('',(-2.1,7.65,2.25));
#1747 = CARTESIAN_POINT('',(-4.440892098501E-16,7.65,2.25));
#1748 = CARTESIAN_POINT('',(2.1,7.65,2.25));
#1749 = CARTESIAN_POINT('',(2.1,7.65,4.35));
#1750 = ORIENTED_EDGE('',*,*,#1751,.F.);
#1751 = EDGE_CURVE('',#1752,#1742,#1754,.T.);
#1752 = VERTEX_POINT('',#1753);
#1753 = CARTESIAN_POINT('',(-2.1,15.15,4.35));
#1754 = B_SPLINE_CURVE_WITH_KNOTS('',1,(#1755,#1756),.UNSPECIFIED.,.F.,
  .F.,(2,2),(0.5,8.),.PIECEWISE_BEZIER_KNOTS.);
#1755 = CARTESIAN_POINT('',(-2.1,15.15,4.35));
#1756 = CARTESIAN_POINT('',(-2.1,7.65,4.35));
#1757 = ORIENTED_EDGE('',*,*,#1758,.F.);
#1758 = EDGE_CURVE('',#1759,#1752,#1761,.T.);
#1759 = VERTEX_POINT('',#1760);
#1760 = CARTESIAN_POINT('',(-1.587197341538,15.15,2.974934692818));
#1761 = ( BOUNDED_CURVE() B_SPLINE_CURVE(2,(#1762,#1763,#1764),
.UNSPECIFIED.,.F.,.F.) B_SPLINE_CURVE_WITH_KNOTS((3,3),(2.427683940078,
3.14159265359),.PIECEWISE_BEZIER_KNOTS.) CURVE() 
GEOMETRIC_REPRESENTATION_ITEM() RATIONAL_B_SPLINE_CURVE((1.,
0.936965382999,1.)) REPRESENTATION_ITEM('') );
#1762 = CARTESIAN_POINT('',(-1.587197341538,15.15,2.974934692818));
#1763 = CARTESIAN_POINT('',(-2.1,15.15,3.566847681964));
#1764 = CARTESIAN_POINT('',(-2.1,15.15,4.35));
#1765 = ORIENTED_EDGE('',*,*,#1766,.F.);
#1766 = EDGE_CURVE('',#1767,#1759,#1769,.T.);
#1767 = VERTEX_POINT('',#1768);
#1768 = CARTESIAN_POINT('',(-1.587197341538,7.85,2.974934692818));
#1769 = B_SPLINE_CURVE_WITH_KNOTS('',1,(#1770,#1771),.UNSPECIFIED.,.F.,
  .F.,(2,2),(-7.8,-0.5),.PIECEWISE_BEZIER_KNOTS.);
#1770 = CARTESIAN_POINT('',(-1.587197341538,7.85,2.974934692818));
#1771 = CARTESIAN_POINT('',(-1.587197341538,15.15,2.974934692818));
#1772 = ORIENTED_EDGE('',*,*,#1773,.T.);
#1773 = EDGE_CURVE('',#1767,#1774,#1776,.T.);
#1774 = VERTEX_POINT('',#1775);
#1775 = CARTESIAN_POINT('',(-1.375065307182,7.85,2.762802658462));
#1776 = ( BOUNDED_CURVE() B_SPLINE_CURVE(2,(#1777,#1778,#1779),
.UNSPECIFIED.,.F.,.F.) B_SPLINE_CURVE_WITH_KNOTS((3,3),(3.855501367102,
3.998480266873),.PIECEWISE_BEZIER_KNOTS.) CURVE() 
GEOMETRIC_REPRESENTATION_ITEM() RATIONAL_B_SPLINE_CURVE((1.,
0.997445717412,1.)) REPRESENTATION_ITEM('') );
#1777 = CARTESIAN_POINT('',(-1.587197341538,7.85,2.974934692818));
#1778 = CARTESIAN_POINT('',(-1.488726869613,7.85,2.861273130387));
#1779 = CARTESIAN_POINT('',(-1.375065307182,7.85,2.762802658462));
#1780 = ORIENTED_EDGE('',*,*,#1781,.F.);
#1781 = EDGE_CURVE('',#1782,#1774,#1784,.T.);
#1782 = VERTEX_POINT('',#1783);
#1783 = CARTESIAN_POINT('',(-1.375065307182,15.15,2.762802658462));
#1784 = B_SPLINE_CURVE_WITH_KNOTS('',1,(#1785,#1786),.UNSPECIFIED.,.F.,
  .F.,(2,2),(0.5,7.8),.PIECEWISE_BEZIER_KNOTS.);
#1785 = CARTESIAN_POINT('',(-1.375065307182,15.15,2.762802658462));
#1786 = CARTESIAN_POINT('',(-1.375065307182,7.85,2.762802658462));
#1787 = ORIENTED_EDGE('',*,*,#1788,.F.);
#1788 = EDGE_CURVE('',#1789,#1782,#1791,.T.);
#1789 = VERTEX_POINT('',#1790);
#1790 = CARTESIAN_POINT('',(1.375065307182,15.15,2.762802658462));
#1791 = ( BOUNDED_CURVE() B_SPLINE_CURVE(2,(#1792,#1793,#1794),
.UNSPECIFIED.,.F.,.F.) B_SPLINE_CURVE_WITH_KNOTS((3,3),(0.856887613283,
2.284705040307),.PIECEWISE_BEZIER_KNOTS.) CURVE() 
GEOMETRIC_REPRESENTATION_ITEM() RATIONAL_B_SPLINE_CURVE((1.,
0.755808257875,1.)) REPRESENTATION_ITEM('') );
#1792 = CARTESIAN_POINT('',(1.375065307182,15.15,2.762802658462));
#1793 = CARTESIAN_POINT('',(1.50990331349E-14,15.15,1.571517523632));
#1794 = CARTESIAN_POINT('',(-1.375065307182,15.15,2.762802658462));
#1795 = ORIENTED_EDGE('',*,*,#1796,.F.);
#1796 = EDGE_CURVE('',#1797,#1789,#1799,.T.);
#1797 = VERTEX_POINT('',#1798);
#1798 = CARTESIAN_POINT('',(1.375065307182,7.85,2.762802658462));
#1799 = B_SPLINE_CURVE_WITH_KNOTS('',1,(#1800,#1801),.UNSPECIFIED.,.F.,
  .F.,(2,2),(-7.8,-0.5),.PIECEWISE_BEZIER_KNOTS.);
#1800 = CARTESIAN_POINT('',(1.375065307182,7.85,2.762802658462));
#1801 = CARTESIAN_POINT('',(1.375065307182,15.15,2.762802658462));
#1802 = ORIENTED_EDGE('',*,*,#1803,.T.);
#1803 = EDGE_CURVE('',#1797,#1804,#1806,.T.);
#1804 = VERTEX_POINT('',#1805);
#1805 = CARTESIAN_POINT('',(1.587197341538,7.85,2.974934692818));
#1806 = ( BOUNDED_CURVE() B_SPLINE_CURVE(2,(#1807,#1808,#1809),
.UNSPECIFIED.,.F.,.F.) B_SPLINE_CURVE_WITH_KNOTS((3,3),(5.426297693897,
5.569276593668),.PIECEWISE_BEZIER_KNOTS.) CURVE() 
GEOMETRIC_REPRESENTATION_ITEM() RATIONAL_B_SPLINE_CURVE((1.,
0.997445717412,1.)) REPRESENTATION_ITEM('') );
#1807 = CARTESIAN_POINT('',(1.375065307182,7.85,2.762802658462));
#1808 = CARTESIAN_POINT('',(1.488726869613,7.85,2.861273130387));
#1809 = CARTESIAN_POINT('',(1.587197341538,7.85,2.974934692818));
#1810 = ORIENTED_EDGE('',*,*,#1811,.F.);
#1811 = EDGE_CURVE('',#1727,#1804,#1812,.T.);
#1812 = B_SPLINE_CURVE_WITH_KNOTS('',1,(#1813,#1814),.UNSPECIFIED.,.F.,
  .F.,(2,2),(0.5,7.8),.PIECEWISE_BEZIER_KNOTS.);
#1813 = CARTESIAN_POINT('',(1.587197341538,15.15,2.974934692818));
#1814 = CARTESIAN_POINT('',(1.587197341538,7.85,2.974934692818));
#1815 = ( BOUNDED_SURFACE() B_SPLINE_SURFACE(2,1,(
    (#1816,#1817)
    ,(#1818,#1819)
    ,(#1820,#1821)
    ,(#1822,#1823)
    ,(#1824,#1825
)),.UNSPECIFIED.,.F.,.F.,.F.) B_SPLINE_SURFACE_WITH_KNOTS((3,2,3),(2,2),
  (0.,1.570796326795,3.14159265359),(0.5,8.),.PIECEWISE_BEZIER_KNOTS.) 
GEOMETRIC_REPRESENTATION_ITEM() RATIONAL_B_SPLINE_SURFACE((
    (1.,1.)
    ,(0.707106781187,0.707106781187)
    ,(1.,1.)
    ,(0.707106781187,0.707106781187)
,(1.,1.))) REPRESENTATION_ITEM('') SURFACE() );
#1816 = CARTESIAN_POINT('',(-2.1,15.15,4.35));
#1817 = CARTESIAN_POINT('',(-2.1,7.65,4.35));
#1818 = CARTESIAN_POINT('',(-2.1,15.15,2.25));
#1819 = CARTESIAN_POINT('',(-2.1,7.65,2.25));
#1820 = CARTESIAN_POINT('',(0.,15.15,2.25));
#1821 = CARTESIAN_POINT('',(0.,7.65,2.25));
#1822 = CARTESIAN_POINT('',(2.1,15.15,2.25));
#1823 = CARTESIAN_POINT('',(2.1,7.65,2.25));
#1824 = CARTESIAN_POINT('',(2.1,15.15,4.35));
#1825 = CARTESIAN_POINT('',(2.1,7.65,4.35));
#1826 = ADVANCED_FACE('',(#1827),#1862,.T.);
#1827 = FACE_BOUND('',#1828,.T.);
#1828 = EDGE_LOOP('',(#1829,#1837,#1845,#1853));
#1829 = ORIENTED_EDGE('',*,*,#1830,.T.);
#1830 = EDGE_CURVE('',#1831,#1725,#1833,.T.);
#1831 = VERTEX_POINT('',#1832);
#1832 = CARTESIAN_POINT('',(1.587197341538,15.15,5.725065307182));
#1833 = ( BOUNDED_CURVE() B_SPLINE_CURVE(2,(#1834,#1835,#1836),
.UNSPECIFIED.,.F.,.F.) B_SPLINE_CURVE_WITH_KNOTS((3,3),(5.569276593668,
6.28318530718),.PIECEWISE_BEZIER_KNOTS.) CURVE() 
GEOMETRIC_REPRESENTATION_ITEM() RATIONAL_B_SPLINE_CURVE((1.,
0.936965382999,1.)) REPRESENTATION_ITEM('') );
#1834 = CARTESIAN_POINT('',(1.587197341538,15.15,5.725065307182));
#1835 = CARTESIAN_POINT('',(2.1,15.15,5.133152318036));
#1836 = CARTESIAN_POINT('',(2.1,15.15,4.35));
#1837 = ORIENTED_EDGE('',*,*,#1838,.T.);
#1838 = EDGE_CURVE('',#1725,#1839,#1841,.T.);
#1839 = VERTEX_POINT('',#1840);
#1840 = CARTESIAN_POINT('',(1.6,15.65,4.35));
#1841 = ( BOUNDED_CURVE() B_SPLINE_CURVE(2,(#1842,#1843,#1844),
.UNSPECIFIED.,.F.,.F.) B_SPLINE_CURVE_WITH_KNOTS((3,3),(4.712388980385,
6.28318530718),.PIECEWISE_BEZIER_KNOTS.) CURVE() 
GEOMETRIC_REPRESENTATION_ITEM() RATIONAL_B_SPLINE_CURVE((1.,
0.707106781187,1.)) REPRESENTATION_ITEM('') );
#1842 = CARTESIAN_POINT('',(2.1,15.15,4.35));
#1843 = CARTESIAN_POINT('',(2.1,15.65,4.35));
#1844 = CARTESIAN_POINT('',(1.6,15.65,4.35));
#1845 = ORIENTED_EDGE('',*,*,#1846,.T.);
#1846 = EDGE_CURVE('',#1839,#1847,#1849,.T.);
#1847 = VERTEX_POINT('',#1848);
#1848 = CARTESIAN_POINT('',(1.232454049785,15.65,5.370322015429));
#1849 = ( BOUNDED_CURVE() B_SPLINE_CURVE(2,(#1850,#1851,#1852),
.UNSPECIFIED.,.F.,.F.) B_SPLINE_CURVE_WITH_KNOTS((3,3),(0.,0.69151028829
),.PIECEWISE_BEZIER_KNOTS.) CURVE() GEOMETRIC_REPRESENTATION_ITEM() 
RATIONAL_B_SPLINE_CURVE((1.,0.940819797069,1.)) REPRESENTATION_ITEM('') 
  );
#1850 = CARTESIAN_POINT('',(1.6,15.65,4.35));
#1851 = CARTESIAN_POINT('',(1.6,15.65,4.926360709121));
#1852 = CARTESIAN_POINT('',(1.232454049785,15.65,5.370322015429));
#1853 = ORIENTED_EDGE('',*,*,#1854,.T.);
#1854 = EDGE_CURVE('',#1847,#1831,#1855,.T.);
#1855 = B_SPLINE_CURVE_WITH_KNOTS('',3,(#1856,#1857,#1858,#1859,#1860,
    #1861),.UNSPECIFIED.,.F.,.F.,(4,2,4),(7.843649201753E-04,
    1.175634019461E-03,1.566903118747E-03),.UNSPECIFIED.);
#1856 = CARTESIAN_POINT('',(1.232454049785,15.65,5.370322015429));
#1857 = CARTESIAN_POINT('',(1.324820695115,15.65,5.462688660759));
#1858 = CARTESIAN_POINT('',(1.416733394675,15.597238303722,
    5.554601360319));
#1859 = CARTESIAN_POINT('',(1.549288764264,15.410847733105,
    5.687156729908));
#1860 = CARTESIAN_POINT('',(1.587197341538,15.282298934456,
    5.725065307182));
#1861 = CARTESIAN_POINT('',(1.587197341538,15.15,5.725065307182));
#1862 = ( BOUNDED_SURFACE() B_SPLINE_SURFACE(2,2,(
    (#1863,#1864,#1865)
    ,(#1866,#1867,#1868)
    ,(#1869,#1870,#1871
)),.UNSPECIFIED.,.F.,.F.,.F.) B_SPLINE_SURFACE_WITH_KNOTS((3,3),(3,3),(
    5.569276593668,6.28318530718),(0.,1.570796326795),
.PIECEWISE_BEZIER_KNOTS.) GEOMETRIC_REPRESENTATION_ITEM() 
RATIONAL_B_SPLINE_SURFACE((
    (1.,0.707106781187,1.)
    ,(0.936965382999,0.662534576055,0.936965382999)
,(1.,0.707106781187,1.))) REPRESENTATION_ITEM('') SURFACE() );
#1863 = CARTESIAN_POINT('',(1.587197341538,15.15,5.725065307182));
#1864 = CARTESIAN_POINT('',(1.587197341538,15.65,5.725065307182));
#1865 = CARTESIAN_POINT('',(1.2092932126,15.65,5.397668805472));
#1866 = CARTESIAN_POINT('',(2.1,15.15,5.133152318036));
#1867 = CARTESIAN_POINT('',(2.1,15.65,5.133152318036));
#1868 = CARTESIAN_POINT('',(1.6,15.65,4.946687480408));
#1869 = CARTESIAN_POINT('',(2.1,15.15,4.35));
#1870 = CARTESIAN_POINT('',(2.1,15.65,4.35));
#1871 = CARTESIAN_POINT('',(1.6,15.65,4.35));
#1872 = ADVANCED_FACE('',(#1873),#1905,.T.);
#1873 = FACE_BOUND('',#1874,.T.);
#1874 = EDGE_LOOP('',(#1875,#1884,#1892,#1899));
#1875 = ORIENTED_EDGE('',*,*,#1876,.T.);
#1876 = EDGE_CURVE('',#1877,#1879,#1881,.T.);
#1877 = VERTEX_POINT('',#1878);
#1878 = CARTESIAN_POINT('',(-1.020322015429,15.65,3.117545950215));
#1879 = VERTEX_POINT('',#1880);
#1880 = CARTESIAN_POINT('',(-0.413549225093,15.65,3.724318740551));
#1881 = B_SPLINE_CURVE_WITH_KNOTS('',1,(#1882,#1883),.UNSPECIFIED.,.F.,
  .F.,(2,2),(0.654986872389,1.513093181762),.PIECEWISE_BEZIER_KNOTS.);
#1882 = CARTESIAN_POINT('',(-1.020322015429,15.65,3.117545950215));
#1883 = CARTESIAN_POINT('',(-0.413549225093,15.65,3.724318740551));
#1884 = ORIENTED_EDGE('',*,*,#1885,.T.);
#1885 = EDGE_CURVE('',#1879,#1886,#1888,.T.);
#1886 = VERTEX_POINT('',#1887);
#1887 = CARTESIAN_POINT('',(0.413549225093,15.65,3.724318740551));
#1888 = ( BOUNDED_CURVE() B_SPLINE_CURVE(2,(#1889,#1890,#1891),
.UNSPECIFIED.,.F.,.F.) B_SPLINE_CURVE_WITH_KNOTS((3,3),(4.128348737778,
5.296429222992),.PIECEWISE_BEZIER_KNOTS.) CURVE() 
GEOMETRIC_REPRESENTATION_ITEM() RATIONAL_B_SPLINE_CURVE((1.,
0.834241679265,1.)) REPRESENTATION_ITEM('') );
#1889 = CARTESIAN_POINT('',(-0.413549225093,15.65,3.724318740551));
#1890 = CARTESIAN_POINT('',(1.998401444325E-14,15.65,3.450979945451));
#1891 = CARTESIAN_POINT('',(0.413549225093,15.65,3.724318740551));
#1892 = ORIENTED_EDGE('',*,*,#1893,.T.);
#1893 = EDGE_CURVE('',#1886,#1894,#1896,.T.);
#1894 = VERTEX_POINT('',#1895);
#1895 = CARTESIAN_POINT('',(1.020322015429,15.65,3.117545950215));
#1896 = B_SPLINE_CURVE_WITH_KNOTS('',1,(#1897,#1898),.UNSPECIFIED.,.F.,
  .F.,(2,2),(-1.513093181762,-0.654986872389),.PIECEWISE_BEZIER_KNOTS.);
#1897 = CARTESIAN_POINT('',(0.413549225093,15.65,3.724318740551));
#1898 = CARTESIAN_POINT('',(1.020322015429,15.65,3.117545950215));
#1899 = ORIENTED_EDGE('',*,*,#1900,.F.);
#1900 = EDGE_CURVE('',#1877,#1894,#1901,.T.);
#1901 = ( BOUNDED_CURVE() B_SPLINE_CURVE(2,(#1902,#1903,#1904),
.UNSPECIFIED.,.F.,.F.) B_SPLINE_CURVE_WITH_KNOTS((3,3),(4.020878692095,
5.403899268675),.PIECEWISE_BEZIER_KNOTS.) CURVE() 
GEOMETRIC_REPRESENTATION_ITEM() RATIONAL_B_SPLINE_CURVE((1.,
0.770283781116,1.)) REPRESENTATION_ITEM('') );
#1902 = CARTESIAN_POINT('',(-1.020322015429,15.65,3.117545950215));
#1903 = CARTESIAN_POINT('',(1.820765760385E-14,15.65,2.272843451691));
#1904 = CARTESIAN_POINT('',(1.020322015429,15.65,3.117545950215));
#1905 = B_SPLINE_SURFACE_WITH_KNOTS('',1,1,(
    (#1906,#1907)
    ,(#1908,#1909
    )),.UNSPECIFIED.,.F.,.F.,.F.,(2,2),(2,2),(-1.020322015429,
    1.020322015429),(0.625681259449,1.6),.PIECEWISE_BEZIER_KNOTS.);
#1906 = CARTESIAN_POINT('',(-1.020322015429,15.65,3.724318740551));
#1907 = CARTESIAN_POINT('',(-1.020322015429,15.65,2.75));
#1908 = CARTESIAN_POINT('',(1.020322015429,15.65,3.724318740551));
#1909 = CARTESIAN_POINT('',(1.020322015429,15.65,2.75));
#1910 = ADVANCED_FACE('',(#1911),#1941,.T.);
#1911 = FACE_BOUND('',#1912,.T.);
#1912 = EDGE_LOOP('',(#1913,#1922,#1928,#1929,#1934,#1935));
#1913 = ORIENTED_EDGE('',*,*,#1914,.T.);
#1914 = EDGE_CURVE('',#1915,#1917,#1919,.T.);
#1915 = VERTEX_POINT('',#1916);
#1916 = CARTESIAN_POINT('',(1.232454049785,15.65,3.329677984571));
#1917 = VERTEX_POINT('',#1918);
#1918 = CARTESIAN_POINT('',(0.625681259449,15.65,3.936450774907));
#1919 = B_SPLINE_CURVE_WITH_KNOTS('',1,(#1920,#1921),.UNSPECIFIED.,.F.,
  .F.,(2,2),(0.654986872389,1.513093181762),.PIECEWISE_BEZIER_KNOTS.);
#1920 = CARTESIAN_POINT('',(1.232454049785,15.65,3.329677984571));
#1921 = CARTESIAN_POINT('',(0.625681259449,15.65,3.936450774907));
#1922 = ORIENTED_EDGE('',*,*,#1923,.T.);
#1923 = EDGE_CURVE('',#1917,#1698,#1924,.T.);
#1924 = ( BOUNDED_CURVE() B_SPLINE_CURVE(2,(#1925,#1926,#1927),
.UNSPECIFIED.,.F.,.F.) B_SPLINE_CURVE_WITH_KNOTS((3,3),(5.699145064572,
6.28318530718),.PIECEWISE_BEZIER_KNOTS.) CURVE() 
GEOMETRIC_REPRESENTATION_ITEM() RATIONAL_B_SPLINE_CURVE((1.,
0.957664262481,1.)) REPRESENTATION_ITEM('') );
#1925 = CARTESIAN_POINT('',(0.625681259449,15.65,3.936450774907));
#1926 = CARTESIAN_POINT('',(0.75,15.65,4.124539402431));
#1927 = CARTESIAN_POINT('',(0.75,15.65,4.35));
#1928 = ORIENTED_EDGE('',*,*,#1704,.T.);
#1929 = ORIENTED_EDGE('',*,*,#1930,.T.);
#1930 = EDGE_CURVE('',#1621,#1847,#1931,.T.);
#1931 = B_SPLINE_CURVE_WITH_KNOTS('',1,(#1932,#1933),.UNSPECIFIED.,.F.,
  .F.,(2,2),(-1.513093181762,-0.654986872389),.PIECEWISE_BEZIER_KNOTS.);
#1932 = CARTESIAN_POINT('',(0.625681259449,15.65,4.763549225093));
#1933 = CARTESIAN_POINT('',(1.232454049785,15.65,5.370322015429));
#1934 = ORIENTED_EDGE('',*,*,#1846,.F.);
#1935 = ORIENTED_EDGE('',*,*,#1936,.F.);
#1936 = EDGE_CURVE('',#1915,#1839,#1937,.T.);
#1937 = ( BOUNDED_CURVE() B_SPLINE_CURVE(2,(#1938,#1939,#1940),
.UNSPECIFIED.,.F.,.F.) B_SPLINE_CURVE_WITH_KNOTS((3,3),(5.59167501889,
6.28318530718),.PIECEWISE_BEZIER_KNOTS.) CURVE() 
GEOMETRIC_REPRESENTATION_ITEM() RATIONAL_B_SPLINE_CURVE((1.,
0.940819797069,1.)) REPRESENTATION_ITEM('') );
#1938 = CARTESIAN_POINT('',(1.232454049785,15.65,3.329677984571));
#1939 = CARTESIAN_POINT('',(1.6,15.65,3.773639290879));
#1940 = CARTESIAN_POINT('',(1.6,15.65,4.35));
#1941 = B_SPLINE_SURFACE_WITH_KNOTS('',1,1,(
    (#1942,#1943)
    ,(#1944,#1945
    )),.UNSPECIFIED.,.F.,.F.,.F.,(2,2),(2,2),(0.625681259449,1.6),(
    -1.020322015429,1.020322015429),.PIECEWISE_BEZIER_KNOTS.);
#1942 = CARTESIAN_POINT('',(0.625681259449,15.65,5.370322015429));
#1943 = CARTESIAN_POINT('',(0.625681259449,15.65,3.329677984571));
#1944 = CARTESIAN_POINT('',(1.6,15.65,5.370322015429));
#1945 = CARTESIAN_POINT('',(1.6,15.65,3.329677984571));
#1946 = ADVANCED_FACE('',(#1947),#1970,.T.);
#1947 = FACE_BOUND('',#1948,.T.);
#1948 = EDGE_LOOP('',(#1949,#1956,#1957,#1964));
#1949 = ORIENTED_EDGE('',*,*,#1950,.T.);
#1950 = EDGE_CURVE('',#1951,#1636,#1953,.T.);
#1951 = VERTEX_POINT('',#1952);
#1952 = CARTESIAN_POINT('',(1.020322015429,15.65,5.582454049785));
#1953 = B_SPLINE_CURVE_WITH_KNOTS('',1,(#1954,#1955),.UNSPECIFIED.,.F.,
  .F.,(2,2),(0.654986872389,1.513093181762),.PIECEWISE_BEZIER_KNOTS.);
#1954 = CARTESIAN_POINT('',(1.020322015429,15.65,5.582454049785));
#1955 = CARTESIAN_POINT('',(0.413549225093,15.65,4.975681259449));
#1956 = ORIENTED_EDGE('',*,*,#1642,.T.);
#1957 = ORIENTED_EDGE('',*,*,#1958,.T.);
#1958 = EDGE_CURVE('',#1643,#1959,#1961,.T.);
#1959 = VERTEX_POINT('',#1960);
#1960 = CARTESIAN_POINT('',(-1.020322015429,15.65,5.582454049785));
#1961 = B_SPLINE_CURVE_WITH_KNOTS('',1,(#1962,#1963),.UNSPECIFIED.,.F.,
  .F.,(2,2),(-1.513093181762,-0.654986872389),.PIECEWISE_BEZIER_KNOTS.);
#1962 = CARTESIAN_POINT('',(-0.413549225093,15.65,4.975681259449));
#1963 = CARTESIAN_POINT('',(-1.020322015429,15.65,5.582454049785));
#1964 = ORIENTED_EDGE('',*,*,#1965,.F.);
#1965 = EDGE_CURVE('',#1951,#1959,#1966,.T.);
#1966 = ( BOUNDED_CURVE() B_SPLINE_CURVE(2,(#1967,#1968,#1969),
.UNSPECIFIED.,.F.,.F.) B_SPLINE_CURVE_WITH_KNOTS((3,3),(0.879286038505,
2.262306615085),.PIECEWISE_BEZIER_KNOTS.) CURVE() 
GEOMETRIC_REPRESENTATION_ITEM() RATIONAL_B_SPLINE_CURVE((1.,
0.770283781116,1.)) REPRESENTATION_ITEM('') );
#1967 = CARTESIAN_POINT('',(1.020322015429,15.65,5.582454049785));
#1968 = CARTESIAN_POINT('',(-1.376676550535E-14,15.65,6.427156548309));
#1969 = CARTESIAN_POINT('',(-1.020322015429,15.65,5.582454049785));
#1970 = B_SPLINE_SURFACE_WITH_KNOTS('',1,1,(
    (#1971,#1972)
    ,(#1973,#1974
    )),.UNSPECIFIED.,.F.,.F.,.F.,(2,2),(2,2),(-1.020322015429,
    1.020322015429),(-1.6,-0.625681259449),.PIECEWISE_BEZIER_KNOTS.);
#1971 = CARTESIAN_POINT('',(-1.020322015429,15.65,5.95));
#1972 = CARTESIAN_POINT('',(-1.020322015429,15.65,4.975681259449));
#1973 = CARTESIAN_POINT('',(1.020322015429,15.65,5.95));
#1974 = CARTESIAN_POINT('',(1.020322015429,15.65,4.975681259449));
#1975 = ADVANCED_FACE('',(#1976),#1998,.T.);
#1976 = FACE_BOUND('',#1977,.T.);
#1977 = EDGE_LOOP('',(#1978,#1987,#1988,#1997));
#1978 = ORIENTED_EDGE('',*,*,#1979,.T.);
#1979 = EDGE_CURVE('',#1782,#1877,#1980,.T.);
#1980 = B_SPLINE_CURVE_WITH_KNOTS('',3,(#1981,#1982,#1983,#1984,#1985,
    #1986),.UNSPECIFIED.,.F.,.F.,(4,2,4),(1.97165671932E-07,
    3.917772435257E-04,7.833573213795E-04),.UNSPECIFIED.);
#1981 = CARTESIAN_POINT('',(-1.375065307182,15.15,2.762802658462));
#1982 = CARTESIAN_POINT('',(-1.375065307182,15.282398548944,
    2.762802658462));
#1983 = CARTESIAN_POINT('',(-1.336439997033,15.411844140656,
    2.801427968611));
#1984 = CARTESIAN_POINT('',(-1.205349166971,15.596198199582,
    2.932518798673));
#1985 = CARTESIAN_POINT('',(-1.112763548482,15.65,3.025104417162));
#1986 = CARTESIAN_POINT('',(-1.020322015429,15.65,3.117545950215));
#1987 = ORIENTED_EDGE('',*,*,#1900,.T.);
#1988 = ORIENTED_EDGE('',*,*,#1989,.T.);
#1989 = EDGE_CURVE('',#1894,#1789,#1990,.T.);
#1990 = B_SPLINE_CURVE_WITH_KNOTS('',3,(#1991,#1992,#1993,#1994,#1995,
    #1996),.UNSPECIFIED.,.F.,.F.,(4,2,4),(7.843649201753E-04,
    1.175634019461E-03,1.566903118747E-03),.UNSPECIFIED.);
#1991 = CARTESIAN_POINT('',(1.020322015429,15.65,3.117545950215));
#1992 = CARTESIAN_POINT('',(1.112688660759,15.65,3.025179304885));
#1993 = CARTESIAN_POINT('',(1.204601360319,15.597238303722,
    2.933266605325));
#1994 = CARTESIAN_POINT('',(1.337156729908,15.410847733105,
    2.800711235736));
#1995 = CARTESIAN_POINT('',(1.375065307182,15.282298934456,
    2.762802658462));
#1996 = CARTESIAN_POINT('',(1.375065307182,15.15,2.762802658462));
#1997 = ORIENTED_EDGE('',*,*,#1788,.T.);
#1998 = ( BOUNDED_SURFACE() B_SPLINE_SURFACE(2,2,(
    (#1999,#2000,#2001)
    ,(#2002,#2003,#2004)
    ,(#2005,#2006,#2007
)),.UNSPECIFIED.,.F.,.F.,.F.) B_SPLINE_SURFACE_WITH_KNOTS((3,3),(3,3),(
    0.856887613283,2.284705040307),(0.,1.570796326795),
.PIECEWISE_BEZIER_KNOTS.) GEOMETRIC_REPRESENTATION_ITEM() 
RATIONAL_B_SPLINE_SURFACE((
    (1.,0.707106781187,1.)
    ,(0.755808257875,0.53443714442,0.755808257875)
,(1.,0.707106781187,1.))) REPRESENTATION_ITEM('') SURFACE() );
#1999 = CARTESIAN_POINT('',(1.375065307182,15.15,2.762802658462));
#2000 = CARTESIAN_POINT('',(1.375065307182,15.65,2.762802658462));
#2001 = CARTESIAN_POINT('',(1.047668805472,15.65,3.1407067874));
#2002 = CARTESIAN_POINT('',(1.50990331349E-14,15.15,1.571517523632));
#2003 = CARTESIAN_POINT('',(1.50990331349E-14,15.65,1.571517523632));
#2004 = CARTESIAN_POINT('',(1.15463194561E-14,15.65,2.233060970387));
#2005 = CARTESIAN_POINT('',(-1.375065307182,15.15,2.762802658462));
#2006 = CARTESIAN_POINT('',(-1.375065307182,15.65,2.762802658462));
#2007 = CARTESIAN_POINT('',(-1.047668805472,15.65,3.1407067874));
#2008 = ADVANCED_FACE('',(#2009),#2023,.T.);
#2009 = FACE_BOUND('',#2010,.T.);
#2010 = EDGE_LOOP('',(#2011,#2012,#2013,#2022));
#2011 = ORIENTED_EDGE('',*,*,#1838,.F.);
#2012 = ORIENTED_EDGE('',*,*,#1724,.T.);
#2013 = ORIENTED_EDGE('',*,*,#2014,.T.);
#2014 = EDGE_CURVE('',#1727,#1915,#2015,.T.);
#2015 = B_SPLINE_CURVE_WITH_KNOTS('',3,(#2016,#2017,#2018,#2019,#2020,
    #2021),.UNSPECIFIED.,.F.,.F.,(4,2,4),(1.971656719321E-07,
    3.917772435257E-04,7.833573213795E-04),.UNSPECIFIED.);
#2016 = CARTESIAN_POINT('',(1.587197341538,15.15,2.974934692818));
#2017 = CARTESIAN_POINT('',(1.587197341538,15.282398548944,
    2.974934692818));
#2018 = CARTESIAN_POINT('',(1.548572031389,15.411844140656,
    3.013560002967));
#2019 = CARTESIAN_POINT('',(1.417481201327,15.596198199582,
    3.144650833029));
#2020 = CARTESIAN_POINT('',(1.324895582838,15.65,3.237236451518));
#2021 = CARTESIAN_POINT('',(1.232454049785,15.65,3.329677984571));
#2022 = ORIENTED_EDGE('',*,*,#1936,.T.);
#2023 = ( BOUNDED_SURFACE() B_SPLINE_SURFACE(2,2,(
    (#2024,#2025,#2026)
    ,(#2027,#2028,#2029)
    ,(#2030,#2031,#2032
)),.UNSPECIFIED.,.F.,.F.,.F.) B_SPLINE_SURFACE_WITH_KNOTS((3,3),(3,3),(
    0.,0.713908713512),(0.,1.570796326795),.PIECEWISE_BEZIER_KNOTS.) 
GEOMETRIC_REPRESENTATION_ITEM() RATIONAL_B_SPLINE_SURFACE((
    (1.,0.707106781187,1.)
    ,(0.936965382999,0.662534576055,0.936965382999)
,(1.,0.707106781187,1.))) REPRESENTATION_ITEM('') SURFACE() );
#2024 = CARTESIAN_POINT('',(2.1,15.15,4.35));
#2025 = CARTESIAN_POINT('',(2.1,15.65,4.35));
#2026 = CARTESIAN_POINT('',(1.6,15.65,4.35));
#2027 = CARTESIAN_POINT('',(2.1,15.15,3.566847681964));
#2028 = CARTESIAN_POINT('',(2.1,15.65,3.566847681964));
#2029 = CARTESIAN_POINT('',(1.6,15.65,3.753312519592));
#2030 = CARTESIAN_POINT('',(1.587197341538,15.15,2.974934692818));
#2031 = CARTESIAN_POINT('',(1.587197341538,15.65,2.974934692818));
#2032 = CARTESIAN_POINT('',(1.2092932126,15.65,3.302331194528));
#2033 = ADVANCED_FACE('',(#2034),#2065,.T.);
#2034 = FACE_BOUND('',#2035,.T.);
#2035 = EDGE_LOOP('',(#2036,#2047,#2048,#2059));
#2036 = ORIENTED_EDGE('',*,*,#2037,.T.);
#2037 = EDGE_CURVE('',#2038,#1951,#2040,.T.);
#2038 = VERTEX_POINT('',#2039);
#2039 = CARTESIAN_POINT('',(1.375065307182,15.15,5.937197341538));
#2040 = B_SPLINE_CURVE_WITH_KNOTS('',3,(#2041,#2042,#2043,#2044,#2045,
    #2046),.UNSPECIFIED.,.F.,.F.,(4,2,4),(1.971656719321E-07,
    3.917772435257E-04,7.833573213795E-04),.UNSPECIFIED.);
#2041 = CARTESIAN_POINT('',(1.375065307182,15.15,5.937197341538));
#2042 = CARTESIAN_POINT('',(1.375065307182,15.282398548944,
    5.937197341538));
#2043 = CARTESIAN_POINT('',(1.336439997033,15.411844140656,
    5.898572031389));
#2044 = CARTESIAN_POINT('',(1.205349166971,15.596198199582,
    5.767481201327));
#2045 = CARTESIAN_POINT('',(1.112763548482,15.65,5.674895582838));
#2046 = CARTESIAN_POINT('',(1.020322015429,15.65,5.582454049785));
#2047 = ORIENTED_EDGE('',*,*,#1965,.T.);
#2048 = ORIENTED_EDGE('',*,*,#2049,.T.);
#2049 = EDGE_CURVE('',#1959,#2050,#2052,.T.);
#2050 = VERTEX_POINT('',#2051);
#2051 = CARTESIAN_POINT('',(-1.375065307182,15.15,5.937197341538));
#2052 = B_SPLINE_CURVE_WITH_KNOTS('',3,(#2053,#2054,#2055,#2056,#2057,
    #2058),.UNSPECIFIED.,.F.,.F.,(4,2,4),(7.843649201753E-04,
    1.175634019461E-03,1.566903118747E-03),.UNSPECIFIED.);
#2053 = CARTESIAN_POINT('',(-1.020322015429,15.65,5.582454049785));
#2054 = CARTESIAN_POINT('',(-1.112688660759,15.65,5.674820695115));
#2055 = CARTESIAN_POINT('',(-1.204601360319,15.597238303722,
    5.766733394675));
#2056 = CARTESIAN_POINT('',(-1.337156729908,15.410847733105,
    5.899288764264));
#2057 = CARTESIAN_POINT('',(-1.375065307182,15.282298934456,
    5.937197341538));
#2058 = CARTESIAN_POINT('',(-1.375065307182,15.15,5.937197341538));
#2059 = ORIENTED_EDGE('',*,*,#2060,.T.);
#2060 = EDGE_CURVE('',#2050,#2038,#2061,.T.);
#2061 = ( BOUNDED_CURVE() B_SPLINE_CURVE(2,(#2062,#2063,#2064),
.UNSPECIFIED.,.F.,.F.) B_SPLINE_CURVE_WITH_KNOTS((3,3),(3.998480266873,
5.426297693897),.PIECEWISE_BEZIER_KNOTS.) CURVE() 
GEOMETRIC_REPRESENTATION_ITEM() RATIONAL_B_SPLINE_CURVE((1.,
0.755808257875,1.)) REPRESENTATION_ITEM('') );
#2062 = CARTESIAN_POINT('',(-1.375065307182,15.15,5.937197341538));
#2063 = CARTESIAN_POINT('',(-1.7763568394E-14,15.15,7.128482476368));
#2064 = CARTESIAN_POINT('',(1.375065307182,15.15,5.937197341538));
#2065 = ( BOUNDED_SURFACE() B_SPLINE_SURFACE(2,2,(
    (#2066,#2067,#2068)
    ,(#2069,#2070,#2071)
    ,(#2072,#2073,#2074
)),.UNSPECIFIED.,.F.,.F.,.F.) B_SPLINE_SURFACE_WITH_KNOTS((3,3),(3,3),(
    3.998480266873,5.426297693897),(0.,1.570796326795),
.PIECEWISE_BEZIER_KNOTS.) GEOMETRIC_REPRESENTATION_ITEM() 
RATIONAL_B_SPLINE_SURFACE((
    (1.,0.707106781187,1.)
    ,(0.755808257875,0.53443714442,0.755808257875)
,(1.,0.707106781187,1.))) REPRESENTATION_ITEM('') SURFACE() );
#2066 = CARTESIAN_POINT('',(-1.375065307182,15.15,5.937197341538));
#2067 = CARTESIAN_POINT('',(-1.375065307182,15.65,5.937197341538));
#2068 = CARTESIAN_POINT('',(-1.047668805472,15.65,5.5592932126));
#2069 = CARTESIAN_POINT('',(-1.7763568394E-14,15.15,7.128482476368));
#2070 = CARTESIAN_POINT('',(-1.7763568394E-14,15.65,7.128482476368));
#2071 = CARTESIAN_POINT('',(-1.376676550535E-14,15.65,6.466939029613));
#2072 = CARTESIAN_POINT('',(1.375065307182,15.15,5.937197341538));
#2073 = CARTESIAN_POINT('',(1.375065307182,15.65,5.937197341538));
#2074 = CARTESIAN_POINT('',(1.047668805472,15.65,5.5592932126));
#2075 = ADVANCED_FACE('',(#2076),#2107,.T.);
#2076 = FACE_BOUND('',#2077,.T.);
#2077 = EDGE_LOOP('',(#2078,#2087,#2095,#2100,#2101));
#2078 = ORIENTED_EDGE('',*,*,#2079,.T.);
#2079 = EDGE_CURVE('',#2080,#2082,#2084,.T.);
#2080 = VERTEX_POINT('',#2081);
#2081 = CARTESIAN_POINT('',(-0.625681259449,15.65,3.936450774907));
#2082 = VERTEX_POINT('',#2083);
#2083 = CARTESIAN_POINT('',(-1.232454049785,15.65,3.329677984571));
#2084 = B_SPLINE_CURVE_WITH_KNOTS('',1,(#2085,#2086),.UNSPECIFIED.,.F.,
  .F.,(2,2),(-1.513093181762,-0.654986872389),.PIECEWISE_BEZIER_KNOTS.);
#2085 = CARTESIAN_POINT('',(-0.625681259449,15.65,3.936450774907));
#2086 = CARTESIAN_POINT('',(-1.232454049785,15.65,3.329677984571));
#2087 = ORIENTED_EDGE('',*,*,#2088,.F.);
#2088 = EDGE_CURVE('',#2089,#2082,#2091,.T.);
#2089 = VERTEX_POINT('',#2090);
#2090 = CARTESIAN_POINT('',(-1.232454049785,15.65,5.370322015429));
#2091 = ( BOUNDED_CURVE() B_SPLINE_CURVE(2,(#2092,#2093,#2094),
.UNSPECIFIED.,.F.,.F.) B_SPLINE_CURVE_WITH_KNOTS((3,3),(2.4500823653,
3.83310294188),.PIECEWISE_BEZIER_KNOTS.) CURVE() 
GEOMETRIC_REPRESENTATION_ITEM() RATIONAL_B_SPLINE_CURVE((1.,
0.770283781116,1.)) REPRESENTATION_ITEM('') );
#2092 = CARTESIAN_POINT('',(-1.232454049785,15.65,5.370322015429));
#2093 = CARTESIAN_POINT('',(-2.077156548309,15.65,4.35));
#2094 = CARTESIAN_POINT('',(-1.232454049785,15.65,3.329677984571));
#2095 = ORIENTED_EDGE('',*,*,#2096,.T.);
#2096 = EDGE_CURVE('',#2089,#1666,#2097,.T.);
#2097 = B_SPLINE_CURVE_WITH_KNOTS('',1,(#2098,#2099),.UNSPECIFIED.,.F.,
  .F.,(2,2),(0.654986872389,1.513093181762),.PIECEWISE_BEZIER_KNOTS.);
#2098 = CARTESIAN_POINT('',(-1.232454049785,15.65,5.370322015429));
#2099 = CARTESIAN_POINT('',(-0.625681259449,15.65,4.763549225093));
#2100 = ORIENTED_EDGE('',*,*,#1672,.T.);
#2101 = ORIENTED_EDGE('',*,*,#2102,.T.);
#2102 = EDGE_CURVE('',#1673,#2080,#2103,.T.);
#2103 = ( BOUNDED_CURVE() B_SPLINE_CURVE(2,(#2104,#2105,#2106),
.UNSPECIFIED.,.F.,.F.) B_SPLINE_CURVE_WITH_KNOTS((3,3),(3.14159265359,
3.725632896197),.PIECEWISE_BEZIER_KNOTS.) CURVE() 
GEOMETRIC_REPRESENTATION_ITEM() RATIONAL_B_SPLINE_CURVE((1.,
0.957664262481,1.)) REPRESENTATION_ITEM('') );
#2104 = CARTESIAN_POINT('',(-0.75,15.65,4.35));
#2105 = CARTESIAN_POINT('',(-0.75,15.65,4.124539402431));
#2106 = CARTESIAN_POINT('',(-0.625681259449,15.65,3.936450774907));
#2107 = B_SPLINE_SURFACE_WITH_KNOTS('',1,1,(
    (#2108,#2109)
    ,(#2110,#2111
    )),.UNSPECIFIED.,.F.,.F.,.F.,(2,2),(2,2),(-1.6,-0.625681259449),(
    -1.020322015429,1.020322015429),.PIECEWISE_BEZIER_KNOTS.);
#2108 = CARTESIAN_POINT('',(-1.6,15.65,5.370322015429));
#2109 = CARTESIAN_POINT('',(-1.6,15.65,3.329677984571));
#2110 = CARTESIAN_POINT('',(-0.625681259449,15.65,5.370322015429));
#2111 = CARTESIAN_POINT('',(-0.625681259449,15.65,3.329677984571));
#2112 = ADVANCED_FACE('',(#2113,#2124),#2135,.F.);
#2113 = FACE_BOUND('',#2114,.T.);
#2114 = EDGE_LOOP('',(#2115,#2116));
#2115 = ORIENTED_EDGE('',*,*,#1741,.T.);
#2116 = ORIENTED_EDGE('',*,*,#2117,.T.);
#2117 = EDGE_CURVE('',#1735,#1742,#2118,.T.);
#2118 = ( BOUNDED_CURVE() B_SPLINE_CURVE(2,(#2119,#2120,#2121,#2122,
#2123),.UNSPECIFIED.,.F.,.F.) B_SPLINE_CURVE_WITH_KNOTS((3,2,3),(0.,
1.570796326795,3.14159265359),.PIECEWISE_BEZIER_KNOTS.) CURVE() 
GEOMETRIC_REPRESENTATION_ITEM() RATIONAL_B_SPLINE_CURVE((1.,
0.707106781187,1.,0.707106781187,1.)) REPRESENTATION_ITEM('') );
#2119 = CARTESIAN_POINT('',(2.1,7.65,4.35));
#2120 = CARTESIAN_POINT('',(2.1,7.65,6.45));
#2121 = CARTESIAN_POINT('',(0.,7.65,6.45));
#2122 = CARTESIAN_POINT('',(-2.1,7.65,6.45));
#2123 = CARTESIAN_POINT('',(-2.1,7.65,4.35));
#2124 = FACE_BOUND('',#2125,.T.);
#2125 = EDGE_LOOP('',(#2126,#2134));
#2126 = ORIENTED_EDGE('',*,*,#2127,.F.);
#2127 = EDGE_CURVE('',#1681,#1688,#2128,.T.);
#2128 = ( BOUNDED_CURVE() B_SPLINE_CURVE(2,(#2129,#2130,#2131,#2132,
#2133),.UNSPECIFIED.,.F.,.F.) B_SPLINE_CURVE_WITH_KNOTS((3,2,3),(
    3.14159265359,4.712388980385,6.28318530718),
.PIECEWISE_BEZIER_KNOTS.) CURVE() GEOMETRIC_REPRESENTATION_ITEM() 
RATIONAL_B_SPLINE_CURVE((1.,0.707106781187,1.,0.707106781187,1.)) 
REPRESENTATION_ITEM('') );
#2129 = CARTESIAN_POINT('',(-0.75,7.65,4.35));
#2130 = CARTESIAN_POINT('',(-0.75,7.65,3.6));
#2131 = CARTESIAN_POINT('',(0.,7.65,3.6));
#2132 = CARTESIAN_POINT('',(0.75,7.65,3.6));
#2133 = CARTESIAN_POINT('',(0.75,7.65,4.35));
#2134 = ORIENTED_EDGE('',*,*,#1687,.F.);
#2135 = B_SPLINE_SURFACE_WITH_KNOTS('',1,1,(
    (#2136,#2137)
    ,(#2138,#2139
    )),.UNSPECIFIED.,.F.,.F.,.F.,(2,2),(2,2),(-2.1,2.1),(-2.1,2.1),
  .PIECEWISE_BEZIER_KNOTS.);
#2136 = CARTESIAN_POINT('',(-2.1,7.65,6.45));
#2137 = CARTESIAN_POINT('',(-2.1,7.65,2.25));
#2138 = CARTESIAN_POINT('',(2.1,7.65,6.45));
#2139 = CARTESIAN_POINT('',(2.1,7.65,2.25));
#2140 = ADVANCED_FACE('',(#2141),#2196,.T.);
#2141 = FACE_BOUND('',#2142,.T.);
#2142 = EDGE_LOOP('',(#2143,#2144,#2145,#2152,#2160,#2165,#2166,#2173,
    #2181,#2188,#2194,#2195));
#2143 = ORIENTED_EDGE('',*,*,#1734,.F.);
#2144 = ORIENTED_EDGE('',*,*,#1830,.F.);
#2145 = ORIENTED_EDGE('',*,*,#2146,.F.);
#2146 = EDGE_CURVE('',#2147,#1831,#2149,.T.);
#2147 = VERTEX_POINT('',#2148);
#2148 = CARTESIAN_POINT('',(1.587197341538,7.85,5.725065307182));
#2149 = B_SPLINE_CURVE_WITH_KNOTS('',1,(#2150,#2151),.UNSPECIFIED.,.F.,
  .F.,(2,2),(-7.8,-0.5),.PIECEWISE_BEZIER_KNOTS.);
#2150 = CARTESIAN_POINT('',(1.587197341538,7.85,5.725065307182));
#2151 = CARTESIAN_POINT('',(1.587197341538,15.15,5.725065307182));
#2152 = ORIENTED_EDGE('',*,*,#2153,.T.);
#2153 = EDGE_CURVE('',#2147,#2154,#2156,.T.);
#2154 = VERTEX_POINT('',#2155);
#2155 = CARTESIAN_POINT('',(1.375065307182,7.85,5.937197341538));
#2156 = ( BOUNDED_CURVE() B_SPLINE_CURVE(2,(#2157,#2158,#2159),
.UNSPECIFIED.,.F.,.F.) B_SPLINE_CURVE_WITH_KNOTS((3,3),(0.713908713512,
0.856887613283),.PIECEWISE_BEZIER_KNOTS.) CURVE() 
GEOMETRIC_REPRESENTATION_ITEM() RATIONAL_B_SPLINE_CURVE((1.,
0.997445717412,1.)) REPRESENTATION_ITEM('') );
#2157 = CARTESIAN_POINT('',(1.587197341538,7.85,5.725065307182));
#2158 = CARTESIAN_POINT('',(1.488726869613,7.85,5.838726869613));
#2159 = CARTESIAN_POINT('',(1.375065307182,7.85,5.937197341538));
#2160 = ORIENTED_EDGE('',*,*,#2161,.F.);
#2161 = EDGE_CURVE('',#2038,#2154,#2162,.T.);
#2162 = B_SPLINE_CURVE_WITH_KNOTS('',1,(#2163,#2164),.UNSPECIFIED.,.F.,
  .F.,(2,2),(0.5,7.8),.PIECEWISE_BEZIER_KNOTS.);
#2163 = CARTESIAN_POINT('',(1.375065307182,15.15,5.937197341538));
#2164 = CARTESIAN_POINT('',(1.375065307182,7.85,5.937197341538));
#2165 = ORIENTED_EDGE('',*,*,#2060,.F.);
#2166 = ORIENTED_EDGE('',*,*,#2167,.F.);
#2167 = EDGE_CURVE('',#2168,#2050,#2170,.T.);
#2168 = VERTEX_POINT('',#2169);
#2169 = CARTESIAN_POINT('',(-1.375065307182,7.85,5.937197341538));
#2170 = B_SPLINE_CURVE_WITH_KNOTS('',1,(#2171,#2172),.UNSPECIFIED.,.F.,
  .F.,(2,2),(-7.8,-0.5),.PIECEWISE_BEZIER_KNOTS.);
#2171 = CARTESIAN_POINT('',(-1.375065307182,7.85,5.937197341538));
#2172 = CARTESIAN_POINT('',(-1.375065307182,15.15,5.937197341538));
#2173 = ORIENTED_EDGE('',*,*,#2174,.T.);
#2174 = EDGE_CURVE('',#2168,#2175,#2177,.T.);
#2175 = VERTEX_POINT('',#2176);
#2176 = CARTESIAN_POINT('',(-1.587197341538,7.85,5.725065307182));
#2177 = ( BOUNDED_CURVE() B_SPLINE_CURVE(2,(#2178,#2179,#2180),
.UNSPECIFIED.,.F.,.F.) B_SPLINE_CURVE_WITH_KNOTS((3,3),(2.284705040307,
2.427683940078),.PIECEWISE_BEZIER_KNOTS.) CURVE() 
GEOMETRIC_REPRESENTATION_ITEM() RATIONAL_B_SPLINE_CURVE((1.,
0.997445717412,1.)) REPRESENTATION_ITEM('') );
#2178 = CARTESIAN_POINT('',(-1.375065307182,7.85,5.937197341538));
#2179 = CARTESIAN_POINT('',(-1.488726869613,7.85,5.838726869613));
#2180 = CARTESIAN_POINT('',(-1.587197341538,7.85,5.725065307182));
#2181 = ORIENTED_EDGE('',*,*,#2182,.F.);
#2182 = EDGE_CURVE('',#2183,#2175,#2185,.T.);
#2183 = VERTEX_POINT('',#2184);
#2184 = CARTESIAN_POINT('',(-1.587197341538,15.15,5.725065307182));
#2185 = B_SPLINE_CURVE_WITH_KNOTS('',1,(#2186,#2187),.UNSPECIFIED.,.F.,
  .F.,(2,2),(0.5,7.8),.PIECEWISE_BEZIER_KNOTS.);
#2186 = CARTESIAN_POINT('',(-1.587197341538,15.15,5.725065307182));
#2187 = CARTESIAN_POINT('',(-1.587197341538,7.85,5.725065307182));
#2188 = ORIENTED_EDGE('',*,*,#2189,.F.);
#2189 = EDGE_CURVE('',#1752,#2183,#2190,.T.);
#2190 = ( BOUNDED_CURVE() B_SPLINE_CURVE(2,(#2191,#2192,#2193),
.UNSPECIFIED.,.F.,.F.) B_SPLINE_CURVE_WITH_KNOTS((3,3),(3.14159265359,
3.855501367102),.PIECEWISE_BEZIER_KNOTS.) CURVE() 
GEOMETRIC_REPRESENTATION_ITEM() RATIONAL_B_SPLINE_CURVE((1.,
0.936965382999,1.)) REPRESENTATION_ITEM('') );
#2191 = CARTESIAN_POINT('',(-2.1,15.15,4.35));
#2192 = CARTESIAN_POINT('',(-2.1,15.15,5.133152318036));
#2193 = CARTESIAN_POINT('',(-1.587197341538,15.15,5.725065307182));
#2194 = ORIENTED_EDGE('',*,*,#1751,.T.);
#2195 = ORIENTED_EDGE('',*,*,#2117,.F.);
#2196 = ( BOUNDED_SURFACE() B_SPLINE_SURFACE(2,1,(
    (#2197,#2198)
    ,(#2199,#2200)
    ,(#2201,#2202)
    ,(#2203,#2204)
    ,(#2205,#2206
)),.UNSPECIFIED.,.F.,.F.,.F.) B_SPLINE_SURFACE_WITH_KNOTS((3,2,3),(2,2),
  (3.14159265359,4.712388980385,6.28318530718),(0.5,8.),
.PIECEWISE_BEZIER_KNOTS.) GEOMETRIC_REPRESENTATION_ITEM() 
RATIONAL_B_SPLINE_SURFACE((
    (1.,1.)
    ,(0.707106781187,0.707106781187)
    ,(1.,1.)
    ,(0.707106781187,0.707106781187)
,(1.,1.))) REPRESENTATION_ITEM('') SURFACE() );
#2197 = CARTESIAN_POINT('',(2.1,15.15,4.35));
#2198 = CARTESIAN_POINT('',(2.1,7.65,4.35));
#2199 = CARTESIAN_POINT('',(2.1,15.15,6.45));
#2200 = CARTESIAN_POINT('',(2.1,7.65,6.45));
#2201 = CARTESIAN_POINT('',(3.996802888651E-15,15.15,6.45));
#2202 = CARTESIAN_POINT('',(3.996802888651E-15,7.65,6.45));
#2203 = CARTESIAN_POINT('',(-2.1,15.15,6.45));
#2204 = CARTESIAN_POINT('',(-2.1,7.65,6.45));
#2205 = CARTESIAN_POINT('',(-2.1,15.15,4.35));
#2206 = CARTESIAN_POINT('',(-2.1,7.65,4.35));
#2207 = ADVANCED_FACE('',(#2208),#2256,.F.);
#2208 = FACE_BOUND('',#2209,.F.);
#2209 = EDGE_LOOP('',(#2210,#2211,#2212,#2213,#2220,#2228,#2233,#2234,
    #2241,#2249,#2254,#2255));
#2210 = ORIENTED_EDGE('',*,*,#2127,.F.);
#2211 = ORIENTED_EDGE('',*,*,#1680,.F.);
#2212 = ORIENTED_EDGE('',*,*,#2102,.T.);
#2213 = ORIENTED_EDGE('',*,*,#2214,.F.);
#2214 = EDGE_CURVE('',#2215,#2080,#2217,.T.);
#2215 = VERTEX_POINT('',#2216);
#2216 = CARTESIAN_POINT('',(-0.625681259449,7.85,3.936450774907));
#2217 = B_SPLINE_CURVE_WITH_KNOTS('',1,(#2218,#2219),.UNSPECIFIED.,.F.,
  .F.,(2,2),(0.,7.8),.PIECEWISE_BEZIER_KNOTS.);
#2218 = CARTESIAN_POINT('',(-0.625681259449,7.85,3.936450774907));
#2219 = CARTESIAN_POINT('',(-0.625681259449,15.65,3.936450774907));
#2220 = ORIENTED_EDGE('',*,*,#2221,.F.);
#2221 = EDGE_CURVE('',#2222,#2215,#2224,.T.);
#2222 = VERTEX_POINT('',#2223);
#2223 = CARTESIAN_POINT('',(-0.413549225093,7.85,3.724318740551));
#2224 = ( BOUNDED_CURVE() B_SPLINE_CURVE(2,(#2225,#2226,#2227),
.UNSPECIFIED.,.F.,.F.) B_SPLINE_CURVE_WITH_KNOTS((3,3),(2.154836569402,
2.557552410983),.PIECEWISE_BEZIER_KNOTS.) CURVE() 
GEOMETRIC_REPRESENTATION_ITEM() RATIONAL_B_SPLINE_CURVE((1.,
0.979795897113,1.)) REPRESENTATION_ITEM('') );
#2225 = CARTESIAN_POINT('',(-0.413549225093,7.85,3.724318740551));
#2226 = CARTESIAN_POINT('',(-0.541265877365,7.85,3.808734122635));
#2227 = CARTESIAN_POINT('',(-0.625681259449,7.85,3.936450774907));
#2228 = ORIENTED_EDGE('',*,*,#2229,.T.);
#2229 = EDGE_CURVE('',#2222,#1879,#2230,.T.);
#2230 = B_SPLINE_CURVE_WITH_KNOTS('',1,(#2231,#2232),.UNSPECIFIED.,.F.,
  .F.,(2,2),(0.,7.8),.PIECEWISE_BEZIER_KNOTS.);
#2231 = CARTESIAN_POINT('',(-0.413549225093,7.85,3.724318740551));
#2232 = CARTESIAN_POINT('',(-0.413549225093,15.65,3.724318740551));
#2233 = ORIENTED_EDGE('',*,*,#1885,.T.);
#2234 = ORIENTED_EDGE('',*,*,#2235,.F.);
#2235 = EDGE_CURVE('',#2236,#1886,#2238,.T.);
#2236 = VERTEX_POINT('',#2237);
#2237 = CARTESIAN_POINT('',(0.413549225093,7.85,3.724318740551));
#2238 = B_SPLINE_CURVE_WITH_KNOTS('',1,(#2239,#2240),.UNSPECIFIED.,.F.,
  .F.,(2,2),(0.,7.8),.PIECEWISE_BEZIER_KNOTS.);
#2239 = CARTESIAN_POINT('',(0.413549225093,7.85,3.724318740551));
#2240 = CARTESIAN_POINT('',(0.413549225093,15.65,3.724318740551));
#2241 = ORIENTED_EDGE('',*,*,#2242,.F.);
#2242 = EDGE_CURVE('',#2243,#2236,#2245,.T.);
#2243 = VERTEX_POINT('',#2244);
#2244 = CARTESIAN_POINT('',(0.625681259449,7.85,3.936450774907));
#2245 = ( BOUNDED_CURVE() B_SPLINE_CURVE(2,(#2246,#2247,#2248),
.UNSPECIFIED.,.F.,.F.) B_SPLINE_CURVE_WITH_KNOTS((3,3),(0.584040242607,
0.986756084188),.PIECEWISE_BEZIER_KNOTS.) CURVE() 
GEOMETRIC_REPRESENTATION_ITEM() RATIONAL_B_SPLINE_CURVE((1.,
0.979795897113,1.)) REPRESENTATION_ITEM('') );
#2246 = CARTESIAN_POINT('',(0.625681259449,7.85,3.936450774907));
#2247 = CARTESIAN_POINT('',(0.541265877365,7.85,3.808734122635));
#2248 = CARTESIAN_POINT('',(0.413549225093,7.85,3.724318740551));
#2249 = ORIENTED_EDGE('',*,*,#2250,.T.);
#2250 = EDGE_CURVE('',#2243,#1917,#2251,.T.);
#2251 = B_SPLINE_CURVE_WITH_KNOTS('',1,(#2252,#2253),.UNSPECIFIED.,.F.,
  .F.,(2,2),(0.,7.8),.PIECEWISE_BEZIER_KNOTS.);
#2252 = CARTESIAN_POINT('',(0.625681259449,7.85,3.936450774907));
#2253 = CARTESIAN_POINT('',(0.625681259449,15.65,3.936450774907));
#2254 = ORIENTED_EDGE('',*,*,#1923,.T.);
#2255 = ORIENTED_EDGE('',*,*,#1697,.T.);
#2256 = ( BOUNDED_SURFACE() B_SPLINE_SURFACE(2,1,(
    (#2257,#2258)
    ,(#2259,#2260)
    ,(#2261,#2262)
    ,(#2263,#2264)
    ,(#2265,#2266
)),.UNSPECIFIED.,.F.,.F.,.F.) B_SPLINE_SURFACE_WITH_KNOTS((3,2,3),(2,2),
  (0.,1.570796326795,3.14159265359),(0.,8.),.PIECEWISE_BEZIER_KNOTS.) 
GEOMETRIC_REPRESENTATION_ITEM() RATIONAL_B_SPLINE_SURFACE((
    (1.,1.)
    ,(0.707106781187,0.707106781187)
    ,(1.,1.)
    ,(0.707106781187,0.707106781187)
,(1.,1.))) REPRESENTATION_ITEM('') SURFACE() );
#2257 = CARTESIAN_POINT('',(-0.75,15.65,4.35));
#2258 = CARTESIAN_POINT('',(-0.75,7.65,4.35));
#2259 = CARTESIAN_POINT('',(-0.75,15.65,3.6));
#2260 = CARTESIAN_POINT('',(-0.75,7.65,3.6));
#2261 = CARTESIAN_POINT('',(0.,15.65,3.6));
#2262 = CARTESIAN_POINT('',(0.,7.65,3.6));
#2263 = CARTESIAN_POINT('',(0.75,15.65,3.6));
#2264 = CARTESIAN_POINT('',(0.75,7.65,3.6));
#2265 = CARTESIAN_POINT('',(0.75,15.65,4.35));
#2266 = CARTESIAN_POINT('',(0.75,7.65,4.35));
#2267 = ADVANCED_FACE('',(#2268),#2291,.T.);
#2268 = FACE_BOUND('',#2269,.T.);
#2269 = EDGE_LOOP('',(#2270,#2279,#2280,#2281,#2290));
#2270 = ORIENTED_EDGE('',*,*,#2271,.T.);
#2271 = EDGE_CURVE('',#2082,#1759,#2272,.T.);
#2272 = B_SPLINE_CURVE_WITH_KNOTS('',3,(#2273,#2274,#2275,#2276,#2277,
    #2278),.UNSPECIFIED.,.F.,.F.,(4,2,4),(7.843649201753E-04,
    1.175634019461E-03,1.566903118747E-03),.UNSPECIFIED.);
#2273 = CARTESIAN_POINT('',(-1.232454049785,15.65,3.329677984571));
#2274 = CARTESIAN_POINT('',(-1.324820695115,15.65,3.237311339241));
#2275 = CARTESIAN_POINT('',(-1.416733394675,15.597238303722,
    3.145398639681));
#2276 = CARTESIAN_POINT('',(-1.549288764264,15.410847733105,
    3.012843270092));
#2277 = CARTESIAN_POINT('',(-1.587197341538,15.282298934456,
    2.974934692818));
#2278 = CARTESIAN_POINT('',(-1.587197341538,15.15,2.974934692818));
#2279 = ORIENTED_EDGE('',*,*,#1758,.T.);
#2280 = ORIENTED_EDGE('',*,*,#2189,.T.);
#2281 = ORIENTED_EDGE('',*,*,#2282,.T.);
#2282 = EDGE_CURVE('',#2183,#2089,#2283,.T.);
#2283 = B_SPLINE_CURVE_WITH_KNOTS('',3,(#2284,#2285,#2286,#2287,#2288,
    #2289),.UNSPECIFIED.,.F.,.F.,(4,2,4),(1.97165671932E-07,
    3.917772435257E-04,7.833573213795E-04),.UNSPECIFIED.);
#2284 = CARTESIAN_POINT('',(-1.587197341538,15.15,5.725065307182));
#2285 = CARTESIAN_POINT('',(-1.587197341538,15.282398548944,
    5.725065307182));
#2286 = CARTESIAN_POINT('',(-1.548572031389,15.411844140656,
    5.686439997033));
#2287 = CARTESIAN_POINT('',(-1.417481201327,15.596198199582,
    5.555349166971));
#2288 = CARTESIAN_POINT('',(-1.324895582838,15.65,5.462763548482));
#2289 = CARTESIAN_POINT('',(-1.232454049785,15.65,5.370322015429));
#2290 = ORIENTED_EDGE('',*,*,#2088,.T.);
#2291 = ( BOUNDED_SURFACE() B_SPLINE_SURFACE(2,2,(
    (#2292,#2293,#2294)
    ,(#2295,#2296,#2297)
    ,(#2298,#2299,#2300
)),.UNSPECIFIED.,.F.,.F.,.F.) B_SPLINE_SURFACE_WITH_KNOTS((3,3),(3,3),(
    2.427683940078,3.855501367102),(0.,1.570796326795),
.PIECEWISE_BEZIER_KNOTS.) GEOMETRIC_REPRESENTATION_ITEM() 
RATIONAL_B_SPLINE_SURFACE((
    (1.,0.707106781187,1.)
    ,(0.755808257875,0.53443714442,0.755808257875)
,(1.,0.707106781187,1.))) REPRESENTATION_ITEM('') SURFACE() );
#2292 = CARTESIAN_POINT('',(-1.587197341538,15.15,2.974934692818));
#2293 = CARTESIAN_POINT('',(-1.587197341538,15.65,2.974934692818));
#2294 = CARTESIAN_POINT('',(-1.2092932126,15.65,3.302331194528));
#2295 = CARTESIAN_POINT('',(-2.778482476368,15.15,4.35));
#2296 = CARTESIAN_POINT('',(-2.778482476368,15.65,4.35));
#2297 = CARTESIAN_POINT('',(-2.116939029613,15.65,4.35));
#2298 = CARTESIAN_POINT('',(-1.587197341538,15.15,5.725065307182));
#2299 = CARTESIAN_POINT('',(-1.587197341538,15.65,5.725065307182));
#2300 = CARTESIAN_POINT('',(-1.2092932126,15.65,5.397668805472));
#2301 = ADVANCED_FACE('',(#2302),#2316,.T.);
#2302 = FACE_BOUND('',#2303,.T.);
#2303 = EDGE_LOOP('',(#2304,#2305,#2310,#2311));
#2304 = ORIENTED_EDGE('',*,*,#2174,.F.);
#2305 = ORIENTED_EDGE('',*,*,#2306,.F.);
#2306 = EDGE_CURVE('',#1651,#2168,#2307,.T.);
#2307 = B_SPLINE_CURVE_WITH_KNOTS('',1,(#2308,#2309),.UNSPECIFIED.,.F.,
  .F.,(2,2),(-1.513093181762,-0.153304098031),.PIECEWISE_BEZIER_KNOTS.);
#2308 = CARTESIAN_POINT('',(-0.413549225093,7.85,4.975681259449));
#2309 = CARTESIAN_POINT('',(-1.375065307182,7.85,5.937197341538));
#2310 = ORIENTED_EDGE('',*,*,#1657,.F.);
#2311 = ORIENTED_EDGE('',*,*,#2312,.F.);
#2312 = EDGE_CURVE('',#2175,#1658,#2313,.T.);
#2313 = B_SPLINE_CURVE_WITH_KNOTS('',1,(#2314,#2315),.UNSPECIFIED.,.F.,
  .F.,(2,2),(0.153304098031,1.513093181762),.PIECEWISE_BEZIER_KNOTS.);
#2314 = CARTESIAN_POINT('',(-1.587197341538,7.85,5.725065307182));
#2315 = CARTESIAN_POINT('',(-0.625681259449,7.85,4.763549225093));
#2316 = B_SPLINE_SURFACE_WITH_KNOTS('',1,1,(
    (#2317,#2318)
    ,(#2319,#2320
    )),.UNSPECIFIED.,.F.,.F.,.F.,(2,2),(2,2),(-1.587197341538,
    -0.413549225093),(-1.587197341538,-0.413549225093),
  .PIECEWISE_BEZIER_KNOTS.);
#2317 = CARTESIAN_POINT('',(-1.587197341538,7.85,5.937197341538));
#2318 = CARTESIAN_POINT('',(-1.587197341538,7.85,4.763549225093));
#2319 = CARTESIAN_POINT('',(-0.413549225093,7.85,5.937197341538));
#2320 = CARTESIAN_POINT('',(-0.413549225093,7.85,4.763549225093));
#2321 = ADVANCED_FACE('',(#2322),#2329,.F.);
#2322 = FACE_BOUND('',#2323,.T.);
#2323 = EDGE_LOOP('',(#2324,#2325,#2326,#2327,#2328));
#2324 = ORIENTED_EDGE('',*,*,#2282,.F.);
#2325 = ORIENTED_EDGE('',*,*,#2182,.T.);
#2326 = ORIENTED_EDGE('',*,*,#2312,.T.);
#2327 = ORIENTED_EDGE('',*,*,#1665,.T.);
#2328 = ORIENTED_EDGE('',*,*,#2096,.F.);
#2329 = B_SPLINE_SURFACE_WITH_KNOTS('',1,1,(
    (#2330,#2331)
    ,(#2332,#2333
    )),.UNSPECIFIED.,.F.,.F.,.F.,(2,2),(2,2),(0.153304098031,
    1.513093181762),(-7.8,0.),.PIECEWISE_BEZIER_KNOTS.);
#2330 = CARTESIAN_POINT('',(-1.587197341538,15.65,5.725065307182));
#2331 = CARTESIAN_POINT('',(-1.587197341538,7.85,5.725065307182));
#2332 = CARTESIAN_POINT('',(-0.625681259449,15.65,4.763549225093));
#2333 = CARTESIAN_POINT('',(-0.625681259449,7.85,4.763549225093));
#2334 = ADVANCED_FACE('',(#2335),#2342,.F.);
#2335 = FACE_BOUND('',#2336,.T.);
#2336 = EDGE_LOOP('',(#2337,#2338,#2339,#2340,#2341));
#2337 = ORIENTED_EDGE('',*,*,#2306,.T.);
#2338 = ORIENTED_EDGE('',*,*,#2167,.T.);
#2339 = ORIENTED_EDGE('',*,*,#2049,.F.);
#2340 = ORIENTED_EDGE('',*,*,#1958,.F.);
#2341 = ORIENTED_EDGE('',*,*,#1650,.F.);
#2342 = B_SPLINE_SURFACE_WITH_KNOTS('',1,1,(
    (#2343,#2344)
    ,(#2345,#2346
    )),.UNSPECIFIED.,.F.,.F.,.F.,(2,2),(2,2),(-1.513093181762,
    -0.153304098031),(-7.8,0.),.PIECEWISE_BEZIER_KNOTS.);
#2343 = CARTESIAN_POINT('',(-0.413549225093,15.65,4.975681259449));
#2344 = CARTESIAN_POINT('',(-0.413549225093,7.85,4.975681259449));
#2345 = CARTESIAN_POINT('',(-1.375065307182,15.65,5.937197341538));
#2346 = CARTESIAN_POINT('',(-1.375065307182,7.85,5.937197341538));
#2347 = ADVANCED_FACE('',(#2348),#2362,.T.);
#2348 = FACE_BOUND('',#2349,.T.);
#2349 = EDGE_LOOP('',(#2350,#2351,#2356,#2357));
#2350 = ORIENTED_EDGE('',*,*,#2153,.F.);
#2351 = ORIENTED_EDGE('',*,*,#2352,.F.);
#2352 = EDGE_CURVE('',#1619,#2147,#2353,.T.);
#2353 = B_SPLINE_CURVE_WITH_KNOTS('',1,(#2354,#2355),.UNSPECIFIED.,.F.,
  .F.,(2,2),(-1.513093181762,-0.153304098031),.PIECEWISE_BEZIER_KNOTS.);
#2354 = CARTESIAN_POINT('',(0.625681259449,7.85,4.763549225093));
#2355 = CARTESIAN_POINT('',(1.587197341538,7.85,5.725065307182));
#2356 = ORIENTED_EDGE('',*,*,#1627,.F.);
#2357 = ORIENTED_EDGE('',*,*,#2358,.F.);
#2358 = EDGE_CURVE('',#2154,#1628,#2359,.T.);
#2359 = B_SPLINE_CURVE_WITH_KNOTS('',1,(#2360,#2361),.UNSPECIFIED.,.F.,
  .F.,(2,2),(0.153304098031,1.513093181762),.PIECEWISE_BEZIER_KNOTS.);
#2360 = CARTESIAN_POINT('',(1.375065307182,7.85,5.937197341538));
#2361 = CARTESIAN_POINT('',(0.413549225093,7.85,4.975681259449));
#2362 = B_SPLINE_SURFACE_WITH_KNOTS('',1,1,(
    (#2363,#2364)
    ,(#2365,#2366
    )),.UNSPECIFIED.,.F.,.F.,.F.,(2,2),(2,2),(0.413549225093,
    1.587197341538),(-1.587197341538,-0.413549225093),
  .PIECEWISE_BEZIER_KNOTS.);
#2363 = CARTESIAN_POINT('',(0.413549225093,7.85,5.937197341538));
#2364 = CARTESIAN_POINT('',(0.413549225093,7.85,4.763549225093));
#2365 = CARTESIAN_POINT('',(1.587197341538,7.85,5.937197341538));
#2366 = CARTESIAN_POINT('',(1.587197341538,7.85,4.763549225093));
#2367 = ADVANCED_FACE('',(#2368),#2375,.F.);
#2368 = FACE_BOUND('',#2369,.T.);
#2369 = EDGE_LOOP('',(#2370,#2371,#2372,#2373,#2374));
#2370 = ORIENTED_EDGE('',*,*,#2037,.F.);
#2371 = ORIENTED_EDGE('',*,*,#2161,.T.);
#2372 = ORIENTED_EDGE('',*,*,#2358,.T.);
#2373 = ORIENTED_EDGE('',*,*,#1635,.T.);
#2374 = ORIENTED_EDGE('',*,*,#1950,.F.);
#2375 = B_SPLINE_SURFACE_WITH_KNOTS('',1,1,(
    (#2376,#2377)
    ,(#2378,#2379
    )),.UNSPECIFIED.,.F.,.F.,.F.,(2,2),(2,2),(0.153304098031,
    1.513093181762),(-7.8,0.),.PIECEWISE_BEZIER_KNOTS.);
#2376 = CARTESIAN_POINT('',(1.375065307182,15.65,5.937197341538));
#2377 = CARTESIAN_POINT('',(1.375065307182,7.85,5.937197341538));
#2378 = CARTESIAN_POINT('',(0.413549225093,15.65,4.975681259449));
#2379 = CARTESIAN_POINT('',(0.413549225093,7.85,4.975681259449));
#2380 = ADVANCED_FACE('',(#2381),#2388,.F.);
#2381 = FACE_BOUND('',#2382,.T.);
#2382 = EDGE_LOOP('',(#2383,#2384,#2385,#2386,#2387));
#2383 = ORIENTED_EDGE('',*,*,#2352,.T.);
#2384 = ORIENTED_EDGE('',*,*,#2146,.T.);
#2385 = ORIENTED_EDGE('',*,*,#1854,.F.);
#2386 = ORIENTED_EDGE('',*,*,#1930,.F.);
#2387 = ORIENTED_EDGE('',*,*,#1618,.F.);
#2388 = B_SPLINE_SURFACE_WITH_KNOTS('',1,1,(
    (#2389,#2390)
    ,(#2391,#2392
    )),.UNSPECIFIED.,.F.,.F.,.F.,(2,2),(2,2),(-1.513093181762,
    -0.153304098031),(-7.8,0.),.PIECEWISE_BEZIER_KNOTS.);
#2389 = CARTESIAN_POINT('',(0.625681259449,15.65,4.763549225093));
#2390 = CARTESIAN_POINT('',(0.625681259449,7.85,4.763549225093));
#2391 = CARTESIAN_POINT('',(1.587197341538,15.65,5.725065307182));
#2392 = CARTESIAN_POINT('',(1.587197341538,7.85,5.725065307182));
#2393 = ADVANCED_FACE('',(#2394),#2408,.T.);
#2394 = FACE_BOUND('',#2395,.T.);
#2395 = EDGE_LOOP('',(#2396,#2397,#2402,#2403));
#2396 = ORIENTED_EDGE('',*,*,#1803,.F.);
#2397 = ORIENTED_EDGE('',*,*,#2398,.F.);
#2398 = EDGE_CURVE('',#2236,#1797,#2399,.T.);
#2399 = B_SPLINE_CURVE_WITH_KNOTS('',1,(#2400,#2401),.UNSPECIFIED.,.F.,
  .F.,(2,2),(-1.513093181762,-0.153304098031),.PIECEWISE_BEZIER_KNOTS.);
#2400 = CARTESIAN_POINT('',(0.413549225093,7.85,3.724318740551));
#2401 = CARTESIAN_POINT('',(1.375065307182,7.85,2.762802658462));
#2402 = ORIENTED_EDGE('',*,*,#2242,.F.);
#2403 = ORIENTED_EDGE('',*,*,#2404,.F.);
#2404 = EDGE_CURVE('',#1804,#2243,#2405,.T.);
#2405 = B_SPLINE_CURVE_WITH_KNOTS('',1,(#2406,#2407),.UNSPECIFIED.,.F.,
  .F.,(2,2),(0.153304098031,1.513093181762),.PIECEWISE_BEZIER_KNOTS.);
#2406 = CARTESIAN_POINT('',(1.587197341538,7.85,2.974934692818));
#2407 = CARTESIAN_POINT('',(0.625681259449,7.85,3.936450774907));
#2408 = B_SPLINE_SURFACE_WITH_KNOTS('',1,1,(
    (#2409,#2410)
    ,(#2411,#2412
    )),.UNSPECIFIED.,.F.,.F.,.F.,(2,2),(2,2),(0.413549225093,
    1.587197341538),(0.413549225093,1.587197341538),
  .PIECEWISE_BEZIER_KNOTS.);
#2409 = CARTESIAN_POINT('',(0.413549225093,7.85,3.936450774907));
#2410 = CARTESIAN_POINT('',(0.413549225093,7.85,2.762802658462));
#2411 = CARTESIAN_POINT('',(1.587197341538,7.85,3.936450774907));
#2412 = CARTESIAN_POINT('',(1.587197341538,7.85,2.762802658462));
#2413 = ADVANCED_FACE('',(#2414),#2421,.F.);
#2414 = FACE_BOUND('',#2415,.T.);
#2415 = EDGE_LOOP('',(#2416,#2417,#2418,#2419,#2420));
#2416 = ORIENTED_EDGE('',*,*,#2014,.F.);
#2417 = ORIENTED_EDGE('',*,*,#1811,.T.);
#2418 = ORIENTED_EDGE('',*,*,#2404,.T.);
#2419 = ORIENTED_EDGE('',*,*,#2250,.T.);
#2420 = ORIENTED_EDGE('',*,*,#1914,.F.);
#2421 = B_SPLINE_SURFACE_WITH_KNOTS('',1,1,(
    (#2422,#2423)
    ,(#2424,#2425
    )),.UNSPECIFIED.,.F.,.F.,.F.,(2,2),(2,2),(0.153304098031,
    1.513093181762),(-7.8,0.),.PIECEWISE_BEZIER_KNOTS.);
#2422 = CARTESIAN_POINT('',(1.587197341538,15.65,2.974934692818));
#2423 = CARTESIAN_POINT('',(1.587197341538,7.85,2.974934692818));
#2424 = CARTESIAN_POINT('',(0.625681259449,15.65,3.936450774907));
#2425 = CARTESIAN_POINT('',(0.625681259449,7.85,3.936450774907));
#2426 = ADVANCED_FACE('',(#2427),#2434,.F.);
#2427 = FACE_BOUND('',#2428,.T.);
#2428 = EDGE_LOOP('',(#2429,#2430,#2431,#2432,#2433));
#2429 = ORIENTED_EDGE('',*,*,#2398,.T.);
#2430 = ORIENTED_EDGE('',*,*,#1796,.T.);
#2431 = ORIENTED_EDGE('',*,*,#1989,.F.);
#2432 = ORIENTED_EDGE('',*,*,#1893,.F.);
#2433 = ORIENTED_EDGE('',*,*,#2235,.F.);
#2434 = B_SPLINE_SURFACE_WITH_KNOTS('',1,1,(
    (#2435,#2436)
    ,(#2437,#2438
    )),.UNSPECIFIED.,.F.,.F.,.F.,(2,2),(2,2),(-1.513093181762,
    -0.153304098031),(-7.8,0.),.PIECEWISE_BEZIER_KNOTS.);
#2435 = CARTESIAN_POINT('',(0.413549225093,15.65,3.724318740551));
#2436 = CARTESIAN_POINT('',(0.413549225093,7.85,3.724318740551));
#2437 = CARTESIAN_POINT('',(1.375065307182,15.65,2.762802658462));
#2438 = CARTESIAN_POINT('',(1.375065307182,7.85,2.762802658462));
#2439 = ADVANCED_FACE('',(#2440),#2454,.T.);
#2440 = FACE_BOUND('',#2441,.T.);
#2441 = EDGE_LOOP('',(#2442,#2443,#2448,#2449));
#2442 = ORIENTED_EDGE('',*,*,#1773,.F.);
#2443 = ORIENTED_EDGE('',*,*,#2444,.F.);
#2444 = EDGE_CURVE('',#2215,#1767,#2445,.T.);
#2445 = B_SPLINE_CURVE_WITH_KNOTS('',1,(#2446,#2447),.UNSPECIFIED.,.F.,
  .F.,(2,2),(-1.513093181762,-0.153304098031),.PIECEWISE_BEZIER_KNOTS.);
#2446 = CARTESIAN_POINT('',(-0.625681259449,7.85,3.936450774907));
#2447 = CARTESIAN_POINT('',(-1.587197341538,7.85,2.974934692818));
#2448 = ORIENTED_EDGE('',*,*,#2221,.F.);
#2449 = ORIENTED_EDGE('',*,*,#2450,.F.);
#2450 = EDGE_CURVE('',#1774,#2222,#2451,.T.);
#2451 = B_SPLINE_CURVE_WITH_KNOTS('',1,(#2452,#2453),.UNSPECIFIED.,.F.,
  .F.,(2,2),(0.153304098031,1.513093181762),.PIECEWISE_BEZIER_KNOTS.);
#2452 = CARTESIAN_POINT('',(-1.375065307182,7.85,2.762802658462));
#2453 = CARTESIAN_POINT('',(-0.413549225093,7.85,3.724318740551));
#2454 = B_SPLINE_SURFACE_WITH_KNOTS('',1,1,(
    (#2455,#2456)
    ,(#2457,#2458
    )),.UNSPECIFIED.,.F.,.F.,.F.,(2,2),(2,2),(-1.587197341538,
    -0.413549225093),(0.413549225093,1.587197341538),
  .PIECEWISE_BEZIER_KNOTS.);
#2455 = CARTESIAN_POINT('',(-1.587197341538,7.85,3.936450774907));
#2456 = CARTESIAN_POINT('',(-1.587197341538,7.85,2.762802658462));
#2457 = CARTESIAN_POINT('',(-0.413549225093,7.85,3.936450774907));
#2458 = CARTESIAN_POINT('',(-0.413549225093,7.85,2.762802658462));
#2459 = ADVANCED_FACE('',(#2460),#2467,.F.);
#2460 = FACE_BOUND('',#2461,.T.);
#2461 = EDGE_LOOP('',(#2462,#2463,#2464,#2465,#2466));
#2462 = ORIENTED_EDGE('',*,*,#1979,.F.);
#2463 = ORIENTED_EDGE('',*,*,#1781,.T.);
#2464 = ORIENTED_EDGE('',*,*,#2450,.T.);
#2465 = ORIENTED_EDGE('',*,*,#2229,.T.);
#2466 = ORIENTED_EDGE('',*,*,#1876,.F.);
#2467 = B_SPLINE_SURFACE_WITH_KNOTS('',1,1,(
    (#2468,#2469)
    ,(#2470,#2471
    )),.UNSPECIFIED.,.F.,.F.,.F.,(2,2),(2,2),(0.153304098031,
    1.513093181762),(-7.8,0.),.PIECEWISE_BEZIER_KNOTS.);
#2468 = CARTESIAN_POINT('',(-1.375065307182,15.65,2.762802658462));
#2469 = CARTESIAN_POINT('',(-1.375065307182,7.85,2.762802658462));
#2470 = CARTESIAN_POINT('',(-0.413549225093,15.65,3.724318740551));
#2471 = CARTESIAN_POINT('',(-0.413549225093,7.85,3.724318740551));
#2472 = ADVANCED_FACE('',(#2473),#2480,.F.);
#2473 = FACE_BOUND('',#2474,.T.);
#2474 = EDGE_LOOP('',(#2475,#2476,#2477,#2478,#2479));
#2475 = ORIENTED_EDGE('',*,*,#2444,.T.);
#2476 = ORIENTED_EDGE('',*,*,#1766,.T.);
#2477 = ORIENTED_EDGE('',*,*,#2271,.F.);
#2478 = ORIENTED_EDGE('',*,*,#2079,.F.);
#2479 = ORIENTED_EDGE('',*,*,#2214,.F.);
#2480 = B_SPLINE_SURFACE_WITH_KNOTS('',1,1,(
    (#2481,#2482)
    ,(#2483,#2484
    )),.UNSPECIFIED.,.F.,.F.,.F.,(2,2),(2,2),(-1.513093181762,
    -0.153304098031),(-7.8,0.),.PIECEWISE_BEZIER_KNOTS.);
#2481 = CARTESIAN_POINT('',(-0.625681259449,15.65,3.936450774907));
#2482 = CARTESIAN_POINT('',(-0.625681259449,7.85,3.936450774907));
#2483 = CARTESIAN_POINT('',(-1.587197341538,15.65,2.974934692818));
#2484 = CARTESIAN_POINT('',(-1.587197341538,7.85,2.974934692818));
#2485 = MANIFOLD_SOLID_BREP('',#2486);
#2486 = CLOSED_SHELL('',(#2487,#2637,#2679,#2735,#2782,#2866,#2913,#2969
    ,#3003,#3042,#3081,#3141,#3172,#3289,#3457,#3473,#3489,#3505,#3523,
    #3535,#3637,#3925,#3959,#4304,#4320,#4356,#4391,#4441,#4463,#4485,
    #4497,#4509,#4521,#4549,#4572,#4594,#4617,#4639,#4655,#4671,#4693,
    #4715,#4737,#4760,#4782,#4805,#4821,#4858,#4880,#4902,#4918,#4955,
    #4977,#5023,#5039,#5051,#5081,#5111,#5123,#5145,#5167,#5183,#5203,
    #5225,#5247,#5263,#5283,#5305,#5327,#5343,#5355,#5465,#5493,#5521,
    #5549,#5577,#5605,#5633,#5661,#5689,#5717,#5745,#5765,#5783,#5799,
    #5815,#5831,#5847,#5863,#5879,#5895,#5911,#5923,#5945,#5961,#5973,
    #5995,#6011,#6023,#6044,#6065,#6081));
#2487 = ADVANCED_FACE('',(#2488,#2518),#2632,.F.);
#2488 = FACE_BOUND('',#2489,.T.);
#2489 = EDGE_LOOP('',(#2490,#2499,#2506,#2513));
#2490 = ORIENTED_EDGE('',*,*,#2491,.F.);
#2491 = EDGE_CURVE('',#2492,#2494,#2496,.T.);
#2492 = VERTEX_POINT('',#2493);
#2493 = CARTESIAN_POINT('',(-3.55,15.75,0.3));
#2494 = VERTEX_POINT('',#2495);
#2495 = CARTESIAN_POINT('',(-1.200372396695,15.75,0.3));
#2496 = B_SPLINE_CURVE_WITH_KNOTS('',1,(#2497,#2498),.UNSPECIFIED.,.F.,
  .F.,(2,2),(0.,2.349627603305),.PIECEWISE_BEZIER_KNOTS.);
#2497 = CARTESIAN_POINT('',(-3.55,15.75,0.3));
#2498 = CARTESIAN_POINT('',(-1.200372396695,15.75,0.3));
#2499 = ORIENTED_EDGE('',*,*,#2500,.F.);
#2500 = EDGE_CURVE('',#2501,#2492,#2503,.T.);
#2501 = VERTEX_POINT('',#2502);
#2502 = CARTESIAN_POINT('',(-3.55,7.5,0.3));
#2503 = B_SPLINE_CURVE_WITH_KNOTS('',1,(#2504,#2505),.UNSPECIFIED.,.F.,
  .F.,(2,2),(-8.25,0.),.PIECEWISE_BEZIER_KNOTS.);
#2504 = CARTESIAN_POINT('',(-3.55,7.5,0.3));
#2505 = CARTESIAN_POINT('',(-3.55,15.75,0.3));
#2506 = ORIENTED_EDGE('',*,*,#2507,.F.);
#2507 = EDGE_CURVE('',#2508,#2501,#2510,.T.);
#2508 = VERTEX_POINT('',#2509);
#2509 = CARTESIAN_POINT('',(-1.200372396695,7.5,0.3));
#2510 = B_SPLINE_CURVE_WITH_KNOTS('',1,(#2511,#2512),.UNSPECIFIED.,.F.,
  .F.,(2,2),(-2.349627603305,0.),.PIECEWISE_BEZIER_KNOTS.);
#2511 = CARTESIAN_POINT('',(-1.200372396695,7.5,0.3));
#2512 = CARTESIAN_POINT('',(-3.55,7.5,0.3));
#2513 = ORIENTED_EDGE('',*,*,#2514,.F.);
#2514 = EDGE_CURVE('',#2494,#2508,#2515,.T.);
#2515 = B_SPLINE_CURVE_WITH_KNOTS('',1,(#2516,#2517),.UNSPECIFIED.,.F.,
  .F.,(2,2),(-0.4,7.85),.PIECEWISE_BEZIER_KNOTS.);
#2516 = CARTESIAN_POINT('',(-1.200372396695,15.75,0.3));
#2517 = CARTESIAN_POINT('',(-1.200372396695,7.5,0.3));
#2518 = FACE_BOUND('',#2519,.T.);
#2519 = EDGE_LOOP('',(#2520,#2529,#2536,#2543,#2550,#2557,#2564,#2571,
    #2578,#2585,#2592,#2599,#2606,#2613,#2620,#2627));
#2520 = ORIENTED_EDGE('',*,*,#2521,.F.);
#2521 = EDGE_CURVE('',#2522,#2524,#2526,.T.);
#2522 = VERTEX_POINT('',#2523);
#2523 = CARTESIAN_POINT('',(10.85,15.85,0.3));
#2524 = VERTEX_POINT('',#2525);
#2525 = CARTESIAN_POINT('',(10.85,16.35,0.3));
#2526 = B_SPLINE_CURVE_WITH_KNOTS('',1,(#2527,#2528),.UNSPECIFIED.,.F.,
  .F.,(2,2),(-0.5,0.),.PIECEWISE_BEZIER_KNOTS.);
#2527 = CARTESIAN_POINT('',(10.85,15.85,0.3));
#2528 = CARTESIAN_POINT('',(10.85,16.35,0.3));
#2529 = ORIENTED_EDGE('',*,*,#2530,.F.);
#2530 = EDGE_CURVE('',#2531,#2522,#2533,.T.);
#2531 = VERTEX_POINT('',#2532);
#2532 = CARTESIAN_POINT('',(11.35,15.85,0.3));
#2533 = B_SPLINE_CURVE_WITH_KNOTS('',1,(#2534,#2535),.UNSPECIFIED.,.F.,
  .F.,(2,2),(0.,0.5),.PIECEWISE_BEZIER_KNOTS.);
#2534 = CARTESIAN_POINT('',(11.35,15.85,0.3));
#2535 = CARTESIAN_POINT('',(10.85,15.85,0.3));
#2536 = ORIENTED_EDGE('',*,*,#2537,.T.);
#2537 = EDGE_CURVE('',#2531,#2538,#2540,.T.);
#2538 = VERTEX_POINT('',#2539);
#2539 = CARTESIAN_POINT('',(11.35,7.,0.3));
#2540 = B_SPLINE_CURVE_WITH_KNOTS('',1,(#2541,#2542),.UNSPECIFIED.,.F.,
  .F.,(2,2),(-8.2,0.65),.PIECEWISE_BEZIER_KNOTS.);
#2541 = CARTESIAN_POINT('',(11.35,15.85,0.3));
#2542 = CARTESIAN_POINT('',(11.35,7.,0.3));
#2543 = ORIENTED_EDGE('',*,*,#2544,.F.);
#2544 = EDGE_CURVE('',#2545,#2538,#2547,.T.);
#2545 = VERTEX_POINT('',#2546);
#2546 = CARTESIAN_POINT('',(9.85,7.,0.3));
#2547 = B_SPLINE_CURVE_WITH_KNOTS('',1,(#2548,#2549),.UNSPECIFIED.,.F.,
  .F.,(2,2),(-1.5,-0.),.PIECEWISE_BEZIER_KNOTS.);
#2548 = CARTESIAN_POINT('',(9.85,7.,0.3));
#2549 = CARTESIAN_POINT('',(11.35,7.,0.3));
#2550 = ORIENTED_EDGE('',*,*,#2551,.F.);
#2551 = EDGE_CURVE('',#2552,#2545,#2554,.T.);
#2552 = VERTEX_POINT('',#2553);
#2553 = CARTESIAN_POINT('',(9.85,5.,0.3));
#2554 = B_SPLINE_CURVE_WITH_KNOTS('',1,(#2555,#2556),.UNSPECIFIED.,.F.,
  .F.,(2,2),(-2.,0.),.PIECEWISE_BEZIER_KNOTS.);
#2555 = CARTESIAN_POINT('',(9.85,5.,0.3));
#2556 = CARTESIAN_POINT('',(9.85,7.,0.3));
#2557 = ORIENTED_EDGE('',*,*,#2558,.F.);
#2558 = EDGE_CURVE('',#2559,#2552,#2561,.T.);
#2559 = VERTEX_POINT('',#2560);
#2560 = CARTESIAN_POINT('',(11.35,5.,0.3));
#2561 = B_SPLINE_CURVE_WITH_KNOTS('',1,(#2562,#2563),.UNSPECIFIED.,.F.,
  .F.,(2,2),(-1.5,0.),.PIECEWISE_BEZIER_KNOTS.);
#2562 = CARTESIAN_POINT('',(11.35,5.,0.3));
#2563 = CARTESIAN_POINT('',(9.85,5.,0.3));
#2564 = ORIENTED_EDGE('',*,*,#2565,.T.);
#2565 = EDGE_CURVE('',#2559,#2566,#2568,.T.);
#2566 = VERTEX_POINT('',#2567);
#2567 = CARTESIAN_POINT('',(11.35,2.3,0.3));
#2568 = B_SPLINE_CURVE_WITH_KNOTS('',1,(#2569,#2570),.UNSPECIFIED.,.F.,
  .F.,(2,2),(2.65,5.35),.PIECEWISE_BEZIER_KNOTS.);
#2569 = CARTESIAN_POINT('',(11.35,5.,0.3));
#2570 = CARTESIAN_POINT('',(11.35,2.3,0.3));
#2571 = ORIENTED_EDGE('',*,*,#2572,.F.);
#2572 = EDGE_CURVE('',#2573,#2566,#2575,.T.);
#2573 = VERTEX_POINT('',#2574);
#2574 = CARTESIAN_POINT('',(-4.15,2.3,0.3));
#2575 = B_SPLINE_CURVE_WITH_KNOTS('',1,(#2576,#2577),.UNSPECIFIED.,.F.,
  .F.,(2,2),(-15.5,-0.),.PIECEWISE_BEZIER_KNOTS.);
#2576 = CARTESIAN_POINT('',(-4.15,2.3,0.3));
#2577 = CARTESIAN_POINT('',(11.35,2.3,0.3));
#2578 = ORIENTED_EDGE('',*,*,#2579,.T.);
#2579 = EDGE_CURVE('',#2573,#2580,#2582,.T.);
#2580 = VERTEX_POINT('',#2581);
#2581 = CARTESIAN_POINT('',(-4.15,5.,0.3));
#2582 = B_SPLINE_CURVE_WITH_KNOTS('',1,(#2583,#2584),.UNSPECIFIED.,.F.,
  .F.,(2,2),(0.65,3.35),.PIECEWISE_BEZIER_KNOTS.);
#2583 = CARTESIAN_POINT('',(-4.15,2.3,0.3));
#2584 = CARTESIAN_POINT('',(-4.15,5.,0.3));
#2585 = ORIENTED_EDGE('',*,*,#2586,.F.);
#2586 = EDGE_CURVE('',#2587,#2580,#2589,.T.);
#2587 = VERTEX_POINT('',#2588);
#2588 = CARTESIAN_POINT('',(-2.65,5.,0.3));
#2589 = B_SPLINE_CURVE_WITH_KNOTS('',1,(#2590,#2591),.UNSPECIFIED.,.F.,
  .F.,(2,2),(-8.881784197001E-16,1.5),.PIECEWISE_BEZIER_KNOTS.);
#2590 = CARTESIAN_POINT('',(-2.65,5.,0.3));
#2591 = CARTESIAN_POINT('',(-4.15,5.,0.3));
#2592 = ORIENTED_EDGE('',*,*,#2593,.F.);
#2593 = EDGE_CURVE('',#2594,#2587,#2596,.T.);
#2594 = VERTEX_POINT('',#2595);
#2595 = CARTESIAN_POINT('',(-2.65,7.,0.3));
#2596 = B_SPLINE_CURVE_WITH_KNOTS('',1,(#2597,#2598),.UNSPECIFIED.,.F.,
  .F.,(2,2),(0.,2.),.PIECEWISE_BEZIER_KNOTS.);
#2597 = CARTESIAN_POINT('',(-2.65,7.,0.3));
#2598 = CARTESIAN_POINT('',(-2.65,5.,0.3));
#2599 = ORIENTED_EDGE('',*,*,#2600,.F.);
#2600 = EDGE_CURVE('',#2601,#2594,#2603,.T.);
#2601 = VERTEX_POINT('',#2602);
#2602 = CARTESIAN_POINT('',(-4.15,7.,0.3));
#2603 = B_SPLINE_CURVE_WITH_KNOTS('',1,(#2604,#2605),.UNSPECIFIED.,.F.,
  .F.,(2,2),(0.,1.5),.PIECEWISE_BEZIER_KNOTS.);
#2604 = CARTESIAN_POINT('',(-4.15,7.,0.3));
#2605 = CARTESIAN_POINT('',(-2.65,7.,0.3));
#2606 = ORIENTED_EDGE('',*,*,#2607,.T.);
#2607 = EDGE_CURVE('',#2601,#2608,#2610,.T.);
#2608 = VERTEX_POINT('',#2609);
#2609 = CARTESIAN_POINT('',(-4.15,15.85,0.3));
#2610 = B_SPLINE_CURVE_WITH_KNOTS('',1,(#2611,#2612),.UNSPECIFIED.,.F.,
  .F.,(2,2),(5.35,14.2),.PIECEWISE_BEZIER_KNOTS.);
#2611 = CARTESIAN_POINT('',(-4.15,7.,0.3));
#2612 = CARTESIAN_POINT('',(-4.15,15.85,0.3));
#2613 = ORIENTED_EDGE('',*,*,#2614,.F.);
#2614 = EDGE_CURVE('',#2615,#2608,#2617,.T.);
#2615 = VERTEX_POINT('',#2616);
#2616 = CARTESIAN_POINT('',(-3.65,15.85,0.3));
#2617 = B_SPLINE_CURVE_WITH_KNOTS('',1,(#2618,#2619),.UNSPECIFIED.,.F.,
  .F.,(2,2),(-0.5,0.),.PIECEWISE_BEZIER_KNOTS.);
#2618 = CARTESIAN_POINT('',(-3.65,15.85,0.3));
#2619 = CARTESIAN_POINT('',(-4.15,15.85,0.3));
#2620 = ORIENTED_EDGE('',*,*,#2621,.F.);
#2621 = EDGE_CURVE('',#2622,#2615,#2624,.T.);
#2622 = VERTEX_POINT('',#2623);
#2623 = CARTESIAN_POINT('',(-3.65,16.35,0.3));
#2624 = B_SPLINE_CURVE_WITH_KNOTS('',1,(#2625,#2626),.UNSPECIFIED.,.F.,
  .F.,(2,2),(0.,0.5),.PIECEWISE_BEZIER_KNOTS.);
#2625 = CARTESIAN_POINT('',(-3.65,16.35,0.3));
#2626 = CARTESIAN_POINT('',(-3.65,15.85,0.3));
#2627 = ORIENTED_EDGE('',*,*,#2628,.T.);
#2628 = EDGE_CURVE('',#2622,#2524,#2629,.T.);
#2629 = B_SPLINE_CURVE_WITH_KNOTS('',1,(#2630,#2631),.UNSPECIFIED.,.F.,
  .F.,(2,2),(-15.,-0.5),.PIECEWISE_BEZIER_KNOTS.);
#2630 = CARTESIAN_POINT('',(-3.65,16.35,0.3));
#2631 = CARTESIAN_POINT('',(10.85,16.35,0.3));
#2632 = B_SPLINE_SURFACE_WITH_KNOTS('',1,1,(
    (#2633,#2634)
    ,(#2635,#2636
    )),.UNSPECIFIED.,.F.,.F.,.F.,(2,2),(2,2),(2.556213597756,
    16.606213597756),(-0.911039237159,14.588960762841),
  .PIECEWISE_BEZIER_KNOTS.);
#2633 = CARTESIAN_POINT('',(11.35,2.3,0.3));
#2634 = CARTESIAN_POINT('',(-4.15,2.3,0.3));
#2635 = CARTESIAN_POINT('',(11.35,16.35,0.3));
#2636 = CARTESIAN_POINT('',(-4.15,16.35,0.3));
#2637 = ADVANCED_FACE('',(#2638),#2674,.T.);
#2638 = FACE_BOUND('',#2639,.T.);
#2639 = EDGE_LOOP('',(#2640,#2649,#2656,#2661,#2662,#2669));
#2640 = ORIENTED_EDGE('',*,*,#2641,.F.);
#2641 = EDGE_CURVE('',#2642,#2644,#2646,.T.);
#2642 = VERTEX_POINT('',#2643);
#2643 = CARTESIAN_POINT('',(-4.15,5.5,-2.6645352591E-15));
#2644 = VERTEX_POINT('',#2645);
#2645 = CARTESIAN_POINT('',(-4.15,5.5,7.4));
#2646 = B_SPLINE_CURVE_WITH_KNOTS('',1,(#2647,#2648),.UNSPECIFIED.,.F.,
  .F.,(2,2),(-0.2995,7.1005),.PIECEWISE_BEZIER_KNOTS.);
#2647 = CARTESIAN_POINT('',(-4.15,5.5,-2.6645352591E-15));
#2648 = CARTESIAN_POINT('',(-4.15,5.5,7.4));
#2649 = ORIENTED_EDGE('',*,*,#2650,.F.);
#2650 = EDGE_CURVE('',#2651,#2642,#2653,.T.);
#2651 = VERTEX_POINT('',#2652);
#2652 = CARTESIAN_POINT('',(-4.15,5.,-2.6645352591E-15));
#2653 = B_SPLINE_CURVE_WITH_KNOTS('',1,(#2654,#2655),.UNSPECIFIED.,.F.,
  .F.,(2,2),(-0.5,0.),.PIECEWISE_BEZIER_KNOTS.);
#2654 = CARTESIAN_POINT('',(-4.15,5.,-2.6645352591E-15));
#2655 = CARTESIAN_POINT('',(-4.15,5.5,-2.6645352591E-15));
#2656 = ORIENTED_EDGE('',*,*,#2657,.T.);
#2657 = EDGE_CURVE('',#2651,#2580,#2658,.T.);
#2658 = B_SPLINE_CURVE_WITH_KNOTS('',1,(#2659,#2660),.UNSPECIFIED.,.F.,
  .F.,(2,2),(0.,0.3),.PIECEWISE_BEZIER_KNOTS.);
#2659 = CARTESIAN_POINT('',(-4.15,5.,-2.6645352591E-15));
#2660 = CARTESIAN_POINT('',(-4.15,5.,0.3));
#2661 = ORIENTED_EDGE('',*,*,#2579,.F.);
#2662 = ORIENTED_EDGE('',*,*,#2663,.F.);
#2663 = EDGE_CURVE('',#2664,#2573,#2666,.T.);
#2664 = VERTEX_POINT('',#2665);
#2665 = CARTESIAN_POINT('',(-4.15,2.3,7.4));
#2666 = B_SPLINE_CURVE_WITH_KNOTS('',1,(#2667,#2668),.UNSPECIFIED.,.F.,
  .F.,(2,2),(-7.1,-0.),.PIECEWISE_BEZIER_KNOTS.);
#2667 = CARTESIAN_POINT('',(-4.15,2.3,7.4));
#2668 = CARTESIAN_POINT('',(-4.15,2.3,0.3));
#2669 = ORIENTED_EDGE('',*,*,#2670,.T.);
#2670 = EDGE_CURVE('',#2664,#2644,#2671,.T.);
#2671 = B_SPLINE_CURVE_WITH_KNOTS('',1,(#2672,#2673),.UNSPECIFIED.,.F.,
  .F.,(2,2),(-5.35,-2.15),.PIECEWISE_BEZIER_KNOTS.);
#2672 = CARTESIAN_POINT('',(-4.15,2.3,7.4));
#2673 = CARTESIAN_POINT('',(-4.15,5.5,7.4));
#2674 = B_SPLINE_SURFACE_WITH_KNOTS('',1,1,(
    (#2675,#2676)
    ,(#2677,#2678)),.UNSPECIFIED.,.F.,.F.,.F.,(2,2),(2,2),(2.15,5.35),(
    -8.881784197001E-16,7.4),.PIECEWISE_BEZIER_KNOTS.);
#2675 = CARTESIAN_POINT('',(-4.15,5.5,-2.6645352591E-15));
#2676 = CARTESIAN_POINT('',(-4.15,5.5,7.4));
#2677 = CARTESIAN_POINT('',(-4.15,2.3,-2.6645352591E-15));
#2678 = CARTESIAN_POINT('',(-4.15,2.3,7.4));
#2679 = ADVANCED_FACE('',(#2680),#2730,.T.);
#2680 = FACE_BOUND('',#2681,.T.);
#2681 = EDGE_LOOP('',(#2682,#2691,#2698,#2703,#2704,#2711,#2718,#2725));
#2682 = ORIENTED_EDGE('',*,*,#2683,.F.);
#2683 = EDGE_CURVE('',#2684,#2686,#2688,.T.);
#2684 = VERTEX_POINT('',#2685);
#2685 = CARTESIAN_POINT('',(11.35,6.5,-2.6645352591E-15));
#2686 = VERTEX_POINT('',#2687);
#2687 = CARTESIAN_POINT('',(11.35,6.5,7.4));
#2688 = B_SPLINE_CURVE_WITH_KNOTS('',1,(#2689,#2690),.UNSPECIFIED.,.F.,
  .F.,(2,2),(-0.2995,7.1005),.PIECEWISE_BEZIER_KNOTS.);
#2689 = CARTESIAN_POINT('',(11.35,6.5,-2.6645352591E-15));
#2690 = CARTESIAN_POINT('',(11.35,6.5,7.4));
#2691 = ORIENTED_EDGE('',*,*,#2692,.F.);
#2692 = EDGE_CURVE('',#2693,#2684,#2695,.T.);
#2693 = VERTEX_POINT('',#2694);
#2694 = CARTESIAN_POINT('',(11.35,7.,-2.6645352591E-15));
#2695 = B_SPLINE_CURVE_WITH_KNOTS('',1,(#2696,#2697),.UNSPECIFIED.,.F.,
  .F.,(2,2),(-0.5,-0.),.PIECEWISE_BEZIER_KNOTS.);
#2696 = CARTESIAN_POINT('',(11.35,7.,-2.6645352591E-15));
#2697 = CARTESIAN_POINT('',(11.35,6.5,-2.6645352591E-15));
#2698 = ORIENTED_EDGE('',*,*,#2699,.T.);
#2699 = EDGE_CURVE('',#2693,#2538,#2700,.T.);
#2700 = B_SPLINE_CURVE_WITH_KNOTS('',1,(#2701,#2702),.UNSPECIFIED.,.F.,
  .F.,(2,2),(0.,0.3),.PIECEWISE_BEZIER_KNOTS.);
#2701 = CARTESIAN_POINT('',(11.35,7.,-2.6645352591E-15));
#2702 = CARTESIAN_POINT('',(11.35,7.,0.3));
#2703 = ORIENTED_EDGE('',*,*,#2537,.F.);
#2704 = ORIENTED_EDGE('',*,*,#2705,.F.);
#2705 = EDGE_CURVE('',#2706,#2531,#2708,.T.);
#2706 = VERTEX_POINT('',#2707);
#2707 = CARTESIAN_POINT('',(11.35,15.85,-2.6645352591E-15));
#2708 = B_SPLINE_CURVE_WITH_KNOTS('',1,(#2709,#2710),.UNSPECIFIED.,.F.,
  .F.,(2,2),(0.707106781187,1.007106781187),.PIECEWISE_BEZIER_KNOTS.);
#2709 = CARTESIAN_POINT('',(11.35,15.85,-2.6645352591E-15));
#2710 = CARTESIAN_POINT('',(11.35,15.85,0.3));
#2711 = ORIENTED_EDGE('',*,*,#2712,.T.);
#2712 = EDGE_CURVE('',#2706,#2713,#2715,.T.);
#2713 = VERTEX_POINT('',#2714);
#2714 = CARTESIAN_POINT('',(11.35,16.35,-2.6645352591E-15));
#2715 = B_SPLINE_CURVE_WITH_KNOTS('',1,(#2716,#2717),.UNSPECIFIED.,.F.,
  .F.,(2,2),(-0.5,0.),.PIECEWISE_BEZIER_KNOTS.);
#2716 = CARTESIAN_POINT('',(11.35,15.85,-2.6645352591E-15));
#2717 = CARTESIAN_POINT('',(11.35,16.35,-2.6645352591E-15));
#2718 = ORIENTED_EDGE('',*,*,#2719,.T.);
#2719 = EDGE_CURVE('',#2713,#2720,#2722,.T.);
#2720 = VERTEX_POINT('',#2721);
#2721 = CARTESIAN_POINT('',(11.35,16.35,7.4));
#2722 = B_SPLINE_CURVE_WITH_KNOTS('',1,(#2723,#2724),.UNSPECIFIED.,.F.,
  .F.,(2,2),(-7.4,0.),.PIECEWISE_BEZIER_KNOTS.);
#2723 = CARTESIAN_POINT('',(11.35,16.35,-2.6645352591E-15));
#2724 = CARTESIAN_POINT('',(11.35,16.35,7.4));
#2725 = ORIENTED_EDGE('',*,*,#2726,.T.);
#2726 = EDGE_CURVE('',#2720,#2686,#2727,.T.);
#2727 = B_SPLINE_CURVE_WITH_KNOTS('',1,(#2728,#2729),.UNSPECIFIED.,.F.,
  .F.,(2,2),(-8.7,1.15),.PIECEWISE_BEZIER_KNOTS.);
#2728 = CARTESIAN_POINT('',(11.35,16.35,7.4));
#2729 = CARTESIAN_POINT('',(11.35,6.5,7.4));
#2730 = B_SPLINE_SURFACE_WITH_KNOTS('',1,1,(
    (#2731,#2732)
    ,(#2733,#2734
    )),.UNSPECIFIED.,.F.,.F.,.F.,(2,2),(2,2),(-1.15,8.7),(
    -1.7763568394E-15,7.4),.PIECEWISE_BEZIER_KNOTS.);
#2731 = CARTESIAN_POINT('',(11.35,6.5,-3.552713678801E-15));
#2732 = CARTESIAN_POINT('',(11.35,6.5,7.4));
#2733 = CARTESIAN_POINT('',(11.35,16.35,-3.552713678801E-15));
#2734 = CARTESIAN_POINT('',(11.35,16.35,7.4));
#2735 = ADVANCED_FACE('',(#2736),#2775,.T.);
#2736 = FACE_BOUND('',#2737,.T.);
#2737 = EDGE_LOOP('',(#2738,#2748,#2755,#2761,#2762,#2770));
#2738 = ORIENTED_EDGE('',*,*,#2739,.F.);
#2739 = EDGE_CURVE('',#2740,#2742,#2744,.T.);
#2740 = VERTEX_POINT('',#2741);
#2741 = CARTESIAN_POINT('',(-3.4,5.25,8.368245836552));
#2742 = VERTEX_POINT('',#2743);
#2743 = CARTESIAN_POINT('',(-3.15,5.25,8.4));
#2744 = ( BOUNDED_CURVE() B_SPLINE_CURVE(2,(#2745,#2746,#2747),
.UNSPECIFIED.,.F.,.F.) B_SPLINE_CURVE_WITH_KNOTS((3,3),(4.459708725243,
4.712388980385),.PIECEWISE_BEZIER_KNOTS.) CURVE() 
GEOMETRIC_REPRESENTATION_ITEM() RATIONAL_B_SPLINE_CURVE((1.,
0.992029696267,1.)) REPRESENTATION_ITEM('') );
#2745 = CARTESIAN_POINT('',(-3.4,5.25,8.368245836552));
#2746 = CARTESIAN_POINT('',(-3.277016653793,5.25,8.4));
#2747 = CARTESIAN_POINT('',(-3.15,5.25,8.4));
#2748 = ORIENTED_EDGE('',*,*,#2749,.F.);
#2749 = EDGE_CURVE('',#2750,#2740,#2752,.T.);
#2750 = VERTEX_POINT('',#2751);
#2751 = CARTESIAN_POINT('',(-3.4,5.5,8.368245836552));
#2752 = B_SPLINE_CURVE_WITH_KNOTS('',1,(#2753,#2754),.UNSPECIFIED.,.F.,
  .F.,(2,2),(-5.756213597756,-5.506213597756),.PIECEWISE_BEZIER_KNOTS.);
#2753 = CARTESIAN_POINT('',(-3.4,5.5,8.368245836552));
#2754 = CARTESIAN_POINT('',(-3.4,5.25,8.368245836552));
#2755 = ORIENTED_EDGE('',*,*,#2756,.F.);
#2756 = EDGE_CURVE('',#2644,#2750,#2757,.T.);
#2757 = ( BOUNDED_CURVE() B_SPLINE_CURVE(2,(#2758,#2759,#2760),
.UNSPECIFIED.,.F.,.F.) B_SPLINE_CURVE_WITH_KNOTS((3,3),(3.14159265359,
4.459708725243),.PIECEWISE_BEZIER_KNOTS.) CURVE() 
GEOMETRIC_REPRESENTATION_ITEM() RATIONAL_B_SPLINE_CURVE((1.,
0.790569415042,1.)) REPRESENTATION_ITEM('') );
#2758 = CARTESIAN_POINT('',(-4.15,5.5,7.4));
#2759 = CARTESIAN_POINT('',(-4.15,5.5,8.174596669241));
#2760 = CARTESIAN_POINT('',(-3.4,5.5,8.368245836552));
#2761 = ORIENTED_EDGE('',*,*,#2670,.F.);
#2762 = ORIENTED_EDGE('',*,*,#2763,.F.);
#2763 = EDGE_CURVE('',#2764,#2664,#2766,.T.);
#2764 = VERTEX_POINT('',#2765);
#2765 = CARTESIAN_POINT('',(-3.15,2.3,8.4));
#2766 = ( BOUNDED_CURVE() B_SPLINE_CURVE(2,(#2767,#2768,#2769),
.UNSPECIFIED.,.F.,.F.) B_SPLINE_CURVE_WITH_KNOTS((3,3),(1.570796326795,
3.14159265359),.PIECEWISE_BEZIER_KNOTS.) CURVE() 
GEOMETRIC_REPRESENTATION_ITEM() RATIONAL_B_SPLINE_CURVE((1.,
0.707106781187,1.)) REPRESENTATION_ITEM('') );
#2767 = CARTESIAN_POINT('',(-3.15,2.3,8.4));
#2768 = CARTESIAN_POINT('',(-4.15,2.3,8.4));
#2769 = CARTESIAN_POINT('',(-4.15,2.3,7.4));
#2770 = ORIENTED_EDGE('',*,*,#2771,.F.);
#2771 = EDGE_CURVE('',#2742,#2764,#2772,.T.);
#2772 = B_SPLINE_CURVE_WITH_KNOTS('',1,(#2773,#2774),.UNSPECIFIED.,.F.,
  .F.,(2,2),(-5.506213597756,-2.556213597756),.PIECEWISE_BEZIER_KNOTS.);
#2773 = CARTESIAN_POINT('',(-3.15,5.25,8.4));
#2774 = CARTESIAN_POINT('',(-3.15,2.3,8.4));
#2775 = ( BOUNDED_SURFACE() B_SPLINE_SURFACE(2,1,(
    (#2776,#2777)
    ,(#2778,#2779)
    ,(#2780,#2781
)),.UNSPECIFIED.,.F.,.F.,.F.) B_SPLINE_SURFACE_WITH_KNOTS((3,3),(2,2),(
    1.570796326795,3.14159265359),(-5.756213597756,-2.556213597756),
.PIECEWISE_BEZIER_KNOTS.) GEOMETRIC_REPRESENTATION_ITEM() 
RATIONAL_B_SPLINE_SURFACE((
    (1.,1.)
    ,(0.707106781187,0.707106781187)
,(1.,1.))) REPRESENTATION_ITEM('') SURFACE() );
#2776 = CARTESIAN_POINT('',(-3.15,5.5,8.4));
#2777 = CARTESIAN_POINT('',(-3.15,2.3,8.4));
#2778 = CARTESIAN_POINT('',(-4.15,5.5,8.4));
#2779 = CARTESIAN_POINT('',(-4.15,2.3,8.4));
#2780 = CARTESIAN_POINT('',(-4.15,5.5,7.4));
#2781 = CARTESIAN_POINT('',(-4.15,2.3,7.4));
#2782 = ADVANCED_FACE('',(#2783),#2861,.T.);
#2783 = FACE_BOUND('',#2784,.T.);
#2784 = EDGE_LOOP('',(#2785,#2794,#2801,#2808,#2815,#2822,#2829,#2836,
    #2843,#2848,#2849,#2856));
#2785 = ORIENTED_EDGE('',*,*,#2786,.F.);
#2786 = EDGE_CURVE('',#2787,#2789,#2791,.T.);
#2787 = VERTEX_POINT('',#2788);
#2788 = CARTESIAN_POINT('',(10.1,5.25,8.4));
#2789 = VERTEX_POINT('',#2790);
#2790 = CARTESIAN_POINT('',(10.35,5.25,8.4));
#2791 = B_SPLINE_CURVE_WITH_KNOTS('',1,(#2792,#2793),.UNSPECIFIED.,.F.,
  .F.,(2,2),(-0.5,-0.25),.PIECEWISE_BEZIER_KNOTS.);
#2792 = CARTESIAN_POINT('',(10.1,5.25,8.4));
#2793 = CARTESIAN_POINT('',(10.35,5.25,8.4));
#2794 = ORIENTED_EDGE('',*,*,#2795,.F.);
#2795 = EDGE_CURVE('',#2796,#2787,#2798,.T.);
#2796 = VERTEX_POINT('',#2797);
#2797 = CARTESIAN_POINT('',(10.1,6.75,8.4));
#2798 = B_SPLINE_CURVE_WITH_KNOTS('',1,(#2799,#2800),.UNSPECIFIED.,.F.,
  .F.,(2,2),(0.,1.5),.PIECEWISE_BEZIER_KNOTS.);
#2799 = CARTESIAN_POINT('',(10.1,6.75,8.4));
#2800 = CARTESIAN_POINT('',(10.1,5.25,8.4));
#2801 = ORIENTED_EDGE('',*,*,#2802,.F.);
#2802 = EDGE_CURVE('',#2803,#2796,#2805,.T.);
#2803 = VERTEX_POINT('',#2804);
#2804 = CARTESIAN_POINT('',(10.35,6.75,8.4));
#2805 = B_SPLINE_CURVE_WITH_KNOTS('',1,(#2806,#2807),.UNSPECIFIED.,.F.,
  .F.,(2,2),(0.25,0.5),.PIECEWISE_BEZIER_KNOTS.);
#2806 = CARTESIAN_POINT('',(10.35,6.75,8.4));
#2807 = CARTESIAN_POINT('',(10.1,6.75,8.4));
#2808 = ORIENTED_EDGE('',*,*,#2809,.T.);
#2809 = EDGE_CURVE('',#2803,#2810,#2812,.T.);
#2810 = VERTEX_POINT('',#2811);
#2811 = CARTESIAN_POINT('',(10.35,16.35,8.4));
#2812 = B_SPLINE_CURVE_WITH_KNOTS('',1,(#2813,#2814),.UNSPECIFIED.,.F.,
  .F.,(2,2),(7.006213597756,16.606213597757),.PIECEWISE_BEZIER_KNOTS.);
#2813 = CARTESIAN_POINT('',(10.35,6.75,8.4));
#2814 = CARTESIAN_POINT('',(10.35,16.35,8.4));
#2815 = ORIENTED_EDGE('',*,*,#2816,.T.);
#2816 = EDGE_CURVE('',#2810,#2817,#2819,.T.);
#2817 = VERTEX_POINT('',#2818);
#2818 = CARTESIAN_POINT('',(-3.15,16.35,8.4));
#2819 = B_SPLINE_CURVE_WITH_KNOTS('',1,(#2820,#2821),.UNSPECIFIED.,.F.,
  .F.,(2,2),(-13.5,0.),.PIECEWISE_BEZIER_KNOTS.);
#2820 = CARTESIAN_POINT('',(10.35,16.35,8.4));
#2821 = CARTESIAN_POINT('',(-3.15,16.35,8.4));
#2822 = ORIENTED_EDGE('',*,*,#2823,.T.);
#2823 = EDGE_CURVE('',#2817,#2824,#2826,.T.);
#2824 = VERTEX_POINT('',#2825);
#2825 = CARTESIAN_POINT('',(-3.15,6.75,8.4));
#2826 = B_SPLINE_CURVE_WITH_KNOTS('',1,(#2827,#2828),.UNSPECIFIED.,.F.,
  .F.,(2,2),(-16.60621359775,-7.006213597756),.PIECEWISE_BEZIER_KNOTS.);
#2827 = CARTESIAN_POINT('',(-3.15,16.35,8.4));
#2828 = CARTESIAN_POINT('',(-3.15,6.75,8.4));
#2829 = ORIENTED_EDGE('',*,*,#2830,.F.);
#2830 = EDGE_CURVE('',#2831,#2824,#2833,.T.);
#2831 = VERTEX_POINT('',#2832);
#2832 = CARTESIAN_POINT('',(-2.9,6.75,8.4));
#2833 = B_SPLINE_CURVE_WITH_KNOTS('',1,(#2834,#2835),.UNSPECIFIED.,.F.,
  .F.,(2,2),(-0.5,-0.25),.PIECEWISE_BEZIER_KNOTS.);
#2834 = CARTESIAN_POINT('',(-2.9,6.75,8.4));
#2835 = CARTESIAN_POINT('',(-3.15,6.75,8.4));
#2836 = ORIENTED_EDGE('',*,*,#2837,.F.);
#2837 = EDGE_CURVE('',#2838,#2831,#2840,.T.);
#2838 = VERTEX_POINT('',#2839);
#2839 = CARTESIAN_POINT('',(-2.9,5.25,8.4));
#2840 = B_SPLINE_CURVE_WITH_KNOTS('',1,(#2841,#2842),.UNSPECIFIED.,.F.,
  .F.,(2,2),(-1.5,0.),.PIECEWISE_BEZIER_KNOTS.);
#2841 = CARTESIAN_POINT('',(-2.9,5.25,8.4));
#2842 = CARTESIAN_POINT('',(-2.9,6.75,8.4));
#2843 = ORIENTED_EDGE('',*,*,#2844,.F.);
#2844 = EDGE_CURVE('',#2742,#2838,#2845,.T.);
#2845 = B_SPLINE_CURVE_WITH_KNOTS('',1,(#2846,#2847),.UNSPECIFIED.,.F.,
  .F.,(2,2),(0.25,0.5),.PIECEWISE_BEZIER_KNOTS.);
#2846 = CARTESIAN_POINT('',(-3.15,5.25,8.4));
#2847 = CARTESIAN_POINT('',(-2.9,5.25,8.4));
#2848 = ORIENTED_EDGE('',*,*,#2771,.T.);
#2849 = ORIENTED_EDGE('',*,*,#2850,.F.);
#2850 = EDGE_CURVE('',#2851,#2764,#2853,.T.);
#2851 = VERTEX_POINT('',#2852);
#2852 = CARTESIAN_POINT('',(10.35,2.3,8.4));
#2853 = B_SPLINE_CURVE_WITH_KNOTS('',1,(#2854,#2855),.UNSPECIFIED.,.F.,
  .F.,(2,2),(-13.5,0.),.PIECEWISE_BEZIER_KNOTS.);
#2854 = CARTESIAN_POINT('',(10.35,2.3,8.4));
#2855 = CARTESIAN_POINT('',(-3.15,2.3,8.4));
#2856 = ORIENTED_EDGE('',*,*,#2857,.T.);
#2857 = EDGE_CURVE('',#2851,#2789,#2858,.T.);
#2858 = B_SPLINE_CURVE_WITH_KNOTS('',1,(#2859,#2860),.UNSPECIFIED.,.F.,
  .F.,(2,2),(2.556213597756,5.506213597756),.PIECEWISE_BEZIER_KNOTS.);
#2859 = CARTESIAN_POINT('',(10.35,2.3,8.4));
#2860 = CARTESIAN_POINT('',(10.35,5.25,8.4));
#2861 = B_SPLINE_SURFACE_WITH_KNOTS('',1,1,(
    (#2862,#2863)
    ,(#2864,#2865
    )),.UNSPECIFIED.,.F.,.F.,.F.,(2,2),(2,2),(2.556213597756,
    16.606213597757),(8.896076284075E-02,13.588960762841),
  .PIECEWISE_BEZIER_KNOTS.);
#2862 = CARTESIAN_POINT('',(10.35,2.3,8.4));
#2863 = CARTESIAN_POINT('',(-3.15,2.3,8.4));
#2864 = CARTESIAN_POINT('',(10.35,16.35,8.4));
#2865 = CARTESIAN_POINT('',(-3.15,16.35,8.4));
#2866 = ADVANCED_FACE('',(#2867),#2906,.T.);
#2867 = FACE_BOUND('',#2868,.T.);
#2868 = EDGE_LOOP('',(#2869,#2879,#2886,#2892,#2893,#2901));
#2869 = ORIENTED_EDGE('',*,*,#2870,.F.);
#2870 = EDGE_CURVE('',#2871,#2873,#2875,.T.);
#2871 = VERTEX_POINT('',#2872);
#2872 = CARTESIAN_POINT('',(10.6,5.5,8.368245836552));
#2873 = VERTEX_POINT('',#2874);
#2874 = CARTESIAN_POINT('',(11.35,5.5,7.4));
#2875 = ( BOUNDED_CURVE() B_SPLINE_CURVE(2,(#2876,#2877,#2878),
.UNSPECIFIED.,.F.,.F.) B_SPLINE_CURVE_WITH_KNOTS((3,3),(4.965069235527,
6.28318530718),.PIECEWISE_BEZIER_KNOTS.) CURVE() 
GEOMETRIC_REPRESENTATION_ITEM() RATIONAL_B_SPLINE_CURVE((1.,
0.790569415042,1.)) REPRESENTATION_ITEM('') );
#2876 = CARTESIAN_POINT('',(10.6,5.5,8.368245836552));
#2877 = CARTESIAN_POINT('',(11.35,5.5,8.174596669241));
#2878 = CARTESIAN_POINT('',(11.35,5.5,7.4));
#2879 = ORIENTED_EDGE('',*,*,#2880,.F.);
#2880 = EDGE_CURVE('',#2881,#2871,#2883,.T.);
#2881 = VERTEX_POINT('',#2882);
#2882 = CARTESIAN_POINT('',(10.6,5.25,8.368245836552));
#2883 = B_SPLINE_CURVE_WITH_KNOTS('',1,(#2884,#2885),.UNSPECIFIED.,.F.,
  .F.,(2,2),(5.506213597756,5.756213597756),.PIECEWISE_BEZIER_KNOTS.);
#2884 = CARTESIAN_POINT('',(10.6,5.25,8.368245836552));
#2885 = CARTESIAN_POINT('',(10.6,5.5,8.368245836552));
#2886 = ORIENTED_EDGE('',*,*,#2887,.F.);
#2887 = EDGE_CURVE('',#2789,#2881,#2888,.T.);
#2888 = ( BOUNDED_CURVE() B_SPLINE_CURVE(2,(#2889,#2890,#2891),
.UNSPECIFIED.,.F.,.F.) B_SPLINE_CURVE_WITH_KNOTS((3,3),(4.712388980385,
4.965069235527),.PIECEWISE_BEZIER_KNOTS.) CURVE() 
GEOMETRIC_REPRESENTATION_ITEM() RATIONAL_B_SPLINE_CURVE((1.,
0.992029696267,1.)) REPRESENTATION_ITEM('') );
#2889 = CARTESIAN_POINT('',(10.35,5.25,8.4));
#2890 = CARTESIAN_POINT('',(10.477016653793,5.25,8.4));
#2891 = CARTESIAN_POINT('',(10.6,5.25,8.368245836552));
#2892 = ORIENTED_EDGE('',*,*,#2857,.F.);
#2893 = ORIENTED_EDGE('',*,*,#2894,.F.);
#2894 = EDGE_CURVE('',#2895,#2851,#2897,.T.);
#2895 = VERTEX_POINT('',#2896);
#2896 = CARTESIAN_POINT('',(11.35,2.3,7.4));
#2897 = ( BOUNDED_CURVE() B_SPLINE_CURVE(2,(#2898,#2899,#2900),
.UNSPECIFIED.,.F.,.F.) B_SPLINE_CURVE_WITH_KNOTS((3,3),(0.,
1.570796326795),.PIECEWISE_BEZIER_KNOTS.) CURVE() 
GEOMETRIC_REPRESENTATION_ITEM() RATIONAL_B_SPLINE_CURVE((1.,
0.707106781187,1.)) REPRESENTATION_ITEM('') );
#2898 = CARTESIAN_POINT('',(11.35,2.3,7.4));
#2899 = CARTESIAN_POINT('',(11.35,2.3,8.4));
#2900 = CARTESIAN_POINT('',(10.35,2.3,8.4));
#2901 = ORIENTED_EDGE('',*,*,#2902,.F.);
#2902 = EDGE_CURVE('',#2873,#2895,#2903,.T.);
#2903 = B_SPLINE_CURVE_WITH_KNOTS('',1,(#2904,#2905),.UNSPECIFIED.,.F.,
  .F.,(2,2),(2.15,5.35),.PIECEWISE_BEZIER_KNOTS.);
#2904 = CARTESIAN_POINT('',(11.35,5.5,7.4));
#2905 = CARTESIAN_POINT('',(11.35,2.3,7.4));
#2906 = ( BOUNDED_SURFACE() B_SPLINE_SURFACE(2,1,(
    (#2907,#2908)
    ,(#2909,#2910)
    ,(#2911,#2912
)),.UNSPECIFIED.,.F.,.F.,.F.) B_SPLINE_SURFACE_WITH_KNOTS((3,3),(2,2),(
    1.570796326795,3.14159265359),(2.556213597756,5.756213597756),
.PIECEWISE_BEZIER_KNOTS.) GEOMETRIC_REPRESENTATION_ITEM() 
RATIONAL_B_SPLINE_SURFACE((
    (1.,1.)
    ,(0.707106781187,0.707106781187)
,(1.,1.))) REPRESENTATION_ITEM('') SURFACE() );
#2907 = CARTESIAN_POINT('',(10.35,2.3,8.4));
#2908 = CARTESIAN_POINT('',(10.35,5.5,8.4));
#2909 = CARTESIAN_POINT('',(11.35,2.3,8.4));
#2910 = CARTESIAN_POINT('',(11.35,5.5,8.4));
#2911 = CARTESIAN_POINT('',(11.35,2.3,7.4));
#2912 = CARTESIAN_POINT('',(11.35,5.5,7.4));
#2913 = ADVANCED_FACE('',(#2914),#2964,.T.);
#2914 = FACE_BOUND('',#2915,.T.);
#2915 = EDGE_LOOP('',(#2916,#2925,#2932,#2939,#2946,#2951,#2952,#2959));
#2916 = ORIENTED_EDGE('',*,*,#2917,.T.);
#2917 = EDGE_CURVE('',#2918,#2920,#2922,.T.);
#2918 = VERTEX_POINT('',#2919);
#2919 = CARTESIAN_POINT('',(-4.15,6.5,-2.6645352591E-15));
#2920 = VERTEX_POINT('',#2921);
#2921 = CARTESIAN_POINT('',(-4.15,6.5,7.4));
#2922 = B_SPLINE_CURVE_WITH_KNOTS('',1,(#2923,#2924),.UNSPECIFIED.,.F.,
  .F.,(2,2),(-0.2995,7.1005),.PIECEWISE_BEZIER_KNOTS.);
#2923 = CARTESIAN_POINT('',(-4.15,6.5,-2.6645352591E-15));
#2924 = CARTESIAN_POINT('',(-4.15,6.5,7.4));
#2925 = ORIENTED_EDGE('',*,*,#2926,.T.);
#2926 = EDGE_CURVE('',#2920,#2927,#2929,.T.);
#2927 = VERTEX_POINT('',#2928);
#2928 = CARTESIAN_POINT('',(-4.15,16.35,7.4));
#2929 = B_SPLINE_CURVE_WITH_KNOTS('',1,(#2930,#2931),.UNSPECIFIED.,.F.,
  .F.,(2,2),(-1.15,8.7),.PIECEWISE_BEZIER_KNOTS.);
#2930 = CARTESIAN_POINT('',(-4.15,6.5,7.4));
#2931 = CARTESIAN_POINT('',(-4.15,16.35,7.4));
#2932 = ORIENTED_EDGE('',*,*,#2933,.T.);
#2933 = EDGE_CURVE('',#2927,#2934,#2936,.T.);
#2934 = VERTEX_POINT('',#2935);
#2935 = CARTESIAN_POINT('',(-4.15,16.35,-2.6645352591E-15));
#2936 = B_SPLINE_CURVE_WITH_KNOTS('',1,(#2937,#2938),.UNSPECIFIED.,.F.,
  .F.,(2,2),(-7.1,0.3),.PIECEWISE_BEZIER_KNOTS.);
#2937 = CARTESIAN_POINT('',(-4.15,16.35,7.4));
#2938 = CARTESIAN_POINT('',(-4.15,16.35,-2.6645352591E-15));
#2939 = ORIENTED_EDGE('',*,*,#2940,.T.);
#2940 = EDGE_CURVE('',#2934,#2941,#2943,.T.);
#2941 = VERTEX_POINT('',#2942);
#2942 = CARTESIAN_POINT('',(-4.15,15.85,-2.6645352591E-15));
#2943 = B_SPLINE_CURVE_WITH_KNOTS('',1,(#2944,#2945),.UNSPECIFIED.,.F.,
  .F.,(2,2),(0.,0.5),.PIECEWISE_BEZIER_KNOTS.);
#2944 = CARTESIAN_POINT('',(-4.15,16.35,-2.6645352591E-15));
#2945 = CARTESIAN_POINT('',(-4.15,15.85,-2.6645352591E-15));
#2946 = ORIENTED_EDGE('',*,*,#2947,.T.);
#2947 = EDGE_CURVE('',#2941,#2608,#2948,.T.);
#2948 = B_SPLINE_CURVE_WITH_KNOTS('',1,(#2949,#2950),.UNSPECIFIED.,.F.,
  .F.,(2,2),(0.707106781187,1.007106781187),.PIECEWISE_BEZIER_KNOTS.);
#2949 = CARTESIAN_POINT('',(-4.15,15.85,-2.6645352591E-15));
#2950 = CARTESIAN_POINT('',(-4.15,15.85,0.3));
#2951 = ORIENTED_EDGE('',*,*,#2607,.F.);
#2952 = ORIENTED_EDGE('',*,*,#2953,.F.);
#2953 = EDGE_CURVE('',#2954,#2601,#2956,.T.);
#2954 = VERTEX_POINT('',#2955);
#2955 = CARTESIAN_POINT('',(-4.15,7.,-2.6645352591E-15));
#2956 = B_SPLINE_CURVE_WITH_KNOTS('',1,(#2957,#2958),.UNSPECIFIED.,.F.,
  .F.,(2,2),(0.,0.3),.PIECEWISE_BEZIER_KNOTS.);
#2957 = CARTESIAN_POINT('',(-4.15,7.,-2.6645352591E-15));
#2958 = CARTESIAN_POINT('',(-4.15,7.,0.3));
#2959 = ORIENTED_EDGE('',*,*,#2960,.F.);
#2960 = EDGE_CURVE('',#2918,#2954,#2961,.T.);
#2961 = B_SPLINE_CURVE_WITH_KNOTS('',1,(#2962,#2963),.UNSPECIFIED.,.F.,
  .F.,(2,2),(0.,0.5),.PIECEWISE_BEZIER_KNOTS.);
#2962 = CARTESIAN_POINT('',(-4.15,6.5,-2.6645352591E-15));
#2963 = CARTESIAN_POINT('',(-4.15,7.,-2.6645352591E-15));
#2964 = B_SPLINE_SURFACE_WITH_KNOTS('',1,1,(
    (#2965,#2966)
    ,(#2967,#2968)),.UNSPECIFIED.,.F.,.F.,.F.,(2,2),(2,2),(-8.7,1.15),(
    -8.881784197001E-16,7.4),.PIECEWISE_BEZIER_KNOTS.);
#2965 = CARTESIAN_POINT('',(-4.15,16.35,-2.6645352591E-15));
#2966 = CARTESIAN_POINT('',(-4.15,16.35,7.4));
#2967 = CARTESIAN_POINT('',(-4.15,6.5,-2.6645352591E-15));
#2968 = CARTESIAN_POINT('',(-4.15,6.5,7.4));
#2969 = ADVANCED_FACE('',(#2970),#2998,.T.);
#2970 = FACE_BOUND('',#2971,.T.);
#2971 = EDGE_LOOP('',(#2972,#2979,#2980,#2985,#2986,#2993));
#2972 = ORIENTED_EDGE('',*,*,#2973,.T.);
#2973 = EDGE_CURVE('',#2974,#2873,#2976,.T.);
#2974 = VERTEX_POINT('',#2975);
#2975 = CARTESIAN_POINT('',(11.35,5.5,-2.6645352591E-15));
#2976 = B_SPLINE_CURVE_WITH_KNOTS('',1,(#2977,#2978),.UNSPECIFIED.,.F.,
  .F.,(2,2),(-0.2995,7.1005),.PIECEWISE_BEZIER_KNOTS.);
#2977 = CARTESIAN_POINT('',(11.35,5.5,-2.6645352591E-15));
#2978 = CARTESIAN_POINT('',(11.35,5.5,7.4));
#2979 = ORIENTED_EDGE('',*,*,#2902,.T.);
#2980 = ORIENTED_EDGE('',*,*,#2981,.F.);
#2981 = EDGE_CURVE('',#2566,#2895,#2982,.T.);
#2982 = B_SPLINE_CURVE_WITH_KNOTS('',1,(#2983,#2984),.UNSPECIFIED.,.F.,
  .F.,(2,2),(-7.1,0.),.PIECEWISE_BEZIER_KNOTS.);
#2983 = CARTESIAN_POINT('',(11.35,2.3,0.3));
#2984 = CARTESIAN_POINT('',(11.35,2.3,7.4));
#2985 = ORIENTED_EDGE('',*,*,#2565,.F.);
#2986 = ORIENTED_EDGE('',*,*,#2987,.F.);
#2987 = EDGE_CURVE('',#2988,#2559,#2990,.T.);
#2988 = VERTEX_POINT('',#2989);
#2989 = CARTESIAN_POINT('',(11.35,5.,-2.6645352591E-15));
#2990 = B_SPLINE_CURVE_WITH_KNOTS('',1,(#2991,#2992),.UNSPECIFIED.,.F.,
  .F.,(2,2),(0.,0.3),.PIECEWISE_BEZIER_KNOTS.);
#2991 = CARTESIAN_POINT('',(11.35,5.,-2.6645352591E-15));
#2992 = CARTESIAN_POINT('',(11.35,5.,0.3));
#2993 = ORIENTED_EDGE('',*,*,#2994,.F.);
#2994 = EDGE_CURVE('',#2974,#2988,#2995,.T.);
#2995 = B_SPLINE_CURVE_WITH_KNOTS('',1,(#2996,#2997),.UNSPECIFIED.,.F.,
  .F.,(2,2),(0.,0.5),.PIECEWISE_BEZIER_KNOTS.);
#2996 = CARTESIAN_POINT('',(11.35,5.5,-2.6645352591E-15));
#2997 = CARTESIAN_POINT('',(11.35,5.,-2.6645352591E-15));
#2998 = B_SPLINE_SURFACE_WITH_KNOTS('',1,1,(
    (#2999,#3000)
    ,(#3001,#3002
  )),.UNSPECIFIED.,.F.,.F.,.F.,(2,2),(2,2),(-5.35,-2.15),(
    -8.881784197001E-16,7.4),.PIECEWISE_BEZIER_KNOTS.);
#2999 = CARTESIAN_POINT('',(11.35,2.3,-2.6645352591E-15));
#3000 = CARTESIAN_POINT('',(11.35,2.3,7.4));
#3001 = CARTESIAN_POINT('',(11.35,5.5,-2.6645352591E-15));
#3002 = CARTESIAN_POINT('',(11.35,5.5,7.4));
#3003 = ADVANCED_FACE('',(#3004),#3035,.T.);
#3004 = FACE_BOUND('',#3005,.T.);
#3005 = EDGE_LOOP('',(#3006,#3014,#3015,#3021,#3022,#3030));
#3006 = ORIENTED_EDGE('',*,*,#3007,.F.);
#3007 = EDGE_CURVE('',#2686,#3008,#3010,.T.);
#3008 = VERTEX_POINT('',#3009);
#3009 = CARTESIAN_POINT('',(10.6,6.5,8.368245836552));
#3010 = ( BOUNDED_CURVE() B_SPLINE_CURVE(2,(#3011,#3012,#3013),
.UNSPECIFIED.,.F.,.F.) B_SPLINE_CURVE_WITH_KNOTS((3,3),(3.14159265359,
4.459708725243),.PIECEWISE_BEZIER_KNOTS.) CURVE() 
GEOMETRIC_REPRESENTATION_ITEM() RATIONAL_B_SPLINE_CURVE((1.,
0.790569415042,1.)) REPRESENTATION_ITEM('') );
#3011 = CARTESIAN_POINT('',(11.35,6.5,7.4));
#3012 = CARTESIAN_POINT('',(11.35,6.5,8.174596669241));
#3013 = CARTESIAN_POINT('',(10.6,6.5,8.368245836552));
#3014 = ORIENTED_EDGE('',*,*,#2726,.F.);
#3015 = ORIENTED_EDGE('',*,*,#3016,.T.);
#3016 = EDGE_CURVE('',#2720,#2810,#3017,.T.);
#3017 = ( BOUNDED_CURVE() B_SPLINE_CURVE(2,(#3018,#3019,#3020),
.UNSPECIFIED.,.F.,.F.) B_SPLINE_CURVE_WITH_KNOTS((3,3),(0.,
1.570796326795),.PIECEWISE_BEZIER_KNOTS.) CURVE() 
GEOMETRIC_REPRESENTATION_ITEM() RATIONAL_B_SPLINE_CURVE((1.,
0.707106781187,1.)) REPRESENTATION_ITEM('') );
#3018 = CARTESIAN_POINT('',(11.35,16.35,7.4));
#3019 = CARTESIAN_POINT('',(11.35,16.35,8.4));
#3020 = CARTESIAN_POINT('',(10.35,16.35,8.4));
#3021 = ORIENTED_EDGE('',*,*,#2809,.F.);
#3022 = ORIENTED_EDGE('',*,*,#3023,.F.);
#3023 = EDGE_CURVE('',#3024,#2803,#3026,.T.);
#3024 = VERTEX_POINT('',#3025);
#3025 = CARTESIAN_POINT('',(10.6,6.75,8.368245836552));
#3026 = ( BOUNDED_CURVE() B_SPLINE_CURVE(2,(#3027,#3028,#3029),
.UNSPECIFIED.,.F.,.F.) B_SPLINE_CURVE_WITH_KNOTS((3,3),(4.459708725243,
4.712388980385),.PIECEWISE_BEZIER_KNOTS.) CURVE() 
GEOMETRIC_REPRESENTATION_ITEM() RATIONAL_B_SPLINE_CURVE((1.,
0.992029696267,1.)) REPRESENTATION_ITEM('') );
#3027 = CARTESIAN_POINT('',(10.6,6.75,8.368245836552));
#3028 = CARTESIAN_POINT('',(10.477016653793,6.75,8.4));
#3029 = CARTESIAN_POINT('',(10.35,6.75,8.4));
#3030 = ORIENTED_EDGE('',*,*,#3031,.F.);
#3031 = EDGE_CURVE('',#3008,#3024,#3032,.T.);
#3032 = B_SPLINE_CURVE_WITH_KNOTS('',1,(#3033,#3034),.UNSPECIFIED.,.F.,
  .F.,(2,2),(6.756213597756,7.006213597756),.PIECEWISE_BEZIER_KNOTS.);
#3033 = CARTESIAN_POINT('',(10.6,6.5,8.368245836552));
#3034 = CARTESIAN_POINT('',(10.6,6.75,8.368245836552));
#3035 = ( BOUNDED_SURFACE() B_SPLINE_SURFACE(2,1,(
    (#3036,#3037)
    ,(#3038,#3039)
    ,(#3040,#3041
)),.UNSPECIFIED.,.F.,.F.,.F.) B_SPLINE_SURFACE_WITH_KNOTS((3,3),(2,2),(
    1.570796326795,3.14159265359),(6.756213597756,16.606213597757),
.PIECEWISE_BEZIER_KNOTS.) GEOMETRIC_REPRESENTATION_ITEM() 
RATIONAL_B_SPLINE_SURFACE((
    (1.,1.)
    ,(0.707106781187,0.707106781187)
,(1.,1.))) REPRESENTATION_ITEM('') SURFACE() );
#3036 = CARTESIAN_POINT('',(10.35,6.5,8.4));
#3037 = CARTESIAN_POINT('',(10.35,16.35,8.4));
#3038 = CARTESIAN_POINT('',(11.35,6.5,8.4));
#3039 = CARTESIAN_POINT('',(11.35,16.35,8.4));
#3040 = CARTESIAN_POINT('',(11.35,6.5,7.4));
#3041 = CARTESIAN_POINT('',(11.35,16.35,7.4));
#3042 = ADVANCED_FACE('',(#3043),#3074,.T.);
#3043 = FACE_BOUND('',#3044,.T.);
#3044 = EDGE_LOOP('',(#3045,#3053,#3054,#3060,#3061,#3069));
#3045 = ORIENTED_EDGE('',*,*,#3046,.F.);
#3046 = EDGE_CURVE('',#2824,#3047,#3049,.T.);
#3047 = VERTEX_POINT('',#3048);
#3048 = CARTESIAN_POINT('',(-3.4,6.75,8.368245836552));
#3049 = ( BOUNDED_CURVE() B_SPLINE_CURVE(2,(#3050,#3051,#3052),
.UNSPECIFIED.,.F.,.F.) B_SPLINE_CURVE_WITH_KNOTS((3,3),(4.712388980385,
4.965069235527),.PIECEWISE_BEZIER_KNOTS.) CURVE() 
GEOMETRIC_REPRESENTATION_ITEM() RATIONAL_B_SPLINE_CURVE((1.,
0.992029696267,1.)) REPRESENTATION_ITEM('') );
#3050 = CARTESIAN_POINT('',(-3.15,6.75,8.4));
#3051 = CARTESIAN_POINT('',(-3.277016653793,6.75,8.4));
#3052 = CARTESIAN_POINT('',(-3.4,6.75,8.368245836552));
#3053 = ORIENTED_EDGE('',*,*,#2823,.F.);
#3054 = ORIENTED_EDGE('',*,*,#3055,.T.);
#3055 = EDGE_CURVE('',#2817,#2927,#3056,.T.);
#3056 = ( BOUNDED_CURVE() B_SPLINE_CURVE(2,(#3057,#3058,#3059),
.UNSPECIFIED.,.F.,.F.) B_SPLINE_CURVE_WITH_KNOTS((3,3),(1.570796326795,
3.14159265359),.PIECEWISE_BEZIER_KNOTS.) CURVE() 
GEOMETRIC_REPRESENTATION_ITEM() RATIONAL_B_SPLINE_CURVE((1.,
0.707106781187,1.)) REPRESENTATION_ITEM('') );
#3057 = CARTESIAN_POINT('',(-3.15,16.35,8.4));
#3058 = CARTESIAN_POINT('',(-4.15,16.35,8.4));
#3059 = CARTESIAN_POINT('',(-4.15,16.35,7.4));
#3060 = ORIENTED_EDGE('',*,*,#2926,.F.);
#3061 = ORIENTED_EDGE('',*,*,#3062,.F.);
#3062 = EDGE_CURVE('',#3063,#2920,#3065,.T.);
#3063 = VERTEX_POINT('',#3064);
#3064 = CARTESIAN_POINT('',(-3.4,6.5,8.368245836552));
#3065 = ( BOUNDED_CURVE() B_SPLINE_CURVE(2,(#3066,#3067,#3068),
.UNSPECIFIED.,.F.,.F.) B_SPLINE_CURVE_WITH_KNOTS((3,3),(4.965069235527,
6.28318530718),.PIECEWISE_BEZIER_KNOTS.) CURVE() 
GEOMETRIC_REPRESENTATION_ITEM() RATIONAL_B_SPLINE_CURVE((1.,
0.790569415042,1.)) REPRESENTATION_ITEM('') );
#3066 = CARTESIAN_POINT('',(-3.4,6.5,8.368245836552));
#3067 = CARTESIAN_POINT('',(-4.15,6.5,8.174596669241));
#3068 = CARTESIAN_POINT('',(-4.15,6.5,7.4));
#3069 = ORIENTED_EDGE('',*,*,#3070,.F.);
#3070 = EDGE_CURVE('',#3047,#3063,#3071,.T.);
#3071 = B_SPLINE_CURVE_WITH_KNOTS('',1,(#3072,#3073),.UNSPECIFIED.,.F.,
  .F.,(2,2),(-7.006213597756,-6.756213597756),.PIECEWISE_BEZIER_KNOTS.);
#3072 = CARTESIAN_POINT('',(-3.4,6.75,8.368245836552));
#3073 = CARTESIAN_POINT('',(-3.4,6.5,8.368245836552));
#3074 = ( BOUNDED_SURFACE() B_SPLINE_SURFACE(2,1,(
    (#3075,#3076)
    ,(#3077,#3078)
    ,(#3079,#3080
)),.UNSPECIFIED.,.F.,.F.,.F.) B_SPLINE_SURFACE_WITH_KNOTS((3,3),(2,2),(
    1.570796326795,3.14159265359),(-16.60621359775,-6.756213597756),
.PIECEWISE_BEZIER_KNOTS.) GEOMETRIC_REPRESENTATION_ITEM() 
RATIONAL_B_SPLINE_SURFACE((
    (1.,1.)
    ,(0.707106781187,0.707106781187)
,(1.,1.))) REPRESENTATION_ITEM('') SURFACE() );
#3075 = CARTESIAN_POINT('',(-3.15,16.35,8.4));
#3076 = CARTESIAN_POINT('',(-3.15,6.5,8.4));
#3077 = CARTESIAN_POINT('',(-4.15,16.35,8.4));
#3078 = CARTESIAN_POINT('',(-4.15,6.5,8.4));
#3079 = CARTESIAN_POINT('',(-4.15,16.35,7.4));
#3080 = CARTESIAN_POINT('',(-4.15,6.5,7.4));
#3081 = ADVANCED_FACE('',(#3082,#3128),#3136,.T.);
#3082 = FACE_BOUND('',#3083,.T.);
#3083 = EDGE_LOOP('',(#3084,#3093,#3100,#3107,#3115,#3122));
#3084 = ORIENTED_EDGE('',*,*,#3085,.F.);
#3085 = EDGE_CURVE('',#3086,#3088,#3090,.T.);
#3086 = VERTEX_POINT('',#3087);
#3087 = CARTESIAN_POINT('',(11.25,2.3,0.4));
#3088 = VERTEX_POINT('',#3089);
#3089 = CARTESIAN_POINT('',(11.25,2.3,7.4));
#3090 = B_SPLINE_CURVE_WITH_KNOTS('',1,(#3091,#3092),.UNSPECIFIED.,.F.,
  .F.,(2,2),(-7.,0.),.PIECEWISE_BEZIER_KNOTS.);
#3091 = CARTESIAN_POINT('',(11.25,2.3,0.4));
#3092 = CARTESIAN_POINT('',(11.25,2.3,7.4));
#3093 = ORIENTED_EDGE('',*,*,#3094,.F.);
#3094 = EDGE_CURVE('',#3095,#3086,#3097,.T.);
#3095 = VERTEX_POINT('',#3096);
#3096 = CARTESIAN_POINT('',(-4.05,2.3,0.4));
#3097 = B_SPLINE_CURVE_WITH_KNOTS('',1,(#3098,#3099),.UNSPECIFIED.,.F.,
  .F.,(2,2),(-15.3,0.),.PIECEWISE_BEZIER_KNOTS.);
#3098 = CARTESIAN_POINT('',(-4.05,2.3,0.4));
#3099 = CARTESIAN_POINT('',(11.25,2.3,0.4));
#3100 = ORIENTED_EDGE('',*,*,#3101,.F.);
#3101 = EDGE_CURVE('',#3102,#3095,#3104,.T.);
#3102 = VERTEX_POINT('',#3103);
#3103 = CARTESIAN_POINT('',(-4.05,2.3,7.4));
#3104 = B_SPLINE_CURVE_WITH_KNOTS('',1,(#3105,#3106),.UNSPECIFIED.,.F.,
  .F.,(2,2),(-7.,0.),.PIECEWISE_BEZIER_KNOTS.);
#3105 = CARTESIAN_POINT('',(-4.05,2.3,7.4));
#3106 = CARTESIAN_POINT('',(-4.05,2.3,0.4));
#3107 = ORIENTED_EDGE('',*,*,#3108,.F.);
#3108 = EDGE_CURVE('',#3109,#3102,#3111,.T.);
#3109 = VERTEX_POINT('',#3110);
#3110 = CARTESIAN_POINT('',(-3.15,2.3,8.3));
#3111 = ( BOUNDED_CURVE() B_SPLINE_CURVE(2,(#3112,#3113,#3114),
.UNSPECIFIED.,.F.,.F.) B_SPLINE_CURVE_WITH_KNOTS((3,3),(1.570796326795,
3.14159265359),.PIECEWISE_BEZIER_KNOTS.) CURVE() 
GEOMETRIC_REPRESENTATION_ITEM() RATIONAL_B_SPLINE_CURVE((1.,
0.707106781187,1.)) REPRESENTATION_ITEM('') );
#3112 = CARTESIAN_POINT('',(-3.15,2.3,8.3));
#3113 = CARTESIAN_POINT('',(-4.05,2.3,8.3));
#3114 = CARTESIAN_POINT('',(-4.05,2.3,7.4));
#3115 = ORIENTED_EDGE('',*,*,#3116,.F.);
#3116 = EDGE_CURVE('',#3117,#3109,#3119,.T.);
#3117 = VERTEX_POINT('',#3118);
#3118 = CARTESIAN_POINT('',(10.35,2.3,8.3));
#3119 = B_SPLINE_CURVE_WITH_KNOTS('',1,(#3120,#3121),.UNSPECIFIED.,.F.,
  .F.,(2,2),(-13.5,8.881784197001E-16),.PIECEWISE_BEZIER_KNOTS.);
#3120 = CARTESIAN_POINT('',(10.35,2.3,8.3));
#3121 = CARTESIAN_POINT('',(-3.15,2.3,8.3));
#3122 = ORIENTED_EDGE('',*,*,#3123,.F.);
#3123 = EDGE_CURVE('',#3088,#3117,#3124,.T.);
#3124 = ( BOUNDED_CURVE() B_SPLINE_CURVE(2,(#3125,#3126,#3127),
.UNSPECIFIED.,.F.,.F.) B_SPLINE_CURVE_WITH_KNOTS((3,3),(0.,
1.570796326795),.PIECEWISE_BEZIER_KNOTS.) CURVE() 
GEOMETRIC_REPRESENTATION_ITEM() RATIONAL_B_SPLINE_CURVE((1.,
0.707106781187,1.)) REPRESENTATION_ITEM('') );
#3125 = CARTESIAN_POINT('',(11.25,2.3,7.4));
#3126 = CARTESIAN_POINT('',(11.25,2.3,8.3));
#3127 = CARTESIAN_POINT('',(10.35,2.3,8.3));
#3128 = FACE_BOUND('',#3129,.T.);
#3129 = EDGE_LOOP('',(#3130,#3131,#3132,#3133,#3134,#3135));
#3130 = ORIENTED_EDGE('',*,*,#2894,.T.);
#3131 = ORIENTED_EDGE('',*,*,#2850,.T.);
#3132 = ORIENTED_EDGE('',*,*,#2763,.T.);
#3133 = ORIENTED_EDGE('',*,*,#2663,.T.);
#3134 = ORIENTED_EDGE('',*,*,#2572,.T.);
#3135 = ORIENTED_EDGE('',*,*,#2981,.T.);
#3136 = B_SPLINE_SURFACE_WITH_KNOTS('',1,1,(
    (#3137,#3138)
    ,(#3139,#3140
    )),.UNSPECIFIED.,.F.,.F.,.F.,(2,2),(2,2),(-14.5,1.),(-7.1,1.),
  .PIECEWISE_BEZIER_KNOTS.);
#3137 = CARTESIAN_POINT('',(-4.15,2.3,0.3));
#3138 = CARTESIAN_POINT('',(-4.15,2.3,8.4));
#3139 = CARTESIAN_POINT('',(11.35,2.3,0.3));
#3140 = CARTESIAN_POINT('',(11.35,2.3,8.4));
#3141 = ADVANCED_FACE('',(#3142),#3165,.T.);
#3142 = FACE_BOUND('',#3143,.T.);
#3143 = EDGE_LOOP('',(#3144,#3154,#3159,#3160));
#3144 = ORIENTED_EDGE('',*,*,#3145,.F.);
#3145 = EDGE_CURVE('',#3146,#3148,#3150,.T.);
#3146 = VERTEX_POINT('',#3147);
#3147 = CARTESIAN_POINT('',(11.25,2.25,7.4));
#3148 = VERTEX_POINT('',#3149);
#3149 = CARTESIAN_POINT('',(10.35,2.25,8.3));
#3150 = ( BOUNDED_CURVE() B_SPLINE_CURVE(2,(#3151,#3152,#3153),
.UNSPECIFIED.,.F.,.F.) B_SPLINE_CURVE_WITH_KNOTS((3,3),(0.,
1.570796326795),.PIECEWISE_BEZIER_KNOTS.) CURVE() 
GEOMETRIC_REPRESENTATION_ITEM() RATIONAL_B_SPLINE_CURVE((1.,
0.707106781187,1.)) REPRESENTATION_ITEM('') );
#3151 = CARTESIAN_POINT('',(11.25,2.25,7.4));
#3152 = CARTESIAN_POINT('',(11.25,2.25,8.3));
#3153 = CARTESIAN_POINT('',(10.35,2.25,8.3));
#3154 = ORIENTED_EDGE('',*,*,#3155,.F.);
#3155 = EDGE_CURVE('',#3088,#3146,#3156,.T.);
#3156 = B_SPLINE_CURVE_WITH_KNOTS('',1,(#3157,#3158),.UNSPECIFIED.,.F.,
  .F.,(2,2),(-0.,5.E-02),.PIECEWISE_BEZIER_KNOTS.);
#3157 = CARTESIAN_POINT('',(11.25,2.3,7.4));
#3158 = CARTESIAN_POINT('',(11.25,2.25,7.4));
#3159 = ORIENTED_EDGE('',*,*,#3123,.T.);
#3160 = ORIENTED_EDGE('',*,*,#3161,.T.);
#3161 = EDGE_CURVE('',#3117,#3148,#3162,.T.);
#3162 = B_SPLINE_CURVE_WITH_KNOTS('',1,(#3163,#3164),.UNSPECIFIED.,.F.,
  .F.,(2,2),(-0.,5.E-02),.PIECEWISE_BEZIER_KNOTS.);
#3163 = CARTESIAN_POINT('',(10.35,2.3,8.3));
#3164 = CARTESIAN_POINT('',(10.35,2.25,8.3));
#3165 = ( BOUNDED_SURFACE() B_SPLINE_SURFACE(2,1,(
    (#3166,#3167)
    ,(#3168,#3169)
    ,(#3170,#3171
)),.UNSPECIFIED.,.F.,.F.,.F.) B_SPLINE_SURFACE_WITH_KNOTS((3,3),(2,2),(
    0.,1.570796326795),(0.,5.E-02),.PIECEWISE_BEZIER_KNOTS.) 
GEOMETRIC_REPRESENTATION_ITEM() RATIONAL_B_SPLINE_SURFACE((
    (1.,1.)
    ,(0.707106781187,0.707106781187)
,(1.,1.))) REPRESENTATION_ITEM('') SURFACE() );
#3166 = CARTESIAN_POINT('',(11.25,2.3,7.4));
#3167 = CARTESIAN_POINT('',(11.25,2.25,7.4));
#3168 = CARTESIAN_POINT('',(11.25,2.3,8.3));
#3169 = CARTESIAN_POINT('',(11.25,2.25,8.3));
#3170 = CARTESIAN_POINT('',(10.35,2.3,8.3));
#3171 = CARTESIAN_POINT('',(10.35,2.25,8.3));
#3172 = ADVANCED_FACE('',(#3173,#3210),#3284,.F.);
#3173 = FACE_BOUND('',#3174,.T.);
#3174 = EDGE_LOOP('',(#3175,#3176,#3183,#3191,#3198,#3205));
#3175 = ORIENTED_EDGE('',*,*,#3145,.T.);
#3176 = ORIENTED_EDGE('',*,*,#3177,.T.);
#3177 = EDGE_CURVE('',#3148,#3178,#3180,.T.);
#3178 = VERTEX_POINT('',#3179);
#3179 = CARTESIAN_POINT('',(-3.15,2.25,8.3));
#3180 = B_SPLINE_CURVE_WITH_KNOTS('',1,(#3181,#3182),.UNSPECIFIED.,.F.,
  .F.,(2,2),(-13.5,-5.706459094481E-32),.PIECEWISE_BEZIER_KNOTS.);
#3181 = CARTESIAN_POINT('',(10.35,2.25,8.3));
#3182 = CARTESIAN_POINT('',(-3.15,2.25,8.3));
#3183 = ORIENTED_EDGE('',*,*,#3184,.T.);
#3184 = EDGE_CURVE('',#3178,#3185,#3187,.T.);
#3185 = VERTEX_POINT('',#3186);
#3186 = CARTESIAN_POINT('',(-4.05,2.25,7.4));
#3187 = ( BOUNDED_CURVE() B_SPLINE_CURVE(2,(#3188,#3189,#3190),
.UNSPECIFIED.,.F.,.F.) B_SPLINE_CURVE_WITH_KNOTS((3,3),(1.570796326795,
3.14159265359),.PIECEWISE_BEZIER_KNOTS.) CURVE() 
GEOMETRIC_REPRESENTATION_ITEM() RATIONAL_B_SPLINE_CURVE((1.,
0.707106781187,1.)) REPRESENTATION_ITEM('') );
#3188 = CARTESIAN_POINT('',(-3.15,2.25,8.3));
#3189 = CARTESIAN_POINT('',(-4.05,2.25,8.3));
#3190 = CARTESIAN_POINT('',(-4.05,2.25,7.4));
#3191 = ORIENTED_EDGE('',*,*,#3192,.T.);
#3192 = EDGE_CURVE('',#3185,#3193,#3195,.T.);
#3193 = VERTEX_POINT('',#3194);
#3194 = CARTESIAN_POINT('',(-4.05,2.25,0.4));
#3195 = B_SPLINE_CURVE_WITH_KNOTS('',1,(#3196,#3197),.UNSPECIFIED.,.F.,
  .F.,(2,2),(-7.,0.),.PIECEWISE_BEZIER_KNOTS.);
#3196 = CARTESIAN_POINT('',(-4.05,2.25,7.4));
#3197 = CARTESIAN_POINT('',(-4.05,2.25,0.4));
#3198 = ORIENTED_EDGE('',*,*,#3199,.T.);
#3199 = EDGE_CURVE('',#3193,#3200,#3202,.T.);
#3200 = VERTEX_POINT('',#3201);
#3201 = CARTESIAN_POINT('',(11.25,2.25,0.4));
#3202 = B_SPLINE_CURVE_WITH_KNOTS('',1,(#3203,#3204),.UNSPECIFIED.,.F.,
  .F.,(2,2),(-15.3,0.),.PIECEWISE_BEZIER_KNOTS.);
#3203 = CARTESIAN_POINT('',(-4.05,2.25,0.4));
#3204 = CARTESIAN_POINT('',(11.25,2.25,0.4));
#3205 = ORIENTED_EDGE('',*,*,#3206,.T.);
#3206 = EDGE_CURVE('',#3200,#3146,#3207,.T.);
#3207 = B_SPLINE_CURVE_WITH_KNOTS('',1,(#3208,#3209),.UNSPECIFIED.,.F.,
  .F.,(2,2),(-7.,0.),.PIECEWISE_BEZIER_KNOTS.);
#3208 = CARTESIAN_POINT('',(11.25,2.25,0.4));
#3209 = CARTESIAN_POINT('',(11.25,2.25,7.4));
#3210 = FACE_BOUND('',#3211,.T.);
#3211 = EDGE_LOOP('',(#3212,#3222,#3229,#3236,#3243,#3250,#3257,#3264,
    #3271,#3279));
#3212 = ORIENTED_EDGE('',*,*,#3213,.F.);
#3213 = EDGE_CURVE('',#3214,#3216,#3218,.T.);
#3214 = VERTEX_POINT('',#3215);
#3215 = CARTESIAN_POINT('',(11.35,2.25,7.4));
#3216 = VERTEX_POINT('',#3217);
#3217 = CARTESIAN_POINT('',(10.35,2.25,8.4));
#3218 = ( BOUNDED_CURVE() B_SPLINE_CURVE(2,(#3219,#3220,#3221),
.UNSPECIFIED.,.F.,.F.) B_SPLINE_CURVE_WITH_KNOTS((3,3),(0.,
1.570796326795),.PIECEWISE_BEZIER_KNOTS.) CURVE() 
GEOMETRIC_REPRESENTATION_ITEM() RATIONAL_B_SPLINE_CURVE((1.,
0.707106781187,1.)) REPRESENTATION_ITEM('') );
#3219 = CARTESIAN_POINT('',(11.35,2.25,7.4));
#3220 = CARTESIAN_POINT('',(11.35,2.25,8.4));
#3221 = CARTESIAN_POINT('',(10.35,2.25,8.4));
#3222 = ORIENTED_EDGE('',*,*,#3223,.F.);
#3223 = EDGE_CURVE('',#3224,#3214,#3226,.T.);
#3224 = VERTEX_POINT('',#3225);
#3225 = CARTESIAN_POINT('',(11.35,2.25,0.3));
#3226 = B_SPLINE_CURVE_WITH_KNOTS('',1,(#3227,#3228),.UNSPECIFIED.,.F.,
  .F.,(2,2),(-7.1,0.),.PIECEWISE_BEZIER_KNOTS.);
#3227 = CARTESIAN_POINT('',(11.35,2.25,0.3));
#3228 = CARTESIAN_POINT('',(11.35,2.25,7.4));
#3229 = ORIENTED_EDGE('',*,*,#3230,.F.);
#3230 = EDGE_CURVE('',#3231,#3224,#3233,.T.);
#3231 = VERTEX_POINT('',#3232);
#3232 = CARTESIAN_POINT('',(4.6,2.25,0.3));
#3233 = B_SPLINE_CURVE_WITH_KNOTS('',1,(#3234,#3235),.UNSPECIFIED.,.F.,
  .F.,(2,2),(-6.75,-0.),.PIECEWISE_BEZIER_KNOTS.);
#3234 = CARTESIAN_POINT('',(4.6,2.25,0.3));
#3235 = CARTESIAN_POINT('',(11.35,2.25,0.3));
#3236 = ORIENTED_EDGE('',*,*,#3237,.F.);
#3237 = EDGE_CURVE('',#3238,#3231,#3240,.T.);
#3238 = VERTEX_POINT('',#3239);
#3239 = CARTESIAN_POINT('',(4.6,2.25,-2.6645352591E-15));
#3240 = B_SPLINE_CURVE_WITH_KNOTS('',1,(#3241,#3242),.UNSPECIFIED.,.F.,
  .F.,(2,2),(0.,0.3),.PIECEWISE_BEZIER_KNOTS.);
#3241 = CARTESIAN_POINT('',(4.6,2.25,-2.6645352591E-15));
#3242 = CARTESIAN_POINT('',(4.6,2.25,0.3));
#3243 = ORIENTED_EDGE('',*,*,#3244,.F.);
#3244 = EDGE_CURVE('',#3245,#3238,#3247,.T.);
#3245 = VERTEX_POINT('',#3246);
#3246 = CARTESIAN_POINT('',(2.6,2.25,-2.6645352591E-15));
#3247 = B_SPLINE_CURVE_WITH_KNOTS('',1,(#3248,#3249),.UNSPECIFIED.,.F.,
  .F.,(2,2),(0.,2.),.PIECEWISE_BEZIER_KNOTS.);
#3248 = CARTESIAN_POINT('',(2.6,2.25,-2.6645352591E-15));
#3249 = CARTESIAN_POINT('',(4.6,2.25,-2.6645352591E-15));
#3250 = ORIENTED_EDGE('',*,*,#3251,.T.);
#3251 = EDGE_CURVE('',#3245,#3252,#3254,.T.);
#3252 = VERTEX_POINT('',#3253);
#3253 = CARTESIAN_POINT('',(2.6,2.25,0.3));
#3254 = B_SPLINE_CURVE_WITH_KNOTS('',1,(#3255,#3256),.UNSPECIFIED.,.F.,
  .F.,(2,2),(0.,0.3),.PIECEWISE_BEZIER_KNOTS.);
#3255 = CARTESIAN_POINT('',(2.6,2.25,-2.6645352591E-15));
#3256 = CARTESIAN_POINT('',(2.6,2.25,0.3));
#3257 = ORIENTED_EDGE('',*,*,#3258,.F.);
#3258 = EDGE_CURVE('',#3259,#3252,#3261,.T.);
#3259 = VERTEX_POINT('',#3260);
#3260 = CARTESIAN_POINT('',(-4.15,2.25,0.3));
#3261 = B_SPLINE_CURVE_WITH_KNOTS('',1,(#3262,#3263),.UNSPECIFIED.,.F.,
  .F.,(2,2),(-15.5,-8.75),.PIECEWISE_BEZIER_KNOTS.);
#3262 = CARTESIAN_POINT('',(-4.15,2.25,0.3));
#3263 = CARTESIAN_POINT('',(2.6,2.25,0.3));
#3264 = ORIENTED_EDGE('',*,*,#3265,.F.);
#3265 = EDGE_CURVE('',#3266,#3259,#3268,.T.);
#3266 = VERTEX_POINT('',#3267);
#3267 = CARTESIAN_POINT('',(-4.15,2.25,7.4));
#3268 = B_SPLINE_CURVE_WITH_KNOTS('',1,(#3269,#3270),.UNSPECIFIED.,.F.,
  .F.,(2,2),(-7.1,-0.),.PIECEWISE_BEZIER_KNOTS.);
#3269 = CARTESIAN_POINT('',(-4.15,2.25,7.4));
#3270 = CARTESIAN_POINT('',(-4.15,2.25,0.3));
#3271 = ORIENTED_EDGE('',*,*,#3272,.F.);
#3272 = EDGE_CURVE('',#3273,#3266,#3275,.T.);
#3273 = VERTEX_POINT('',#3274);
#3274 = CARTESIAN_POINT('',(-3.15,2.25,8.4));
#3275 = ( BOUNDED_CURVE() B_SPLINE_CURVE(2,(#3276,#3277,#3278),
.UNSPECIFIED.,.F.,.F.) B_SPLINE_CURVE_WITH_KNOTS((3,3),(1.570796326795,
3.14159265359),.PIECEWISE_BEZIER_KNOTS.) CURVE() 
GEOMETRIC_REPRESENTATION_ITEM() RATIONAL_B_SPLINE_CURVE((1.,
0.707106781187,1.)) REPRESENTATION_ITEM('') );
#3276 = CARTESIAN_POINT('',(-3.15,2.25,8.4));
#3277 = CARTESIAN_POINT('',(-4.15,2.25,8.4));
#3278 = CARTESIAN_POINT('',(-4.15,2.25,7.4));
#3279 = ORIENTED_EDGE('',*,*,#3280,.F.);
#3280 = EDGE_CURVE('',#3216,#3273,#3281,.T.);
#3281 = B_SPLINE_CURVE_WITH_KNOTS('',1,(#3282,#3283),.UNSPECIFIED.,.F.,
  .F.,(2,2),(-13.5,0.),.PIECEWISE_BEZIER_KNOTS.);
#3282 = CARTESIAN_POINT('',(10.35,2.25,8.4));
#3283 = CARTESIAN_POINT('',(-3.15,2.25,8.4));
#3284 = B_SPLINE_SURFACE_WITH_KNOTS('',1,1,(
    (#3285,#3286)
    ,(#3287,#3288
    )),.UNSPECIFIED.,.F.,.F.,.F.,(2,2),(2,2),(-14.5,1.),(-7.4,1.),
  .PIECEWISE_BEZIER_KNOTS.);
#3285 = CARTESIAN_POINT('',(-4.15,2.25,-2.6645352591E-15));
#3286 = CARTESIAN_POINT('',(-4.15,2.25,8.4));
#3287 = CARTESIAN_POINT('',(11.35,2.25,-2.6645352591E-15));
#3288 = CARTESIAN_POINT('',(11.35,2.25,8.4));
#3289 = ADVANCED_FACE('',(#3290),#3452,.F.);
#3290 = FACE_BOUND('',#3291,.T.);
#3291 = EDGE_LOOP('',(#3292,#3299,#3300,#3307,#3314,#3337,#3344,#3351,
    #3361,#3368,#3375,#3382,#3392,#3399,#3406,#3427,#3434,#3439,#3440,
    #3447));
#3292 = ORIENTED_EDGE('',*,*,#3293,.F.);
#3293 = EDGE_CURVE('',#3231,#3294,#3296,.T.);
#3294 = VERTEX_POINT('',#3295);
#3295 = CARTESIAN_POINT('',(4.6,0.75,0.3));
#3296 = B_SPLINE_CURVE_WITH_KNOTS('',1,(#3297,#3298),.UNSPECIFIED.,.F.,
  .F.,(2,2),(-1.5,0.),.PIECEWISE_BEZIER_KNOTS.);
#3297 = CARTESIAN_POINT('',(4.6,2.25,0.3));
#3298 = CARTESIAN_POINT('',(4.6,0.75,0.3));
#3299 = ORIENTED_EDGE('',*,*,#3230,.T.);
#3300 = ORIENTED_EDGE('',*,*,#3301,.T.);
#3301 = EDGE_CURVE('',#3224,#3302,#3304,.T.);
#3302 = VERTEX_POINT('',#3303);
#3303 = CARTESIAN_POINT('',(11.35,1.65,0.3));
#3304 = B_SPLINE_CURVE_WITH_KNOTS('',1,(#3305,#3306),.UNSPECIFIED.,.F.,
  .F.,(2,2),(5.4,6.),.PIECEWISE_BEZIER_KNOTS.);
#3305 = CARTESIAN_POINT('',(11.35,2.25,0.3));
#3306 = CARTESIAN_POINT('',(11.35,1.65,0.3));
#3307 = ORIENTED_EDGE('',*,*,#3308,.T.);
#3308 = EDGE_CURVE('',#3302,#3309,#3311,.T.);
#3309 = VERTEX_POINT('',#3310);
#3310 = CARTESIAN_POINT('',(11.15,1.65,0.3));
#3311 = B_SPLINE_CURVE_WITH_KNOTS('',1,(#3312,#3313),.UNSPECIFIED.,.F.,
  .F.,(2,2),(0.,0.2),.PIECEWISE_BEZIER_KNOTS.);
#3312 = CARTESIAN_POINT('',(11.35,1.65,0.3));
#3313 = CARTESIAN_POINT('',(11.15,1.65,0.3));
#3314 = ORIENTED_EDGE('',*,*,#3315,.T.);
#3315 = EDGE_CURVE('',#3309,#3316,#3318,.T.);
#3316 = VERTEX_POINT('',#3317);
#3317 = CARTESIAN_POINT('',(9.519352853658,-1.450000000001,0.3));
#3318 = B_SPLINE_CURVE_WITH_KNOTS('',3,(#3319,#3320,#3321,#3322,#3323,
    #3324,#3325,#3326,#3327,#3328,#3329,#3330,#3331,#3332,#3333,#3334,
    #3335,#3336),.UNSPECIFIED.,.F.,.F.,(4,2,2,2,2,2,2,2,4),(0.,
    1.111768086641E-04,2.223536173282E-04,4.447072346564E-04,
    8.894144693128E-04,1.778828938626E-03,2.668243407938E-03,
    3.112950642595E-03,3.557657877251E-03),.UNSPECIFIED.);
#3319 = CARTESIAN_POINT('',(11.15,1.65,0.3));
#3320 = CARTESIAN_POINT('',(11.15,1.611762888051,0.3));
#3321 = CARTESIAN_POINT('',(11.143901784048,1.575075666467,0.3));
#3322 = CARTESIAN_POINT('',(11.13095234819,1.501892602806,0.3));
#3323 = CARTESIAN_POINT('',(11.123164495052,1.465634810486,0.3));
#3324 = CARTESIAN_POINT('',(11.097837724528,1.357360392896,0.3));
#3325 = CARTESIAN_POINT('',(11.078286579222,1.285855184848,0.3));
#3326 = CARTESIAN_POINT('',(11.015373985571,1.072422045743,0.3));
#3327 = CARTESIAN_POINT('',(10.967495771693,0.931324379801,0.3));
#3328 = CARTESIAN_POINT('',(10.813071905036,0.513891824002,0.3));
#3329 = CARTESIAN_POINT('',(10.695568789273,0.242858553649,0.3));
#3330 = CARTESIAN_POINT('',(10.4304080659,-0.284175982565,0.3));
#3331 = CARTESIAN_POINT('',(10.282904924516,-0.540254249788,0.3));
#3332 = CARTESIAN_POINT('',(10.02585235968,-0.906526432528,0.3));
#3333 = CARTESIAN_POINT('',(9.934822755315,-1.02443311331,0.3));
#3334 = CARTESIAN_POINT('',(9.738832758914,-1.248051974793,0.3));
#3335 = CARTESIAN_POINT('',(9.632938378916,-1.354674774978,0.3));
#3336 = CARTESIAN_POINT('',(9.519352853658,-1.450000000001,0.3));
#3337 = ORIENTED_EDGE('',*,*,#3338,.F.);
#3338 = EDGE_CURVE('',#3339,#3316,#3341,.T.);
#3339 = VERTEX_POINT('',#3340);
#3340 = CARTESIAN_POINT('',(8.65,-1.45,0.3));
#3341 = B_SPLINE_CURVE_WITH_KNOTS('',1,(#3342,#3343),.UNSPECIFIED.,.F.,
  .F.,(2,2),(-0.869352853659,-7.318590178329E-13),
  .PIECEWISE_BEZIER_KNOTS.);
#3342 = CARTESIAN_POINT('',(8.65,-1.45,0.3));
#3343 = CARTESIAN_POINT('',(9.519352853658,-1.45,0.3));
#3344 = ORIENTED_EDGE('',*,*,#3345,.F.);
#3345 = EDGE_CURVE('',#3346,#3339,#3348,.T.);
#3346 = VERTEX_POINT('',#3347);
#3347 = CARTESIAN_POINT('',(8.65,0.,0.3));
#3348 = B_SPLINE_CURVE_WITH_KNOTS('',1,(#3349,#3350),.UNSPECIFIED.,.F.,
  .F.,(2,2),(0.,1.45),.PIECEWISE_BEZIER_KNOTS.);
#3349 = CARTESIAN_POINT('',(8.65,0.,0.3));
#3350 = CARTESIAN_POINT('',(8.65,-1.45,0.3));
#3351 = ORIENTED_EDGE('',*,*,#3352,.F.);
#3352 = EDGE_CURVE('',#3353,#3346,#3355,.T.);
#3353 = VERTEX_POINT('',#3354);
#3354 = CARTESIAN_POINT('',(5.75,0.,0.3));
#3355 = ( BOUNDED_CURVE() B_SPLINE_CURVE(2,(#3356,#3357,#3358,#3359,
#3360),.UNSPECIFIED.,.F.,.F.) B_SPLINE_CURVE_WITH_KNOTS((3,2,3),(
    1.570796326795,3.14159265359,4.712388980385),
.PIECEWISE_BEZIER_KNOTS.) CURVE() GEOMETRIC_REPRESENTATION_ITEM() 
RATIONAL_B_SPLINE_CURVE((1.,0.707106781187,1.,0.707106781187,1.)) 
REPRESENTATION_ITEM('') );
#3356 = CARTESIAN_POINT('',(5.75,0.,0.3));
#3357 = CARTESIAN_POINT('',(5.75,1.45,0.3));
#3358 = CARTESIAN_POINT('',(7.2,1.45,0.3));
#3359 = CARTESIAN_POINT('',(8.65,1.45,0.3));
#3360 = CARTESIAN_POINT('',(8.65,0.,0.3));
#3361 = ORIENTED_EDGE('',*,*,#3362,.F.);
#3362 = EDGE_CURVE('',#3363,#3353,#3365,.T.);
#3363 = VERTEX_POINT('',#3364);
#3364 = CARTESIAN_POINT('',(5.75,-1.45,0.3));
#3365 = B_SPLINE_CURVE_WITH_KNOTS('',1,(#3366,#3367),.UNSPECIFIED.,.F.,
  .F.,(2,2),(-1.45,0.),.PIECEWISE_BEZIER_KNOTS.);
#3366 = CARTESIAN_POINT('',(5.75,-1.45,0.3));
#3367 = CARTESIAN_POINT('',(5.75,0.,0.3));
#3368 = ORIENTED_EDGE('',*,*,#3369,.F.);
#3369 = EDGE_CURVE('',#3370,#3363,#3372,.T.);
#3370 = VERTEX_POINT('',#3371);
#3371 = CARTESIAN_POINT('',(1.45,-1.45,0.3));
#3372 = B_SPLINE_CURVE_WITH_KNOTS('',1,(#3373,#3374),.UNSPECIFIED.,.F.,
  .F.,(2,2),(-8.069352853659,-3.769352853659),.PIECEWISE_BEZIER_KNOTS.);
#3373 = CARTESIAN_POINT('',(1.45,-1.45,0.3));
#3374 = CARTESIAN_POINT('',(5.75,-1.45,0.3));
#3375 = ORIENTED_EDGE('',*,*,#3376,.F.);
#3376 = EDGE_CURVE('',#3377,#3370,#3379,.T.);
#3377 = VERTEX_POINT('',#3378);
#3378 = CARTESIAN_POINT('',(1.45,0.,0.3));
#3379 = B_SPLINE_CURVE_WITH_KNOTS('',1,(#3380,#3381),.UNSPECIFIED.,.F.,
  .F.,(2,2),(1.328227547853E-31,1.45),.PIECEWISE_BEZIER_KNOTS.);
#3380 = CARTESIAN_POINT('',(1.45,0.,0.3));
#3381 = CARTESIAN_POINT('',(1.45,-1.45,0.3));
#3382 = ORIENTED_EDGE('',*,*,#3383,.F.);
#3383 = EDGE_CURVE('',#3384,#3377,#3386,.T.);
#3384 = VERTEX_POINT('',#3385);
#3385 = CARTESIAN_POINT('',(-1.45,0.,0.3));
#3386 = ( BOUNDED_CURVE() B_SPLINE_CURVE(2,(#3387,#3388,#3389,#3390,
#3391),.UNSPECIFIED.,.F.,.F.) B_SPLINE_CURVE_WITH_KNOTS((3,2,3),(
    4.712388980385,6.28318530718,7.853981633974),
.PIECEWISE_BEZIER_KNOTS.) CURVE() GEOMETRIC_REPRESENTATION_ITEM() 
RATIONAL_B_SPLINE_CURVE((1.,0.707106781187,1.,0.707106781187,1.)) 
REPRESENTATION_ITEM('') );
#3387 = CARTESIAN_POINT('',(-1.45,0.,0.3));
#3388 = CARTESIAN_POINT('',(-1.45,1.45,0.3));
#3389 = CARTESIAN_POINT('',(-4.440892098501E-16,1.45,0.3));
#3390 = CARTESIAN_POINT('',(1.45,1.45,0.3));
#3391 = CARTESIAN_POINT('',(1.45,0.,0.3));
#3392 = ORIENTED_EDGE('',*,*,#3393,.F.);
#3393 = EDGE_CURVE('',#3394,#3384,#3396,.T.);
#3394 = VERTEX_POINT('',#3395);
#3395 = CARTESIAN_POINT('',(-1.45,-1.45,0.3));
#3396 = B_SPLINE_CURVE_WITH_KNOTS('',1,(#3397,#3398),.UNSPECIFIED.,.F.,
  .F.,(2,2),(-1.45,0.),.PIECEWISE_BEZIER_KNOTS.);
#3397 = CARTESIAN_POINT('',(-1.45,-1.45,0.3));
#3398 = CARTESIAN_POINT('',(-1.45,0.,0.3));
#3399 = ORIENTED_EDGE('',*,*,#3400,.F.);
#3400 = EDGE_CURVE('',#3401,#3394,#3403,.T.);
#3401 = VERTEX_POINT('',#3402);
#3402 = CARTESIAN_POINT('',(-2.319352853658,-1.45,0.3));
#3403 = B_SPLINE_CURVE_WITH_KNOTS('',1,(#3404,#3405),.UNSPECIFIED.,.F.,
  .F.,(2,2),(-11.83870570731,-10.96935285365),.PIECEWISE_BEZIER_KNOTS.);
#3404 = CARTESIAN_POINT('',(-2.319352853658,-1.45,0.3));
#3405 = CARTESIAN_POINT('',(-1.45,-1.45,0.3));
#3406 = ORIENTED_EDGE('',*,*,#3407,.T.);
#3407 = EDGE_CURVE('',#3401,#3408,#3410,.T.);
#3408 = VERTEX_POINT('',#3409);
#3409 = CARTESIAN_POINT('',(-3.95,1.65,0.3));
#3410 = B_SPLINE_CURVE_WITH_KNOTS('',3,(#3411,#3412,#3413,#3414,#3415,
    #3416,#3417,#3418,#3419,#3420,#3421,#3422,#3423,#3424,#3425,#3426),
  .UNSPECIFIED.,.F.,.F.,(4,2,2,2,2,2,2,4),(1.065130403155E-03,
    1.956774924552E-03,2.848419445949E-03,3.740063967346E-03,
    4.185886228044E-03,4.408797358394E-03,4.520252923568E-03,
    4.631708488743E-03),.UNSPECIFIED.);
#3411 = CARTESIAN_POINT('',(-2.319352853658,-1.45,0.3));
#3412 = CARTESIAN_POINT('',(-2.54915868314,-1.25713834481,0.3));
#3413 = CARTESIAN_POINT('',(-2.739415163913,-1.02955840593,0.3));
#3414 = CARTESIAN_POINT('',(-3.082248142299,-0.54132126173,0.3));
#3415 = CARTESIAN_POINT('',(-3.230776776487,-0.283513828499,0.3));
#3416 = CARTESIAN_POINT('',(-3.495918743245,0.243625012062,0.3));
#3417 = CARTESIAN_POINT('',(-3.61314359734,0.514178368388,0.3));
#3418 = CARTESIAN_POINT('',(-3.767023343113,0.930001152183,0.3));
#3419 = CARTESIAN_POINT('',(-3.814684486795,1.070261697043,0.3));
#3420 = CARTESIAN_POINT('',(-3.877890409855,1.284423331296,0.3));
#3421 = CARTESIAN_POINT('',(-3.897649788324,1.356597828509,0.3));
#3422 = CARTESIAN_POINT('',(-3.923139631221,1.465508217239,0.3));
#3423 = CARTESIAN_POINT('',(-3.930964445185,1.501939586874,0.3));
#3424 = CARTESIAN_POINT('',(-3.943939717134,1.575311507365,0.3));
#3425 = CARTESIAN_POINT('',(-3.95,1.61207883306,0.3));
#3426 = CARTESIAN_POINT('',(-3.95,1.65,0.3));
#3427 = ORIENTED_EDGE('',*,*,#3428,.T.);
#3428 = EDGE_CURVE('',#3408,#3429,#3431,.T.);
#3429 = VERTEX_POINT('',#3430);
#3430 = CARTESIAN_POINT('',(-4.15,1.65,0.3));
#3431 = B_SPLINE_CURVE_WITH_KNOTS('',1,(#3432,#3433),.UNSPECIFIED.,.F.,
  .F.,(2,2),(0.,0.2),.PIECEWISE_BEZIER_KNOTS.);
#3432 = CARTESIAN_POINT('',(-3.95,1.65,0.3));
#3433 = CARTESIAN_POINT('',(-4.15,1.65,0.3));
#3434 = ORIENTED_EDGE('',*,*,#3435,.T.);
#3435 = EDGE_CURVE('',#3429,#3259,#3436,.T.);
#3436 = B_SPLINE_CURVE_WITH_KNOTS('',1,(#3437,#3438),.UNSPECIFIED.,.F.,
  .F.,(2,2),(0.,0.6),.PIECEWISE_BEZIER_KNOTS.);
#3437 = CARTESIAN_POINT('',(-4.15,1.65,0.3));
#3438 = CARTESIAN_POINT('',(-4.15,2.25,0.3));
#3439 = ORIENTED_EDGE('',*,*,#3258,.T.);
#3440 = ORIENTED_EDGE('',*,*,#3441,.F.);
#3441 = EDGE_CURVE('',#3442,#3252,#3444,.T.);
#3442 = VERTEX_POINT('',#3443);
#3443 = CARTESIAN_POINT('',(2.6,0.75,0.3));
#3444 = B_SPLINE_CURVE_WITH_KNOTS('',1,(#3445,#3446),.UNSPECIFIED.,.F.,
  .F.,(2,2),(0.,1.5),.PIECEWISE_BEZIER_KNOTS.);
#3445 = CARTESIAN_POINT('',(2.6,0.75,0.3));
#3446 = CARTESIAN_POINT('',(2.6,2.25,0.3));
#3447 = ORIENTED_EDGE('',*,*,#3448,.F.);
#3448 = EDGE_CURVE('',#3294,#3442,#3449,.T.);
#3449 = B_SPLINE_CURVE_WITH_KNOTS('',1,(#3450,#3451),.UNSPECIFIED.,.F.,
  .F.,(2,2),(-2.,6.661338147751E-16),.PIECEWISE_BEZIER_KNOTS.);
#3450 = CARTESIAN_POINT('',(4.6,0.75,0.3));
#3451 = CARTESIAN_POINT('',(2.6,0.75,0.3));
#3452 = B_SPLINE_SURFACE_WITH_KNOTS('',1,1,(
    (#3453,#3454)
    ,(#3455,#3456
    )),.UNSPECIFIED.,.F.,.F.,.F.,(2,2),(2,2),(-1.193786402244,
    2.506213597756),(-0.911039237159,14.588960762841),
  .PIECEWISE_BEZIER_KNOTS.);
#3453 = CARTESIAN_POINT('',(11.35,-1.450000000001,0.3));
#3454 = CARTESIAN_POINT('',(-4.15,-1.450000000001,0.3));
#3455 = CARTESIAN_POINT('',(11.35,2.25,0.3));
#3456 = CARTESIAN_POINT('',(-4.15,2.25,0.3));
#3457 = ADVANCED_FACE('',(#3458),#3468,.T.);
#3458 = FACE_BOUND('',#3459,.T.);
#3459 = EDGE_LOOP('',(#3460,#3461,#3466,#3467));
#3460 = ORIENTED_EDGE('',*,*,#3206,.F.);
#3461 = ORIENTED_EDGE('',*,*,#3462,.F.);
#3462 = EDGE_CURVE('',#3086,#3200,#3463,.T.);
#3463 = B_SPLINE_CURVE_WITH_KNOTS('',1,(#3464,#3465),.UNSPECIFIED.,.F.,
  .F.,(2,2),(-0.,5.E-02),.PIECEWISE_BEZIER_KNOTS.);
#3464 = CARTESIAN_POINT('',(11.25,2.3,0.4));
#3465 = CARTESIAN_POINT('',(11.25,2.25,0.4));
#3466 = ORIENTED_EDGE('',*,*,#3085,.T.);
#3467 = ORIENTED_EDGE('',*,*,#3155,.T.);
#3468 = B_SPLINE_SURFACE_WITH_KNOTS('',1,1,(
    (#3469,#3470)
    ,(#3471,#3472
    )),.UNSPECIFIED.,.F.,.F.,.F.,(2,2),(2,2),(-0.,7.),(-5.E-02,0.),
  .PIECEWISE_BEZIER_KNOTS.);
#3469 = CARTESIAN_POINT('',(11.25,2.25,7.4));
#3470 = CARTESIAN_POINT('',(11.25,2.3,7.4));
#3471 = CARTESIAN_POINT('',(11.25,2.25,0.4));
#3472 = CARTESIAN_POINT('',(11.25,2.3,0.4));
#3473 = ADVANCED_FACE('',(#3474),#3484,.T.);
#3474 = FACE_BOUND('',#3475,.T.);
#3475 = EDGE_LOOP('',(#3476,#3477,#3482,#3483));
#3476 = ORIENTED_EDGE('',*,*,#3199,.F.);
#3477 = ORIENTED_EDGE('',*,*,#3478,.F.);
#3478 = EDGE_CURVE('',#3095,#3193,#3479,.T.);
#3479 = B_SPLINE_CURVE_WITH_KNOTS('',1,(#3480,#3481),.UNSPECIFIED.,.F.,
  .F.,(2,2),(-0.,5.E-02),.PIECEWISE_BEZIER_KNOTS.);
#3480 = CARTESIAN_POINT('',(-4.05,2.3,0.4));
#3481 = CARTESIAN_POINT('',(-4.05,2.25,0.4));
#3482 = ORIENTED_EDGE('',*,*,#3094,.T.);
#3483 = ORIENTED_EDGE('',*,*,#3462,.T.);
#3484 = B_SPLINE_SURFACE_WITH_KNOTS('',1,1,(
    (#3485,#3486)
    ,(#3487,#3488
    )),.UNSPECIFIED.,.F.,.F.,.F.,(2,2),(2,2),(0.,15.3),(-5.E-02,0.),
  .PIECEWISE_BEZIER_KNOTS.);
#3485 = CARTESIAN_POINT('',(11.25,2.25,0.4));
#3486 = CARTESIAN_POINT('',(11.25,2.3,0.4));
#3487 = CARTESIAN_POINT('',(-4.05,2.25,0.4));
#3488 = CARTESIAN_POINT('',(-4.05,2.3,0.4));
#3489 = ADVANCED_FACE('',(#3490),#3500,.T.);
#3490 = FACE_BOUND('',#3491,.T.);
#3491 = EDGE_LOOP('',(#3492,#3493,#3498,#3499));
#3492 = ORIENTED_EDGE('',*,*,#3192,.F.);
#3493 = ORIENTED_EDGE('',*,*,#3494,.F.);
#3494 = EDGE_CURVE('',#3102,#3185,#3495,.T.);
#3495 = B_SPLINE_CURVE_WITH_KNOTS('',1,(#3496,#3497),.UNSPECIFIED.,.F.,
  .F.,(2,2),(-0.,5.E-02),.PIECEWISE_BEZIER_KNOTS.);
#3496 = CARTESIAN_POINT('',(-4.05,2.3,7.4));
#3497 = CARTESIAN_POINT('',(-4.05,2.25,7.4));
#3498 = ORIENTED_EDGE('',*,*,#3101,.T.);
#3499 = ORIENTED_EDGE('',*,*,#3478,.T.);
#3500 = B_SPLINE_SURFACE_WITH_KNOTS('',1,1,(
    (#3501,#3502)
    ,(#3503,#3504
    )),.UNSPECIFIED.,.F.,.F.,.F.,(2,2),(2,2),(0.,7.),(-5.E-02,0.),
  .PIECEWISE_BEZIER_KNOTS.);
#3501 = CARTESIAN_POINT('',(-4.05,2.25,0.4));
#3502 = CARTESIAN_POINT('',(-4.05,2.3,0.4));
#3503 = CARTESIAN_POINT('',(-4.05,2.25,7.4));
#3504 = CARTESIAN_POINT('',(-4.05,2.3,7.4));
#3505 = ADVANCED_FACE('',(#3506),#3516,.T.);
#3506 = FACE_BOUND('',#3507,.T.);
#3507 = EDGE_LOOP('',(#3508,#3509,#3514,#3515));
#3508 = ORIENTED_EDGE('',*,*,#3184,.F.);
#3509 = ORIENTED_EDGE('',*,*,#3510,.F.);
#3510 = EDGE_CURVE('',#3109,#3178,#3511,.T.);
#3511 = B_SPLINE_CURVE_WITH_KNOTS('',1,(#3512,#3513),.UNSPECIFIED.,.F.,
  .F.,(2,2),(0.,5.E-02),.PIECEWISE_BEZIER_KNOTS.);
#3512 = CARTESIAN_POINT('',(-3.15,2.3,8.3));
#3513 = CARTESIAN_POINT('',(-3.15,2.25,8.3));
#3514 = ORIENTED_EDGE('',*,*,#3108,.T.);
#3515 = ORIENTED_EDGE('',*,*,#3494,.T.);
#3516 = ( BOUNDED_SURFACE() B_SPLINE_SURFACE(2,1,(
    (#3517,#3518)
    ,(#3519,#3520)
    ,(#3521,#3522
)),.UNSPECIFIED.,.F.,.F.,.F.) B_SPLINE_SURFACE_WITH_KNOTS((3,3),(2,2),(
    1.570796326795,3.14159265359),(0.,5.E-02),.PIECEWISE_BEZIER_KNOTS.) 
GEOMETRIC_REPRESENTATION_ITEM() RATIONAL_B_SPLINE_SURFACE((
    (1.,1.)
    ,(0.707106781187,0.707106781187)
,(1.,1.))) REPRESENTATION_ITEM('') SURFACE() );
#3517 = CARTESIAN_POINT('',(-3.15,2.3,8.3));
#3518 = CARTESIAN_POINT('',(-3.15,2.25,8.3));
#3519 = CARTESIAN_POINT('',(-4.05,2.3,8.3));
#3520 = CARTESIAN_POINT('',(-4.05,2.25,8.3));
#3521 = CARTESIAN_POINT('',(-4.05,2.3,7.4));
#3522 = CARTESIAN_POINT('',(-4.05,2.25,7.4));
#3523 = ADVANCED_FACE('',(#3524),#3530,.T.);
#3524 = FACE_BOUND('',#3525,.T.);
#3525 = EDGE_LOOP('',(#3526,#3527,#3528,#3529));
#3526 = ORIENTED_EDGE('',*,*,#3177,.F.);
#3527 = ORIENTED_EDGE('',*,*,#3161,.F.);
#3528 = ORIENTED_EDGE('',*,*,#3116,.T.);
#3529 = ORIENTED_EDGE('',*,*,#3510,.T.);
#3530 = B_SPLINE_SURFACE_WITH_KNOTS('',1,1,(
    (#3531,#3532)
    ,(#3533,#3534
    )),.UNSPECIFIED.,.F.,.F.,.F.,(2,2),(2,2),(-8.881784197001E-16,13.5),
  (-5.E-02,0.),.PIECEWISE_BEZIER_KNOTS.);
#3531 = CARTESIAN_POINT('',(-3.15,2.25,8.3));
#3532 = CARTESIAN_POINT('',(-3.15,2.3,8.3));
#3533 = CARTESIAN_POINT('',(10.35,2.25,8.3));
#3534 = CARTESIAN_POINT('',(10.35,2.3,8.3));
#3535 = ADVANCED_FACE('',(#3536),#3626,.T.);
#3536 = FACE_BOUND('',#3537,.T.);
#3537 = EDGE_LOOP('',(#3538,#3545,#3546,#3556,#3563,#3572,#3582,#3591,
    #3600,#3613));
#3538 = ORIENTED_EDGE('',*,*,#3539,.F.);
#3539 = EDGE_CURVE('',#3408,#3540,#3542,.T.);
#3540 = VERTEX_POINT('',#3541);
#3541 = CARTESIAN_POINT('',(-3.950000016824,1.650000002028,
    7.200292829034));
#3542 = B_SPLINE_CURVE_WITH_KNOTS('',1,(#3543,#3544),.UNSPECIFIED.,.F.,
  .F.,(2,2),(0.3,7.200292829034),.PIECEWISE_BEZIER_KNOTS.);
#3543 = CARTESIAN_POINT('',(-3.95,1.65,0.3));
#3544 = CARTESIAN_POINT('',(-3.95,1.65,7.200292829034));
#3545 = ORIENTED_EDGE('',*,*,#3407,.F.);
#3546 = ORIENTED_EDGE('',*,*,#3547,.F.);
#3547 = EDGE_CURVE('',#3548,#3401,#3550,.T.);
#3548 = VERTEX_POINT('',#3549);
#3549 = CARTESIAN_POINT('',(-1.35,-1.85,0.3));
#3550 = B_SPLINE_CURVE_WITH_KNOTS('',3,(#3551,#3552,#3553,#3554,#3555),
  .UNSPECIFIED.,.F.,.F.,(4,1,4),(0.,0.848967652303,1.),.UNSPECIFIED.);
#3551 = CARTESIAN_POINT('',(-1.35,-1.85,0.3));
#3552 = CARTESIAN_POINT('',(-1.649536700072,-1.85,0.3));
#3553 = CARTESIAN_POINT('',(-1.978291213865,-1.718478304417,0.3));
#3554 = CARTESIAN_POINT('',(-2.275247249523,-1.487015074144,0.3));
#3555 = CARTESIAN_POINT('',(-2.319352853658,-1.45,0.3));
#3556 = ORIENTED_EDGE('',*,*,#3557,.T.);
#3557 = EDGE_CURVE('',#3548,#3558,#3560,.T.);
#3558 = VERTEX_POINT('',#3559);
#3559 = CARTESIAN_POINT('',(-1.35,-1.85,7.2));
#3560 = B_SPLINE_CURVE_WITH_KNOTS('',1,(#3561,#3562),.UNSPECIFIED.,.F.,
  .F.,(2,2),(0.3,7.2),.PIECEWISE_BEZIER_KNOTS.);
#3561 = CARTESIAN_POINT('',(-1.35,-1.85,0.3));
#3562 = CARTESIAN_POINT('',(-1.35,-1.85,7.2));
#3563 = ORIENTED_EDGE('',*,*,#3564,.T.);
#3564 = EDGE_CURVE('',#3558,#3565,#3567,.T.);
#3565 = VERTEX_POINT('',#3566);
#3566 = CARTESIAN_POINT('',(-2.177082797404,-1.56017377643,7.2));
#3567 = B_SPLINE_CURVE_WITH_KNOTS('',3,(#3568,#3569,#3570,#3571),
  .UNSPECIFIED.,.F.,.F.,(4,4),(0.,0.187751738379),
  .PIECEWISE_BEZIER_KNOTS.);
#3568 = CARTESIAN_POINT('',(-1.35,-1.85,7.2));
#3569 = CARTESIAN_POINT('',(-1.645533564579,-1.85,7.2));
#3570 = CARTESIAN_POINT('',(-1.921174924431,-1.741306872722,7.2));
#3571 = CARTESIAN_POINT('',(-2.177082797404,-1.56017377643,7.2));
#3572 = ORIENTED_EDGE('',*,*,#3573,.T.);
#3573 = EDGE_CURVE('',#3565,#3574,#3576,.T.);
#3574 = VERTEX_POINT('',#3575);
#3575 = CARTESIAN_POINT('',(-2.410780729423,-1.369393612327,
    7.199999999937));
#3576 = B_SPLINE_CURVE_WITH_KNOTS('',3,(#3577,#3578,#3579,#3580,#3581),
  .UNSPECIFIED.,.F.,.F.,(4,1,4),(0.,4.234247317974E-02,1.),
  .UNSPECIFIED.);
#3577 = CARTESIAN_POINT('',(-2.177082797404,-1.56017377643,7.2));
#3578 = CARTESIAN_POINT('',(-2.177969235387,-1.55954998277,
    7.201035833359));
#3579 = CARTESIAN_POINT('',(-2.258937896583,-1.501866626244,
    7.201035833359));
#3580 = CARTESIAN_POINT('',(-2.337622627741,-1.437004955332,
    7.201035833359));
#3581 = CARTESIAN_POINT('',(-2.410780729423,-1.369393612327,
    7.199999999937));
#3582 = ORIENTED_EDGE('',*,*,#3583,.T.);
#3583 = EDGE_CURVE('',#3574,#3584,#3586,.T.);
#3584 = VERTEX_POINT('',#3585);
#3585 = CARTESIAN_POINT('',(-2.869270769027,-0.843738804909,
    7.200860009338));
#3586 = B_SPLINE_CURVE_WITH_KNOTS('',3,(#3587,#3588,#3589,#3590),
  .UNSPECIFIED.,.F.,.F.,(4,4),(0.,1.),.PIECEWISE_BEZIER_KNOTS.);
#3587 = CARTESIAN_POINT('',(-2.410780729423,-1.369393612327,
    7.199999999937));
#3588 = CARTESIAN_POINT('',(-2.574977242876,-1.217691950348,
    7.199661279241));
#3589 = CARTESIAN_POINT('',(-2.72814844974,-1.038342940146,
    7.199661279241));
#3590 = CARTESIAN_POINT('',(-2.869270769027,-0.843738804909,
    7.200860009338));
#3591 = ORIENTED_EDGE('',*,*,#3592,.F.);
#3592 = EDGE_CURVE('',#3593,#3584,#3595,.T.);
#3593 = VERTEX_POINT('',#3594);
#3594 = CARTESIAN_POINT('',(-2.955662816359,-0.720468390291,7.2));
#3595 = B_SPLINE_CURVE_WITH_KNOTS('',3,(#3596,#3597,#3598,#3599),
  .UNSPECIFIED.,.F.,.F.,(4,4),(0.66073024952,0.689445793942),
  .PIECEWISE_BEZIER_KNOTS.);
#3596 = CARTESIAN_POINT('',(-2.955662816359,-0.720468390291,7.2));
#3597 = CARTESIAN_POINT('',(-2.927580781972,-0.761959589986,7.2));
#3598 = CARTESIAN_POINT('',(-2.898827872182,-0.803079310582,7.2));
#3599 = CARTESIAN_POINT('',(-2.869270769027,-0.843738804909,
    7.200860009338));
#3600 = ORIENTED_EDGE('',*,*,#3601,.F.);
#3601 = EDGE_CURVE('',#3602,#3593,#3604,.T.);
#3602 = VERTEX_POINT('',#3603);
#3603 = CARTESIAN_POINT('',(-3.814687640052,1.076705222293,
    7.200249919308));
#3604 = B_SPLINE_CURVE_WITH_KNOTS('',3,(#3605,#3606,#3607,#3608,#3609,
    #3610,#3611,#3612),.UNSPECIFIED.,.F.,.F.,(4,1,1,1,1,4),(
    0.279591057898,0.3125,0.375,0.5,0.625,0.66073024952),.UNSPECIFIED.);
#3605 = CARTESIAN_POINT('',(-3.814687640052,1.076705222293,
    7.200249919308));
#3606 = CARTESIAN_POINT('',(-3.796808256281,1.021158879856,7.2));
#3607 = CARTESIAN_POINT('',(-3.742754101738,0.861345106765,7.2));
#3608 = CARTESIAN_POINT('',(-3.60619939297,0.498682606882,7.2));
#3609 = CARTESIAN_POINT('',(-3.384040420019,4.548752205267E-04,7.2));
#3610 = CARTESIAN_POINT('',(-3.143332443883,-0.434081774091,7.2));
#3611 = CARTESIAN_POINT('',(-2.990637506259,-0.668851792061,7.2));
#3612 = CARTESIAN_POINT('',(-2.955662816359,-0.720468390291,7.2));
#3613 = ORIENTED_EDGE('',*,*,#3614,.F.);
#3614 = EDGE_CURVE('',#3540,#3602,#3615,.T.);
#3615 = B_SPLINE_CURVE_WITH_KNOTS('',3,(#3616,#3617,#3618,#3619,#3620,
    #3621,#3622,#3623,#3624,#3625),.UNSPECIFIED.,.F.,.F.,(4,1,1,1,1,1,1,
    4),(0.170985029614,0.171875,0.1875,0.203125,0.2109375,0.21875,0.25,
    0.279591057898),.UNSPECIFIED.);
#3616 = CARTESIAN_POINT('',(-3.950000016824,1.650000002028,
    7.200292829034));
#3617 = CARTESIAN_POINT('',(-3.950019061323,1.648238790152,7.2));
#3618 = CARTESIAN_POINT('',(-3.94952143299,1.615622416303,7.2));
#3619 = CARTESIAN_POINT('',(-3.941223018243,1.556245582622,7.2));
#3620 = CARTESIAN_POINT('',(-3.927584579189,1.486066095421,7.2));
#3621 = CARTESIAN_POINT('',(-3.915124089736,1.43078899178,7.2));
#3622 = CARTESIAN_POINT('',(-3.895257505386,1.34853073657,7.2));
#3623 = CARTESIAN_POINT('',(-3.862665568495,1.230008716545,7.2));
#3624 = CARTESIAN_POINT('',(-3.830805990745,1.126638209647,7.2));
#3625 = CARTESIAN_POINT('',(-3.814687640052,1.076705222293,
    7.200249919308));
#3626 = B_SPLINE_SURFACE_WITH_KNOTS('',3,1,(
    (#3627,#3628)
    ,(#3629,#3630)
    ,(#3631,#3632)
    ,(#3633,#3634)
    ,(#3635,#3636
    )),.UNSPECIFIED.,.F.,.F.,.F.,(4,1,4),(2,2),(0.,0.809705079601,1.),(
    0.,1.),.UNSPECIFIED.);
#3627 = CARTESIAN_POINT('',(-3.95,1.65,0.3));
#3628 = CARTESIAN_POINT('',(-3.95,1.65,7.201035833359));
#3629 = CARTESIAN_POINT('',(-3.95,1.312701483717,0.3));
#3630 = CARTESIAN_POINT('',(-3.95,1.312701483717,7.201035833359));
#3631 = CARTESIAN_POINT('',(-3.116217719061,-1.263238856339,0.3));
#3632 = CARTESIAN_POINT('',(-3.116217719061,-1.263238856339,
    7.201035833359));
#3633 = CARTESIAN_POINT('',(-1.649536700072,-1.85,0.3));
#3634 = CARTESIAN_POINT('',(-1.649536700072,-1.85,7.201035833359));
#3635 = CARTESIAN_POINT('',(-1.35,-1.85,0.3));
#3636 = CARTESIAN_POINT('',(-1.35,-1.85,7.201035833359));
#3637 = ADVANCED_FACE('',(#3638),#3699,.T.);
#3638 = FACE_BOUND('',#3639,.T.);
#3639 = EDGE_LOOP('',(#3640,#3659,#3660,#3661,#3662,#3663,#3664,#3665,
    #3679));
#3640 = ORIENTED_EDGE('',*,*,#3641,.F.);
#3641 = EDGE_CURVE('',#3540,#3642,#3644,.T.);
#3642 = VERTEX_POINT('',#3643);
#3643 = CARTESIAN_POINT('',(-2.939394466697,1.650000002409,8.2));
#3644 = B_SPLINE_CURVE_WITH_KNOTS('',3,(#3645,#3646,#3647,#3648,#3649,
    #3650,#3651,#3652,#3653,#3654,#3655,#3656,#3657,#3658),
  .UNSPECIFIED.,.F.,.F.,(4,2,2,2,2,2,4),(0.,1.950571335931E-04,
    3.901142671862E-04,7.802285343723E-04,1.170342801559E-03,
    1.365399935152E-03,1.560457068745E-03),.UNSPECIFIED.);
#3645 = CARTESIAN_POINT('',(-3.950000016824,1.650000002028,
    7.200292829034));
#3646 = CARTESIAN_POINT('',(-3.946056025993,1.650000004844,
    7.265478125082));
#3647 = CARTESIAN_POINT('',(-3.942141661784,1.65,7.33096905194));
#3648 = CARTESIAN_POINT('',(-3.918292314485,1.65,7.458807172999));
#3649 = CARTESIAN_POINT('',(-3.897845930185,1.65,7.521421420933));
#3650 = CARTESIAN_POINT('',(-3.81841028783,1.65,7.70334004134));
#3651 = CARTESIAN_POINT('',(-3.745445301321,1.65,7.81354996263));
#3652 = CARTESIAN_POINT('',(-3.557471544404,1.65,7.999324632677));
#3653 = CARTESIAN_POINT('',(-3.446728935563,1.65,8.074063053414));
#3654 = CARTESIAN_POINT('',(-3.264369038836,1.65,8.148981444141));
#3655 = CARTESIAN_POINT('',(-3.202116884325,1.65,8.169006934885));
#3656 = CARTESIAN_POINT('',(-3.072549733838,1.65,8.191966789657));
#3657 = CARTESIAN_POINT('',(-3.005728793434,1.65,8.196010173235));
#3658 = CARTESIAN_POINT('',(-2.939394466697,1.650000002409,8.2));
#3659 = ORIENTED_EDGE('',*,*,#3614,.T.);
#3660 = ORIENTED_EDGE('',*,*,#3601,.T.);
#3661 = ORIENTED_EDGE('',*,*,#3592,.T.);
#3662 = ORIENTED_EDGE('',*,*,#3583,.F.);
#3663 = ORIENTED_EDGE('',*,*,#3573,.F.);
#3664 = ORIENTED_EDGE('',*,*,#3564,.F.);
#3665 = ORIENTED_EDGE('',*,*,#3666,.T.);
#3666 = EDGE_CURVE('',#3558,#3667,#3669,.T.);
#3667 = VERTEX_POINT('',#3668);
#3668 = CARTESIAN_POINT('',(-1.35,-0.85,8.2));
#3669 = B_SPLINE_CURVE_WITH_KNOTS('',3,(#3670,#3671,#3672,#3673,#3674,
    #3675,#3676,#3677,#3678),.UNSPECIFIED.,.F.,.F.,(4,1,1,1,1,1,4),(0.,
    0.125,0.25,0.5,0.75,0.875,1.),.UNSPECIFIED.);
#3670 = CARTESIAN_POINT('',(-1.35,-1.85,7.2));
#3671 = CARTESIAN_POINT('',(-1.35,-1.845879267803,7.267282331735));
#3672 = CARTESIAN_POINT('',(-1.35,-1.837637803407,7.401846995205));
#3673 = CARTESIAN_POINT('',(-1.35,-1.755036335414,7.651087576871));
#3674 = CARTESIAN_POINT('',(-1.35,-1.571737530291,7.921737530291));
#3675 = CARTESIAN_POINT('',(-1.35,-1.301087576871,8.105036335414));
#3676 = CARTESIAN_POINT('',(-1.35,-1.051846995205,8.187637803407));
#3677 = CARTESIAN_POINT('',(-1.35,-0.917282331735,8.195879267802));
#3678 = CARTESIAN_POINT('',(-1.35,-0.85,8.2));
#3679 = ORIENTED_EDGE('',*,*,#3680,.T.);
#3680 = EDGE_CURVE('',#3667,#3642,#3681,.T.);
#3681 = B_SPLINE_CURVE_WITH_KNOTS('',3,(#3682,#3683,#3684,#3685,#3686,
    #3687,#3688,#3689,#3690,#3691,#3692,#3693,#3694,#3695,#3696,#3697,
    #3698),.UNSPECIFIED.,.F.,.F.,(4,1,1,1,1,1,1,1,1,1,1,1,1,1,4),(0.,
    1.008761066462E-02,2.017522132925E-02,4.03504426585E-02,
    8.0700885317E-02,0.121051327975,0.161401770634,0.242102655951,
    0.322803541268,0.484205311902,0.645607082536,0.80700885317,
    0.887709738487,0.968410623804,0.988399633898),.UNSPECIFIED.);
#3682 = CARTESIAN_POINT('',(-1.35,-0.85,8.2));
#3683 = CARTESIAN_POINT('',(-1.370384868434,-0.848113554821,8.2));
#3684 = CARTESIAN_POINT('',(-1.411154605303,-0.844340664463,8.2));
#3685 = CARTESIAN_POINT('',(-1.4640006554,-0.824115441508,8.2));
#3686 = CARTESIAN_POINT('',(-1.545389660297,-0.783819990853,8.2));
#3687 = CARTESIAN_POINT('',(-1.63963530768,-0.71652269357,8.2));
#3688 = CARTESIAN_POINT('',(-1.739057731594,-0.629724144983,8.2));
#3689 = CARTESIAN_POINT('',(-1.859246234384,-0.508524510559,8.2));
#3690 = CARTESIAN_POINT('',(-1.993627227456,-0.350018839217,8.2));
#3691 = CARTESIAN_POINT('',(-2.183401286713,-8.52583678087E-02,8.2));
#3692 = CARTESIAN_POINT('',(-2.388169760078,0.260031230151,8.2));
#3693 = CARTESIAN_POINT('',(-2.599905380382,0.689397216658,8.2));
#3694 = CARTESIAN_POINT('',(-2.750530865276,1.058612278208,8.2));
#3695 = CARTESIAN_POINT('',(-2.857728979225,1.359862503877,8.2));
#3696 = CARTESIAN_POINT('',(-2.908118220707,1.53349369911,8.2));
#3697 = CARTESIAN_POINT('',(-2.935389887649,1.630185283476,8.2));
#3698 = CARTESIAN_POINT('',(-2.939394466697,1.650000002409,8.2));
#3699 = B_SPLINE_SURFACE_WITH_KNOTS('',3,3,(
    (#3700,#3701,#3702,#3703,#3704,#3705,#3706,#3707,#3708,#3709,#3710
      ,#3711,#3712,#3713,#3714,#3715,#3716,#3717,#3718,#3719,#3720,#3721
      ,#3722,#3723,#3724)
    ,(#3725,#3726,#3727,#3728,#3729,#3730,#3731,#3732,#3733,#3734,#3735
      ,#3736,#3737,#3738,#3739,#3740,#3741,#3742,#3743,#3744,#3745,#3746
      ,#3747,#3748,#3749)
    ,(#3750,#3751,#3752,#3753,#3754,#3755,#3756,#3757,#3758,#3759,#3760
      ,#3761,#3762,#3763,#3764,#3765,#3766,#3767,#3768,#3769,#3770,#3771
      ,#3772,#3773,#3774)
    ,(#3775,#3776,#3777,#3778,#3779,#3780,#3781,#3782,#3783,#3784,#3785
      ,#3786,#3787,#3788,#3789,#3790,#3791,#3792,#3793,#3794,#3795,#3796
      ,#3797,#3798,#3799)
    ,(#3800,#3801,#3802,#3803,#3804,#3805,#3806,#3807,#3808,#3809,#3810
      ,#3811,#3812,#3813,#3814,#3815,#3816,#3817,#3818,#3819,#3820,#3821
      ,#3822,#3823,#3824)
    ,(#3825,#3826,#3827,#3828,#3829,#3830,#3831,#3832,#3833,#3834,#3835
      ,#3836,#3837,#3838,#3839,#3840,#3841,#3842,#3843,#3844,#3845,#3846
      ,#3847,#3848,#3849)
    ,(#3850,#3851,#3852,#3853,#3854,#3855,#3856,#3857,#3858,#3859,#3860
      ,#3861,#3862,#3863,#3864,#3865,#3866,#3867,#3868,#3869,#3870,#3871
      ,#3872,#3873,#3874)
    ,(#3875,#3876,#3877,#3878,#3879,#3880,#3881,#3882,#3883,#3884,#3885
      ,#3886,#3887,#3888,#3889,#3890,#3891,#3892,#3893,#3894,#3895,#3896
      ,#3897,#3898,#3899)
    ,(#3900,#3901,#3902,#3903,#3904,#3905,#3906,#3907,#3908,#3909,#3910
      ,#3911,#3912,#3913,#3914,#3915,#3916,#3917,#3918,#3919,#3920,#3921
      ,#3922,#3923,#3924
    )),.UNSPECIFIED.,.F.,.F.,.F.,(4,1,1,1,1,1,4),(4,1,1,1,1,1,1,1,1,1,1,
    1,1,1,1,1,1,1,1,1,1,1,4),(0.,0.125,0.25,0.5,0.75,0.875,1.),(
    0.732746488562,0.73483440662,0.736922324678,0.741098160794,
    0.749449833027,0.757801505259,0.766153177492,0.782856521956,
    0.799559866421,0.832966555351,0.866373244281,0.899779933211,
    0.916483277676,0.93318662214,0.941538294373,0.943626212431,
    0.945714130489,0.949889966605,0.954065802722,0.958241638838,
    0.96659331107,0.983296655535,1.),.UNSPECIFIED.);
#3700 = CARTESIAN_POINT('',(-1.35,-1.85,7.2));
#3701 = CARTESIAN_POINT('',(-1.376803761567,-1.849425279297,7.2));
#3702 = CARTESIAN_POINT('',(-1.430411284701,-1.848275837889,7.2));
#3703 = CARTESIAN_POINT('',(-1.523988912973,-1.838352119646,7.2));
#3704 = CARTESIAN_POINT('',(-1.670009767394,-1.811067028963,7.2));
#3705 = CARTESIAN_POINT('',(-1.84291414083,-1.752129846231,7.2));
#3706 = CARTESIAN_POINT('',(-2.019993222921,-1.664404835038,7.2));
#3707 = CARTESIAN_POINT('',(-2.227240206635,-1.53130309151,7.2));
#3708 = CARTESIAN_POINT('',(-2.448003308942,-1.343514462937,7.2));
#3709 = CARTESIAN_POINT('',(-2.752580215068,-1.015855218136,7.2));
#3710 = CARTESIAN_POINT('',(-3.068128852369,-0.569842612587,7.2));
#3711 = CARTESIAN_POINT('',(-3.384040420019,4.548752205267E-04,7.2));
#3712 = CARTESIAN_POINT('',(-3.60619939297,0.498682606882,7.2));
#3713 = CARTESIAN_POINT('',(-3.761087288472,0.910034451804,7.2));
#3714 = CARTESIAN_POINT('',(-3.847042690424,1.173195429452,7.2));
#3715 = CARTESIAN_POINT('',(-3.895257505386,1.34853073657,7.2));
#3716 = CARTESIAN_POINT('',(-3.915124089736,1.43078899178,7.2));
#3717 = CARTESIAN_POINT('',(-3.927584579189,1.486066095421,7.2));
#3718 = CARTESIAN_POINT('',(-3.941223018243,1.556245582622,7.2));
#3719 = CARTESIAN_POINT('',(-3.95332596005,1.642844575881,7.2));
#3720 = CARTESIAN_POINT('',(-3.942491458757,1.7733900709,7.2));
#3721 = CARTESIAN_POINT('',(-3.93329344242,1.996386407778,7.2));
#3722 = CARTESIAN_POINT('',(-3.915082060408,2.317788117922,7.2));
#3723 = CARTESIAN_POINT('',(-3.901865317347,2.57415334433,7.2));
#3724 = CARTESIAN_POINT('',(-3.895256945816,2.702335957533,7.2));
#3725 = CARTESIAN_POINT('',(-1.35,-1.845879267803,7.267282331735));
#3726 = CARTESIAN_POINT('',(-1.376784336676,-1.845303482006,
    7.267282331735));
#3727 = CARTESIAN_POINT('',(-1.430353010027,-1.844151910412,
    7.267282331735));
#3728 = CARTESIAN_POINT('',(-1.5238269922,-1.834214420134,7.267282331735
    ));
#3729 = CARTESIAN_POINT('',(-1.66965209868,-1.806903798801,
    7.267282331735));
#3730 = CARTESIAN_POINT('',(-1.842273298935,-1.747941307691,
    7.267282331735));
#3731 = CARTESIAN_POINT('',(-2.019038785405,-1.660211921681,
    7.267282331735));
#3732 = CARTESIAN_POINT('',(-2.225906070495,-1.527136599008,
    7.267282331735));
#3733 = CARTESIAN_POINT('',(-2.446277925437,-1.339441966078,
    7.267282331735));
#3734 = CARTESIAN_POINT('',(-2.750342417084,-1.012014860355,
    7.267282331735));
#3735 = CARTESIAN_POINT('',(-3.065393923099,-0.566396933597,
    7.267282331735));
#3736 = CARTESIAN_POINT('',(-3.380848180538,3.325591503494E-03,
    7.267282331735));
#3737 = CARTESIAN_POINT('',(-3.602697273717,0.501019049345,
    7.267282331735));
#3738 = CARTESIAN_POINT('',(-3.757375879555,0.911913365851,
    7.267282331735));
#3739 = CARTESIAN_POINT('',(-3.843214494237,1.174776522064,
    7.267282331735));
#3740 = CARTESIAN_POINT('',(-3.891358529254,1.349912526549,
    7.267282331735));
#3741 = CARTESIAN_POINT('',(-3.911198821233,1.432074916446,
    7.267282331735));
#3742 = CARTESIAN_POINT('',(-3.923599579485,1.487308199736,
    7.267282331735));
#3743 = CARTESIAN_POINT('',(-3.937289803947,1.557369694319,
    7.267282331735));
#3744 = CARTESIAN_POINT('',(-3.949252021391,1.64393072903,7.267282331735
    ));
#3745 = CARTESIAN_POINT('',(-3.938249328276,1.774409255997,
    7.267282331735));
#3746 = CARTESIAN_POINT('',(-3.929176715315,1.997054805872,
    7.267282331735));
#3747 = CARTESIAN_POINT('',(-3.910926434859,2.318076735991,
    7.267282331735));
#3748 = CARTESIAN_POINT('',(-3.897736718912,2.574105775379,
    7.267282331735));
#3749 = CARTESIAN_POINT('',(-3.891141860939,2.702120295073,
    7.267282331735));
#3750 = CARTESIAN_POINT('',(-1.35,-1.837637803407,7.401846995205));
#3751 = CARTESIAN_POINT('',(-1.376745486892,-1.837059887424,
    7.401846995205));
#3752 = CARTESIAN_POINT('',(-1.430236460677,-1.835904055459,
    7.401846995206));
#3753 = CARTESIAN_POINT('',(-1.523503150653,-1.825939021109,
    7.401846995206));
#3754 = CARTESIAN_POINT('',(-1.668936761253,-1.798577338477,
    7.401846995206));
#3755 = CARTESIAN_POINT('',(-1.840991615144,-1.739564230613,
    7.401846995206));
#3756 = CARTESIAN_POINT('',(-2.017129910374,-1.651826094968,
    7.401846995206));
#3757 = CARTESIAN_POINT('',(-2.223237798215,-1.518803614004,
    7.401846995205));
#3758 = CARTESIAN_POINT('',(-2.442827158428,-1.33129697236,
    7.401846995205));
#3759 = CARTESIAN_POINT('',(-2.745866821118,-1.004334144794,
    7.401846995205));
#3760 = CARTESIAN_POINT('',(-3.059924064559,-0.559505575619,
    7.401846995206));
#3761 = CARTESIAN_POINT('',(-3.374463701575,9.067024069433E-03,
    7.401846995205));
#3762 = CARTESIAN_POINT('',(-3.595693035209,0.50569193427,7.401846995205
    ));
#3763 = CARTESIAN_POINT('',(-3.74995306172,0.915671193945,7.401846995205
    ));
#3764 = CARTESIAN_POINT('',(-3.835558101861,1.177938707288,
    7.401846995205));
#3765 = CARTESIAN_POINT('',(-3.88356057699,1.352676106505,7.401846995205
    ));
#3766 = CARTESIAN_POINT('',(-3.903348284229,1.434646765776,
    7.401846995205));
#3767 = CARTESIAN_POINT('',(-3.915629580076,1.489792408367,
    7.401846995205));
#3768 = CARTESIAN_POINT('',(-3.929423375354,1.559617917712,
    7.401846995205));
#3769 = CARTESIAN_POINT('',(-3.941104144074,1.646103035326,
    7.401846995205));
#3770 = CARTESIAN_POINT('',(-3.929765067313,1.776447626189,
    7.401846995205));
#3771 = CARTESIAN_POINT('',(-3.920943261106,1.99839160206,7.401846995205
    ));
#3772 = CARTESIAN_POINT('',(-3.902615183759,2.318653972129,
    7.401846995206));
#3773 = CARTESIAN_POINT('',(-3.889479522042,2.574010637478,
    7.401846995206));
#3774 = CARTESIAN_POINT('',(-3.882911691184,2.701688970153,
    7.401846995206));
#3775 = CARTESIAN_POINT('',(-1.35,-1.755036335414,7.651087576871));
#3776 = CARTESIAN_POINT('',(-1.37635021146,-1.754432850614,
    7.651087576871));
#3777 = CARTESIAN_POINT('',(-1.429050634379,-1.753225881012,
    7.651087576871));
#3778 = CARTESIAN_POINT('',(-1.52019534469,-1.742962048793,
    7.651087576871));
#3779 = CARTESIAN_POINT('',(-1.661642152628,-1.715058633292,
    7.651087576871));
#3780 = CARTESIAN_POINT('',(-1.827924854574,-1.655499544327,
    7.651087576871));
#3781 = CARTESIAN_POINT('',(-1.997752156189,-1.567676007021,
    7.651087576871));
#3782 = CARTESIAN_POINT('',(-2.19621852915,-1.435185000249,
    7.651087576871));
#3783 = CARTESIAN_POINT('',(-2.408024450221,-1.249609782213,
    7.651087576871));
#3784 = CARTESIAN_POINT('',(-2.700856850038,-0.927347144968,
    7.651087576871));
#3785 = CARTESIAN_POINT('',(-3.004995584351,-0.490458331161,
    7.651087576871));
#3786 = CARTESIAN_POINT('',(-3.310417672225,6.657226510927E-02,
    7.651087576871));
#3787 = CARTESIAN_POINT('',(-3.52545855692,0.552488332182,7.651087576871
    ));
#3788 = CARTESIAN_POINT('',(-3.675537315966,0.953302375975,
    7.651087576871));
#3789 = CARTESIAN_POINT('',(-3.758806517265,1.209605810069,
    7.651087576871));
#3790 = CARTESIAN_POINT('',(-3.805391257567,1.380353623435,
    7.651087576871));
#3791 = CARTESIAN_POINT('',(-3.824462946595,1.460487814393,
    7.651087576871));
#3792 = CARTESIAN_POINT('',(-3.836887046619,1.514120842008,
    7.651087576871));
#3793 = CARTESIAN_POINT('',(-3.849482225951,1.582648697489,
    7.651087576871));
#3794 = CARTESIAN_POINT('',(-3.857202747004,1.669106478512,
    7.651087576871));
#3795 = CARTESIAN_POINT('',(-3.846009559409,1.796098543699,
    7.651087576871));
#3796 = CARTESIAN_POINT('',(-3.837508381754,2.012279084986,
    7.651087576871));
#3797 = CARTESIAN_POINT('',(-3.819604416135,2.324254128548,
    7.651087576871));
#3798 = CARTESIAN_POINT('',(-3.806817089133,2.572995338408,
    7.651087576871));
#3799 = CARTESIAN_POINT('',(-3.800423425632,2.697365943339,
    7.651087576871));
#3800 = CARTESIAN_POINT('',(-1.35,-1.571737530291,7.921737530291));
#3801 = CARTESIAN_POINT('',(-1.375497947143,-1.571079496652,
    7.921737530291));
#3802 = CARTESIAN_POINT('',(-1.42649384143,-1.569763429374,
    7.921737530291));
#3803 = CARTESIAN_POINT('',(-1.512790041656,-1.558747323261,
    7.921737530291));
#3804 = CARTESIAN_POINT('',(-1.645019047563,-1.529457005835,
    7.921737530291));
#3805 = CARTESIAN_POINT('',(-1.798165379436,-1.468556205389,
    7.921737530291));
#3806 = CARTESIAN_POINT('',(-1.953600666932,-1.380395857131,
    7.921737530291));
#3807 = CARTESIAN_POINT('',(-2.135263052766,-1.249252840625,
    7.921737530291));
#3808 = CARTESIAN_POINT('',(-2.329737802226,-1.068004070506,
    7.921737530291));
#3809 = CARTESIAN_POINT('',(-2.600305641656,-0.756453157359,
    7.921737530291));
#3810 = CARTESIAN_POINT('',(-2.88260619477,-0.337296022193,
    7.921737530291));
#3811 = CARTESIAN_POINT('',(-3.168048553566,0.194018543159,
    7.921737530291));
#3812 = CARTESIAN_POINT('',(-3.36946525894,0.656167150615,7.921737530291
    ));
#3813 = CARTESIAN_POINT('',(-3.510292946797,1.036683725149,
    7.921737530291));
#3814 = CARTESIAN_POINT('',(-3.588502935198,1.279726203999,
    7.921737530291));
#3815 = CARTESIAN_POINT('',(-3.63177712678,1.441729676134,7.921737530291
    ));
#3816 = CARTESIAN_POINT('',(-3.650365777175,1.517298511803,
    7.921737530291));
#3817 = CARTESIAN_POINT('',(-3.655792111685,1.571089958328,
    7.921737530291));
#3818 = CARTESIAN_POINT('',(-3.681355027984,1.62899481461,7.921737530291
    ));
#3819 = CARTESIAN_POINT('',(-3.665574047649,1.722782222825,
    7.921737530291));
#3820 = CARTESIAN_POINT('',(-3.663270991557,1.837864835635,
    7.921737530291));
#3821 = CARTESIAN_POINT('',(-3.650138430979,2.044109777226,
    7.921737530291));
#3822 = CARTESIAN_POINT('',(-3.636106049794,2.336225781473,
    7.921737530291));
#3823 = CARTESIAN_POINT('',(-3.623619233365,2.57059047722,7.921737530291
    ));
#3824 = CARTESIAN_POINT('',(-3.617375825151,2.687772825094,
    7.921737530291));
#3825 = CARTESIAN_POINT('',(-1.35,-1.301087576871,8.105036335414));
#3826 = CARTESIAN_POINT('',(-1.374090387054,-1.300239667889,
    8.105036335414));
#3827 = CARTESIAN_POINT('',(-1.422271161161,-1.298543849924,
    8.105036335414));
#3828 = CARTESIAN_POINT('',(-1.499994217329,-1.28572374881,
    8.105036335414));
#3829 = CARTESIAN_POINT('',(-1.616571087375,-1.25347181191,
    8.105036335414));
#3830 = CARTESIAN_POINT('',(-1.74786035497,-1.189684121917,
    8.105036335414));
#3831 = CARTESIAN_POINT('',(-1.881647528253,-1.10125853357,
    8.105036335414));
#3832 = CARTESIAN_POINT('',(-2.038575586568,-0.972600338222,
    8.105036335414));
#3833 = CARTESIAN_POINT('',(-2.208851716867,-0.798834233035,
    8.105036335414));
#3834 = CARTESIAN_POINT('',(-2.448186773892,-0.504210353223,
    8.105036335414));
#3835 = CARTESIAN_POINT('',(-2.699403953657,-0.111888865627,
    8.105036335414));
#3836 = CARTESIAN_POINT('',(-2.956476917551,0.381147442639,
    8.105036335414));
#3837 = CARTESIAN_POINT('',(-3.138250220633,0.808301420631,
    8.105036335414));
#3838 = CARTESIAN_POINT('',(-3.265977345106,1.158898934474,
    8.105036335414));
#3839 = CARTESIAN_POINT('',(-3.336241456086,1.382837947898,
    8.105036335414));
#3840 = CARTESIAN_POINT('',(-3.375660900527,1.531522467875,
    8.105036335414));
#3841 = CARTESIAN_POINT('',(-3.388877252762,1.602556516692,
    8.105036335414));
#3842 = CARTESIAN_POINT('',(-3.412229748914,1.642991794949,
    8.105036335414));
#3843 = CARTESIAN_POINT('',(-3.393238317464,1.717281855616,
    8.105036335414));
#3844 = CARTESIAN_POINT('',(-3.394225931804,1.794545297404,
    8.105036335414));
#3845 = CARTESIAN_POINT('',(-3.386936949655,1.901892253127,
    8.105036335414));
#3846 = CARTESIAN_POINT('',(-3.378235408017,2.087707660685,
    8.105036335414));
#3847 = CARTESIAN_POINT('',(-3.363698568929,2.354218886316,
    8.105036335414));
#3848 = CARTESIAN_POINT('',(-3.352630715034,2.567145029422,
    8.105036335414));
#3849 = CARTESIAN_POINT('',(-3.347096788086,2.673608100975,
    8.105036335414));
#3850 = CARTESIAN_POINT('',(-1.35,-1.051846995205,8.187637803407));
#3851 = CARTESIAN_POINT('',(-1.372744722568,-1.050741918627,
    8.187637803407));
#3852 = CARTESIAN_POINT('',(-1.418234167703,-1.048531765469,
    8.187637803407));
#3853 = CARTESIAN_POINT('',(-1.485178724755,-1.032724184956,
    8.187637803407));
#3854 = CARTESIAN_POINT('',(-1.583047993104,-0.996029848617,
    8.187637803407));
#3855 = CARTESIAN_POINT('',(-1.692711270178,-0.929471892105,
    8.187637803407));
#3856 = CARTESIAN_POINT('',(-1.807219499072,-0.841592666,8.187637803406)
  );
#3857 = CARTESIAN_POINT('',(-1.942578077647,-0.716303735759,
    8.187637803406));
#3858 = CARTESIAN_POINT('',(-2.092513215761,-0.550655665931,
    8.187637803406));
#3859 = CARTESIAN_POINT('',(-2.303893078598,-0.272209438746,
    8.187637803407));
#3860 = CARTESIAN_POINT('',(-2.528504842692,9.444742687232E-02,
    8.187637803407));
#3861 = CARTESIAN_POINT('',(-2.760193024002,0.55223342627,8.187637803407
    ));
#3862 = CARTESIAN_POINT('',(-2.924445267828,0.947278737183,
    8.187637803407));
#3863 = CARTESIAN_POINT('',(-3.040636827197,1.270465197493,
    8.187637803407));
#3864 = CARTESIAN_POINT('',(-3.103117875894,1.477246201653,
    8.187637803406));
#3865 = CARTESIAN_POINT('',(-3.140023443329,1.613373396969,
    8.187637803407));
#3866 = CARTESIAN_POINT('',(-3.154397556503,1.677586800298,
    8.187637803407));
#3867 = CARTESIAN_POINT('',(-3.143766618283,1.72991105697,8.187637803407
    ));
#3868 = CARTESIAN_POINT('',(-3.145035373029,1.78828038159,8.187637803407
    ));
#3869 = CARTESIAN_POINT('',(-3.139770516602,1.861638722045,
    8.187637803407));
#3870 = CARTESIAN_POINT('',(-3.135173256658,1.958261119224,
    8.187637803407));
#3871 = CARTESIAN_POINT('',(-3.125991651527,2.127908416583,
    8.187637803407));
#3872 = CARTESIAN_POINT('',(-3.113465406712,2.369971848479,
    8.187637803407));
#3873 = CARTESIAN_POINT('',(-3.103286990221,2.563699854026,
    8.187637803407));
#3874 = CARTESIAN_POINT('',(-3.098197781975,2.660563856799,
    8.187637803407));
#3875 = CARTESIAN_POINT('',(-1.35,-0.917282331735,8.195879267802));
#3876 = CARTESIAN_POINT('',(-1.371171486479,-0.915656342756,
    8.195879267802));
#3877 = CARTESIAN_POINT('',(-1.413514459436,-0.912404364798,
    8.195879267802));
#3878 = CARTESIAN_POINT('',(-1.471060011852,-0.893651689324,
    8.195879267802));
#3879 = CARTESIAN_POINT('',(-1.557942437899,-0.854556610107,
    8.195879267802));
#3880 = CARTESIAN_POINT('',(-1.65732729518,-0.787505759748,
    8.195879267802));
#3881 = CARTESIAN_POINT('',(-1.761778320753,-0.700346985322,
    8.195879267802));
#3882 = CARTESIAN_POINT('',(-1.887023515472,-0.577784252292,
    8.195879267802));
#3883 = CARTESIAN_POINT('',(-2.026589223558,-0.416897781455,
    8.195879267802));
#3884 = CARTESIAN_POINT('',(-2.223565217342,-0.147575391454,
    8.195879267802));
#3885 = CARTESIAN_POINT('',(-2.434948120949,0.204836629058,
    8.195879267802));
#3886 = CARTESIAN_POINT('',(-2.653334594922,0.643675953196,
    8.195879267802));
#3887 = CARTESIAN_POINT('',(-2.808502332793,1.021501097866,
    8.195879267802));
#3888 = CARTESIAN_POINT('',(-2.918698261883,1.330063401749,
    8.195879267802));
#3889 = CARTESIAN_POINT('',(-2.97688895946,1.527738136967,8.195879267802
    ));
#3890 = CARTESIAN_POINT('',(-3.012747175076,1.657122476167,
    8.195879267802));
#3891 = CARTESIAN_POINT('',(-3.013987108147,1.723673863285,
    8.195879267802));
#3892 = CARTESIAN_POINT('',(-3.009083507673,1.77076792723,8.195879267802
    ));
#3893 = CARTESIAN_POINT('',(-3.007460758721,1.827442967049,
    8.195879267802));
#3894 = CARTESIAN_POINT('',(-3.003398972592,1.896492675008,
    8.195879267802));
#3895 = CARTESIAN_POINT('',(-2.99873916375,1.988185496179,8.195879267802
    ));
#3896 = CARTESIAN_POINT('',(-2.990229733475,2.148823373544,
    8.195879267802));
#3897 = CARTESIAN_POINT('',(-2.978257694861,2.378214975934,
    8.195879267802));
#3898 = CARTESIAN_POINT('',(-2.96863092142,2.561752516285,8.195879267802
    ));
#3899 = CARTESIAN_POINT('',(-2.963817534699,2.65352128646,8.195879267802
    ));
#3900 = CARTESIAN_POINT('',(-1.35,-0.85,8.2));
#3901 = CARTESIAN_POINT('',(-1.370384868434,-0.848113554821,8.2));
#3902 = CARTESIAN_POINT('',(-1.411154605303,-0.844340664463,8.2));
#3903 = CARTESIAN_POINT('',(-1.4640006554,-0.824115441508,8.2));
#3904 = CARTESIAN_POINT('',(-1.545389660297,-0.783819990853,8.2));
#3905 = CARTESIAN_POINT('',(-1.63963530768,-0.71652269357,8.2));
#3906 = CARTESIAN_POINT('',(-1.739057731594,-0.629724144983,8.2));
#3907 = CARTESIAN_POINT('',(-1.859246234384,-0.508524510559,8.2));
#3908 = CARTESIAN_POINT('',(-1.993627227456,-0.350018839217,8.2));
#3909 = CARTESIAN_POINT('',(-2.183401286713,-8.52583678087E-02,8.2));
#3910 = CARTESIAN_POINT('',(-2.388169760078,0.260031230151,8.2));
#3911 = CARTESIAN_POINT('',(-2.599905380382,0.689397216658,8.2));
#3912 = CARTESIAN_POINT('',(-2.750530865276,1.058612278208,8.2));
#3913 = CARTESIAN_POINT('',(-2.857728979225,1.359862503877,8.2));
#3914 = CARTESIAN_POINT('',(-2.913774501243,1.552984104624,8.2));
#3915 = CARTESIAN_POINT('',(-2.94910904095,1.678997015766,8.2));
#3916 = CARTESIAN_POINT('',(-2.943781883969,1.746717394779,8.2));
#3917 = CARTESIAN_POINT('',(-2.941741952368,1.79119636236,8.2));
#3918 = CARTESIAN_POINT('',(-2.938673451566,1.847024259778,8.2));
#3919 = CARTESIAN_POINT('',(-2.935213200587,1.91391965149,8.2));
#3920 = CARTESIAN_POINT('',(-2.930522117296,2.003147684656,8.2));
#3921 = CARTESIAN_POINT('',(-2.92234877445,2.159280852025,8.2));
#3922 = CARTESIAN_POINT('',(-2.910653838936,2.382336539662,8.2));
#3923 = CARTESIAN_POINT('',(-2.90130288702,2.560778847414,8.2));
#3924 = CARTESIAN_POINT('',(-2.896627411061,2.65000000129,8.2));
#3925 = ADVANCED_FACE('',(#3926),#3952,.T.);
#3926 = FACE_BOUND('',#3927,.T.);
#3927 = EDGE_LOOP('',(#3928,#3935,#3946,#3951));
#3928 = ORIENTED_EDGE('',*,*,#3929,.F.);
#3929 = EDGE_CURVE('',#3930,#3558,#3932,.T.);
#3930 = VERTEX_POINT('',#3931);
#3931 = CARTESIAN_POINT('',(8.55,-1.85,7.2));
#3932 = B_SPLINE_CURVE_WITH_KNOTS('',1,(#3933,#3934),.UNSPECIFIED.,.F.,
  .F.,(2,2),(3.552713678801E-15,9.9),.PIECEWISE_BEZIER_KNOTS.);
#3933 = CARTESIAN_POINT('',(8.55,-1.85,7.2));
#3934 = CARTESIAN_POINT('',(-1.35,-1.85,7.2));
#3935 = ORIENTED_EDGE('',*,*,#3936,.T.);
#3936 = EDGE_CURVE('',#3930,#3937,#3939,.T.);
#3937 = VERTEX_POINT('',#3938);
#3938 = CARTESIAN_POINT('',(8.55,-0.85,8.2));
#3939 = B_SPLINE_CURVE_WITH_KNOTS('',3,(#3940,#3941,#3942,#3943,#3944,
    #3945),.UNSPECIFIED.,.F.,.F.,(4,2,4),(0.,0.5,1.),.UNSPECIFIED.);
#3940 = CARTESIAN_POINT('',(8.55,-1.85,7.2));
#3941 = CARTESIAN_POINT('',(8.55,-1.85,7.461799387799));
#3942 = CARTESIAN_POINT('',(8.55,-1.74222690361,7.721986658763));
#3943 = CARTESIAN_POINT('',(8.55,-1.371986658763,8.09222690361));
#3944 = CARTESIAN_POINT('',(8.55,-1.111799387799,8.2));
#3945 = CARTESIAN_POINT('',(8.55,-0.85,8.2));
#3946 = ORIENTED_EDGE('',*,*,#3947,.T.);
#3947 = EDGE_CURVE('',#3937,#3667,#3948,.T.);
#3948 = B_SPLINE_CURVE_WITH_KNOTS('',1,(#3949,#3950),.UNSPECIFIED.,.F.,
  .F.,(2,2),(2.6645352591E-15,9.9),.PIECEWISE_BEZIER_KNOTS.);
#3949 = CARTESIAN_POINT('',(8.55,-0.85,8.2));
#3950 = CARTESIAN_POINT('',(-1.35,-0.85,8.2));
#3951 = ORIENTED_EDGE('',*,*,#3666,.F.);
#3952 = ( BOUNDED_SURFACE() B_SPLINE_SURFACE(2,1,(
    (#3953,#3954)
    ,(#3955,#3956)
    ,(#3957,#3958
)),.UNSPECIFIED.,.F.,.F.,.F.) B_SPLINE_SURFACE_WITH_KNOTS((3,3),(2,2),(
    3.14159265359,4.712388980385),(1.128884097183E-15,9.9),
.PIECEWISE_BEZIER_KNOTS.) GEOMETRIC_REPRESENTATION_ITEM() 
RATIONAL_B_SPLINE_SURFACE((
    (1.,1.)
    ,(0.707106781187,0.707106781187)
,(1.,1.))) REPRESENTATION_ITEM('') SURFACE() );
#3953 = CARTESIAN_POINT('',(8.55,-1.85,7.2));
#3954 = CARTESIAN_POINT('',(-1.35,-1.85,7.2));
#3955 = CARTESIAN_POINT('',(8.55,-1.85,8.2));
#3956 = CARTESIAN_POINT('',(-1.35,-1.85,8.2));
#3957 = CARTESIAN_POINT('',(8.55,-0.85,8.2));
#3958 = CARTESIAN_POINT('',(-1.35,-0.85,8.2));
#3959 = ADVANCED_FACE('',(#3960),#4078,.F.);
#3960 = FACE_BOUND('',#3961,.F.);
#3961 = EDGE_LOOP('',(#3962,#3973,#3982,#3991,#4002,#4011,#4024,#4025,
    #4061));
#3962 = ORIENTED_EDGE('',*,*,#3963,.T.);
#3963 = EDGE_CURVE('',#3964,#3966,#3968,.T.);
#3964 = VERTEX_POINT('',#3965);
#3965 = CARTESIAN_POINT('',(11.15,1.65,7.200293104852));
#3966 = VERTEX_POINT('',#3967);
#3967 = CARTESIAN_POINT('',(11.014687640052,1.076705222293,
    7.200249919308));
#3968 = B_SPLINE_CURVE_WITH_KNOTS('',3,(#3969,#3970,#3971,#3972),
  .UNSPECIFIED.,.F.,.F.,(4,4),(0.,1.),.PIECEWISE_BEZIER_KNOTS.);
#3969 = CARTESIAN_POINT('',(11.15,1.65,7.200293104852));
#3970 = CARTESIAN_POINT('',(11.15,1.561303503225,7.200557419341));
#3971 = CARTESIAN_POINT('',(11.103316479724,1.351703707938,
    7.200528628978));
#3972 = CARTESIAN_POINT('',(11.014687640052,1.076705222293,
    7.200249919308));
#3973 = ORIENTED_EDGE('',*,*,#3974,.T.);
#3974 = EDGE_CURVE('',#3966,#3975,#3977,.T.);
#3975 = VERTEX_POINT('',#3976);
#3976 = CARTESIAN_POINT('',(10.155662816359,-0.720468390291,7.2));
#3977 = B_SPLINE_CURVE_WITH_KNOTS('',3,(#3978,#3979,#3980,#3981),
  .UNSPECIFIED.,.F.,.F.,(4,4),(0.,1.),.PIECEWISE_BEZIER_KNOTS.);
#3978 = CARTESIAN_POINT('',(11.014687640052,1.076705222293,
    7.200249919308));
#3979 = CARTESIAN_POINT('',(10.855200936028,0.581854240118,
    7.198168390624));
#3980 = CARTESIAN_POINT('',(10.559635504814,-0.12528718299,
    7.198168390624));
#3981 = CARTESIAN_POINT('',(10.155662816359,-0.720468390291,7.2));
#3982 = ORIENTED_EDGE('',*,*,#3983,.T.);
#3983 = EDGE_CURVE('',#3975,#3984,#3986,.T.);
#3984 = VERTEX_POINT('',#3985);
#3985 = CARTESIAN_POINT('',(10.069270769027,-0.843738804909,
    7.200860009338));
#3986 = B_SPLINE_CURVE_WITH_KNOTS('',3,(#3987,#3988,#3989,#3990),
  .UNSPECIFIED.,.F.,.F.,(4,4),(0.,1.),.PIECEWISE_BEZIER_KNOTS.);
#3987 = CARTESIAN_POINT('',(10.155662816359,-0.720468390291,7.2));
#3988 = CARTESIAN_POINT('',(10.127391992903,-0.76214821394,
    7.200860009338));
#3989 = CARTESIAN_POINT('',(10.098580295077,-0.80326751486,
    7.200860009338));
#3990 = CARTESIAN_POINT('',(10.069270769027,-0.843738804909,
    7.200860009338));
#3991 = ORIENTED_EDGE('',*,*,#3992,.F.);
#3992 = EDGE_CURVE('',#3993,#3984,#3995,.T.);
#3993 = VERTEX_POINT('',#3994);
#3994 = CARTESIAN_POINT('',(9.610780729423,-1.369393612327,
    7.199999999937));
#3995 = B_SPLINE_CURVE_WITH_KNOTS('',3,(#3996,#3997,#3998,#3999,#4000,
    #4001),.UNSPECIFIED.,.F.,.F.,(4,1,1,4),(0.179685593473,0.1875,0.25,
    0.310554206058),.UNSPECIFIED.);
#3996 = CARTESIAN_POINT('',(9.610780729423,-1.369393612327,
    7.199999999937));
#3997 = CARTESIAN_POINT('',(9.621266547574,-1.359695210073,7.2));
#3998 = CARTESIAN_POINT('',(9.71462718442,-1.271841501903,7.2));
#3999 = CARTESIAN_POINT('',(9.874065412941,-1.100320258831,7.2));
#4000 = CARTESIAN_POINT('',(10.007140812691,-0.929624079664,7.2));
#4001 = CARTESIAN_POINT('',(10.069270769027,-0.843738804909,
    7.200860009338));
#4002 = ORIENTED_EDGE('',*,*,#4003,.F.);
#4003 = EDGE_CURVE('',#4004,#3993,#4006,.T.);
#4004 = VERTEX_POINT('',#4005);
#4005 = CARTESIAN_POINT('',(9.377082797404,-1.56017377643,7.2));
#4006 = B_SPLINE_CURVE_WITH_KNOTS('',3,(#4007,#4008,#4009,#4010),
  .UNSPECIFIED.,.F.,.F.,(4,4),(0.126432027087,0.179685593473),
  .PIECEWISE_BEZIER_KNOTS.);
#4007 = CARTESIAN_POINT('',(9.377082797404,-1.56017377643,7.2));
#4008 = CARTESIAN_POINT('',(9.46317676909,-1.499011821366,7.2));
#4009 = CARTESIAN_POINT('',(9.539377014304,-1.435545435198,7.2));
#4010 = CARTESIAN_POINT('',(9.610780729423,-1.369393612327,
    7.199999999937));
#4011 = ORIENTED_EDGE('',*,*,#4012,.F.);
#4012 = EDGE_CURVE('',#3930,#4004,#4013,.T.);
#4013 = B_SPLINE_CURVE_WITH_KNOTS('',3,(#4014,#4015,#4016,#4017,#4018,
    #4019,#4020,#4021,#4022,#4023),.UNSPECIFIED.,.F.,.F.,(4,1,1,1,1,1,1,
    4),(0.,7.8125E-03,1.5625E-02,3.125E-02,6.25E-02,9.375E-02,0.125,
    0.126432027087),.UNSPECIFIED.);
#4014 = CARTESIAN_POINT('',(8.55,-1.85,7.2));
#4015 = CARTESIAN_POINT('',(8.576803761567,-1.849425279297,7.2));
#4016 = CARTESIAN_POINT('',(8.630411284701,-1.848275837889,7.2));
#4017 = CARTESIAN_POINT('',(8.723988912973,-1.838352119646,7.2));
#4018 = CARTESIAN_POINT('',(8.870009767394,-1.811067028963,7.2));
#4019 = CARTESIAN_POINT('',(9.04291414083,-1.752129846231,7.2));
#4020 = CARTESIAN_POINT('',(9.219993222921,-1.664404835038,7.2));
#4021 = CARTESIAN_POINT('',(9.325990981133,-1.596329120858,7.2));
#4022 = CARTESIAN_POINT('',(9.377384604811,-1.559967591555,7.2));
#4023 = CARTESIAN_POINT('',(9.377082797404,-1.56017377643,7.2));
#4024 = ORIENTED_EDGE('',*,*,#3936,.T.);
#4025 = ORIENTED_EDGE('',*,*,#4026,.T.);
#4026 = EDGE_CURVE('',#3937,#4027,#4029,.T.);
#4027 = VERTEX_POINT('',#4028);
#4028 = CARTESIAN_POINT('',(10.139394474445,1.650000001943,8.2));
#4029 = B_SPLINE_CURVE_WITH_KNOTS('',3,(#4030,#4031,#4032,#4033,#4034,
    #4035,#4036,#4037,#4038,#4039,#4040,#4041,#4042,#4043,#4044,#4045,
    #4046,#4047,#4048,#4049,#4050,#4051,#4052,#4053,#4054,#4055,#4056,
    #4057,#4058,#4059,#4060),.UNSPECIFIED.,.F.,.F.,(4,1,1,1,1,1,1,2,2,1,
    1,1,1,2,2,1,1,1,1,1,2,2,4),(0.,0.125,0.1875,0.21875,0.234375,
    0.2421875,0.24609375,0.248046875,0.25,0.375,0.4375,0.46875,0.484375,
    0.4921875,0.5,0.625,0.6875,0.71875,0.734375,0.7421875,0.74609375,
    0.75,1.),.UNSPECIFIED.);
#4030 = CARTESIAN_POINT('',(8.55,-0.85,8.2));
#4031 = CARTESIAN_POINT('',(8.640792414872,-0.841597938741,8.2));
#4032 = CARTESIAN_POINT('',(8.790116133068,-0.77111803865,8.2));
#4033 = CARTESIAN_POINT('',(8.987313555436,-0.587607074186,8.2));
#4034 = CARTESIAN_POINT('',(9.091658871072,-0.470530488366,8.2));
#4035 = CARTESIAN_POINT('',(9.145268180002,-0.405661919558,8.2));
#4036 = CARTESIAN_POINT('',(9.172431997246,-0.37164506618,8.2));
#4037 = CARTESIAN_POINT('',(9.186103696562,-0.354240997247,8.2));
#4038 = CARTESIAN_POINT('',(9.191982237132,-0.346697330081,8.2));
#4039 = CARTESIAN_POINT('',(9.195905539926,-0.34164937853,8.2));
#4040 = CARTESIAN_POINT('',(9.198789761791,-0.337925455054,8.2));
#4041 = CARTESIAN_POINT('',(9.266746907565,-0.250026719802,8.2));
#4042 = CARTESIAN_POINT('',(9.366526533147,-0.106959882449,8.2));
#4043 = CARTESIAN_POINT('',(9.481907356631,8.313396974506E-02,8.2));
#4044 = CARTESIAN_POINT('',(9.53934058345,0.183976531329,8.2));
#4045 = CARTESIAN_POINT('',(9.567992900629,0.235846720993,8.2));
#4046 = CARTESIAN_POINT('',(9.58025868737,0.25838728275,8.2));
#4047 = CARTESIAN_POINT('',(9.588432816806,0.273483319582,8.2));
#4048 = CARTESIAN_POINT('',(9.593095296906,0.282141889808,8.2));
#4049 = CARTESIAN_POINT('',(9.652715261604,0.393338211449,8.2));
#4050 = CARTESIAN_POINT('',(9.733449054563,0.554824044674,8.2));
#4051 = CARTESIAN_POINT('',(9.821626233992,0.751104067525,8.2));
#4052 = CARTESIAN_POINT('',(9.864211762284,0.851214049972,8.2));
#4053 = CARTESIAN_POINT('',(9.885128761074,0.901761533952,8.2));
#4054 = CARTESIAN_POINT('',(9.89549331913,0.92715839913,8.2));
#4055 = CARTESIAN_POINT('',(9.899915142296,0.938069153462,8.2));
#4056 = CARTESIAN_POINT('',(9.902858551009,0.945348852691,8.2));
#4057 = CARTESIAN_POINT('',(9.903854511517,0.947815083531,8.2));
#4058 = CARTESIAN_POINT('',(10.030002488675,1.261262172279,8.2));
#4059 = CARTESIAN_POINT('',(10.107866021416,1.493716390134,8.2));
#4060 = CARTESIAN_POINT('',(10.139394474445,1.650000001943,8.2));
#4061 = ORIENTED_EDGE('',*,*,#4062,.F.);
#4062 = EDGE_CURVE('',#3964,#4027,#4063,.T.);
#4063 = B_SPLINE_CURVE_WITH_KNOTS('',3,(#4064,#4065,#4066,#4067,#4068,
    #4069,#4070,#4071,#4072,#4073,#4074,#4075,#4076,#4077),
  .UNSPECIFIED.,.F.,.F.,(4,2,2,2,2,2,4),(0.,1.950571335931E-04,
    3.901142671862E-04,7.802285343723E-04,1.170342801559E-03,
    1.365399935152E-03,1.560457068745E-03),.UNSPECIFIED.);
#4064 = CARTESIAN_POINT('',(11.15,1.65,7.200293104852));
#4065 = CARTESIAN_POINT('',(11.146056025993,1.650000004844,
    7.265478125082));
#4066 = CARTESIAN_POINT('',(11.142141661784,1.65,7.33096905194));
#4067 = CARTESIAN_POINT('',(11.118292314485,1.65,7.458807172999));
#4068 = CARTESIAN_POINT('',(11.097845930185,1.65,7.521421420933));
#4069 = CARTESIAN_POINT('',(11.01841028783,1.65,7.70334004134));
#4070 = CARTESIAN_POINT('',(10.945445301321,1.65,7.81354996263));
#4071 = CARTESIAN_POINT('',(10.757471544404,1.65,7.999324632677));
#4072 = CARTESIAN_POINT('',(10.646728935563,1.65,8.074063053414));
#4073 = CARTESIAN_POINT('',(10.464369038836,1.65,8.148981444141));
#4074 = CARTESIAN_POINT('',(10.402116884325,1.65,8.169006934885));
#4075 = CARTESIAN_POINT('',(10.272549733838,1.65,8.191966789657));
#4076 = CARTESIAN_POINT('',(10.205728793434,1.65,8.196010173235));
#4077 = CARTESIAN_POINT('',(10.139394474445,1.650000001943,8.2));
#4078 = B_SPLINE_SURFACE_WITH_KNOTS('',3,3,(
    (#4079,#4080,#4081,#4082,#4083,#4084,#4085,#4086,#4087,#4088,#4089
      ,#4090,#4091,#4092,#4093,#4094,#4095,#4096,#4097,#4098,#4099,#4100
      ,#4101,#4102,#4103)
    ,(#4104,#4105,#4106,#4107,#4108,#4109,#4110,#4111,#4112,#4113,#4114
      ,#4115,#4116,#4117,#4118,#4119,#4120,#4121,#4122,#4123,#4124,#4125
      ,#4126,#4127,#4128)
    ,(#4129,#4130,#4131,#4132,#4133,#4134,#4135,#4136,#4137,#4138,#4139
      ,#4140,#4141,#4142,#4143,#4144,#4145,#4146,#4147,#4148,#4149,#4150
      ,#4151,#4152,#4153)
    ,(#4154,#4155,#4156,#4157,#4158,#4159,#4160,#4161,#4162,#4163,#4164
      ,#4165,#4166,#4167,#4168,#4169,#4170,#4171,#4172,#4173,#4174,#4175
      ,#4176,#4177,#4178)
    ,(#4179,#4180,#4181,#4182,#4183,#4184,#4185,#4186,#4187,#4188,#4189
      ,#4190,#4191,#4192,#4193,#4194,#4195,#4196,#4197,#4198,#4199,#4200
      ,#4201,#4202,#4203)
    ,(#4204,#4205,#4206,#4207,#4208,#4209,#4210,#4211,#4212,#4213,#4214
      ,#4215,#4216,#4217,#4218,#4219,#4220,#4221,#4222,#4223,#4224,#4225
      ,#4226,#4227,#4228)
    ,(#4229,#4230,#4231,#4232,#4233,#4234,#4235,#4236,#4237,#4238,#4239
      ,#4240,#4241,#4242,#4243,#4244,#4245,#4246,#4247,#4248,#4249,#4250
      ,#4251,#4252,#4253)
    ,(#4254,#4255,#4256,#4257,#4258,#4259,#4260,#4261,#4262,#4263,#4264
      ,#4265,#4266,#4267,#4268,#4269,#4270,#4271,#4272,#4273,#4274,#4275
      ,#4276,#4277,#4278)
    ,(#4279,#4280,#4281,#4282,#4283,#4284,#4285,#4286,#4287,#4288,#4289
      ,#4290,#4291,#4292,#4293,#4294,#4295,#4296,#4297,#4298,#4299,#4300
      ,#4301,#4302,#4303
    )),.UNSPECIFIED.,.F.,.F.,.F.,(4,1,1,1,1,1,4),(4,1,1,1,1,1,1,1,1,1,1,
    1,1,1,1,1,1,1,1,1,1,1,4),(0.,0.125,0.25,0.5,0.75,0.875,1.),(
    0.732746488562,0.73483440662,0.736922324678,0.741098160794,
    0.749449833027,0.757801505259,0.766153177492,0.782856521956,
    0.799559866421,0.832966555351,0.866373244281,0.899779933211,
    0.916483277676,0.93318662214,0.941538294373,0.943626212431,
    0.945714130489,0.949889966605,0.954065802722,0.958241638838,
    0.96659331107,0.983296655535,1.),.UNSPECIFIED.);
#4079 = CARTESIAN_POINT('',(8.55,-1.85,7.2));
#4080 = CARTESIAN_POINT('',(8.576803761567,-1.849425279297,7.2));
#4081 = CARTESIAN_POINT('',(8.630411284701,-1.848275837889,7.2));
#4082 = CARTESIAN_POINT('',(8.723988912973,-1.838352119646,7.2));
#4083 = CARTESIAN_POINT('',(8.870009767394,-1.811067028963,7.2));
#4084 = CARTESIAN_POINT('',(9.04291414083,-1.752129846231,7.2));
#4085 = CARTESIAN_POINT('',(9.219993222921,-1.664404835038,7.2));
#4086 = CARTESIAN_POINT('',(9.427240206635,-1.53130309151,7.2));
#4087 = CARTESIAN_POINT('',(9.648003308942,-1.343514462937,7.2));
#4088 = CARTESIAN_POINT('',(9.952580215068,-1.015855218136,7.2));
#4089 = CARTESIAN_POINT('',(10.268128852369,-0.569842612587,7.2));
#4090 = CARTESIAN_POINT('',(10.584040420019,4.548752205267E-04,7.2));
#4091 = CARTESIAN_POINT('',(10.80619939297,0.498682606882,7.2));
#4092 = CARTESIAN_POINT('',(10.961087288472,0.910034451804,7.2));
#4093 = CARTESIAN_POINT('',(11.047042690424,1.173195429452,7.2));
#4094 = CARTESIAN_POINT('',(11.095257505386,1.34853073657,7.2));
#4095 = CARTESIAN_POINT('',(11.115124089736,1.43078899178,7.2));
#4096 = CARTESIAN_POINT('',(11.127584579189,1.486066095421,7.2));
#4097 = CARTESIAN_POINT('',(11.141223018243,1.556245582622,7.2));
#4098 = CARTESIAN_POINT('',(11.15332596005,1.642844575881,7.2));
#4099 = CARTESIAN_POINT('',(11.142491458757,1.7733900709,7.2));
#4100 = CARTESIAN_POINT('',(11.13329344242,1.996386407778,7.2));
#4101 = CARTESIAN_POINT('',(11.115082060408,2.317788117922,7.2));
#4102 = CARTESIAN_POINT('',(11.101865317347,2.57415334433,7.2));
#4103 = CARTESIAN_POINT('',(11.095256945816,2.702335957533,7.2));
#4104 = CARTESIAN_POINT('',(8.55,-1.845879267803,7.267282331735));
#4105 = CARTESIAN_POINT('',(8.576784336676,-1.845303482006,
    7.267282331735));
#4106 = CARTESIAN_POINT('',(8.630353010027,-1.844151910412,
    7.267282331735));
#4107 = CARTESIAN_POINT('',(8.7238269922,-1.834214420134,7.267282331735)
  );
#4108 = CARTESIAN_POINT('',(8.86965209868,-1.806903798801,7.267282331735
    ));
#4109 = CARTESIAN_POINT('',(9.042273298935,-1.747941307691,
    7.267282331735));
#4110 = CARTESIAN_POINT('',(9.219038785405,-1.660211921681,
    7.267282331735));
#4111 = CARTESIAN_POINT('',(9.425906070495,-1.527136599008,
    7.267282331735));
#4112 = CARTESIAN_POINT('',(9.646277925437,-1.339441966078,
    7.267282331735));
#4113 = CARTESIAN_POINT('',(9.950342417084,-1.012014860355,
    7.267282331735));
#4114 = CARTESIAN_POINT('',(10.265393923099,-0.566396933597,
    7.267282331735));
#4115 = CARTESIAN_POINT('',(10.580848180538,3.325591503494E-03,
    7.267282331735));
#4116 = CARTESIAN_POINT('',(10.802697273717,0.501019049345,
    7.267282331735));
#4117 = CARTESIAN_POINT('',(10.957375879555,0.911913365851,
    7.267282331735));
#4118 = CARTESIAN_POINT('',(11.043214494237,1.174776522064,
    7.267282331735));
#4119 = CARTESIAN_POINT('',(11.091358529254,1.349912526549,
    7.267282331735));
#4120 = CARTESIAN_POINT('',(11.111198821233,1.432074916446,
    7.267282331735));
#4121 = CARTESIAN_POINT('',(11.123599579485,1.487308199736,
    7.267282331735));
#4122 = CARTESIAN_POINT('',(11.137289803947,1.557369694319,
    7.267282331735));
#4123 = CARTESIAN_POINT('',(11.149252021391,1.64393072903,7.267282331735
    ));
#4124 = CARTESIAN_POINT('',(11.138249328276,1.774409255997,
    7.267282331735));
#4125 = CARTESIAN_POINT('',(11.129176715315,1.997054805872,
    7.267282331735));
#4126 = CARTESIAN_POINT('',(11.110926434859,2.318076735991,
    7.267282331735));
#4127 = CARTESIAN_POINT('',(11.097736718912,2.574105775379,
    7.267282331735));
#4128 = CARTESIAN_POINT('',(11.091141860939,2.702120295073,
    7.267282331735));
#4129 = CARTESIAN_POINT('',(8.55,-1.837637803407,7.401846995205));
#4130 = CARTESIAN_POINT('',(8.576745486892,-1.837059887424,
    7.401846995205));
#4131 = CARTESIAN_POINT('',(8.630236460677,-1.835904055459,
    7.401846995206));
#4132 = CARTESIAN_POINT('',(8.723503150653,-1.825939021109,
    7.401846995206));
#4133 = CARTESIAN_POINT('',(8.868936761253,-1.798577338477,
    7.401846995206));
#4134 = CARTESIAN_POINT('',(9.040991615144,-1.739564230613,
    7.401846995206));
#4135 = CARTESIAN_POINT('',(9.217129910374,-1.651826094968,
    7.401846995206));
#4136 = CARTESIAN_POINT('',(9.423237798215,-1.518803614004,
    7.401846995205));
#4137 = CARTESIAN_POINT('',(9.642827158428,-1.33129697236,7.401846995205
    ));
#4138 = CARTESIAN_POINT('',(9.945866821118,-1.004334144794,
    7.401846995205));
#4139 = CARTESIAN_POINT('',(10.259924064559,-0.559505575619,
    7.401846995206));
#4140 = CARTESIAN_POINT('',(10.574463701575,9.067024069433E-03,
    7.401846995205));
#4141 = CARTESIAN_POINT('',(10.795693035209,0.50569193427,7.401846995205
    ));
#4142 = CARTESIAN_POINT('',(10.94995306172,0.915671193945,7.401846995205
    ));
#4143 = CARTESIAN_POINT('',(11.035558101861,1.177938707288,
    7.401846995205));
#4144 = CARTESIAN_POINT('',(11.08356057699,1.352676106505,7.401846995205
    ));
#4145 = CARTESIAN_POINT('',(11.103348284229,1.434646765776,
    7.401846995205));
#4146 = CARTESIAN_POINT('',(11.115629580076,1.489792408367,
    7.401846995205));
#4147 = CARTESIAN_POINT('',(11.129423375354,1.559617917712,
    7.401846995205));
#4148 = CARTESIAN_POINT('',(11.141104144074,1.646103035326,
    7.401846995205));
#4149 = CARTESIAN_POINT('',(11.129765067313,1.776447626189,
    7.401846995205));
#4150 = CARTESIAN_POINT('',(11.120943261106,1.99839160206,7.401846995205
    ));
#4151 = CARTESIAN_POINT('',(11.102615183759,2.318653972129,
    7.401846995206));
#4152 = CARTESIAN_POINT('',(11.089479522042,2.574010637478,
    7.401846995206));
#4153 = CARTESIAN_POINT('',(11.082911691184,2.701688970153,
    7.401846995206));
#4154 = CARTESIAN_POINT('',(8.55,-1.755036335414,7.651087576871));
#4155 = CARTESIAN_POINT('',(8.57635021146,-1.754432850614,7.651087576871
    ));
#4156 = CARTESIAN_POINT('',(8.629050634379,-1.753225881012,
    7.651087576871));
#4157 = CARTESIAN_POINT('',(8.72019534469,-1.742962048793,7.651087576871
    ));
#4158 = CARTESIAN_POINT('',(8.861642152628,-1.715058633292,
    7.651087576871));
#4159 = CARTESIAN_POINT('',(9.027924854574,-1.655499544327,
    7.651087576871));
#4160 = CARTESIAN_POINT('',(9.197752156189,-1.567676007021,
    7.651087576871));
#4161 = CARTESIAN_POINT('',(9.39621852915,-1.435185000249,7.651087576871
    ));
#4162 = CARTESIAN_POINT('',(9.608024450221,-1.249609782213,
    7.651087576871));
#4163 = CARTESIAN_POINT('',(9.900856850038,-0.927347144968,
    7.651087576871));
#4164 = CARTESIAN_POINT('',(10.204995584351,-0.490458331161,
    7.651087576871));
#4165 = CARTESIAN_POINT('',(10.510417672225,6.657226510927E-02,
    7.651087576871));
#4166 = CARTESIAN_POINT('',(10.72545855692,0.552488332182,7.651087576871
    ));
#4167 = CARTESIAN_POINT('',(10.875537315966,0.953302375975,
    7.651087576871));
#4168 = CARTESIAN_POINT('',(10.958806517265,1.209605810069,
    7.651087576871));
#4169 = CARTESIAN_POINT('',(11.005391257567,1.380353623435,
    7.651087576871));
#4170 = CARTESIAN_POINT('',(11.024462946595,1.460487814393,
    7.651087576871));
#4171 = CARTESIAN_POINT('',(11.036887046619,1.514120842008,
    7.651087576871));
#4172 = CARTESIAN_POINT('',(11.049482225951,1.582648697489,
    7.651087576871));
#4173 = CARTESIAN_POINT('',(11.057202747004,1.669106478512,
    7.651087576871));
#4174 = CARTESIAN_POINT('',(11.046009559409,1.796098543699,
    7.651087576871));
#4175 = CARTESIAN_POINT('',(11.037508381754,2.012279084986,
    7.651087576871));
#4176 = CARTESIAN_POINT('',(11.019604416135,2.324254128548,
    7.651087576871));
#4177 = CARTESIAN_POINT('',(11.006817089133,2.572995338408,
    7.651087576871));
#4178 = CARTESIAN_POINT('',(11.000423425632,2.697365943339,
    7.651087576871));
#4179 = CARTESIAN_POINT('',(8.55,-1.571737530291,7.921737530291));
#4180 = CARTESIAN_POINT('',(8.575497947143,-1.571079496652,
    7.921737530291));
#4181 = CARTESIAN_POINT('',(8.62649384143,-1.569763429374,7.921737530291
    ));
#4182 = CARTESIAN_POINT('',(8.712790041656,-1.558747323261,
    7.921737530291));
#4183 = CARTESIAN_POINT('',(8.845019047563,-1.529457005835,
    7.921737530291));
#4184 = CARTESIAN_POINT('',(8.998165379436,-1.468556205389,
    7.921737530291));
#4185 = CARTESIAN_POINT('',(9.153600666932,-1.380395857131,
    7.921737530291));
#4186 = CARTESIAN_POINT('',(9.335263052766,-1.249252840625,
    7.921737530291));
#4187 = CARTESIAN_POINT('',(9.529737802226,-1.068004070506,
    7.921737530291));
#4188 = CARTESIAN_POINT('',(9.800305641656,-0.756453157359,
    7.921737530291));
#4189 = CARTESIAN_POINT('',(10.08260619477,-0.337296022193,
    7.921737530291));
#4190 = CARTESIAN_POINT('',(10.368048553566,0.194018543159,
    7.921737530291));
#4191 = CARTESIAN_POINT('',(10.56946525894,0.656167150615,7.921737530291
    ));
#4192 = CARTESIAN_POINT('',(10.710292946797,1.036683725149,
    7.921737530291));
#4193 = CARTESIAN_POINT('',(10.788502935198,1.279726203999,
    7.921737530291));
#4194 = CARTESIAN_POINT('',(10.83177712678,1.441729676134,7.921737530291
    ));
#4195 = CARTESIAN_POINT('',(10.850365777175,1.517298511803,
    7.921737530291));
#4196 = CARTESIAN_POINT('',(10.855792111685,1.571089958328,
    7.921737530291));
#4197 = CARTESIAN_POINT('',(10.881355027984,1.62899481461,7.921737530291
    ));
#4198 = CARTESIAN_POINT('',(10.865574047649,1.722782222825,
    7.921737530291));
#4199 = CARTESIAN_POINT('',(10.863270991557,1.837864835635,
    7.921737530291));
#4200 = CARTESIAN_POINT('',(10.85013843098,2.044109777226,7.921737530291
    ));
#4201 = CARTESIAN_POINT('',(10.836106049794,2.336225781473,
    7.921737530291));
#4202 = CARTESIAN_POINT('',(10.823619233365,2.57059047722,7.921737530291
    ));
#4203 = CARTESIAN_POINT('',(10.817375825151,2.687772825094,
    7.921737530291));
#4204 = CARTESIAN_POINT('',(8.55,-1.301087576871,8.105036335414));
#4205 = CARTESIAN_POINT('',(8.574090387054,-1.300239667889,
    8.105036335414));
#4206 = CARTESIAN_POINT('',(8.622271161161,-1.298543849924,
    8.105036335414));
#4207 = CARTESIAN_POINT('',(8.699994217329,-1.28572374881,8.105036335414
    ));
#4208 = CARTESIAN_POINT('',(8.816571087375,-1.25347181191,8.105036335414
    ));
#4209 = CARTESIAN_POINT('',(8.94786035497,-1.189684121917,8.105036335414
    ));
#4210 = CARTESIAN_POINT('',(9.081647528253,-1.10125853357,8.105036335414
    ));
#4211 = CARTESIAN_POINT('',(9.238575586568,-0.972600338222,
    8.105036335414));
#4212 = CARTESIAN_POINT('',(9.408851716867,-0.798834233035,
    8.105036335414));
#4213 = CARTESIAN_POINT('',(9.648186773892,-0.504210353223,
    8.105036335414));
#4214 = CARTESIAN_POINT('',(9.899403953657,-0.111888865627,
    8.105036335414));
#4215 = CARTESIAN_POINT('',(10.156476917551,0.381147442639,
    8.105036335414));
#4216 = CARTESIAN_POINT('',(10.338250220633,0.808301420631,
    8.105036335414));
#4217 = CARTESIAN_POINT('',(10.465977345106,1.158898934474,
    8.105036335414));
#4218 = CARTESIAN_POINT('',(10.536241456086,1.382837947898,
    8.105036335414));
#4219 = CARTESIAN_POINT('',(10.575660900527,1.531522467875,
    8.105036335414));
#4220 = CARTESIAN_POINT('',(10.588877252762,1.602556516692,
    8.105036335414));
#4221 = CARTESIAN_POINT('',(10.612229748914,1.642991794949,
    8.105036335414));
#4222 = CARTESIAN_POINT('',(10.593238317464,1.717281855616,
    8.105036335414));
#4223 = CARTESIAN_POINT('',(10.594225931804,1.794545297404,
    8.105036335414));
#4224 = CARTESIAN_POINT('',(10.586936949655,1.901892253127,
    8.105036335414));
#4225 = CARTESIAN_POINT('',(10.578235408017,2.087707660685,
    8.105036335414));
#4226 = CARTESIAN_POINT('',(10.563698568929,2.354218886316,
    8.105036335414));
#4227 = CARTESIAN_POINT('',(10.552630715034,2.567145029422,
    8.105036335414));
#4228 = CARTESIAN_POINT('',(10.547096788086,2.673608100975,
    8.105036335414));
#4229 = CARTESIAN_POINT('',(8.55,-1.051846995205,8.187637803407));
#4230 = CARTESIAN_POINT('',(8.572744722568,-1.050741918627,
    8.187637803407));
#4231 = CARTESIAN_POINT('',(8.618234167703,-1.048531765469,
    8.187637803407));
#4232 = CARTESIAN_POINT('',(8.685178724755,-1.032724184956,
    8.187637803407));
#4233 = CARTESIAN_POINT('',(8.783047993104,-0.996029848617,
    8.187637803407));
#4234 = CARTESIAN_POINT('',(8.892711270178,-0.929471892105,
    8.187637803407));
#4235 = CARTESIAN_POINT('',(9.007219499072,-0.841592666,8.187637803406)
  );
#4236 = CARTESIAN_POINT('',(9.142578077647,-0.716303735759,
    8.187637803406));
#4237 = CARTESIAN_POINT('',(9.292513215761,-0.550655665931,
    8.187637803406));
#4238 = CARTESIAN_POINT('',(9.503893078598,-0.272209438746,
    8.187637803407));
#4239 = CARTESIAN_POINT('',(9.728504842692,9.444742687232E-02,
    8.187637803407));
#4240 = CARTESIAN_POINT('',(9.960193024002,0.55223342627,8.187637803407)
  );
#4241 = CARTESIAN_POINT('',(10.124445267828,0.947278737183,
    8.187637803407));
#4242 = CARTESIAN_POINT('',(10.240636827197,1.270465197493,
    8.187637803407));
#4243 = CARTESIAN_POINT('',(10.303117875894,1.477246201653,
    8.187637803406));
#4244 = CARTESIAN_POINT('',(10.340023443329,1.613373396969,
    8.187637803407));
#4245 = CARTESIAN_POINT('',(10.354397556503,1.677586800298,
    8.187637803407));
#4246 = CARTESIAN_POINT('',(10.343766618283,1.72991105697,8.187637803407
    ));
#4247 = CARTESIAN_POINT('',(10.345035373029,1.78828038159,8.187637803407
    ));
#4248 = CARTESIAN_POINT('',(10.339770516602,1.861638722045,
    8.187637803407));
#4249 = CARTESIAN_POINT('',(10.335173256658,1.958261119224,
    8.187637803407));
#4250 = CARTESIAN_POINT('',(10.325991651527,2.127908416583,
    8.187637803407));
#4251 = CARTESIAN_POINT('',(10.313465406712,2.369971848479,
    8.187637803407));
#4252 = CARTESIAN_POINT('',(10.303286990221,2.563699854026,
    8.187637803407));
#4253 = CARTESIAN_POINT('',(10.298197781975,2.660563856799,
    8.187637803407));
#4254 = CARTESIAN_POINT('',(8.55,-0.917282331735,8.195879267802));
#4255 = CARTESIAN_POINT('',(8.571171486479,-0.915656342756,
    8.195879267802));
#4256 = CARTESIAN_POINT('',(8.613514459436,-0.912404364798,
    8.195879267802));
#4257 = CARTESIAN_POINT('',(8.671060011852,-0.893651689324,
    8.195879267802));
#4258 = CARTESIAN_POINT('',(8.757942437899,-0.854556610107,
    8.195879267802));
#4259 = CARTESIAN_POINT('',(8.85732729518,-0.787505759748,8.195879267802
    ));
#4260 = CARTESIAN_POINT('',(8.961778320753,-0.700346985322,
    8.195879267802));
#4261 = CARTESIAN_POINT('',(9.087023515472,-0.577784252292,
    8.195879267802));
#4262 = CARTESIAN_POINT('',(9.226589223558,-0.416897781455,
    8.195879267802));
#4263 = CARTESIAN_POINT('',(9.423565217342,-0.147575391454,
    8.195879267802));
#4264 = CARTESIAN_POINT('',(9.634948120949,0.204836629058,8.195879267802
    ));
#4265 = CARTESIAN_POINT('',(9.853334594922,0.643675953196,8.195879267802
    ));
#4266 = CARTESIAN_POINT('',(10.008502332793,1.021501097866,
    8.195879267802));
#4267 = CARTESIAN_POINT('',(10.118698261883,1.330063401749,
    8.195879267802));
#4268 = CARTESIAN_POINT('',(10.17688895946,1.527738136967,8.195879267802
    ));
#4269 = CARTESIAN_POINT('',(10.212747175076,1.657122476167,
    8.195879267802));
#4270 = CARTESIAN_POINT('',(10.213987108147,1.723673863285,
    8.195879267802));
#4271 = CARTESIAN_POINT('',(10.209083507673,1.77076792723,8.195879267802
    ));
#4272 = CARTESIAN_POINT('',(10.207460758721,1.827442967049,
    8.195879267802));
#4273 = CARTESIAN_POINT('',(10.203398972592,1.896492675008,
    8.195879267802));
#4274 = CARTESIAN_POINT('',(10.19873916375,1.988185496179,8.195879267802
    ));
#4275 = CARTESIAN_POINT('',(10.190229733475,2.148823373544,
    8.195879267802));
#4276 = CARTESIAN_POINT('',(10.178257694861,2.378214975934,
    8.195879267802));
#4277 = CARTESIAN_POINT('',(10.16863092142,2.561752516285,8.195879267802
    ));
#4278 = CARTESIAN_POINT('',(10.163817534699,2.65352128646,8.195879267802
    ));
#4279 = CARTESIAN_POINT('',(8.55,-0.85,8.2));
#4280 = CARTESIAN_POINT('',(8.570384868434,-0.848113554821,8.2));
#4281 = CARTESIAN_POINT('',(8.611154605303,-0.844340664463,8.2));
#4282 = CARTESIAN_POINT('',(8.6640006554,-0.824115441508,8.2));
#4283 = CARTESIAN_POINT('',(8.745389660297,-0.783819990853,8.2));
#4284 = CARTESIAN_POINT('',(8.83963530768,-0.71652269357,8.2));
#4285 = CARTESIAN_POINT('',(8.939057731594,-0.629724144983,8.2));
#4286 = CARTESIAN_POINT('',(9.059246234384,-0.508524510559,8.2));
#4287 = CARTESIAN_POINT('',(9.193627227456,-0.350018839217,8.2));
#4288 = CARTESIAN_POINT('',(9.383401286713,-8.52583678087E-02,8.2));
#4289 = CARTESIAN_POINT('',(9.588169760078,0.260031230151,8.2));
#4290 = CARTESIAN_POINT('',(9.799905380382,0.689397216658,8.2));
#4291 = CARTESIAN_POINT('',(9.950530865276,1.058612278208,8.2));
#4292 = CARTESIAN_POINT('',(10.057728979225,1.359862503877,8.2));
#4293 = CARTESIAN_POINT('',(10.113774501243,1.552984104624,8.2));
#4294 = CARTESIAN_POINT('',(10.14910904095,1.678997015766,8.2));
#4295 = CARTESIAN_POINT('',(10.143781883969,1.746717394779,8.2));
#4296 = CARTESIAN_POINT('',(10.141741952368,1.79119636236,8.2));
#4297 = CARTESIAN_POINT('',(10.138673451566,1.847024259778,8.2));
#4298 = CARTESIAN_POINT('',(10.135213200587,1.91391965149,8.2));
#4299 = CARTESIAN_POINT('',(10.130522117296,2.003147684656,8.2));
#4300 = CARTESIAN_POINT('',(10.12234877445,2.159280852025,8.2));
#4301 = CARTESIAN_POINT('',(10.110653838936,2.382336539662,8.2));
#4302 = CARTESIAN_POINT('',(10.10130288702,2.560778847414,8.2));
#4303 = CARTESIAN_POINT('',(10.096627411061,2.65000000129,8.2));
#4304 = ADVANCED_FACE('',(#4305),#4315,.F.);
#4305 = FACE_BOUND('',#4306,.T.);
#4306 = EDGE_LOOP('',(#4307,#4308,#4309,#4314));
#4307 = ORIENTED_EDGE('',*,*,#3947,.F.);
#4308 = ORIENTED_EDGE('',*,*,#4026,.T.);
#4309 = ORIENTED_EDGE('',*,*,#4310,.F.);
#4310 = EDGE_CURVE('',#3642,#4027,#4311,.T.);
#4311 = B_SPLINE_CURVE_WITH_KNOTS('',1,(#4312,#4313),.UNSPECIFIED.,.F.,
  .F.,(2,2),(1.010605533303,14.089394474445),.PIECEWISE_BEZIER_KNOTS.);
#4312 = CARTESIAN_POINT('',(-2.939394466697,1.65,8.2));
#4313 = CARTESIAN_POINT('',(10.139394474445,1.65,8.2));
#4314 = ORIENTED_EDGE('',*,*,#3680,.F.);
#4315 = B_SPLINE_SURFACE_WITH_KNOTS('',1,1,(
    (#4316,#4317)
    ,(#4318,#4319
    )),.UNSPECIFIED.,.F.,.F.,.F.,(2,2),(2,2),(-1.906213600165,
    0.593786402244),(0.299566288396,13.378355229538),
  .PIECEWISE_BEZIER_KNOTS.);
#4316 = CARTESIAN_POINT('',(10.139394474445,1.650000002409,8.2));
#4317 = CARTESIAN_POINT('',(-2.939394466697,1.650000002409,8.2));
#4318 = CARTESIAN_POINT('',(10.139394474445,-0.85,8.2));
#4319 = CARTESIAN_POINT('',(-2.939394466697,-0.85,8.2));
#4320 = ADVANCED_FACE('',(#4321),#4351,.T.);
#4321 = FACE_BOUND('',#4322,.T.);
#4322 = EDGE_LOOP('',(#4323,#4324,#4331,#4338,#4345,#4350));
#4323 = ORIENTED_EDGE('',*,*,#3557,.F.);
#4324 = ORIENTED_EDGE('',*,*,#4325,.F.);
#4325 = EDGE_CURVE('',#4326,#3548,#4328,.T.);
#4326 = VERTEX_POINT('',#4327);
#4327 = CARTESIAN_POINT('',(-1.35,-1.85,-2.6645352591E-15));
#4328 = B_SPLINE_CURVE_WITH_KNOTS('',1,(#4329,#4330),.UNSPECIFIED.,.F.,
  .F.,(2,2),(0.,0.3),.PIECEWISE_BEZIER_KNOTS.);
#4329 = CARTESIAN_POINT('',(-1.35,-1.85,-2.6645352591E-15));
#4330 = CARTESIAN_POINT('',(-1.35,-1.85,0.3));
#4331 = ORIENTED_EDGE('',*,*,#4332,.F.);
#4332 = EDGE_CURVE('',#4333,#4326,#4335,.T.);
#4333 = VERTEX_POINT('',#4334);
#4334 = CARTESIAN_POINT('',(8.55,-1.85,-2.6645352591E-15));
#4335 = B_SPLINE_CURVE_WITH_KNOTS('',1,(#4336,#4337),.UNSPECIFIED.,.F.,
  .F.,(2,2),(0.,9.9),.PIECEWISE_BEZIER_KNOTS.);
#4336 = CARTESIAN_POINT('',(8.55,-1.85,-2.6645352591E-15));
#4337 = CARTESIAN_POINT('',(-1.35,-1.85,-2.6645352591E-15));
#4338 = ORIENTED_EDGE('',*,*,#4339,.T.);
#4339 = EDGE_CURVE('',#4333,#4340,#4342,.T.);
#4340 = VERTEX_POINT('',#4341);
#4341 = CARTESIAN_POINT('',(8.55,-1.85,0.3));
#4342 = B_SPLINE_CURVE_WITH_KNOTS('',1,(#4343,#4344),.UNSPECIFIED.,.F.,
  .F.,(2,2),(0.,0.3),.PIECEWISE_BEZIER_KNOTS.);
#4343 = CARTESIAN_POINT('',(8.55,-1.85,-2.6645352591E-15));
#4344 = CARTESIAN_POINT('',(8.55,-1.85,0.3));
#4345 = ORIENTED_EDGE('',*,*,#4346,.T.);
#4346 = EDGE_CURVE('',#4340,#3930,#4347,.T.);
#4347 = B_SPLINE_CURVE_WITH_KNOTS('',1,(#4348,#4349),.UNSPECIFIED.,.F.,
  .F.,(2,2),(0.3,7.2),.PIECEWISE_BEZIER_KNOTS.);
#4348 = CARTESIAN_POINT('',(8.55,-1.85,0.3));
#4349 = CARTESIAN_POINT('',(8.55,-1.85,7.2));
#4350 = ORIENTED_EDGE('',*,*,#3929,.T.);
#4351 = B_SPLINE_SURFACE_WITH_KNOTS('',1,1,(
    (#4352,#4353)
    ,(#4354,#4355
    )),.UNSPECIFIED.,.F.,.F.,.F.,(2,2),(2,2),(-9.9,0.),(-7.2,
    8.881784197001E-16),.PIECEWISE_BEZIER_KNOTS.);
#4352 = CARTESIAN_POINT('',(8.55,-1.85,7.2));
#4353 = CARTESIAN_POINT('',(8.55,-1.85,-2.6645352591E-15));
#4354 = CARTESIAN_POINT('',(-1.35,-1.85,7.2));
#4355 = CARTESIAN_POINT('',(-1.35,-1.85,-2.6645352591E-15));
#4356 = ADVANCED_FACE('',(#4357),#4380,.T.);
#4357 = FACE_BOUND('',#4358,.T.);
#4358 = EDGE_LOOP('',(#4359,#4360,#4365,#4366,#4367,#4368,#4369,#4370,
    #4371,#4372));
#4359 = ORIENTED_EDGE('',*,*,#3315,.F.);
#4360 = ORIENTED_EDGE('',*,*,#4361,.T.);
#4361 = EDGE_CURVE('',#3309,#3964,#4362,.T.);
#4362 = B_SPLINE_CURVE_WITH_KNOTS('',1,(#4363,#4364),.UNSPECIFIED.,.F.,
  .F.,(2,2),(0.3,7.200293104852),.PIECEWISE_BEZIER_KNOTS.);
#4363 = CARTESIAN_POINT('',(11.15,1.65,0.3));
#4364 = CARTESIAN_POINT('',(11.15,1.65,7.200293104852));
#4365 = ORIENTED_EDGE('',*,*,#3963,.T.);
#4366 = ORIENTED_EDGE('',*,*,#3974,.T.);
#4367 = ORIENTED_EDGE('',*,*,#3983,.T.);
#4368 = ORIENTED_EDGE('',*,*,#3992,.F.);
#4369 = ORIENTED_EDGE('',*,*,#4003,.F.);
#4370 = ORIENTED_EDGE('',*,*,#4012,.F.);
#4371 = ORIENTED_EDGE('',*,*,#4346,.F.);
#4372 = ORIENTED_EDGE('',*,*,#4373,.F.);
#4373 = EDGE_CURVE('',#3316,#4340,#4374,.T.);
#4374 = B_SPLINE_CURVE_WITH_KNOTS('',3,(#4375,#4376,#4377,#4378,#4379),
  .UNSPECIFIED.,.F.,.F.,(4,1,4),(0.,0.151032347687,1.),.UNSPECIFIED.);
#4375 = CARTESIAN_POINT('',(9.519352853658,-1.450000000001,0.3));
#4376 = CARTESIAN_POINT('',(9.475247249515,-1.487015074149,0.3));
#4377 = CARTESIAN_POINT('',(9.178291213861,-1.718478304418,0.3));
#4378 = CARTESIAN_POINT('',(8.849536700072,-1.85,0.3));
#4379 = CARTESIAN_POINT('',(8.55,-1.85,0.3));
#4380 = B_SPLINE_SURFACE_WITH_KNOTS('',3,1,(
    (#4381,#4382)
    ,(#4383,#4384)
    ,(#4385,#4386)
    ,(#4387,#4388)
    ,(#4389,#4390
    )),.UNSPECIFIED.,.F.,.F.,.F.,(4,1,4),(2,2),(0.,0.190294920399,1.),(
    0.,1.),.UNSPECIFIED.);
#4381 = CARTESIAN_POINT('',(8.55,-1.85,0.3));
#4382 = CARTESIAN_POINT('',(8.55,-1.85,7.201035833359));
#4383 = CARTESIAN_POINT('',(8.849536700072,-1.85,0.3));
#4384 = CARTESIAN_POINT('',(8.849536700072,-1.85,7.201035833359));
#4385 = CARTESIAN_POINT('',(10.316217719061,-1.263238856339,0.3));
#4386 = CARTESIAN_POINT('',(10.316217719061,-1.263238856339,
    7.201035833359));
#4387 = CARTESIAN_POINT('',(11.15,1.312701483717,0.3));
#4388 = CARTESIAN_POINT('',(11.15,1.312701483717,7.201035833359));
#4389 = CARTESIAN_POINT('',(11.15,1.65,0.3));
#4390 = CARTESIAN_POINT('',(11.15,1.65,7.201035833359));
#4391 = ADVANCED_FACE('',(#4392),#4436,.T.);
#4392 = FACE_BOUND('',#4393,.T.);
#4393 = EDGE_LOOP('',(#4394,#4395,#4402,#4410,#4417,#4425,#4430,#4431,
    #4432,#4433,#4434,#4435));
#4394 = ORIENTED_EDGE('',*,*,#3308,.F.);
#4395 = ORIENTED_EDGE('',*,*,#4396,.T.);
#4396 = EDGE_CURVE('',#3302,#4397,#4399,.T.);
#4397 = VERTEX_POINT('',#4398);
#4398 = CARTESIAN_POINT('',(11.35,1.65,7.4));
#4399 = B_SPLINE_CURVE_WITH_KNOTS('',1,(#4400,#4401),.UNSPECIFIED.,.F.,
  .F.,(2,2),(0.3,7.4),.PIECEWISE_BEZIER_KNOTS.);
#4400 = CARTESIAN_POINT('',(11.35,1.65,0.3));
#4401 = CARTESIAN_POINT('',(11.35,1.65,7.4));
#4402 = ORIENTED_EDGE('',*,*,#4403,.T.);
#4403 = EDGE_CURVE('',#4397,#4404,#4406,.T.);
#4404 = VERTEX_POINT('',#4405);
#4405 = CARTESIAN_POINT('',(10.35,1.65,8.4));
#4406 = ( BOUNDED_CURVE() B_SPLINE_CURVE(2,(#4407,#4408,#4409),
.UNSPECIFIED.,.F.,.F.) B_SPLINE_CURVE_WITH_KNOTS((3,3),(0.,
1.570796326795),.PIECEWISE_BEZIER_KNOTS.) CURVE() 
GEOMETRIC_REPRESENTATION_ITEM() RATIONAL_B_SPLINE_CURVE((1.,
0.707106781187,1.)) REPRESENTATION_ITEM('') );
#4407 = CARTESIAN_POINT('',(11.35,1.65,7.4));
#4408 = CARTESIAN_POINT('',(11.35,1.65,8.4));
#4409 = CARTESIAN_POINT('',(10.35,1.65,8.4));
#4410 = ORIENTED_EDGE('',*,*,#4411,.F.);
#4411 = EDGE_CURVE('',#4412,#4404,#4414,.T.);
#4412 = VERTEX_POINT('',#4413);
#4413 = CARTESIAN_POINT('',(-3.15,1.65,8.4));
#4414 = B_SPLINE_CURVE_WITH_KNOTS('',1,(#4415,#4416),.UNSPECIFIED.,.F.,
  .F.,(2,2),(1.,14.5),.PIECEWISE_BEZIER_KNOTS.);
#4415 = CARTESIAN_POINT('',(-3.15,1.65,8.4));
#4416 = CARTESIAN_POINT('',(10.35,1.65,8.4));
#4417 = ORIENTED_EDGE('',*,*,#4418,.T.);
#4418 = EDGE_CURVE('',#4412,#4419,#4421,.T.);
#4419 = VERTEX_POINT('',#4420);
#4420 = CARTESIAN_POINT('',(-4.15,1.65,7.4));
#4421 = ( BOUNDED_CURVE() B_SPLINE_CURVE(2,(#4422,#4423,#4424),
.UNSPECIFIED.,.F.,.F.) B_SPLINE_CURVE_WITH_KNOTS((3,3),(1.570796326795,
3.14159265359),.PIECEWISE_BEZIER_KNOTS.) CURVE() 
GEOMETRIC_REPRESENTATION_ITEM() RATIONAL_B_SPLINE_CURVE((1.,
0.707106781187,1.)) REPRESENTATION_ITEM('') );
#4422 = CARTESIAN_POINT('',(-3.15,1.65,8.4));
#4423 = CARTESIAN_POINT('',(-4.15,1.65,8.4));
#4424 = CARTESIAN_POINT('',(-4.15,1.65,7.4));
#4425 = ORIENTED_EDGE('',*,*,#4426,.F.);
#4426 = EDGE_CURVE('',#3429,#4419,#4427,.T.);
#4427 = B_SPLINE_CURVE_WITH_KNOTS('',1,(#4428,#4429),.UNSPECIFIED.,.F.,
  .F.,(2,2),(0.3,7.4),.PIECEWISE_BEZIER_KNOTS.);
#4428 = CARTESIAN_POINT('',(-4.15,1.65,0.3));
#4429 = CARTESIAN_POINT('',(-4.15,1.65,7.4));
#4430 = ORIENTED_EDGE('',*,*,#3428,.F.);
#4431 = ORIENTED_EDGE('',*,*,#3539,.T.);
#4432 = ORIENTED_EDGE('',*,*,#3641,.T.);
#4433 = ORIENTED_EDGE('',*,*,#4310,.T.);
#4434 = ORIENTED_EDGE('',*,*,#4062,.F.);
#4435 = ORIENTED_EDGE('',*,*,#4361,.F.);
#4436 = B_SPLINE_SURFACE_WITH_KNOTS('',1,1,(
    (#4437,#4438)
    ,(#4439,#4440
    )),.UNSPECIFIED.,.F.,.F.,.F.,(2,2),(2,2),(-15.5,0.),(-8.1,0.),
  .PIECEWISE_BEZIER_KNOTS.);
#4437 = CARTESIAN_POINT('',(-4.15,1.65,0.3));
#4438 = CARTESIAN_POINT('',(-4.15,1.65,8.4));
#4439 = CARTESIAN_POINT('',(11.35,1.65,0.3));
#4440 = CARTESIAN_POINT('',(11.35,1.65,8.4));
#4441 = ADVANCED_FACE('',(#4442),#4456,.T.);
#4442 = FACE_BOUND('',#4443,.T.);
#4443 = EDGE_LOOP('',(#4444,#4445,#4450,#4451));
#4444 = ORIENTED_EDGE('',*,*,#3272,.T.);
#4445 = ORIENTED_EDGE('',*,*,#4446,.F.);
#4446 = EDGE_CURVE('',#4419,#3266,#4447,.T.);
#4447 = B_SPLINE_CURVE_WITH_KNOTS('',1,(#4448,#4449),.UNSPECIFIED.,.F.,
  .F.,(2,2),(-6.,-5.4),.PIECEWISE_BEZIER_KNOTS.);
#4448 = CARTESIAN_POINT('',(-4.15,1.65,7.4));
#4449 = CARTESIAN_POINT('',(-4.15,2.25,7.4));
#4450 = ORIENTED_EDGE('',*,*,#4418,.F.);
#4451 = ORIENTED_EDGE('',*,*,#4452,.F.);
#4452 = EDGE_CURVE('',#3273,#4412,#4453,.T.);
#4453 = B_SPLINE_CURVE_WITH_KNOTS('',1,(#4454,#4455),.UNSPECIFIED.,.F.,
  .F.,(2,2),(-2.506213597756,-1.906213597756),.PIECEWISE_BEZIER_KNOTS.);
#4454 = CARTESIAN_POINT('',(-3.15,2.25,8.4));
#4455 = CARTESIAN_POINT('',(-3.15,1.65,8.4));
#4456 = ( BOUNDED_SURFACE() B_SPLINE_SURFACE(2,1,(
    (#4457,#4458)
    ,(#4459,#4460)
    ,(#4461,#4462
)),.UNSPECIFIED.,.F.,.F.,.F.) B_SPLINE_SURFACE_WITH_KNOTS((3,3),(2,2),(
    1.570796326795,3.14159265359),(-2.506213597756,-1.906213597756),
.PIECEWISE_BEZIER_KNOTS.) GEOMETRIC_REPRESENTATION_ITEM() 
RATIONAL_B_SPLINE_SURFACE((
    (1.,1.)
    ,(0.707106781187,0.707106781187)
,(1.,1.))) REPRESENTATION_ITEM('') SURFACE() );
#4457 = CARTESIAN_POINT('',(-3.15,2.25,8.4));
#4458 = CARTESIAN_POINT('',(-3.15,1.65,8.4));
#4459 = CARTESIAN_POINT('',(-4.15,2.25,8.4));
#4460 = CARTESIAN_POINT('',(-4.15,1.65,8.4));
#4461 = CARTESIAN_POINT('',(-4.15,2.25,7.4));
#4462 = CARTESIAN_POINT('',(-4.15,1.65,7.4));
#4463 = ADVANCED_FACE('',(#4464),#4478,.T.);
#4464 = FACE_BOUND('',#4465,.T.);
#4465 = EDGE_LOOP('',(#4466,#4467,#4472,#4473));
#4466 = ORIENTED_EDGE('',*,*,#3213,.T.);
#4467 = ORIENTED_EDGE('',*,*,#4468,.F.);
#4468 = EDGE_CURVE('',#4404,#3216,#4469,.T.);
#4469 = B_SPLINE_CURVE_WITH_KNOTS('',1,(#4470,#4471),.UNSPECIFIED.,.F.,
  .F.,(2,2),(1.906213597756,2.506213597756),.PIECEWISE_BEZIER_KNOTS.);
#4470 = CARTESIAN_POINT('',(10.35,1.65,8.4));
#4471 = CARTESIAN_POINT('',(10.35,2.25,8.4));
#4472 = ORIENTED_EDGE('',*,*,#4403,.F.);
#4473 = ORIENTED_EDGE('',*,*,#4474,.F.);
#4474 = EDGE_CURVE('',#3214,#4397,#4475,.T.);
#4475 = B_SPLINE_CURVE_WITH_KNOTS('',1,(#4476,#4477),.UNSPECIFIED.,.F.,
  .F.,(2,2),(5.4,6.),.PIECEWISE_BEZIER_KNOTS.);
#4476 = CARTESIAN_POINT('',(11.35,2.25,7.4));
#4477 = CARTESIAN_POINT('',(11.35,1.65,7.4));
#4478 = ( BOUNDED_SURFACE() B_SPLINE_SURFACE(2,1,(
    (#4479,#4480)
    ,(#4481,#4482)
    ,(#4483,#4484
)),.UNSPECIFIED.,.F.,.F.,.F.) B_SPLINE_SURFACE_WITH_KNOTS((3,3),(2,2),(
    1.570796326795,3.14159265359),(1.906213597756,2.506213597756),
.PIECEWISE_BEZIER_KNOTS.) GEOMETRIC_REPRESENTATION_ITEM() 
RATIONAL_B_SPLINE_SURFACE((
    (1.,1.)
    ,(0.707106781187,0.707106781187)
,(1.,1.))) REPRESENTATION_ITEM('') SURFACE() );
#4479 = CARTESIAN_POINT('',(10.35,1.65,8.4));
#4480 = CARTESIAN_POINT('',(10.35,2.25,8.4));
#4481 = CARTESIAN_POINT('',(11.35,1.65,8.4));
#4482 = CARTESIAN_POINT('',(11.35,2.25,8.4));
#4483 = CARTESIAN_POINT('',(11.35,1.65,7.4));
#4484 = CARTESIAN_POINT('',(11.35,2.25,7.4));
#4485 = ADVANCED_FACE('',(#4486),#4492,.T.);
#4486 = FACE_BOUND('',#4487,.T.);
#4487 = EDGE_LOOP('',(#4488,#4489,#4490,#4491));
#4488 = ORIENTED_EDGE('',*,*,#3223,.T.);
#4489 = ORIENTED_EDGE('',*,*,#4474,.T.);
#4490 = ORIENTED_EDGE('',*,*,#4396,.F.);
#4491 = ORIENTED_EDGE('',*,*,#3301,.F.);
#4492 = B_SPLINE_SURFACE_WITH_KNOTS('',1,1,(
    (#4493,#4494)
    ,(#4495,#4496
    )),.UNSPECIFIED.,.F.,.F.,.F.,(2,2),(2,2),(-6.,-5.4),(0.3,7.4),
  .PIECEWISE_BEZIER_KNOTS.);
#4493 = CARTESIAN_POINT('',(11.35,1.65,0.3));
#4494 = CARTESIAN_POINT('',(11.35,1.65,7.4));
#4495 = CARTESIAN_POINT('',(11.35,2.25,0.3));
#4496 = CARTESIAN_POINT('',(11.35,2.25,7.4));
#4497 = ADVANCED_FACE('',(#4498),#4504,.T.);
#4498 = FACE_BOUND('',#4499,.T.);
#4499 = EDGE_LOOP('',(#4500,#4501,#4502,#4503));
#4500 = ORIENTED_EDGE('',*,*,#3265,.T.);
#4501 = ORIENTED_EDGE('',*,*,#3435,.F.);
#4502 = ORIENTED_EDGE('',*,*,#4426,.T.);
#4503 = ORIENTED_EDGE('',*,*,#4446,.T.);
#4504 = B_SPLINE_SURFACE_WITH_KNOTS('',1,1,(
    (#4505,#4506)
    ,(#4507,#4508
    )),.UNSPECIFIED.,.F.,.F.,.F.,(2,2),(2,2),(5.4,6.),(0.3,7.4),
  .PIECEWISE_BEZIER_KNOTS.);
#4505 = CARTESIAN_POINT('',(-4.15,2.25,0.3));
#4506 = CARTESIAN_POINT('',(-4.15,2.25,7.4));
#4507 = CARTESIAN_POINT('',(-4.15,1.65,0.3));
#4508 = CARTESIAN_POINT('',(-4.15,1.65,7.4));
#4509 = ADVANCED_FACE('',(#4510),#4516,.T.);
#4510 = FACE_BOUND('',#4511,.T.);
#4511 = EDGE_LOOP('',(#4512,#4513,#4514,#4515));
#4512 = ORIENTED_EDGE('',*,*,#3280,.T.);
#4513 = ORIENTED_EDGE('',*,*,#4452,.T.);
#4514 = ORIENTED_EDGE('',*,*,#4411,.T.);
#4515 = ORIENTED_EDGE('',*,*,#4468,.T.);
#4516 = B_SPLINE_SURFACE_WITH_KNOTS('',1,1,(
    (#4517,#4518)
    ,(#4519,#4520
    )),.UNSPECIFIED.,.F.,.F.,.F.,(2,2),(2,2),(1.906213597756,
    2.506213597756),(8.896076284075E-02,13.588960762841),
  .PIECEWISE_BEZIER_KNOTS.);
#4517 = CARTESIAN_POINT('',(10.35,1.65,8.4));
#4518 = CARTESIAN_POINT('',(-3.15,1.65,8.4));
#4519 = CARTESIAN_POINT('',(10.35,2.25,8.4));
#4520 = CARTESIAN_POINT('',(-3.15,2.25,8.4));
#4521 = ADVANCED_FACE('',(#4522),#4544,.F.);
#4522 = FACE_BOUND('',#4523,.T.);
#4523 = EDGE_LOOP('',(#4524,#4525,#4532,#4539));
#4524 = ORIENTED_EDGE('',*,*,#3070,.T.);
#4525 = ORIENTED_EDGE('',*,*,#4526,.F.);
#4526 = EDGE_CURVE('',#4527,#3063,#4529,.T.);
#4527 = VERTEX_POINT('',#4528);
#4528 = CARTESIAN_POINT('',(-3.4,6.5,-2.6645352591E-15));
#4529 = B_SPLINE_CURVE_WITH_KNOTS('',1,(#4530,#4531),.UNSPECIFIED.,.F.,
  .F.,(2,2),(-0.2995,8.068745836552),.PIECEWISE_BEZIER_KNOTS.);
#4530 = CARTESIAN_POINT('',(-3.4,6.5,-2.6645352591E-15));
#4531 = CARTESIAN_POINT('',(-3.4,6.5,8.368245836552));
#4532 = ORIENTED_EDGE('',*,*,#4533,.F.);
#4533 = EDGE_CURVE('',#4534,#4527,#4536,.T.);
#4534 = VERTEX_POINT('',#4535);
#4535 = CARTESIAN_POINT('',(-3.4,6.75,-2.6645352591E-15));
#4536 = B_SPLINE_CURVE_WITH_KNOTS('',1,(#4537,#4538),.UNSPECIFIED.,.F.,
  .F.,(2,2),(-0.25,-0.),.PIECEWISE_BEZIER_KNOTS.);
#4537 = CARTESIAN_POINT('',(-3.4,6.75,-2.6645352591E-15));
#4538 = CARTESIAN_POINT('',(-3.4,6.5,-2.6645352591E-15));
#4539 = ORIENTED_EDGE('',*,*,#4540,.T.);
#4540 = EDGE_CURVE('',#4534,#3047,#4541,.T.);
#4541 = B_SPLINE_CURVE_WITH_KNOTS('',1,(#4542,#4543),.UNSPECIFIED.,.F.,
  .F.,(2,2),(-0.2995,8.068745836552),.PIECEWISE_BEZIER_KNOTS.);
#4542 = CARTESIAN_POINT('',(-3.4,6.75,-2.6645352591E-15));
#4543 = CARTESIAN_POINT('',(-3.4,6.75,8.368245836552));
#4544 = B_SPLINE_SURFACE_WITH_KNOTS('',1,1,(
    (#4545,#4546)
    ,(#4547,#4548
    )),.UNSPECIFIED.,.F.,.F.,.F.,(2,2),(2,2),(-0.25,1.7763568394E-15),(
    -0.2995,8.068745836552),.PIECEWISE_BEZIER_KNOTS.);
#4545 = CARTESIAN_POINT('',(-3.4,6.75,-2.6645352591E-15));
#4546 = CARTESIAN_POINT('',(-3.4,6.75,8.368245836552));
#4547 = CARTESIAN_POINT('',(-3.4,6.5,-2.6645352591E-15));
#4548 = CARTESIAN_POINT('',(-3.4,6.5,8.368245836552));
#4549 = ADVANCED_FACE('',(#4550),#4567,.F.);
#4550 = FACE_BOUND('',#4551,.T.);
#4551 = EDGE_LOOP('',(#4552,#4553,#4554,#4561,#4566));
#4552 = ORIENTED_EDGE('',*,*,#3046,.T.);
#4553 = ORIENTED_EDGE('',*,*,#4540,.F.);
#4554 = ORIENTED_EDGE('',*,*,#4555,.F.);
#4555 = EDGE_CURVE('',#4556,#4534,#4558,.T.);
#4556 = VERTEX_POINT('',#4557);
#4557 = CARTESIAN_POINT('',(-2.9,6.75,-2.6645352591E-15));
#4558 = B_SPLINE_CURVE_WITH_KNOTS('',1,(#4559,#4560),.UNSPECIFIED.,.F.,
  .F.,(2,2),(-0.5,0.),.PIECEWISE_BEZIER_KNOTS.);
#4559 = CARTESIAN_POINT('',(-2.9,6.75,-2.6645352591E-15));
#4560 = CARTESIAN_POINT('',(-3.4,6.75,-2.6645352591E-15));
#4561 = ORIENTED_EDGE('',*,*,#4562,.T.);
#4562 = EDGE_CURVE('',#4556,#2831,#4563,.T.);
#4563 = B_SPLINE_CURVE_WITH_KNOTS('',1,(#4564,#4565),.UNSPECIFIED.,.F.,
  .F.,(2,2),(-0.2995,8.1005),.PIECEWISE_BEZIER_KNOTS.);
#4564 = CARTESIAN_POINT('',(-2.9,6.75,-2.6645352591E-15));
#4565 = CARTESIAN_POINT('',(-2.9,6.75,8.4));
#4566 = ORIENTED_EDGE('',*,*,#2830,.T.);
#4567 = B_SPLINE_SURFACE_WITH_KNOTS('',1,1,(
    (#4568,#4569)
    ,(#4570,#4571
    )),.UNSPECIFIED.,.F.,.F.,.F.,(2,2),(2,2),(-0.5,0.),(-0.2995,8.1005),
  .PIECEWISE_BEZIER_KNOTS.);
#4568 = CARTESIAN_POINT('',(-2.9,6.75,-2.6645352591E-15));
#4569 = CARTESIAN_POINT('',(-2.9,6.75,8.4));
#4570 = CARTESIAN_POINT('',(-3.4,6.75,-2.6645352591E-15));
#4571 = CARTESIAN_POINT('',(-3.4,6.75,8.4));
#4572 = ADVANCED_FACE('',(#4573),#4589,.F.);
#4573 = FACE_BOUND('',#4574,.T.);
#4574 = EDGE_LOOP('',(#4575,#4582,#4583,#4584));
#4575 = ORIENTED_EDGE('',*,*,#4576,.T.);
#4576 = EDGE_CURVE('',#4577,#2838,#4579,.T.);
#4577 = VERTEX_POINT('',#4578);
#4578 = CARTESIAN_POINT('',(-2.9,5.25,-2.6645352591E-15));
#4579 = B_SPLINE_CURVE_WITH_KNOTS('',1,(#4580,#4581),.UNSPECIFIED.,.F.,
  .F.,(2,2),(-0.2995,8.1005),.PIECEWISE_BEZIER_KNOTS.);
#4580 = CARTESIAN_POINT('',(-2.9,5.25,-2.6645352591E-15));
#4581 = CARTESIAN_POINT('',(-2.9,5.25,8.4));
#4582 = ORIENTED_EDGE('',*,*,#2837,.T.);
#4583 = ORIENTED_EDGE('',*,*,#4562,.F.);
#4584 = ORIENTED_EDGE('',*,*,#4585,.F.);
#4585 = EDGE_CURVE('',#4577,#4556,#4586,.T.);
#4586 = B_SPLINE_CURVE_WITH_KNOTS('',1,(#4587,#4588),.UNSPECIFIED.,.F.,
  .F.,(2,2),(-1.5,0.),.PIECEWISE_BEZIER_KNOTS.);
#4587 = CARTESIAN_POINT('',(-2.9,5.25,-2.6645352591E-15));
#4588 = CARTESIAN_POINT('',(-2.9,6.75,-2.6645352591E-15));
#4589 = B_SPLINE_SURFACE_WITH_KNOTS('',1,1,(
    (#4590,#4591)
    ,(#4592,#4593
    )),.UNSPECIFIED.,.F.,.F.,.F.,(2,2),(2,2),(-1.5,3.552713678801E-15),(
    -0.2995,8.1005),.PIECEWISE_BEZIER_KNOTS.);
#4590 = CARTESIAN_POINT('',(-2.9,5.25,-2.6645352591E-15));
#4591 = CARTESIAN_POINT('',(-2.9,5.25,8.4));
#4592 = CARTESIAN_POINT('',(-2.9,6.75,-2.6645352591E-15));
#4593 = CARTESIAN_POINT('',(-2.9,6.75,8.4));
#4594 = ADVANCED_FACE('',(#4595),#4612,.F.);
#4595 = FACE_BOUND('',#4596,.T.);
#4596 = EDGE_LOOP('',(#4597,#4598,#4599,#4600,#4607));
#4597 = ORIENTED_EDGE('',*,*,#2739,.T.);
#4598 = ORIENTED_EDGE('',*,*,#2844,.T.);
#4599 = ORIENTED_EDGE('',*,*,#4576,.F.);
#4600 = ORIENTED_EDGE('',*,*,#4601,.F.);
#4601 = EDGE_CURVE('',#4602,#4577,#4604,.T.);
#4602 = VERTEX_POINT('',#4603);
#4603 = CARTESIAN_POINT('',(-3.4,5.25,-2.6645352591E-15));
#4604 = B_SPLINE_CURVE_WITH_KNOTS('',1,(#4605,#4606),.UNSPECIFIED.,.F.,
  .F.,(2,2),(-0.5,0.),.PIECEWISE_BEZIER_KNOTS.);
#4605 = CARTESIAN_POINT('',(-3.4,5.25,-2.6645352591E-15));
#4606 = CARTESIAN_POINT('',(-2.9,5.25,-2.6645352591E-15));
#4607 = ORIENTED_EDGE('',*,*,#4608,.T.);
#4608 = EDGE_CURVE('',#4602,#2740,#4609,.T.);
#4609 = B_SPLINE_CURVE_WITH_KNOTS('',1,(#4610,#4611),.UNSPECIFIED.,.F.,
  .F.,(2,2),(-0.2995,8.068745836552),.PIECEWISE_BEZIER_KNOTS.);
#4610 = CARTESIAN_POINT('',(-3.4,5.25,-2.6645352591E-15));
#4611 = CARTESIAN_POINT('',(-3.4,5.25,8.368245836552));
#4612 = B_SPLINE_SURFACE_WITH_KNOTS('',1,1,(
    (#4613,#4614)
    ,(#4615,#4616
    )),.UNSPECIFIED.,.F.,.F.,.F.,(2,2),(2,2),(-2.498001805407E-16,0.5),(
    -0.2995,8.1005),.PIECEWISE_BEZIER_KNOTS.);
#4613 = CARTESIAN_POINT('',(-3.4,5.25,-2.6645352591E-15));
#4614 = CARTESIAN_POINT('',(-3.4,5.25,8.4));
#4615 = CARTESIAN_POINT('',(-2.9,5.25,-2.6645352591E-15));
#4616 = CARTESIAN_POINT('',(-2.9,5.25,8.4));
#4617 = ADVANCED_FACE('',(#4618),#4634,.F.);
#4618 = FACE_BOUND('',#4619,.T.);
#4619 = EDGE_LOOP('',(#4620,#4621,#4622,#4629));
#4620 = ORIENTED_EDGE('',*,*,#2749,.T.);
#4621 = ORIENTED_EDGE('',*,*,#4608,.F.);
#4622 = ORIENTED_EDGE('',*,*,#4623,.F.);
#4623 = EDGE_CURVE('',#4624,#4602,#4626,.T.);
#4624 = VERTEX_POINT('',#4625);
#4625 = CARTESIAN_POINT('',(-3.4,5.5,-2.6645352591E-15));
#4626 = B_SPLINE_CURVE_WITH_KNOTS('',1,(#4627,#4628),.UNSPECIFIED.,.F.,
  .F.,(2,2),(-0.25,-0.),.PIECEWISE_BEZIER_KNOTS.);
#4627 = CARTESIAN_POINT('',(-3.4,5.5,-2.6645352591E-15));
#4628 = CARTESIAN_POINT('',(-3.4,5.25,-2.6645352591E-15));
#4629 = ORIENTED_EDGE('',*,*,#4630,.T.);
#4630 = EDGE_CURVE('',#4624,#2750,#4631,.T.);
#4631 = B_SPLINE_CURVE_WITH_KNOTS('',1,(#4632,#4633),.UNSPECIFIED.,.F.,
  .F.,(2,2),(-0.2995,8.068745836552),.PIECEWISE_BEZIER_KNOTS.);
#4632 = CARTESIAN_POINT('',(-3.4,5.5,-2.6645352591E-15));
#4633 = CARTESIAN_POINT('',(-3.4,5.5,8.368245836552));
#4634 = B_SPLINE_SURFACE_WITH_KNOTS('',1,1,(
    (#4635,#4636)
    ,(#4637,#4638
    )),.UNSPECIFIED.,.F.,.F.,.F.,(2,2),(2,2),(-1.7763568394E-15,0.25),(
    -0.2995,8.068745836552),.PIECEWISE_BEZIER_KNOTS.);
#4635 = CARTESIAN_POINT('',(-3.4,5.5,-2.6645352591E-15));
#4636 = CARTESIAN_POINT('',(-3.4,5.5,8.368245836552));
#4637 = CARTESIAN_POINT('',(-3.4,5.25,-2.6645352591E-15));
#4638 = CARTESIAN_POINT('',(-3.4,5.25,8.368245836552));
#4639 = ADVANCED_FACE('',(#4640),#4650,.F.);
#4640 = FACE_BOUND('',#4641,.T.);
#4641 = EDGE_LOOP('',(#4642,#4643,#4644,#4649));
#4642 = ORIENTED_EDGE('',*,*,#2756,.T.);
#4643 = ORIENTED_EDGE('',*,*,#4630,.F.);
#4644 = ORIENTED_EDGE('',*,*,#4645,.F.);
#4645 = EDGE_CURVE('',#2642,#4624,#4646,.T.);
#4646 = B_SPLINE_CURVE_WITH_KNOTS('',1,(#4647,#4648),.UNSPECIFIED.,.F.,
  .F.,(2,2),(-0.75,-0.),.PIECEWISE_BEZIER_KNOTS.);
#4647 = CARTESIAN_POINT('',(-4.15,5.5,-2.6645352591E-15));
#4648 = CARTESIAN_POINT('',(-3.4,5.5,-2.6645352591E-15));
#4649 = ORIENTED_EDGE('',*,*,#2641,.T.);
#4650 = B_SPLINE_SURFACE_WITH_KNOTS('',1,1,(
    (#4651,#4652)
    ,(#4653,#4654
    )),.UNSPECIFIED.,.F.,.F.,.F.,(2,2),(2,2),(0.,0.75),(-0.2995,
    8.068745836552),.PIECEWISE_BEZIER_KNOTS.);
#4651 = CARTESIAN_POINT('',(-4.15,5.5,-2.6645352591E-15));
#4652 = CARTESIAN_POINT('',(-4.15,5.5,8.368245836552));
#4653 = CARTESIAN_POINT('',(-3.4,5.5,-2.6645352591E-15));
#4654 = CARTESIAN_POINT('',(-3.4,5.5,8.368245836552));
#4655 = ADVANCED_FACE('',(#4656),#4666,.F.);
#4656 = FACE_BOUND('',#4657,.T.);
#4657 = EDGE_LOOP('',(#4658,#4659,#4660,#4665));
#4658 = ORIENTED_EDGE('',*,*,#3062,.T.);
#4659 = ORIENTED_EDGE('',*,*,#2917,.F.);
#4660 = ORIENTED_EDGE('',*,*,#4661,.F.);
#4661 = EDGE_CURVE('',#4527,#2918,#4662,.T.);
#4662 = B_SPLINE_CURVE_WITH_KNOTS('',1,(#4663,#4664),.UNSPECIFIED.,.F.,
  .F.,(2,2),(-0.75,0.),.PIECEWISE_BEZIER_KNOTS.);
#4663 = CARTESIAN_POINT('',(-3.4,6.5,-2.6645352591E-15));
#4664 = CARTESIAN_POINT('',(-4.15,6.5,-2.6645352591E-15));
#4665 = ORIENTED_EDGE('',*,*,#4526,.T.);
#4666 = B_SPLINE_SURFACE_WITH_KNOTS('',1,1,(
    (#4667,#4668)
    ,(#4669,#4670
    )),.UNSPECIFIED.,.F.,.F.,.F.,(2,2),(2,2),(-0.75,0.),(-0.2995,
    8.068745836552),.PIECEWISE_BEZIER_KNOTS.);
#4667 = CARTESIAN_POINT('',(-3.4,6.5,-2.6645352591E-15));
#4668 = CARTESIAN_POINT('',(-3.4,6.5,8.368245836552));
#4669 = CARTESIAN_POINT('',(-4.15,6.5,-2.6645352591E-15));
#4670 = CARTESIAN_POINT('',(-4.15,6.5,8.368245836552));
#4671 = ADVANCED_FACE('',(#4672),#4688,.F.);
#4672 = FACE_BOUND('',#4673,.T.);
#4673 = EDGE_LOOP('',(#4674,#4675,#4682,#4687));
#4674 = ORIENTED_EDGE('',*,*,#3007,.T.);
#4675 = ORIENTED_EDGE('',*,*,#4676,.F.);
#4676 = EDGE_CURVE('',#4677,#3008,#4679,.T.);
#4677 = VERTEX_POINT('',#4678);
#4678 = CARTESIAN_POINT('',(10.6,6.5,-2.6645352591E-15));
#4679 = B_SPLINE_CURVE_WITH_KNOTS('',1,(#4680,#4681),.UNSPECIFIED.,.F.,
  .F.,(2,2),(-0.2995,8.068745836552),.PIECEWISE_BEZIER_KNOTS.);
#4680 = CARTESIAN_POINT('',(10.6,6.5,-2.6645352591E-15));
#4681 = CARTESIAN_POINT('',(10.6,6.5,8.368245836552));
#4682 = ORIENTED_EDGE('',*,*,#4683,.F.);
#4683 = EDGE_CURVE('',#2684,#4677,#4684,.T.);
#4684 = B_SPLINE_CURVE_WITH_KNOTS('',1,(#4685,#4686),.UNSPECIFIED.,.F.,
  .F.,(2,2),(0.,0.75),.PIECEWISE_BEZIER_KNOTS.);
#4685 = CARTESIAN_POINT('',(11.35,6.5,-2.6645352591E-15));
#4686 = CARTESIAN_POINT('',(10.6,6.5,-2.6645352591E-15));
#4687 = ORIENTED_EDGE('',*,*,#2683,.T.);
#4688 = B_SPLINE_SURFACE_WITH_KNOTS('',1,1,(
    (#4689,#4690)
    ,(#4691,#4692
    )),.UNSPECIFIED.,.F.,.F.,.F.,(2,2),(2,2),(0.,0.75),(-0.2995,
    8.068745836552),.PIECEWISE_BEZIER_KNOTS.);
#4689 = CARTESIAN_POINT('',(11.35,6.5,-2.6645352591E-15));
#4690 = CARTESIAN_POINT('',(11.35,6.5,8.368245836552));
#4691 = CARTESIAN_POINT('',(10.6,6.5,-2.6645352591E-15));
#4692 = CARTESIAN_POINT('',(10.6,6.5,8.368245836552));
#4693 = ADVANCED_FACE('',(#4694),#4710,.F.);
#4694 = FACE_BOUND('',#4695,.T.);
#4695 = EDGE_LOOP('',(#4696,#4697,#4698,#4705));
#4696 = ORIENTED_EDGE('',*,*,#2870,.T.);
#4697 = ORIENTED_EDGE('',*,*,#2973,.F.);
#4698 = ORIENTED_EDGE('',*,*,#4699,.F.);
#4699 = EDGE_CURVE('',#4700,#2974,#4702,.T.);
#4700 = VERTEX_POINT('',#4701);
#4701 = CARTESIAN_POINT('',(10.6,5.5,-2.6645352591E-15));
#4702 = B_SPLINE_CURVE_WITH_KNOTS('',1,(#4703,#4704),.UNSPECIFIED.,.F.,
  .F.,(2,2),(0.,0.75),.PIECEWISE_BEZIER_KNOTS.);
#4703 = CARTESIAN_POINT('',(10.6,5.5,-2.6645352591E-15));
#4704 = CARTESIAN_POINT('',(11.35,5.5,-2.6645352591E-15));
#4705 = ORIENTED_EDGE('',*,*,#4706,.T.);
#4706 = EDGE_CURVE('',#4700,#2871,#4707,.T.);
#4707 = B_SPLINE_CURVE_WITH_KNOTS('',1,(#4708,#4709),.UNSPECIFIED.,.F.,
  .F.,(2,2),(-0.2995,8.068745836552),.PIECEWISE_BEZIER_KNOTS.);
#4708 = CARTESIAN_POINT('',(10.6,5.5,-2.6645352591E-15));
#4709 = CARTESIAN_POINT('',(10.6,5.5,8.368245836552));
#4710 = B_SPLINE_SURFACE_WITH_KNOTS('',1,1,(
    (#4711,#4712)
    ,(#4713,#4714
    )),.UNSPECIFIED.,.F.,.F.,.F.,(2,2),(2,2),(-0.75,0.),(-0.2995,
    8.068745836552),.PIECEWISE_BEZIER_KNOTS.);
#4711 = CARTESIAN_POINT('',(10.6,5.5,-2.6645352591E-15));
#4712 = CARTESIAN_POINT('',(10.6,5.5,8.368245836552));
#4713 = CARTESIAN_POINT('',(11.35,5.5,-2.6645352591E-15));
#4714 = CARTESIAN_POINT('',(11.35,5.5,8.368245836552));
#4715 = ADVANCED_FACE('',(#4716),#4732,.F.);
#4716 = FACE_BOUND('',#4717,.T.);
#4717 = EDGE_LOOP('',(#4718,#4719,#4720,#4727));
#4718 = ORIENTED_EDGE('',*,*,#2880,.T.);
#4719 = ORIENTED_EDGE('',*,*,#4706,.F.);
#4720 = ORIENTED_EDGE('',*,*,#4721,.F.);
#4721 = EDGE_CURVE('',#4722,#4700,#4724,.T.);
#4722 = VERTEX_POINT('',#4723);
#4723 = CARTESIAN_POINT('',(10.6,5.25,-2.6645352591E-15));
#4724 = B_SPLINE_CURVE_WITH_KNOTS('',1,(#4725,#4726),.UNSPECIFIED.,.F.,
  .F.,(2,2),(0.,0.25),.PIECEWISE_BEZIER_KNOTS.);
#4725 = CARTESIAN_POINT('',(10.6,5.25,-2.6645352591E-15));
#4726 = CARTESIAN_POINT('',(10.6,5.5,-2.6645352591E-15));
#4727 = ORIENTED_EDGE('',*,*,#4728,.T.);
#4728 = EDGE_CURVE('',#4722,#2881,#4729,.T.);
#4729 = B_SPLINE_CURVE_WITH_KNOTS('',1,(#4730,#4731),.UNSPECIFIED.,.F.,
  .F.,(2,2),(-0.2995,8.068745836552),.PIECEWISE_BEZIER_KNOTS.);
#4730 = CARTESIAN_POINT('',(10.6,5.25,-2.6645352591E-15));
#4731 = CARTESIAN_POINT('',(10.6,5.25,8.368245836552));
#4732 = B_SPLINE_SURFACE_WITH_KNOTS('',1,1,(
    (#4733,#4734)
    ,(#4735,#4736
    )),.UNSPECIFIED.,.F.,.F.,.F.,(2,2),(2,2),(-0.25,0.),(-0.2995,
    8.068745836552),.PIECEWISE_BEZIER_KNOTS.);
#4733 = CARTESIAN_POINT('',(10.6,5.25,-2.6645352591E-15));
#4734 = CARTESIAN_POINT('',(10.6,5.25,8.368245836552));
#4735 = CARTESIAN_POINT('',(10.6,5.5,-2.6645352591E-15));
#4736 = CARTESIAN_POINT('',(10.6,5.5,8.368245836552));
#4737 = ADVANCED_FACE('',(#4738),#4755,.F.);
#4738 = FACE_BOUND('',#4739,.T.);
#4739 = EDGE_LOOP('',(#4740,#4741,#4742,#4749,#4754));
#4740 = ORIENTED_EDGE('',*,*,#2887,.T.);
#4741 = ORIENTED_EDGE('',*,*,#4728,.F.);
#4742 = ORIENTED_EDGE('',*,*,#4743,.F.);
#4743 = EDGE_CURVE('',#4744,#4722,#4746,.T.);
#4744 = VERTEX_POINT('',#4745);
#4745 = CARTESIAN_POINT('',(10.1,5.25,-2.6645352591E-15));
#4746 = B_SPLINE_CURVE_WITH_KNOTS('',1,(#4747,#4748),.UNSPECIFIED.,.F.,
  .F.,(2,2),(0.,0.5),.PIECEWISE_BEZIER_KNOTS.);
#4747 = CARTESIAN_POINT('',(10.1,5.25,-2.6645352591E-15));
#4748 = CARTESIAN_POINT('',(10.6,5.25,-2.6645352591E-15));
#4749 = ORIENTED_EDGE('',*,*,#4750,.T.);
#4750 = EDGE_CURVE('',#4744,#2787,#4751,.T.);
#4751 = B_SPLINE_CURVE_WITH_KNOTS('',1,(#4752,#4753),.UNSPECIFIED.,.F.,
  .F.,(2,2),(-0.2995,8.1005),.PIECEWISE_BEZIER_KNOTS.);
#4752 = CARTESIAN_POINT('',(10.1,5.25,-2.6645352591E-15));
#4753 = CARTESIAN_POINT('',(10.1,5.25,8.4));
#4754 = ORIENTED_EDGE('',*,*,#2786,.T.);
#4755 = B_SPLINE_SURFACE_WITH_KNOTS('',1,1,(
    (#4756,#4757)
    ,(#4758,#4759
    )),.UNSPECIFIED.,.F.,.F.,.F.,(2,2),(2,2),(-0.5,0.),(-0.2995,8.1005),
  .PIECEWISE_BEZIER_KNOTS.);
#4756 = CARTESIAN_POINT('',(10.1,5.25,-2.6645352591E-15));
#4757 = CARTESIAN_POINT('',(10.1,5.25,8.4));
#4758 = CARTESIAN_POINT('',(10.6,5.25,-2.6645352591E-15));
#4759 = CARTESIAN_POINT('',(10.6,5.25,8.4));
#4760 = ADVANCED_FACE('',(#4761),#4777,.F.);
#4761 = FACE_BOUND('',#4762,.T.);
#4762 = EDGE_LOOP('',(#4763,#4770,#4771,#4772));
#4763 = ORIENTED_EDGE('',*,*,#4764,.T.);
#4764 = EDGE_CURVE('',#4765,#2796,#4767,.T.);
#4765 = VERTEX_POINT('',#4766);
#4766 = CARTESIAN_POINT('',(10.1,6.75,-2.6645352591E-15));
#4767 = B_SPLINE_CURVE_WITH_KNOTS('',1,(#4768,#4769),.UNSPECIFIED.,.F.,
  .F.,(2,2),(-0.2995,8.1005),.PIECEWISE_BEZIER_KNOTS.);
#4768 = CARTESIAN_POINT('',(10.1,6.75,-2.6645352591E-15));
#4769 = CARTESIAN_POINT('',(10.1,6.75,8.4));
#4770 = ORIENTED_EDGE('',*,*,#2795,.T.);
#4771 = ORIENTED_EDGE('',*,*,#4750,.F.);
#4772 = ORIENTED_EDGE('',*,*,#4773,.F.);
#4773 = EDGE_CURVE('',#4765,#4744,#4774,.T.);
#4774 = B_SPLINE_CURVE_WITH_KNOTS('',1,(#4775,#4776),.UNSPECIFIED.,.F.,
  .F.,(2,2),(0.,1.5),.PIECEWISE_BEZIER_KNOTS.);
#4775 = CARTESIAN_POINT('',(10.1,6.75,-2.6645352591E-15));
#4776 = CARTESIAN_POINT('',(10.1,5.25,-2.6645352591E-15));
#4777 = B_SPLINE_SURFACE_WITH_KNOTS('',1,1,(
    (#4778,#4779)
    ,(#4780,#4781
    )),.UNSPECIFIED.,.F.,.F.,.F.,(2,2),(2,2),(0.,1.5),(-0.2995,8.1005),
  .PIECEWISE_BEZIER_KNOTS.);
#4778 = CARTESIAN_POINT('',(10.1,6.75,-2.6645352591E-15));
#4779 = CARTESIAN_POINT('',(10.1,6.75,8.4));
#4780 = CARTESIAN_POINT('',(10.1,5.25,-2.6645352591E-15));
#4781 = CARTESIAN_POINT('',(10.1,5.25,8.4));
#4782 = ADVANCED_FACE('',(#4783),#4800,.F.);
#4783 = FACE_BOUND('',#4784,.T.);
#4784 = EDGE_LOOP('',(#4785,#4786,#4787,#4788,#4795));
#4785 = ORIENTED_EDGE('',*,*,#3023,.T.);
#4786 = ORIENTED_EDGE('',*,*,#2802,.T.);
#4787 = ORIENTED_EDGE('',*,*,#4764,.F.);
#4788 = ORIENTED_EDGE('',*,*,#4789,.F.);
#4789 = EDGE_CURVE('',#4790,#4765,#4792,.T.);
#4790 = VERTEX_POINT('',#4791);
#4791 = CARTESIAN_POINT('',(10.6,6.75,-2.6645352591E-15));
#4792 = B_SPLINE_CURVE_WITH_KNOTS('',1,(#4793,#4794),.UNSPECIFIED.,.F.,
  .F.,(2,2),(0.,0.5),.PIECEWISE_BEZIER_KNOTS.);
#4793 = CARTESIAN_POINT('',(10.6,6.75,-2.6645352591E-15));
#4794 = CARTESIAN_POINT('',(10.1,6.75,-2.6645352591E-15));
#4795 = ORIENTED_EDGE('',*,*,#4796,.T.);
#4796 = EDGE_CURVE('',#4790,#3024,#4797,.T.);
#4797 = B_SPLINE_CURVE_WITH_KNOTS('',1,(#4798,#4799),.UNSPECIFIED.,.F.,
  .F.,(2,2),(-0.2995,8.068745836552),.PIECEWISE_BEZIER_KNOTS.);
#4798 = CARTESIAN_POINT('',(10.6,6.75,-2.6645352591E-15));
#4799 = CARTESIAN_POINT('',(10.6,6.75,8.368245836552));
#4800 = B_SPLINE_SURFACE_WITH_KNOTS('',1,1,(
    (#4801,#4802)
    ,(#4803,#4804
    )),.UNSPECIFIED.,.F.,.F.,.F.,(2,2),(2,2),(0.,0.5),(-0.2995,8.1005),
  .PIECEWISE_BEZIER_KNOTS.);
#4801 = CARTESIAN_POINT('',(10.6,6.75,-2.6645352591E-15));
#4802 = CARTESIAN_POINT('',(10.6,6.75,8.4));
#4803 = CARTESIAN_POINT('',(10.1,6.75,-2.6645352591E-15));
#4804 = CARTESIAN_POINT('',(10.1,6.75,8.4));
#4805 = ADVANCED_FACE('',(#4806),#4816,.F.);
#4806 = FACE_BOUND('',#4807,.T.);
#4807 = EDGE_LOOP('',(#4808,#4809,#4810,#4815));
#4808 = ORIENTED_EDGE('',*,*,#3031,.T.);
#4809 = ORIENTED_EDGE('',*,*,#4796,.F.);
#4810 = ORIENTED_EDGE('',*,*,#4811,.F.);
#4811 = EDGE_CURVE('',#4677,#4790,#4812,.T.);
#4812 = B_SPLINE_CURVE_WITH_KNOTS('',1,(#4813,#4814),.UNSPECIFIED.,.F.,
  .F.,(2,2),(0.,0.25),.PIECEWISE_BEZIER_KNOTS.);
#4813 = CARTESIAN_POINT('',(10.6,6.5,-2.6645352591E-15));
#4814 = CARTESIAN_POINT('',(10.6,6.75,-2.6645352591E-15));
#4815 = ORIENTED_EDGE('',*,*,#4676,.T.);
#4816 = B_SPLINE_SURFACE_WITH_KNOTS('',1,1,(
    (#4817,#4818)
    ,(#4819,#4820
    )),.UNSPECIFIED.,.F.,.F.,.F.,(2,2),(2,2),(0.,0.25),(-0.2995,
    8.068745836552),.PIECEWISE_BEZIER_KNOTS.);
#4817 = CARTESIAN_POINT('',(10.6,6.5,-2.6645352591E-15));
#4818 = CARTESIAN_POINT('',(10.6,6.5,8.368245836552));
#4819 = CARTESIAN_POINT('',(10.6,6.75,-2.6645352591E-15));
#4820 = CARTESIAN_POINT('',(10.6,6.75,8.368245836552));
#4821 = ADVANCED_FACE('',(#4822),#4847,.F.);
#4822 = FACE_BOUND('',#4823,.F.);
#4823 = EDGE_LOOP('',(#4824,#4831,#4841,#4846));
#4824 = ORIENTED_EDGE('',*,*,#4825,.F.);
#4825 = EDGE_CURVE('',#4826,#3384,#4828,.T.);
#4826 = VERTEX_POINT('',#4827);
#4827 = CARTESIAN_POINT('',(-1.45,0.,0.6));
#4828 = B_SPLINE_CURVE_WITH_KNOTS('',1,(#4829,#4830),.UNSPECIFIED.,.F.,
  .F.,(2,2),(-0.,0.3),.PIECEWISE_BEZIER_KNOTS.);
#4829 = CARTESIAN_POINT('',(-1.45,0.,0.6));
#4830 = CARTESIAN_POINT('',(-1.45,0.,0.3));
#4831 = ORIENTED_EDGE('',*,*,#4832,.T.);
#4832 = EDGE_CURVE('',#4826,#4833,#4835,.T.);
#4833 = VERTEX_POINT('',#4834);
#4834 = CARTESIAN_POINT('',(1.45,0.,0.6));
#4835 = ( BOUNDED_CURVE() B_SPLINE_CURVE(2,(#4836,#4837,#4838,#4839,
#4840),.UNSPECIFIED.,.F.,.F.) B_SPLINE_CURVE_WITH_KNOTS((3,2,3),(
    4.712388980385,6.28318530718,7.853981633974),
.PIECEWISE_BEZIER_KNOTS.) CURVE() GEOMETRIC_REPRESENTATION_ITEM() 
RATIONAL_B_SPLINE_CURVE((1.,0.707106781187,1.,0.707106781187,1.)) 
REPRESENTATION_ITEM('') );
#4836 = CARTESIAN_POINT('',(-1.45,0.,0.6));
#4837 = CARTESIAN_POINT('',(-1.45,1.45,0.6));
#4838 = CARTESIAN_POINT('',(-4.440892098501E-16,1.45,0.6));
#4839 = CARTESIAN_POINT('',(1.45,1.45,0.6));
#4840 = CARTESIAN_POINT('',(1.45,0.,0.6));
#4841 = ORIENTED_EDGE('',*,*,#4842,.T.);
#4842 = EDGE_CURVE('',#4833,#3377,#4843,.T.);
#4843 = B_SPLINE_CURVE_WITH_KNOTS('',1,(#4844,#4845),.UNSPECIFIED.,.F.,
  .F.,(2,2),(-0.,0.3),.PIECEWISE_BEZIER_KNOTS.);
#4844 = CARTESIAN_POINT('',(1.45,0.,0.6));
#4845 = CARTESIAN_POINT('',(1.45,0.,0.3));
#4846 = ORIENTED_EDGE('',*,*,#3383,.F.);
#4847 = ( BOUNDED_SURFACE() B_SPLINE_SURFACE(2,1,(
    (#4848,#4849)
    ,(#4850,#4851)
    ,(#4852,#4853)
    ,(#4854,#4855)
    ,(#4856,#4857
)),.UNSPECIFIED.,.F.,.F.,.F.) B_SPLINE_SURFACE_WITH_KNOTS((3,2,3),(2,2),
  (1.570796326795,3.14159265359,4.712388980385),(0.,0.3),
.PIECEWISE_BEZIER_KNOTS.) GEOMETRIC_REPRESENTATION_ITEM() 
RATIONAL_B_SPLINE_SURFACE((
    (1.,1.)
    ,(0.707106781187,0.707106781187)
    ,(1.,1.)
    ,(0.707106781187,0.707106781187)
,(1.,1.))) REPRESENTATION_ITEM('') SURFACE() );
#4848 = CARTESIAN_POINT('',(-1.45,0.,0.6));
#4849 = CARTESIAN_POINT('',(-1.45,0.,0.3));
#4850 = CARTESIAN_POINT('',(-1.45,1.45,0.6));
#4851 = CARTESIAN_POINT('',(-1.45,1.45,0.3));
#4852 = CARTESIAN_POINT('',(0.,1.45,0.6));
#4853 = CARTESIAN_POINT('',(0.,1.45,0.3));
#4854 = CARTESIAN_POINT('',(1.45,1.45,0.6));
#4855 = CARTESIAN_POINT('',(1.45,1.45,0.3));
#4856 = CARTESIAN_POINT('',(1.45,0.,0.6));
#4857 = CARTESIAN_POINT('',(1.45,0.,0.3));
#4858 = ADVANCED_FACE('',(#4859),#4875,.F.);
#4859 = FACE_BOUND('',#4860,.T.);
#4860 = EDGE_LOOP('',(#4861,#4862,#4863,#4870));
#4861 = ORIENTED_EDGE('',*,*,#3393,.T.);
#4862 = ORIENTED_EDGE('',*,*,#4825,.F.);
#4863 = ORIENTED_EDGE('',*,*,#4864,.F.);
#4864 = EDGE_CURVE('',#4865,#4826,#4867,.T.);
#4865 = VERTEX_POINT('',#4866);
#4866 = CARTESIAN_POINT('',(-1.45,-1.45,0.6));
#4867 = B_SPLINE_CURVE_WITH_KNOTS('',1,(#4868,#4869),.UNSPECIFIED.,.F.,
  .F.,(2,2),(-1.45,0.),.PIECEWISE_BEZIER_KNOTS.);
#4868 = CARTESIAN_POINT('',(-1.45,-1.45,0.6));
#4869 = CARTESIAN_POINT('',(-1.45,0.,0.6));
#4870 = ORIENTED_EDGE('',*,*,#4871,.T.);
#4871 = EDGE_CURVE('',#4865,#3394,#4872,.T.);
#4872 = B_SPLINE_CURVE_WITH_KNOTS('',1,(#4873,#4874),.UNSPECIFIED.,.F.,
  .F.,(2,2),(-0.,0.3),.PIECEWISE_BEZIER_KNOTS.);
#4873 = CARTESIAN_POINT('',(-1.45,-1.45,0.6));
#4874 = CARTESIAN_POINT('',(-1.45,-1.45,0.3));
#4875 = B_SPLINE_SURFACE_WITH_KNOTS('',1,1,(
    (#4876,#4877)
    ,(#4878,#4879
    )),.UNSPECIFIED.,.F.,.F.,.F.,(2,2),(2,2),(0.,1.45),(-0.3,0.),
  .PIECEWISE_BEZIER_KNOTS.);
#4876 = CARTESIAN_POINT('',(-1.45,0.,0.3));
#4877 = CARTESIAN_POINT('',(-1.45,0.,0.6));
#4878 = CARTESIAN_POINT('',(-1.45,-1.45,0.3));
#4879 = CARTESIAN_POINT('',(-1.45,-1.45,0.6));
#4880 = ADVANCED_FACE('',(#4881),#4897,.F.);
#4881 = FACE_BOUND('',#4882,.T.);
#4882 = EDGE_LOOP('',(#4883,#4884,#4891,#4896));
#4883 = ORIENTED_EDGE('',*,*,#3376,.T.);
#4884 = ORIENTED_EDGE('',*,*,#4885,.F.);
#4885 = EDGE_CURVE('',#4886,#3370,#4888,.T.);
#4886 = VERTEX_POINT('',#4887);
#4887 = CARTESIAN_POINT('',(1.45,-1.45,0.6));
#4888 = B_SPLINE_CURVE_WITH_KNOTS('',1,(#4889,#4890),.UNSPECIFIED.,.F.,
  .F.,(2,2),(-0.,0.3),.PIECEWISE_BEZIER_KNOTS.);
#4889 = CARTESIAN_POINT('',(1.45,-1.45,0.6));
#4890 = CARTESIAN_POINT('',(1.45,-1.45,0.3));
#4891 = ORIENTED_EDGE('',*,*,#4892,.F.);
#4892 = EDGE_CURVE('',#4833,#4886,#4893,.T.);
#4893 = B_SPLINE_CURVE_WITH_KNOTS('',1,(#4894,#4895),.UNSPECIFIED.,.F.,
  .F.,(2,2),(0.,1.45),.PIECEWISE_BEZIER_KNOTS.);
#4894 = CARTESIAN_POINT('',(1.45,0.,0.6));
#4895 = CARTESIAN_POINT('',(1.45,-1.45,0.6));
#4896 = ORIENTED_EDGE('',*,*,#4842,.T.);
#4897 = B_SPLINE_SURFACE_WITH_KNOTS('',1,1,(
    (#4898,#4899)
    ,(#4900,#4901
    )),.UNSPECIFIED.,.F.,.F.,.F.,(2,2),(2,2),(-1.45,0.),(-0.3,0.),
  .PIECEWISE_BEZIER_KNOTS.);
#4898 = CARTESIAN_POINT('',(1.45,-1.45,0.3));
#4899 = CARTESIAN_POINT('',(1.45,-1.45,0.6));
#4900 = CARTESIAN_POINT('',(1.45,0.,0.3));
#4901 = CARTESIAN_POINT('',(1.45,0.,0.6));
#4902 = ADVANCED_FACE('',(#4903),#4913,.F.);
#4903 = FACE_BOUND('',#4904,.T.);
#4904 = EDGE_LOOP('',(#4905,#4906,#4907,#4912));
#4905 = ORIENTED_EDGE('',*,*,#4832,.T.);
#4906 = ORIENTED_EDGE('',*,*,#4892,.T.);
#4907 = ORIENTED_EDGE('',*,*,#4908,.T.);
#4908 = EDGE_CURVE('',#4886,#4865,#4909,.T.);
#4909 = B_SPLINE_CURVE_WITH_KNOTS('',1,(#4910,#4911),.UNSPECIFIED.,.F.,
  .F.,(2,2),(-2.9,0.),.PIECEWISE_BEZIER_KNOTS.);
#4910 = CARTESIAN_POINT('',(1.45,-1.45,0.6));
#4911 = CARTESIAN_POINT('',(-1.45,-1.45,0.6));
#4912 = ORIENTED_EDGE('',*,*,#4864,.T.);
#4913 = B_SPLINE_SURFACE_WITH_KNOTS('',1,1,(
    (#4914,#4915)
    ,(#4916,#4917
    )),.UNSPECIFIED.,.F.,.F.,.F.,(2,2),(2,2),(-1.45,1.45),(-1.45,1.45),
  .PIECEWISE_BEZIER_KNOTS.);
#4914 = CARTESIAN_POINT('',(1.45,-1.45,0.6));
#4915 = CARTESIAN_POINT('',(-1.45,-1.45,0.6));
#4916 = CARTESIAN_POINT('',(1.45,1.45,0.6));
#4917 = CARTESIAN_POINT('',(-1.45,1.45,0.6));
#4918 = ADVANCED_FACE('',(#4919),#4944,.F.);
#4919 = FACE_BOUND('',#4920,.F.);
#4920 = EDGE_LOOP('',(#4921,#4928,#4938,#4943));
#4921 = ORIENTED_EDGE('',*,*,#4922,.F.);
#4922 = EDGE_CURVE('',#4923,#3353,#4925,.T.);
#4923 = VERTEX_POINT('',#4924);
#4924 = CARTESIAN_POINT('',(5.75,0.,0.6));
#4925 = B_SPLINE_CURVE_WITH_KNOTS('',1,(#4926,#4927),.UNSPECIFIED.,.F.,
  .F.,(2,2),(-0.,0.3),.PIECEWISE_BEZIER_KNOTS.);
#4926 = CARTESIAN_POINT('',(5.75,0.,0.6));
#4927 = CARTESIAN_POINT('',(5.75,0.,0.3));
#4928 = ORIENTED_EDGE('',*,*,#4929,.T.);
#4929 = EDGE_CURVE('',#4923,#4930,#4932,.T.);
#4930 = VERTEX_POINT('',#4931);
#4931 = CARTESIAN_POINT('',(8.65,0.,0.6));
#4932 = ( BOUNDED_CURVE() B_SPLINE_CURVE(2,(#4933,#4934,#4935,#4936,
#4937),.UNSPECIFIED.,.F.,.F.) B_SPLINE_CURVE_WITH_KNOTS((3,2,3),(
    1.570796326795,3.14159265359,4.712388980385),
.PIECEWISE_BEZIER_KNOTS.) CURVE() GEOMETRIC_REPRESENTATION_ITEM() 
RATIONAL_B_SPLINE_CURVE((1.,0.707106781187,1.,0.707106781187,1.)) 
REPRESENTATION_ITEM('') );
#4933 = CARTESIAN_POINT('',(5.75,0.,0.6));
#4934 = CARTESIAN_POINT('',(5.75,1.45,0.6));
#4935 = CARTESIAN_POINT('',(7.2,1.45,0.6));
#4936 = CARTESIAN_POINT('',(8.65,1.45,0.6));
#4937 = CARTESIAN_POINT('',(8.65,0.,0.6));
#4938 = ORIENTED_EDGE('',*,*,#4939,.T.);
#4939 = EDGE_CURVE('',#4930,#3346,#4940,.T.);
#4940 = B_SPLINE_CURVE_WITH_KNOTS('',1,(#4941,#4942),.UNSPECIFIED.,.F.,
  .F.,(2,2),(-0.,0.3),.PIECEWISE_BEZIER_KNOTS.);
#4941 = CARTESIAN_POINT('',(8.65,0.,0.6));
#4942 = CARTESIAN_POINT('',(8.65,0.,0.3));
#4943 = ORIENTED_EDGE('',*,*,#3352,.F.);
#4944 = ( BOUNDED_SURFACE() B_SPLINE_SURFACE(2,1,(
    (#4945,#4946)
    ,(#4947,#4948)
    ,(#4949,#4950)
    ,(#4951,#4952)
    ,(#4953,#4954
)),.UNSPECIFIED.,.F.,.F.,.F.) B_SPLINE_SURFACE_WITH_KNOTS((3,2,3),(2,2),
  (1.570796326795,3.14159265359,4.712388980385),(0.,0.3),
.PIECEWISE_BEZIER_KNOTS.) GEOMETRIC_REPRESENTATION_ITEM() 
RATIONAL_B_SPLINE_SURFACE((
    (1.,1.)
    ,(0.707106781187,0.707106781187)
    ,(1.,1.)
    ,(0.707106781187,0.707106781187)
,(1.,1.))) REPRESENTATION_ITEM('') SURFACE() );
#4945 = CARTESIAN_POINT('',(5.75,0.,0.6));
#4946 = CARTESIAN_POINT('',(5.75,0.,0.3));
#4947 = CARTESIAN_POINT('',(5.75,1.45,0.6));
#4948 = CARTESIAN_POINT('',(5.75,1.45,0.3));
#4949 = CARTESIAN_POINT('',(7.2,1.45,0.6));
#4950 = CARTESIAN_POINT('',(7.2,1.45,0.3));
#4951 = CARTESIAN_POINT('',(8.65,1.45,0.6));
#4952 = CARTESIAN_POINT('',(8.65,1.45,0.3));
#4953 = CARTESIAN_POINT('',(8.65,0.,0.6));
#4954 = CARTESIAN_POINT('',(8.65,0.,0.3));
#4955 = ADVANCED_FACE('',(#4956),#4972,.F.);
#4956 = FACE_BOUND('',#4957,.T.);
#4957 = EDGE_LOOP('',(#4958,#4959,#4960,#4967));
#4958 = ORIENTED_EDGE('',*,*,#3362,.T.);
#4959 = ORIENTED_EDGE('',*,*,#4922,.F.);
#4960 = ORIENTED_EDGE('',*,*,#4961,.F.);
#4961 = EDGE_CURVE('',#4962,#4923,#4964,.T.);
#4962 = VERTEX_POINT('',#4963);
#4963 = CARTESIAN_POINT('',(5.75,-1.45,0.6));
#4964 = B_SPLINE_CURVE_WITH_KNOTS('',1,(#4965,#4966),.UNSPECIFIED.,.F.,
  .F.,(2,2),(-1.45,0.),.PIECEWISE_BEZIER_KNOTS.);
#4965 = CARTESIAN_POINT('',(5.75,-1.45,0.6));
#4966 = CARTESIAN_POINT('',(5.75,0.,0.6));
#4967 = ORIENTED_EDGE('',*,*,#4968,.T.);
#4968 = EDGE_CURVE('',#4962,#3363,#4969,.T.);
#4969 = B_SPLINE_CURVE_WITH_KNOTS('',1,(#4970,#4971),.UNSPECIFIED.,.F.,
  .F.,(2,2),(-0.,0.3),.PIECEWISE_BEZIER_KNOTS.);
#4970 = CARTESIAN_POINT('',(5.75,-1.45,0.6));
#4971 = CARTESIAN_POINT('',(5.75,-1.45,0.3));
#4972 = B_SPLINE_SURFACE_WITH_KNOTS('',1,1,(
    (#4973,#4974)
    ,(#4975,#4976
    )),.UNSPECIFIED.,.F.,.F.,.F.,(2,2),(2,2),(0.,1.45),(-0.3,0.),
  .PIECEWISE_BEZIER_KNOTS.);
#4973 = CARTESIAN_POINT('',(5.75,0.,0.3));
#4974 = CARTESIAN_POINT('',(5.75,0.,0.6));
#4975 = CARTESIAN_POINT('',(5.75,-1.45,0.3));
#4976 = CARTESIAN_POINT('',(5.75,-1.45,0.6));
#4977 = ADVANCED_FACE('',(#4978),#5018,.F.);
#4978 = FACE_BOUND('',#4979,.T.);
#4979 = EDGE_LOOP('',(#4980,#4987,#4988,#4995,#5002,#5007,#5008,#5009,
    #5010,#5011,#5012,#5013));
#4980 = ORIENTED_EDGE('',*,*,#4981,.T.);
#4981 = EDGE_CURVE('',#4982,#3339,#4984,.T.);
#4982 = VERTEX_POINT('',#4983);
#4983 = CARTESIAN_POINT('',(8.65,-1.45,0.6));
#4984 = B_SPLINE_CURVE_WITH_KNOTS('',1,(#4985,#4986),.UNSPECIFIED.,.F.,
  .F.,(2,2),(-0.,0.3),.PIECEWISE_BEZIER_KNOTS.);
#4985 = CARTESIAN_POINT('',(8.65,-1.45,0.6));
#4986 = CARTESIAN_POINT('',(8.65,-1.45,0.3));
#4987 = ORIENTED_EDGE('',*,*,#3338,.T.);
#4988 = ORIENTED_EDGE('',*,*,#4989,.F.);
#4989 = EDGE_CURVE('',#4990,#3316,#4992,.T.);
#4990 = VERTEX_POINT('',#4991);
#4991 = CARTESIAN_POINT('',(9.519352853658,-1.450000000001,
    -2.6645352591E-15));
#4992 = B_SPLINE_CURVE_WITH_KNOTS('',1,(#4993,#4994),.UNSPECIFIED.,.F.,
  .F.,(2,2),(0.,0.3),.PIECEWISE_BEZIER_KNOTS.);
#4993 = CARTESIAN_POINT('',(9.519352853658,-1.450000000001,
    -2.6645352591E-15));
#4994 = CARTESIAN_POINT('',(9.519352853658,-1.450000000001,0.3));
#4995 = ORIENTED_EDGE('',*,*,#4996,.F.);
#4996 = EDGE_CURVE('',#4997,#4990,#4999,.T.);
#4997 = VERTEX_POINT('',#4998);
#4998 = CARTESIAN_POINT('',(-2.319352853658,-1.45,-2.6645352591E-15));
#4999 = B_SPLINE_CURVE_WITH_KNOTS('',1,(#5000,#5001),.UNSPECIFIED.,.F.,
  .F.,(2,2),(-11.83870570731,-7.318590178329E-13),
  .PIECEWISE_BEZIER_KNOTS.);
#5000 = CARTESIAN_POINT('',(-2.319352853658,-1.45,-2.6645352591E-15));
#5001 = CARTESIAN_POINT('',(9.519352853658,-1.45,-2.6645352591E-15));
#5002 = ORIENTED_EDGE('',*,*,#5003,.T.);
#5003 = EDGE_CURVE('',#4997,#3401,#5004,.T.);
#5004 = B_SPLINE_CURVE_WITH_KNOTS('',1,(#5005,#5006),.UNSPECIFIED.,.F.,
  .F.,(2,2),(0.,0.3),.PIECEWISE_BEZIER_KNOTS.);
#5005 = CARTESIAN_POINT('',(-2.319352853658,-1.45,-2.6645352591E-15));
#5006 = CARTESIAN_POINT('',(-2.319352853658,-1.45,0.3));
#5007 = ORIENTED_EDGE('',*,*,#3400,.T.);
#5008 = ORIENTED_EDGE('',*,*,#4871,.F.);
#5009 = ORIENTED_EDGE('',*,*,#4908,.F.);
#5010 = ORIENTED_EDGE('',*,*,#4885,.T.);
#5011 = ORIENTED_EDGE('',*,*,#3369,.T.);
#5012 = ORIENTED_EDGE('',*,*,#4968,.F.);
#5013 = ORIENTED_EDGE('',*,*,#5014,.F.);
#5014 = EDGE_CURVE('',#4982,#4962,#5015,.T.);
#5015 = B_SPLINE_CURVE_WITH_KNOTS('',1,(#5016,#5017),.UNSPECIFIED.,.F.,
  .F.,(2,2),(0.,2.9),.PIECEWISE_BEZIER_KNOTS.);
#5016 = CARTESIAN_POINT('',(8.65,-1.45,0.6));
#5017 = CARTESIAN_POINT('',(5.75,-1.45,0.6));
#5018 = B_SPLINE_SURFACE_WITH_KNOTS('',1,1,(
    (#5019,#5020)
    ,(#5021,#5022
    )),.UNSPECIFIED.,.F.,.F.,.F.,(2,2),(2,2),(-10.96935285365,
    0.869352853658),(-0.6,0.),.PIECEWISE_BEZIER_KNOTS.);
#5019 = CARTESIAN_POINT('',(-2.319352853658,-1.45,-2.6645352591E-15));
#5020 = CARTESIAN_POINT('',(-2.319352853658,-1.45,0.6));
#5021 = CARTESIAN_POINT('',(9.519352853658,-1.45,-2.6645352591E-15));
#5022 = CARTESIAN_POINT('',(9.519352853658,-1.45,0.6));
#5023 = ADVANCED_FACE('',(#5024),#5034,.F.);
#5024 = FACE_BOUND('',#5025,.T.);
#5025 = EDGE_LOOP('',(#5026,#5027,#5028,#5033));
#5026 = ORIENTED_EDGE('',*,*,#3345,.T.);
#5027 = ORIENTED_EDGE('',*,*,#4981,.F.);
#5028 = ORIENTED_EDGE('',*,*,#5029,.F.);
#5029 = EDGE_CURVE('',#4930,#4982,#5030,.T.);
#5030 = B_SPLINE_CURVE_WITH_KNOTS('',1,(#5031,#5032),.UNSPECIFIED.,.F.,
  .F.,(2,2),(0.,1.45),.PIECEWISE_BEZIER_KNOTS.);
#5031 = CARTESIAN_POINT('',(8.65,0.,0.6));
#5032 = CARTESIAN_POINT('',(8.65,-1.45,0.6));
#5033 = ORIENTED_EDGE('',*,*,#4939,.T.);
#5034 = B_SPLINE_SURFACE_WITH_KNOTS('',1,1,(
    (#5035,#5036)
    ,(#5037,#5038
    )),.UNSPECIFIED.,.F.,.F.,.F.,(2,2),(2,2),(-1.45,0.),(-0.3,0.),
  .PIECEWISE_BEZIER_KNOTS.);
#5035 = CARTESIAN_POINT('',(8.65,-1.45,0.3));
#5036 = CARTESIAN_POINT('',(8.65,-1.45,0.6));
#5037 = CARTESIAN_POINT('',(8.65,0.,0.3));
#5038 = CARTESIAN_POINT('',(8.65,0.,0.6));
#5039 = ADVANCED_FACE('',(#5040),#5046,.T.);
#5040 = FACE_BOUND('',#5041,.T.);
#5041 = EDGE_LOOP('',(#5042,#5043,#5044,#5045));
#5042 = ORIENTED_EDGE('',*,*,#4929,.T.);
#5043 = ORIENTED_EDGE('',*,*,#5029,.T.);
#5044 = ORIENTED_EDGE('',*,*,#5014,.T.);
#5045 = ORIENTED_EDGE('',*,*,#4961,.T.);
#5046 = B_SPLINE_SURFACE_WITH_KNOTS('',1,1,(
    (#5047,#5048)
    ,(#5049,#5050
    )),.UNSPECIFIED.,.F.,.F.,.F.,(2,2),(2,2),(-1.45,1.45),(-1.45,1.45),
  .PIECEWISE_BEZIER_KNOTS.);
#5047 = CARTESIAN_POINT('',(8.65,1.45,0.6));
#5048 = CARTESIAN_POINT('',(5.75,1.45,0.6));
#5049 = CARTESIAN_POINT('',(8.65,-1.45,0.6));
#5050 = CARTESIAN_POINT('',(5.75,-1.45,0.6));
#5051 = ADVANCED_FACE('',(#5052),#5070,.F.);
#5052 = FACE_BOUND('',#5053,.F.);
#5053 = EDGE_LOOP('',(#5054,#5055,#5068,#5069));
#5054 = ORIENTED_EDGE('',*,*,#4325,.F.);
#5055 = ORIENTED_EDGE('',*,*,#5056,.T.);
#5056 = EDGE_CURVE('',#4326,#4997,#5057,.T.);
#5057 = B_SPLINE_CURVE_WITH_KNOTS('',3,(#5058,#5059,#5060,#5061,#5062,
    #5063,#5064,#5065,#5066,#5067),.UNSPECIFIED.,.F.,.F.,(4,1,1,2,2,4),(
    0.,0.25,0.375,0.4375,0.5,1.),.UNSPECIFIED.);
#5058 = CARTESIAN_POINT('',(-1.35,-1.85,-2.6645352591E-15));
#5059 = CARTESIAN_POINT('',(-1.435066086446,-1.85,-3.552713678801E-15));
#5060 = CARTESIAN_POINT('',(-1.562298821805,-1.836488145601,
    -2.6645352591E-15));
#5061 = CARTESIAN_POINT('',(-1.710095823014,-1.79707857027,
    -3.552713678801E-15));
#5062 = CARTESIAN_POINT('',(-1.773299997094,-1.775121806872,
    -2.6645352591E-15));
#5063 = CARTESIAN_POINT('',(-1.815405580288,-1.759357976739,
    -8.881784197001E-16));
#5064 = CARTESIAN_POINT('',(-1.838043668136,-1.750227236905,
    -1.7763568394E-15));
#5065 = CARTESIAN_POINT('',(-2.012838932654,-1.675328588024,
    -3.552713678801E-15));
#5066 = CARTESIAN_POINT('',(-2.166801429146,-1.578026866419,
    -2.6645352591E-15));
#5067 = CARTESIAN_POINT('',(-2.319352853658,-1.45,-2.6645352591E-15));
#5068 = ORIENTED_EDGE('',*,*,#5003,.T.);
#5069 = ORIENTED_EDGE('',*,*,#3547,.F.);
#5070 = B_SPLINE_SURFACE_WITH_KNOTS('',3,1,(
    (#5071,#5072)
    ,(#5073,#5074)
    ,(#5075,#5076)
    ,(#5077,#5078)
    ,(#5079,#5080
    )),.UNSPECIFIED.,.F.,.F.,.F.,(4,1,4),(2,2),(0.,0.190294920399,
    0.224148611414),(0.,1.),.UNSPECIFIED.);
#5071 = CARTESIAN_POINT('',(-1.35,-1.85,-2.6645352591E-15));
#5072 = CARTESIAN_POINT('',(-1.35,-1.85,0.3));
#5073 = CARTESIAN_POINT('',(-1.649536700072,-1.85,-2.6645352591E-15));
#5074 = CARTESIAN_POINT('',(-1.649536700072,-1.85,0.3));
#5075 = CARTESIAN_POINT('',(-1.978291213865,-1.718478304417,
    -2.6645352591E-15));
#5076 = CARTESIAN_POINT('',(-1.978291213865,-1.718478304417,0.3));
#5077 = CARTESIAN_POINT('',(-2.275247249523,-1.487015074144,
    -2.6645352591E-15));
#5078 = CARTESIAN_POINT('',(-2.275247249523,-1.487015074144,0.3));
#5079 = CARTESIAN_POINT('',(-2.319352853669,-1.449999999992,
    -2.6645352591E-15));
#5080 = CARTESIAN_POINT('',(-2.319352853669,-1.449999999992,0.3));
#5081 = ADVANCED_FACE('',(#5082),#5100,.F.);
#5082 = FACE_BOUND('',#5083,.F.);
#5083 = EDGE_LOOP('',(#5084,#5085,#5098,#5099));
#5084 = ORIENTED_EDGE('',*,*,#4989,.F.);
#5085 = ORIENTED_EDGE('',*,*,#5086,.T.);
#5086 = EDGE_CURVE('',#4990,#4333,#5087,.T.);
#5087 = B_SPLINE_CURVE_WITH_KNOTS('',3,(#5088,#5089,#5090,#5091,#5092,
    #5093,#5094,#5095,#5096,#5097),.UNSPECIFIED.,.F.,.F.,(4,1,1,2,2,4),(
    0.,0.25,0.375,0.4375,0.5,1.),.UNSPECIFIED.);
#5088 = CARTESIAN_POINT('',(9.519352853658,-1.450000000001,
    -2.6645352591E-15));
#5089 = CARTESIAN_POINT('',(9.44322992638,-1.513885210335,
    -2.6645352591E-15));
#5090 = CARTESIAN_POINT('',(9.328401794738,-1.598287263688,
    -3.552713678801E-15));
#5091 = CARTESIAN_POINT('',(9.193309094886,-1.67676124217,
    -3.552713678801E-15));
#5092 = CARTESIAN_POINT('',(9.135170820749,-1.706108286427,
    -2.6645352591E-15));
#5093 = CARTESIAN_POINT('',(9.096358326263,-1.724720835753,
    -2.6645352591E-15));
#5094 = CARTESIAN_POINT('',(9.078448143573,-1.732897261877,
    -2.6645352591E-15));
#5095 = CARTESIAN_POINT('',(8.889603129102,-1.81396838827,
    -3.552713678801E-15));
#5096 = CARTESIAN_POINT('',(8.720448007706,-1.85,-2.6645352591E-15));
#5097 = CARTESIAN_POINT('',(8.55,-1.85,-2.6645352591E-15));
#5098 = ORIENTED_EDGE('',*,*,#4339,.T.);
#5099 = ORIENTED_EDGE('',*,*,#4373,.F.);
#5100 = B_SPLINE_SURFACE_WITH_KNOTS('',3,1,(
    (#5101,#5102)
    ,(#5103,#5104)
    ,(#5105,#5106)
    ,(#5107,#5108)
    ,(#5109,#5110
    )),.UNSPECIFIED.,.F.,.F.,.F.,(4,1,4),(2,2),(0.775851388589,
    0.809705079601,1.),(0.,1.),.UNSPECIFIED.);
#5101 = CARTESIAN_POINT('',(9.519352853658,-1.450000000001,
    -2.6645352591E-15));
#5102 = CARTESIAN_POINT('',(9.519352853658,-1.450000000001,0.3));
#5103 = CARTESIAN_POINT('',(9.475247249515,-1.487015074149,
    -2.6645352591E-15));
#5104 = CARTESIAN_POINT('',(9.475247249515,-1.487015074149,0.3));
#5105 = CARTESIAN_POINT('',(9.178291213861,-1.718478304418,
    -2.6645352591E-15));
#5106 = CARTESIAN_POINT('',(9.178291213861,-1.718478304418,0.3));
#5107 = CARTESIAN_POINT('',(8.849536700072,-1.85,-2.6645352591E-15));
#5108 = CARTESIAN_POINT('',(8.849536700072,-1.85,0.3));
#5109 = CARTESIAN_POINT('',(8.55,-1.85,-2.6645352591E-15));
#5110 = CARTESIAN_POINT('',(8.55,-1.85,0.3));
#5111 = ADVANCED_FACE('',(#5112),#5118,.F.);
#5112 = FACE_BOUND('',#5113,.T.);
#5113 = EDGE_LOOP('',(#5114,#5115,#5116,#5117));
#5114 = ORIENTED_EDGE('',*,*,#5056,.T.);
#5115 = ORIENTED_EDGE('',*,*,#4996,.T.);
#5116 = ORIENTED_EDGE('',*,*,#5086,.T.);
#5117 = ORIENTED_EDGE('',*,*,#4332,.T.);
#5118 = B_SPLINE_SURFACE_WITH_KNOTS('',1,1,(
    (#5119,#5120)
    ,(#5121,#5122
    )),.UNSPECIFIED.,.F.,.F.,.F.,(2,2),(2,2),(-0.108094835193,
    0.291905164807),(-11.37681821785,0.461887489465),
  .PIECEWISE_BEZIER_KNOTS.);
#5119 = CARTESIAN_POINT('',(9.519352853658,-1.85,-2.6645352591E-15));
#5120 = CARTESIAN_POINT('',(-2.319352853658,-1.85,-2.6645352591E-15));
#5121 = CARTESIAN_POINT('',(9.519352853658,-1.45,-2.6645352591E-15));
#5122 = CARTESIAN_POINT('',(-2.319352853658,-1.45,-2.6645352591E-15));
#5123 = ADVANCED_FACE('',(#5124),#5140,.F.);
#5124 = FACE_BOUND('',#5125,.T.);
#5125 = EDGE_LOOP('',(#5126,#5127,#5134,#5139));
#5126 = ORIENTED_EDGE('',*,*,#2558,.T.);
#5127 = ORIENTED_EDGE('',*,*,#5128,.F.);
#5128 = EDGE_CURVE('',#5129,#2552,#5131,.T.);
#5129 = VERTEX_POINT('',#5130);
#5130 = CARTESIAN_POINT('',(9.85,5.,-2.6645352591E-15));
#5131 = B_SPLINE_CURVE_WITH_KNOTS('',1,(#5132,#5133),.UNSPECIFIED.,.F.,
  .F.,(2,2),(0.,0.3),.PIECEWISE_BEZIER_KNOTS.);
#5132 = CARTESIAN_POINT('',(9.85,5.,-2.6645352591E-15));
#5133 = CARTESIAN_POINT('',(9.85,5.,0.3));
#5134 = ORIENTED_EDGE('',*,*,#5135,.F.);
#5135 = EDGE_CURVE('',#2988,#5129,#5136,.T.);
#5136 = B_SPLINE_CURVE_WITH_KNOTS('',1,(#5137,#5138),.UNSPECIFIED.,.F.,
  .F.,(2,2),(-1.5,0.),.PIECEWISE_BEZIER_KNOTS.);
#5137 = CARTESIAN_POINT('',(11.35,5.,-2.6645352591E-15));
#5138 = CARTESIAN_POINT('',(9.85,5.,-2.6645352591E-15));
#5139 = ORIENTED_EDGE('',*,*,#2987,.T.);
#5140 = B_SPLINE_SURFACE_WITH_KNOTS('',1,1,(
    (#5141,#5142)
    ,(#5143,#5144
    )),.UNSPECIFIED.,.F.,.F.,.F.,(2,2),(2,2),(-1.5,0.),(0.,0.3),
  .PIECEWISE_BEZIER_KNOTS.);
#5141 = CARTESIAN_POINT('',(11.35,5.,-2.6645352591E-15));
#5142 = CARTESIAN_POINT('',(11.35,5.,0.3));
#5143 = CARTESIAN_POINT('',(9.85,5.,-2.6645352591E-15));
#5144 = CARTESIAN_POINT('',(9.85,5.,0.3));
#5145 = ADVANCED_FACE('',(#5146),#5162,.F.);
#5146 = FACE_BOUND('',#5147,.T.);
#5147 = EDGE_LOOP('',(#5148,#5149,#5156,#5161));
#5148 = ORIENTED_EDGE('',*,*,#2551,.T.);
#5149 = ORIENTED_EDGE('',*,*,#5150,.F.);
#5150 = EDGE_CURVE('',#5151,#2545,#5153,.T.);
#5151 = VERTEX_POINT('',#5152);
#5152 = CARTESIAN_POINT('',(9.85,7.,-2.6645352591E-15));
#5153 = B_SPLINE_CURVE_WITH_KNOTS('',1,(#5154,#5155),.UNSPECIFIED.,.F.,
  .F.,(2,2),(0.,0.3),.PIECEWISE_BEZIER_KNOTS.);
#5154 = CARTESIAN_POINT('',(9.85,7.,-2.6645352591E-15));
#5155 = CARTESIAN_POINT('',(9.85,7.,0.3));
#5156 = ORIENTED_EDGE('',*,*,#5157,.F.);
#5157 = EDGE_CURVE('',#5129,#5151,#5158,.T.);
#5158 = B_SPLINE_CURVE_WITH_KNOTS('',1,(#5159,#5160),.UNSPECIFIED.,.F.,
  .F.,(2,2),(-2.,0.),.PIECEWISE_BEZIER_KNOTS.);
#5159 = CARTESIAN_POINT('',(9.85,5.,-2.6645352591E-15));
#5160 = CARTESIAN_POINT('',(9.85,7.,-2.6645352591E-15));
#5161 = ORIENTED_EDGE('',*,*,#5128,.T.);
#5162 = B_SPLINE_SURFACE_WITH_KNOTS('',1,1,(
    (#5163,#5164)
    ,(#5165,#5166
    )),.UNSPECIFIED.,.F.,.F.,.F.,(2,2),(2,2),(-2.,0.),(0.,0.3),
  .PIECEWISE_BEZIER_KNOTS.);
#5163 = CARTESIAN_POINT('',(9.85,5.,-2.6645352591E-15));
#5164 = CARTESIAN_POINT('',(9.85,5.,0.3));
#5165 = CARTESIAN_POINT('',(9.85,7.,-2.6645352591E-15));
#5166 = CARTESIAN_POINT('',(9.85,7.,0.3));
#5167 = ADVANCED_FACE('',(#5168),#5178,.F.);
#5168 = FACE_BOUND('',#5169,.T.);
#5169 = EDGE_LOOP('',(#5170,#5171,#5172,#5177));
#5170 = ORIENTED_EDGE('',*,*,#2544,.T.);
#5171 = ORIENTED_EDGE('',*,*,#2699,.F.);
#5172 = ORIENTED_EDGE('',*,*,#5173,.F.);
#5173 = EDGE_CURVE('',#5151,#2693,#5174,.T.);
#5174 = B_SPLINE_CURVE_WITH_KNOTS('',1,(#5175,#5176),.UNSPECIFIED.,.F.,
  .F.,(2,2),(-1.5,-0.),.PIECEWISE_BEZIER_KNOTS.);
#5175 = CARTESIAN_POINT('',(9.85,7.,-2.6645352591E-15));
#5176 = CARTESIAN_POINT('',(11.35,7.,-2.6645352591E-15));
#5177 = ORIENTED_EDGE('',*,*,#5150,.T.);
#5178 = B_SPLINE_SURFACE_WITH_KNOTS('',1,1,(
    (#5179,#5180)
    ,(#5181,#5182
    )),.UNSPECIFIED.,.F.,.F.,.F.,(2,2),(2,2),(-1.5,0.),(0.,0.3),
  .PIECEWISE_BEZIER_KNOTS.);
#5179 = CARTESIAN_POINT('',(9.85,7.,-2.6645352591E-15));
#5180 = CARTESIAN_POINT('',(9.85,7.,0.3));
#5181 = CARTESIAN_POINT('',(11.35,7.,-2.6645352591E-15));
#5182 = CARTESIAN_POINT('',(11.35,7.,0.3));
#5183 = ADVANCED_FACE('',(#5184),#5198,.F.);
#5184 = FACE_BOUND('',#5185,.T.);
#5185 = EDGE_LOOP('',(#5186,#5187,#5188,#5189,#5190,#5191,#5192,#5193,
    #5194,#5195,#5196,#5197));
#5186 = ORIENTED_EDGE('',*,*,#4773,.T.);
#5187 = ORIENTED_EDGE('',*,*,#4743,.T.);
#5188 = ORIENTED_EDGE('',*,*,#4721,.T.);
#5189 = ORIENTED_EDGE('',*,*,#4699,.T.);
#5190 = ORIENTED_EDGE('',*,*,#2994,.T.);
#5191 = ORIENTED_EDGE('',*,*,#5135,.T.);
#5192 = ORIENTED_EDGE('',*,*,#5157,.T.);
#5193 = ORIENTED_EDGE('',*,*,#5173,.T.);
#5194 = ORIENTED_EDGE('',*,*,#2692,.T.);
#5195 = ORIENTED_EDGE('',*,*,#4683,.T.);
#5196 = ORIENTED_EDGE('',*,*,#4811,.T.);
#5197 = ORIENTED_EDGE('',*,*,#4789,.T.);
#5198 = B_SPLINE_SURFACE_WITH_KNOTS('',1,1,(
    (#5199,#5200)
    ,(#5201,#5202
  )),.UNSPECIFIED.,.F.,.F.,.F.,(2,2),(2,2),(-10.35,-8.35),(-7.75,-6.25),
  .PIECEWISE_BEZIER_KNOTS.);
#5199 = CARTESIAN_POINT('',(11.35,5.,-2.6645352591E-15));
#5200 = CARTESIAN_POINT('',(9.85,5.,-2.6645352591E-15));
#5201 = CARTESIAN_POINT('',(11.35,7.,-2.6645352591E-15));
#5202 = CARTESIAN_POINT('',(9.85,7.,-2.6645352591E-15));
#5203 = ADVANCED_FACE('',(#5204),#5220,.F.);
#5204 = FACE_BOUND('',#5205,.T.);
#5205 = EDGE_LOOP('',(#5206,#5207,#5214,#5219));
#5206 = ORIENTED_EDGE('',*,*,#2600,.T.);
#5207 = ORIENTED_EDGE('',*,*,#5208,.F.);
#5208 = EDGE_CURVE('',#5209,#2594,#5211,.T.);
#5209 = VERTEX_POINT('',#5210);
#5210 = CARTESIAN_POINT('',(-2.65,7.,-2.6645352591E-15));
#5211 = B_SPLINE_CURVE_WITH_KNOTS('',1,(#5212,#5213),.UNSPECIFIED.,.F.,
  .F.,(2,2),(0.,0.3),.PIECEWISE_BEZIER_KNOTS.);
#5212 = CARTESIAN_POINT('',(-2.65,7.,-2.6645352591E-15));
#5213 = CARTESIAN_POINT('',(-2.65,7.,0.3));
#5214 = ORIENTED_EDGE('',*,*,#5215,.F.);
#5215 = EDGE_CURVE('',#2954,#5209,#5216,.T.);
#5216 = B_SPLINE_CURVE_WITH_KNOTS('',1,(#5217,#5218),.UNSPECIFIED.,.F.,
  .F.,(2,2),(0.,1.5),.PIECEWISE_BEZIER_KNOTS.);
#5217 = CARTESIAN_POINT('',(-4.15,7.,-2.6645352591E-15));
#5218 = CARTESIAN_POINT('',(-2.65,7.,-2.6645352591E-15));
#5219 = ORIENTED_EDGE('',*,*,#2953,.T.);
#5220 = B_SPLINE_SURFACE_WITH_KNOTS('',1,1,(
    (#5221,#5222)
    ,(#5223,#5224
    )),.UNSPECIFIED.,.F.,.F.,.F.,(2,2),(2,2),(0.,1.5),(0.,0.3),
  .PIECEWISE_BEZIER_KNOTS.);
#5221 = CARTESIAN_POINT('',(-4.15,7.,-2.6645352591E-15));
#5222 = CARTESIAN_POINT('',(-4.15,7.,0.3));
#5223 = CARTESIAN_POINT('',(-2.65,7.,-2.6645352591E-15));
#5224 = CARTESIAN_POINT('',(-2.65,7.,0.3));
#5225 = ADVANCED_FACE('',(#5226),#5242,.F.);
#5226 = FACE_BOUND('',#5227,.T.);
#5227 = EDGE_LOOP('',(#5228,#5229,#5236,#5241));
#5228 = ORIENTED_EDGE('',*,*,#2593,.T.);
#5229 = ORIENTED_EDGE('',*,*,#5230,.F.);
#5230 = EDGE_CURVE('',#5231,#2587,#5233,.T.);
#5231 = VERTEX_POINT('',#5232);
#5232 = CARTESIAN_POINT('',(-2.65,5.,-2.6645352591E-15));
#5233 = B_SPLINE_CURVE_WITH_KNOTS('',1,(#5234,#5235),.UNSPECIFIED.,.F.,
  .F.,(2,2),(0.,0.3),.PIECEWISE_BEZIER_KNOTS.);
#5234 = CARTESIAN_POINT('',(-2.65,5.,-2.6645352591E-15));
#5235 = CARTESIAN_POINT('',(-2.65,5.,0.3));
#5236 = ORIENTED_EDGE('',*,*,#5237,.F.);
#5237 = EDGE_CURVE('',#5209,#5231,#5238,.T.);
#5238 = B_SPLINE_CURVE_WITH_KNOTS('',1,(#5239,#5240),.UNSPECIFIED.,.F.,
  .F.,(2,2),(0.,2.),.PIECEWISE_BEZIER_KNOTS.);
#5239 = CARTESIAN_POINT('',(-2.65,7.,-2.6645352591E-15));
#5240 = CARTESIAN_POINT('',(-2.65,5.,-2.6645352591E-15));
#5241 = ORIENTED_EDGE('',*,*,#5208,.T.);
#5242 = B_SPLINE_SURFACE_WITH_KNOTS('',1,1,(
    (#5243,#5244)
    ,(#5245,#5246
    )),.UNSPECIFIED.,.F.,.F.,.F.,(2,2),(2,2),(0.,2.),(0.,0.3),
  .PIECEWISE_BEZIER_KNOTS.);
#5243 = CARTESIAN_POINT('',(-2.65,7.,-2.6645352591E-15));
#5244 = CARTESIAN_POINT('',(-2.65,7.,0.3));
#5245 = CARTESIAN_POINT('',(-2.65,5.,-2.6645352591E-15));
#5246 = CARTESIAN_POINT('',(-2.65,5.,0.3));
#5247 = ADVANCED_FACE('',(#5248),#5258,.F.);
#5248 = FACE_BOUND('',#5249,.T.);
#5249 = EDGE_LOOP('',(#5250,#5251,#5252,#5257));
#5250 = ORIENTED_EDGE('',*,*,#2586,.T.);
#5251 = ORIENTED_EDGE('',*,*,#2657,.F.);
#5252 = ORIENTED_EDGE('',*,*,#5253,.F.);
#5253 = EDGE_CURVE('',#5231,#2651,#5254,.T.);
#5254 = B_SPLINE_CURVE_WITH_KNOTS('',1,(#5255,#5256),.UNSPECIFIED.,.F.,
  .F.,(2,2),(0.,1.5),.PIECEWISE_BEZIER_KNOTS.);
#5255 = CARTESIAN_POINT('',(-2.65,5.,-2.6645352591E-15));
#5256 = CARTESIAN_POINT('',(-4.15,5.,-2.6645352591E-15));
#5257 = ORIENTED_EDGE('',*,*,#5230,.T.);
#5258 = B_SPLINE_SURFACE_WITH_KNOTS('',1,1,(
    (#5259,#5260)
    ,(#5261,#5262
    )),.UNSPECIFIED.,.F.,.F.,.F.,(2,2),(2,2),(-8.881784197001E-16,1.5),(
    0.,0.3),.PIECEWISE_BEZIER_KNOTS.);
#5259 = CARTESIAN_POINT('',(-2.65,5.,-2.6645352591E-15));
#5260 = CARTESIAN_POINT('',(-2.65,5.,0.3));
#5261 = CARTESIAN_POINT('',(-4.15,5.,-2.6645352591E-15));
#5262 = CARTESIAN_POINT('',(-4.15,5.,0.3));
#5263 = ADVANCED_FACE('',(#5264),#5278,.F.);
#5264 = FACE_BOUND('',#5265,.T.);
#5265 = EDGE_LOOP('',(#5266,#5267,#5268,#5269,#5270,#5271,#5272,#5273,
    #5274,#5275,#5276,#5277));
#5266 = ORIENTED_EDGE('',*,*,#4623,.T.);
#5267 = ORIENTED_EDGE('',*,*,#4601,.T.);
#5268 = ORIENTED_EDGE('',*,*,#4585,.T.);
#5269 = ORIENTED_EDGE('',*,*,#4555,.T.);
#5270 = ORIENTED_EDGE('',*,*,#4533,.T.);
#5271 = ORIENTED_EDGE('',*,*,#4661,.T.);
#5272 = ORIENTED_EDGE('',*,*,#2960,.T.);
#5273 = ORIENTED_EDGE('',*,*,#5215,.T.);
#5274 = ORIENTED_EDGE('',*,*,#5237,.T.);
#5275 = ORIENTED_EDGE('',*,*,#5253,.T.);
#5276 = ORIENTED_EDGE('',*,*,#2650,.T.);
#5277 = ORIENTED_EDGE('',*,*,#4645,.T.);
#5278 = B_SPLINE_SURFACE_WITH_KNOTS('',1,1,(
    (#5279,#5280)
    ,(#5281,#5282
  )),.UNSPECIFIED.,.F.,.F.,.F.,(2,2),(2,2),(-10.35,-8.35),(6.25,7.75),
  .PIECEWISE_BEZIER_KNOTS.);
#5279 = CARTESIAN_POINT('',(-2.65,5.,-2.6645352591E-15));
#5280 = CARTESIAN_POINT('',(-4.15,5.,-2.6645352591E-15));
#5281 = CARTESIAN_POINT('',(-2.65,7.,-2.6645352591E-15));
#5282 = CARTESIAN_POINT('',(-4.15,7.,-2.6645352591E-15));
#5283 = ADVANCED_FACE('',(#5284),#5300,.F.);
#5284 = FACE_BOUND('',#5285,.T.);
#5285 = EDGE_LOOP('',(#5286,#5287,#5294,#5299));
#5286 = ORIENTED_EDGE('',*,*,#3293,.T.);
#5287 = ORIENTED_EDGE('',*,*,#5288,.F.);
#5288 = EDGE_CURVE('',#5289,#3294,#5291,.T.);
#5289 = VERTEX_POINT('',#5290);
#5290 = CARTESIAN_POINT('',(4.6,0.75,-2.6645352591E-15));
#5291 = B_SPLINE_CURVE_WITH_KNOTS('',1,(#5292,#5293),.UNSPECIFIED.,.F.,
  .F.,(2,2),(0.,0.3),.PIECEWISE_BEZIER_KNOTS.);
#5292 = CARTESIAN_POINT('',(4.6,0.75,-2.6645352591E-15));
#5293 = CARTESIAN_POINT('',(4.6,0.75,0.3));
#5294 = ORIENTED_EDGE('',*,*,#5295,.F.);
#5295 = EDGE_CURVE('',#3238,#5289,#5296,.T.);
#5296 = B_SPLINE_CURVE_WITH_KNOTS('',1,(#5297,#5298),.UNSPECIFIED.,.F.,
  .F.,(2,2),(-1.5,-0.),.PIECEWISE_BEZIER_KNOTS.);
#5297 = CARTESIAN_POINT('',(4.6,2.25,-2.6645352591E-15));
#5298 = CARTESIAN_POINT('',(4.6,0.75,-2.6645352591E-15));
#5299 = ORIENTED_EDGE('',*,*,#3237,.T.);
#5300 = B_SPLINE_SURFACE_WITH_KNOTS('',1,1,(
    (#5301,#5302)
    ,(#5303,#5304
    )),.UNSPECIFIED.,.F.,.F.,.F.,(2,2),(2,2),(-1.5,0.),(0.,0.3),
  .PIECEWISE_BEZIER_KNOTS.);
#5301 = CARTESIAN_POINT('',(4.6,2.25,-2.6645352591E-15));
#5302 = CARTESIAN_POINT('',(4.6,2.25,0.3));
#5303 = CARTESIAN_POINT('',(4.6,0.75,-2.6645352591E-15));
#5304 = CARTESIAN_POINT('',(4.6,0.75,0.3));
#5305 = ADVANCED_FACE('',(#5306),#5322,.F.);
#5306 = FACE_BOUND('',#5307,.T.);
#5307 = EDGE_LOOP('',(#5308,#5309,#5316,#5321));
#5308 = ORIENTED_EDGE('',*,*,#3448,.T.);
#5309 = ORIENTED_EDGE('',*,*,#5310,.F.);
#5310 = EDGE_CURVE('',#5311,#3442,#5313,.T.);
#5311 = VERTEX_POINT('',#5312);
#5312 = CARTESIAN_POINT('',(2.6,0.75,-2.6645352591E-15));
#5313 = B_SPLINE_CURVE_WITH_KNOTS('',1,(#5314,#5315),.UNSPECIFIED.,.F.,
  .F.,(2,2),(0.,0.3),.PIECEWISE_BEZIER_KNOTS.);
#5314 = CARTESIAN_POINT('',(2.6,0.75,-2.6645352591E-15));
#5315 = CARTESIAN_POINT('',(2.6,0.75,0.3));
#5316 = ORIENTED_EDGE('',*,*,#5317,.F.);
#5317 = EDGE_CURVE('',#5289,#5311,#5318,.T.);
#5318 = B_SPLINE_CURVE_WITH_KNOTS('',1,(#5319,#5320),.UNSPECIFIED.,.F.,
  .F.,(2,2),(-2.,0.),.PIECEWISE_BEZIER_KNOTS.);
#5319 = CARTESIAN_POINT('',(4.6,0.75,-2.6645352591E-15));
#5320 = CARTESIAN_POINT('',(2.6,0.75,-2.6645352591E-15));
#5321 = ORIENTED_EDGE('',*,*,#5288,.T.);
#5322 = B_SPLINE_SURFACE_WITH_KNOTS('',1,1,(
    (#5323,#5324)
    ,(#5325,#5326
    )),.UNSPECIFIED.,.F.,.F.,.F.,(2,2),(2,2),(-2.,6.661338147751E-16),(
    0.,0.3),.PIECEWISE_BEZIER_KNOTS.);
#5323 = CARTESIAN_POINT('',(4.6,0.75,-2.6645352591E-15));
#5324 = CARTESIAN_POINT('',(4.6,0.75,0.3));
#5325 = CARTESIAN_POINT('',(2.6,0.75,-2.6645352591E-15));
#5326 = CARTESIAN_POINT('',(2.6,0.75,0.3));
#5327 = ADVANCED_FACE('',(#5328),#5338,.F.);
#5328 = FACE_BOUND('',#5329,.T.);
#5329 = EDGE_LOOP('',(#5330,#5331,#5332,#5337));
#5330 = ORIENTED_EDGE('',*,*,#3441,.T.);
#5331 = ORIENTED_EDGE('',*,*,#3251,.F.);
#5332 = ORIENTED_EDGE('',*,*,#5333,.F.);
#5333 = EDGE_CURVE('',#5311,#3245,#5334,.T.);
#5334 = B_SPLINE_CURVE_WITH_KNOTS('',1,(#5335,#5336),.UNSPECIFIED.,.F.,
  .F.,(2,2),(0.,1.5),.PIECEWISE_BEZIER_KNOTS.);
#5335 = CARTESIAN_POINT('',(2.6,0.75,-2.6645352591E-15));
#5336 = CARTESIAN_POINT('',(2.6,2.25,-2.6645352591E-15));
#5337 = ORIENTED_EDGE('',*,*,#5310,.T.);
#5338 = B_SPLINE_SURFACE_WITH_KNOTS('',1,1,(
    (#5339,#5340)
    ,(#5341,#5342
    )),.UNSPECIFIED.,.F.,.F.,.F.,(2,2),(2,2),(0.,1.5),(0.,0.3),
  .PIECEWISE_BEZIER_KNOTS.);
#5339 = CARTESIAN_POINT('',(2.6,0.75,-2.6645352591E-15));
#5340 = CARTESIAN_POINT('',(2.6,0.75,0.3));
#5341 = CARTESIAN_POINT('',(2.6,2.25,-2.6645352591E-15));
#5342 = CARTESIAN_POINT('',(2.6,2.25,0.3));
#5343 = ADVANCED_FACE('',(#5344),#5350,.T.);
#5344 = FACE_BOUND('',#5345,.T.);
#5345 = EDGE_LOOP('',(#5346,#5347,#5348,#5349));
#5346 = ORIENTED_EDGE('',*,*,#5295,.T.);
#5347 = ORIENTED_EDGE('',*,*,#5317,.T.);
#5348 = ORIENTED_EDGE('',*,*,#5333,.T.);
#5349 = ORIENTED_EDGE('',*,*,#3244,.T.);
#5350 = B_SPLINE_SURFACE_WITH_KNOTS('',1,1,(
    (#5351,#5352)
    ,(#5353,#5354
    )),.UNSPECIFIED.,.F.,.F.,.F.,(2,2),(2,2),(13.1,14.6),(-1.,1.),
  .PIECEWISE_BEZIER_KNOTS.);
#5351 = CARTESIAN_POINT('',(4.6,2.25,-2.6645352591E-15));
#5352 = CARTESIAN_POINT('',(2.6,2.25,-2.6645352591E-15));
#5353 = CARTESIAN_POINT('',(4.6,0.75,-2.6645352591E-15));
#5354 = CARTESIAN_POINT('',(2.6,0.75,-2.6645352591E-15));
#5355 = ADVANCED_FACE('',(#5356,#5428),#5460,.F.);
#5356 = FACE_BOUND('',#5357,.T.);
#5357 = EDGE_LOOP('',(#5358,#5367,#5374,#5381,#5388,#5395,#5402,#5409,
    #5416,#5423));
#5358 = ORIENTED_EDGE('',*,*,#5359,.T.);
#5359 = EDGE_CURVE('',#5360,#5362,#5364,.T.);
#5360 = VERTEX_POINT('',#5361);
#5361 = CARTESIAN_POINT('',(10.85,16.35,7.9));
#5362 = VERTEX_POINT('',#5363);
#5363 = CARTESIAN_POINT('',(-1.16345137902,16.35,7.9));
#5364 = B_SPLINE_CURVE_WITH_KNOTS('',1,(#5365,#5366),.UNSPECIFIED.,.F.,
  .F.,(2,2),(-12.2,-0.18654862098),.PIECEWISE_BEZIER_KNOTS.);
#5365 = CARTESIAN_POINT('',(10.85,16.35,7.9));
#5366 = CARTESIAN_POINT('',(-1.16345137902,16.35,7.9));
#5367 = ORIENTED_EDGE('',*,*,#5368,.T.);
#5368 = EDGE_CURVE('',#5362,#5369,#5371,.T.);
#5369 = VERTEX_POINT('',#5370);
#5370 = CARTESIAN_POINT('',(-3.65,16.35,5.715513660077));
#5371 = B_SPLINE_CURVE_WITH_KNOTS('',1,(#5372,#5373),.UNSPECIFIED.,.F.,
  .F.,(2,2),(-5.354160464988,-2.044341041846),.PIECEWISE_BEZIER_KNOTS.);
#5372 = CARTESIAN_POINT('',(-1.16345137902,16.35,7.9));
#5373 = CARTESIAN_POINT('',(-3.65,16.35,5.715513660077));
#5374 = ORIENTED_EDGE('',*,*,#5375,.T.);
#5375 = EDGE_CURVE('',#5369,#5376,#5378,.T.);
#5376 = VERTEX_POINT('',#5377);
#5377 = CARTESIAN_POINT('',(-3.65,16.35,2.984486339923));
#5378 = B_SPLINE_CURVE_WITH_KNOTS('',1,(#5379,#5380),.UNSPECIFIED.,.F.,
  .F.,(2,2),(-5.715513660077,-2.984486339923),.PIECEWISE_BEZIER_KNOTS.);
#5379 = CARTESIAN_POINT('',(-3.65,16.35,5.715513660077));
#5380 = CARTESIAN_POINT('',(-3.65,16.35,2.984486339923));
#5381 = ORIENTED_EDGE('',*,*,#5382,.T.);
#5382 = EDGE_CURVE('',#5376,#5383,#5385,.T.);
#5383 = VERTEX_POINT('',#5384);
#5384 = CARTESIAN_POINT('',(-1.16345137902,16.35,0.8));
#5385 = B_SPLINE_CURVE_WITH_KNOTS('',1,(#5386,#5387),.UNSPECIFIED.,.F.,
  .F.,(2,2),(-3.697673469414,-0.387854046272),.PIECEWISE_BEZIER_KNOTS.);
#5386 = CARTESIAN_POINT('',(-3.65,16.35,2.984486339923));
#5387 = CARTESIAN_POINT('',(-1.16345137902,16.35,0.8));
#5388 = ORIENTED_EDGE('',*,*,#5389,.T.);
#5389 = EDGE_CURVE('',#5383,#5390,#5392,.T.);
#5390 = VERTEX_POINT('',#5391);
#5391 = CARTESIAN_POINT('',(3.05,16.35,0.8));
#5392 = B_SPLINE_CURVE_WITH_KNOTS('',1,(#5393,#5394),.UNSPECIFIED.,.F.,
  .F.,(2,2),(0.18654862098,4.4),.PIECEWISE_BEZIER_KNOTS.);
#5393 = CARTESIAN_POINT('',(-1.16345137902,16.35,0.8));
#5394 = CARTESIAN_POINT('',(3.05,16.35,0.8));
#5395 = ORIENTED_EDGE('',*,*,#5396,.T.);
#5396 = EDGE_CURVE('',#5390,#5397,#5399,.T.);
#5397 = VERTEX_POINT('',#5398);
#5398 = CARTESIAN_POINT('',(3.05,16.35,1.6));
#5399 = B_SPLINE_CURVE_WITH_KNOTS('',1,(#5400,#5401),.UNSPECIFIED.,.F.,
  .F.,(2,2),(0.8,1.6),.PIECEWISE_BEZIER_KNOTS.);
#5400 = CARTESIAN_POINT('',(3.05,16.35,0.8));
#5401 = CARTESIAN_POINT('',(3.05,16.35,1.6));
#5402 = ORIENTED_EDGE('',*,*,#5403,.T.);
#5403 = EDGE_CURVE('',#5397,#5404,#5406,.T.);
#5404 = VERTEX_POINT('',#5405);
#5405 = CARTESIAN_POINT('',(4.15,16.35,1.6));
#5406 = B_SPLINE_CURVE_WITH_KNOTS('',1,(#5407,#5408),.UNSPECIFIED.,.F.,
  .F.,(2,2),(4.4,5.5),.PIECEWISE_BEZIER_KNOTS.);
#5407 = CARTESIAN_POINT('',(3.05,16.35,1.6));
#5408 = CARTESIAN_POINT('',(4.15,16.35,1.6));
#5409 = ORIENTED_EDGE('',*,*,#5410,.T.);
#5410 = EDGE_CURVE('',#5404,#5411,#5413,.T.);
#5411 = VERTEX_POINT('',#5412);
#5412 = CARTESIAN_POINT('',(4.15,16.35,0.8));
#5413 = B_SPLINE_CURVE_WITH_KNOTS('',1,(#5414,#5415),.UNSPECIFIED.,.F.,
  .F.,(2,2),(-1.6,-0.8),.PIECEWISE_BEZIER_KNOTS.);
#5414 = CARTESIAN_POINT('',(4.15,16.35,1.6));
#5415 = CARTESIAN_POINT('',(4.15,16.35,0.8));
#5416 = ORIENTED_EDGE('',*,*,#5417,.T.);
#5417 = EDGE_CURVE('',#5411,#5418,#5420,.T.);
#5418 = VERTEX_POINT('',#5419);
#5419 = CARTESIAN_POINT('',(10.85,16.35,0.8));
#5420 = B_SPLINE_CURVE_WITH_KNOTS('',1,(#5421,#5422),.UNSPECIFIED.,.F.,
  .F.,(2,2),(5.5,12.2),.PIECEWISE_BEZIER_KNOTS.);
#5421 = CARTESIAN_POINT('',(4.15,16.35,0.8));
#5422 = CARTESIAN_POINT('',(10.85,16.35,0.8));
#5423 = ORIENTED_EDGE('',*,*,#5424,.T.);
#5424 = EDGE_CURVE('',#5418,#5360,#5425,.T.);
#5425 = B_SPLINE_CURVE_WITH_KNOTS('',1,(#5426,#5427),.UNSPECIFIED.,.F.,
  .F.,(2,2),(0.8,7.9),.PIECEWISE_BEZIER_KNOTS.);
#5426 = CARTESIAN_POINT('',(10.85,16.35,0.8));
#5427 = CARTESIAN_POINT('',(10.85,16.35,7.9));
#5428 = FACE_BOUND('',#5429,.T.);
#5429 = EDGE_LOOP('',(#5430,#5431,#5438,#5443,#5444,#5445,#5446,#5447,
    #5448,#5455));
#5430 = ORIENTED_EDGE('',*,*,#2628,.F.);
#5431 = ORIENTED_EDGE('',*,*,#5432,.F.);
#5432 = EDGE_CURVE('',#5433,#2622,#5435,.T.);
#5433 = VERTEX_POINT('',#5434);
#5434 = CARTESIAN_POINT('',(-3.65,16.35,-2.6645352591E-15));
#5435 = B_SPLINE_CURVE_WITH_KNOTS('',1,(#5436,#5437),.UNSPECIFIED.,.F.,
  .F.,(2,2),(0.707106781187,1.007106781187),.PIECEWISE_BEZIER_KNOTS.);
#5436 = CARTESIAN_POINT('',(-3.65,16.35,-2.6645352591E-15));
#5437 = CARTESIAN_POINT('',(-3.65,16.35,0.3));
#5438 = ORIENTED_EDGE('',*,*,#5439,.T.);
#5439 = EDGE_CURVE('',#5433,#2934,#5440,.T.);
#5440 = B_SPLINE_CURVE_WITH_KNOTS('',1,(#5441,#5442),.UNSPECIFIED.,.F.,
  .F.,(2,2),(-0.5,0.),.PIECEWISE_BEZIER_KNOTS.);
#5441 = CARTESIAN_POINT('',(-3.65,16.35,-2.6645352591E-15));
#5442 = CARTESIAN_POINT('',(-4.15,16.35,-2.6645352591E-15));
#5443 = ORIENTED_EDGE('',*,*,#2933,.F.);
#5444 = ORIENTED_EDGE('',*,*,#3055,.F.);
#5445 = ORIENTED_EDGE('',*,*,#2816,.F.);
#5446 = ORIENTED_EDGE('',*,*,#3016,.F.);
#5447 = ORIENTED_EDGE('',*,*,#2719,.F.);
#5448 = ORIENTED_EDGE('',*,*,#5449,.T.);
#5449 = EDGE_CURVE('',#2713,#5450,#5452,.T.);
#5450 = VERTEX_POINT('',#5451);
#5451 = CARTESIAN_POINT('',(10.85,16.35,-2.6645352591E-15));
#5452 = B_SPLINE_CURVE_WITH_KNOTS('',1,(#5453,#5454),.UNSPECIFIED.,.F.,
  .F.,(2,2),(0.,0.5),.PIECEWISE_BEZIER_KNOTS.);
#5453 = CARTESIAN_POINT('',(11.35,16.35,-2.6645352591E-15));
#5454 = CARTESIAN_POINT('',(10.85,16.35,-2.6645352591E-15));
#5455 = ORIENTED_EDGE('',*,*,#5456,.T.);
#5456 = EDGE_CURVE('',#5450,#2524,#5457,.T.);
#5457 = B_SPLINE_CURVE_WITH_KNOTS('',1,(#5458,#5459),.UNSPECIFIED.,.F.,
  .F.,(2,2),(0.707106781187,1.007106781187),.PIECEWISE_BEZIER_KNOTS.);
#5458 = CARTESIAN_POINT('',(10.85,16.35,-2.6645352591E-15));
#5459 = CARTESIAN_POINT('',(10.85,16.35,0.3));
#5460 = B_SPLINE_SURFACE_WITH_KNOTS('',1,1,(
    (#5461,#5462)
    ,(#5463,#5464
    )),.UNSPECIFIED.,.F.,.F.,.F.,(2,2),(2,2),(-12.7,2.8),(-8.4,
    1.7763568394E-15),.PIECEWISE_BEZIER_KNOTS.);
#5461 = CARTESIAN_POINT('',(11.35,16.35,8.4));
#5462 = CARTESIAN_POINT('',(11.35,16.35,-3.552713678801E-15));
#5463 = CARTESIAN_POINT('',(-4.15,16.35,8.4));
#5464 = CARTESIAN_POINT('',(-4.15,16.35,-3.552713678801E-15));
#5465 = ADVANCED_FACE('',(#5466),#5488,.F.);
#5466 = FACE_BOUND('',#5467,.T.);
#5467 = EDGE_LOOP('',(#5468,#5475,#5476,#5483));
#5468 = ORIENTED_EDGE('',*,*,#5469,.F.);
#5469 = EDGE_CURVE('',#5404,#5470,#5472,.T.);
#5470 = VERTEX_POINT('',#5471);
#5471 = CARTESIAN_POINT('',(4.35,16.15,1.8));
#5472 = B_SPLINE_CURVE_WITH_KNOTS('',1,(#5473,#5474),.UNSPECIFIED.,.F.,
  .F.,(2,2),(0.115470053838,0.461880215352),.PIECEWISE_BEZIER_KNOTS.);
#5473 = CARTESIAN_POINT('',(4.15,16.35,1.6));
#5474 = CARTESIAN_POINT('',(4.35,16.15,1.8));
#5475 = ORIENTED_EDGE('',*,*,#5403,.F.);
#5476 = ORIENTED_EDGE('',*,*,#5477,.F.);
#5477 = EDGE_CURVE('',#5478,#5397,#5480,.T.);
#5478 = VERTEX_POINT('',#5479);
#5479 = CARTESIAN_POINT('',(2.85,16.15,1.8));
#5480 = B_SPLINE_CURVE_WITH_KNOTS('',1,(#5481,#5482),.UNSPECIFIED.,.F.,
  .F.,(2,2),(-0.866025403784,-0.519615242271),.PIECEWISE_BEZIER_KNOTS.);
#5481 = CARTESIAN_POINT('',(2.85,16.15,1.8));
#5482 = CARTESIAN_POINT('',(3.05,16.35,1.6));
#5483 = ORIENTED_EDGE('',*,*,#5484,.F.);
#5484 = EDGE_CURVE('',#5470,#5478,#5485,.T.);
#5485 = B_SPLINE_CURVE_WITH_KNOTS('',1,(#5486,#5487),.UNSPECIFIED.,.F.,
  .F.,(2,2),(0.,1.5),.PIECEWISE_BEZIER_KNOTS.);
#5486 = CARTESIAN_POINT('',(4.35,16.15,1.8));
#5487 = CARTESIAN_POINT('',(2.85,16.15,1.8));
#5488 = B_SPLINE_SURFACE_WITH_KNOTS('',1,1,(
    (#5489,#5490)
    ,(#5491,#5492
    )),.UNSPECIFIED.,.F.,.F.,.F.,(2,2),(2,2),(-5.551115123126E-17,1.5),(
    -2.22044604925E-16,0.282842712475),.PIECEWISE_BEZIER_KNOTS.);
#5489 = CARTESIAN_POINT('',(4.35,16.15,1.8));
#5490 = CARTESIAN_POINT('',(4.35,16.35,1.6));
#5491 = CARTESIAN_POINT('',(2.85,16.15,1.8));
#5492 = CARTESIAN_POINT('',(2.85,16.35,1.6));
#5493 = ADVANCED_FACE('',(#5494),#5516,.F.);
#5494 = FACE_BOUND('',#5495,.T.);
#5495 = EDGE_LOOP('',(#5496,#5503,#5504,#5511));
#5496 = ORIENTED_EDGE('',*,*,#5497,.T.);
#5497 = EDGE_CURVE('',#5498,#5470,#5500,.T.);
#5498 = VERTEX_POINT('',#5499);
#5499 = CARTESIAN_POINT('',(4.35,7.65,1.8));
#5500 = B_SPLINE_CURVE_WITH_KNOTS('',1,(#5501,#5502),.UNSPECIFIED.,.F.,
  .F.,(2,2),(0.,8.5),.PIECEWISE_BEZIER_KNOTS.);
#5501 = CARTESIAN_POINT('',(4.35,7.65,1.8));
#5502 = CARTESIAN_POINT('',(4.35,16.15,1.8));
#5503 = ORIENTED_EDGE('',*,*,#5484,.T.);
#5504 = ORIENTED_EDGE('',*,*,#5505,.F.);
#5505 = EDGE_CURVE('',#5506,#5478,#5508,.T.);
#5506 = VERTEX_POINT('',#5507);
#5507 = CARTESIAN_POINT('',(2.85,7.65,1.8));
#5508 = B_SPLINE_CURVE_WITH_KNOTS('',1,(#5509,#5510),.UNSPECIFIED.,.F.,
  .F.,(2,2),(0.,8.5),.PIECEWISE_BEZIER_KNOTS.);
#5509 = CARTESIAN_POINT('',(2.85,7.65,1.8));
#5510 = CARTESIAN_POINT('',(2.85,16.15,1.8));
#5511 = ORIENTED_EDGE('',*,*,#5512,.F.);
#5512 = EDGE_CURVE('',#5498,#5506,#5513,.T.);
#5513 = B_SPLINE_CURVE_WITH_KNOTS('',1,(#5514,#5515),.UNSPECIFIED.,.F.,
  .F.,(2,2),(0.,1.5),.PIECEWISE_BEZIER_KNOTS.);
#5514 = CARTESIAN_POINT('',(4.35,7.65,1.8));
#5515 = CARTESIAN_POINT('',(2.85,7.65,1.8));
#5516 = B_SPLINE_SURFACE_WITH_KNOTS('',1,1,(
    (#5517,#5518)
    ,(#5519,#5520
    )),.UNSPECIFIED.,.F.,.F.,.F.,(2,2),(2,2),(-8.5,0.),(0.,1.5),
  .PIECEWISE_BEZIER_KNOTS.);
#5517 = CARTESIAN_POINT('',(4.35,16.15,1.8));
#5518 = CARTESIAN_POINT('',(2.85,16.15,1.8));
#5519 = CARTESIAN_POINT('',(4.35,7.65,1.8));
#5520 = CARTESIAN_POINT('',(2.85,7.65,1.8));
#5521 = ADVANCED_FACE('',(#5522),#5544,.F.);
#5522 = FACE_BOUND('',#5523,.T.);
#5523 = EDGE_LOOP('',(#5524,#5533,#5538,#5539));
#5524 = ORIENTED_EDGE('',*,*,#5525,.T.);
#5525 = EDGE_CURVE('',#5526,#5528,#5530,.T.);
#5526 = VERTEX_POINT('',#5527);
#5527 = CARTESIAN_POINT('',(4.35,7.65,1.));
#5528 = VERTEX_POINT('',#5529);
#5529 = CARTESIAN_POINT('',(4.35,16.15,1.));
#5530 = B_SPLINE_CURVE_WITH_KNOTS('',1,(#5531,#5532),.UNSPECIFIED.,.F.,
  .F.,(2,2),(0.,8.5),.PIECEWISE_BEZIER_KNOTS.);
#5531 = CARTESIAN_POINT('',(4.35,7.65,1.));
#5532 = CARTESIAN_POINT('',(4.35,16.15,1.));
#5533 = ORIENTED_EDGE('',*,*,#5534,.T.);
#5534 = EDGE_CURVE('',#5528,#5470,#5535,.T.);
#5535 = B_SPLINE_CURVE_WITH_KNOTS('',1,(#5536,#5537),.UNSPECIFIED.,.F.,
  .F.,(2,2),(0.,0.8),.PIECEWISE_BEZIER_KNOTS.);
#5536 = CARTESIAN_POINT('',(4.35,16.15,1.));
#5537 = CARTESIAN_POINT('',(4.35,16.15,1.8));
#5538 = ORIENTED_EDGE('',*,*,#5497,.F.);
#5539 = ORIENTED_EDGE('',*,*,#5540,.F.);
#5540 = EDGE_CURVE('',#5526,#5498,#5541,.T.);
#5541 = B_SPLINE_CURVE_WITH_KNOTS('',1,(#5542,#5543),.UNSPECIFIED.,.F.,
  .F.,(2,2),(0.,0.8),.PIECEWISE_BEZIER_KNOTS.);
#5542 = CARTESIAN_POINT('',(4.35,7.65,1.));
#5543 = CARTESIAN_POINT('',(4.35,7.65,1.8));
#5544 = B_SPLINE_SURFACE_WITH_KNOTS('',1,1,(
    (#5545,#5546)
    ,(#5547,#5548
    )),.UNSPECIFIED.,.F.,.F.,.F.,(2,2),(2,2),(0.,0.8),(0.,8.5),
  .PIECEWISE_BEZIER_KNOTS.);
#5545 = CARTESIAN_POINT('',(4.35,7.65,1.));
#5546 = CARTESIAN_POINT('',(4.35,16.15,1.));
#5547 = CARTESIAN_POINT('',(4.35,7.65,1.8));
#5548 = CARTESIAN_POINT('',(4.35,16.15,1.8));
#5549 = ADVANCED_FACE('',(#5550),#5572,.F.);
#5550 = FACE_BOUND('',#5551,.T.);
#5551 = EDGE_LOOP('',(#5552,#5561,#5566,#5567));
#5552 = ORIENTED_EDGE('',*,*,#5553,.T.);
#5553 = EDGE_CURVE('',#5554,#5556,#5558,.T.);
#5554 = VERTEX_POINT('',#5555);
#5555 = CARTESIAN_POINT('',(10.65,7.65,1.));
#5556 = VERTEX_POINT('',#5557);
#5557 = CARTESIAN_POINT('',(10.65,16.15,1.));
#5558 = B_SPLINE_CURVE_WITH_KNOTS('',1,(#5559,#5560),.UNSPECIFIED.,.F.,
  .F.,(2,2),(0.,8.5),.PIECEWISE_BEZIER_KNOTS.);
#5559 = CARTESIAN_POINT('',(10.65,7.65,1.));
#5560 = CARTESIAN_POINT('',(10.65,16.15,1.));
#5561 = ORIENTED_EDGE('',*,*,#5562,.T.);
#5562 = EDGE_CURVE('',#5556,#5528,#5563,.T.);
#5563 = B_SPLINE_CURVE_WITH_KNOTS('',1,(#5564,#5565),.UNSPECIFIED.,.F.,
  .F.,(2,2),(0.,6.3),.PIECEWISE_BEZIER_KNOTS.);
#5564 = CARTESIAN_POINT('',(10.65,16.15,1.));
#5565 = CARTESIAN_POINT('',(4.35,16.15,1.));
#5566 = ORIENTED_EDGE('',*,*,#5525,.F.);
#5567 = ORIENTED_EDGE('',*,*,#5568,.F.);
#5568 = EDGE_CURVE('',#5554,#5526,#5569,.T.);
#5569 = B_SPLINE_CURVE_WITH_KNOTS('',1,(#5570,#5571),.UNSPECIFIED.,.F.,
  .F.,(2,2),(0.,6.3),.PIECEWISE_BEZIER_KNOTS.);
#5570 = CARTESIAN_POINT('',(10.65,7.65,1.));
#5571 = CARTESIAN_POINT('',(4.35,7.65,1.));
#5572 = B_SPLINE_SURFACE_WITH_KNOTS('',1,1,(
    (#5573,#5574)
    ,(#5575,#5576
    )),.UNSPECIFIED.,.F.,.F.,.F.,(2,2),(2,2),(-8.5,0.),(0.,6.3),
  .PIECEWISE_BEZIER_KNOTS.);
#5573 = CARTESIAN_POINT('',(10.65,16.15,1.));
#5574 = CARTESIAN_POINT('',(4.35,16.15,1.));
#5575 = CARTESIAN_POINT('',(10.65,7.65,1.));
#5576 = CARTESIAN_POINT('',(4.35,7.65,1.));
#5577 = ADVANCED_FACE('',(#5578),#5600,.F.);
#5578 = FACE_BOUND('',#5579,.T.);
#5579 = EDGE_LOOP('',(#5580,#5589,#5594,#5595));
#5580 = ORIENTED_EDGE('',*,*,#5581,.T.);
#5581 = EDGE_CURVE('',#5582,#5584,#5586,.T.);
#5582 = VERTEX_POINT('',#5583);
#5583 = CARTESIAN_POINT('',(10.65,7.65,7.7));
#5584 = VERTEX_POINT('',#5585);
#5585 = CARTESIAN_POINT('',(10.65,16.15,7.7));
#5586 = B_SPLINE_CURVE_WITH_KNOTS('',1,(#5587,#5588),.UNSPECIFIED.,.F.,
  .F.,(2,2),(0.,8.5),.PIECEWISE_BEZIER_KNOTS.);
#5587 = CARTESIAN_POINT('',(10.65,7.65,7.7));
#5588 = CARTESIAN_POINT('',(10.65,16.15,7.7));
#5589 = ORIENTED_EDGE('',*,*,#5590,.T.);
#5590 = EDGE_CURVE('',#5584,#5556,#5591,.T.);
#5591 = B_SPLINE_CURVE_WITH_KNOTS('',1,(#5592,#5593),.UNSPECIFIED.,.F.,
  .F.,(2,2),(0.,6.7),.PIECEWISE_BEZIER_KNOTS.);
#5592 = CARTESIAN_POINT('',(10.65,16.15,7.7));
#5593 = CARTESIAN_POINT('',(10.65,16.15,1.));
#5594 = ORIENTED_EDGE('',*,*,#5553,.F.);
#5595 = ORIENTED_EDGE('',*,*,#5596,.F.);
#5596 = EDGE_CURVE('',#5582,#5554,#5597,.T.);
#5597 = B_SPLINE_CURVE_WITH_KNOTS('',1,(#5598,#5599),.UNSPECIFIED.,.F.,
  .F.,(2,2),(0.,6.7),.PIECEWISE_BEZIER_KNOTS.);
#5598 = CARTESIAN_POINT('',(10.65,7.65,7.7));
#5599 = CARTESIAN_POINT('',(10.65,7.65,1.));
#5600 = B_SPLINE_SURFACE_WITH_KNOTS('',1,1,(
    (#5601,#5602)
    ,(#5603,#5604
    )),.UNSPECIFIED.,.F.,.F.,.F.,(2,2),(2,2),(0.,8.5),(-6.7,0.),
  .PIECEWISE_BEZIER_KNOTS.);
#5601 = CARTESIAN_POINT('',(10.65,7.65,1.));
#5602 = CARTESIAN_POINT('',(10.65,7.65,7.7));
#5603 = CARTESIAN_POINT('',(10.65,16.15,1.));
#5604 = CARTESIAN_POINT('',(10.65,16.15,7.7));
#5605 = ADVANCED_FACE('',(#5606),#5628,.F.);
#5606 = FACE_BOUND('',#5607,.T.);
#5607 = EDGE_LOOP('',(#5608,#5617,#5622,#5623));
#5608 = ORIENTED_EDGE('',*,*,#5609,.T.);
#5609 = EDGE_CURVE('',#5610,#5612,#5614,.T.);
#5610 = VERTEX_POINT('',#5611);
#5611 = CARTESIAN_POINT('',(-1.088077064508,7.65,7.7));
#5612 = VERTEX_POINT('',#5613);
#5613 = CARTESIAN_POINT('',(-1.088077064508,16.15,7.7));
#5614 = B_SPLINE_CURVE_WITH_KNOTS('',1,(#5615,#5616),.UNSPECIFIED.,.F.,
  .F.,(2,2),(0.,8.5),.PIECEWISE_BEZIER_KNOTS.);
#5615 = CARTESIAN_POINT('',(-1.088077064508,7.65,7.7));
#5616 = CARTESIAN_POINT('',(-1.088077064508,16.15,7.7));
#5617 = ORIENTED_EDGE('',*,*,#5618,.T.);
#5618 = EDGE_CURVE('',#5612,#5584,#5619,.T.);
#5619 = B_SPLINE_CURVE_WITH_KNOTS('',1,(#5620,#5621),.UNSPECIFIED.,.F.,
  .F.,(2,2),(-4.688077064508,7.05),.PIECEWISE_BEZIER_KNOTS.);
#5620 = CARTESIAN_POINT('',(-1.088077064508,16.15,7.7));
#5621 = CARTESIAN_POINT('',(10.65,16.15,7.7));
#5622 = ORIENTED_EDGE('',*,*,#5581,.F.);
#5623 = ORIENTED_EDGE('',*,*,#5624,.F.);
#5624 = EDGE_CURVE('',#5610,#5582,#5625,.T.);
#5625 = B_SPLINE_CURVE_WITH_KNOTS('',1,(#5626,#5627),.UNSPECIFIED.,.F.,
  .F.,(2,2),(-4.688077064508,7.05),.PIECEWISE_BEZIER_KNOTS.);
#5626 = CARTESIAN_POINT('',(-1.088077064508,7.65,7.7));
#5627 = CARTESIAN_POINT('',(10.65,7.65,7.7));
#5628 = B_SPLINE_SURFACE_WITH_KNOTS('',1,1,(
    (#5629,#5630)
    ,(#5631,#5632
    )),.UNSPECIFIED.,.F.,.F.,.F.,(2,2),(2,2),(0.,8.5),(-7.05,
    4.688077064508),.PIECEWISE_BEZIER_KNOTS.);
#5629 = CARTESIAN_POINT('',(10.65,7.65,7.7));
#5630 = CARTESIAN_POINT('',(-1.088077064508,7.65,7.7));
#5631 = CARTESIAN_POINT('',(10.65,16.15,7.7));
#5632 = CARTESIAN_POINT('',(-1.088077064508,16.15,7.7));
#5633 = ADVANCED_FACE('',(#5634),#5656,.F.);
#5634 = FACE_BOUND('',#5635,.T.);
#5635 = EDGE_LOOP('',(#5636,#5645,#5650,#5651));
#5636 = ORIENTED_EDGE('',*,*,#5637,.T.);
#5637 = EDGE_CURVE('',#5638,#5640,#5642,.T.);
#5638 = VERTEX_POINT('',#5639);
#5639 = CARTESIAN_POINT('',(-3.45,7.65,5.625));
#5640 = VERTEX_POINT('',#5641);
#5641 = CARTESIAN_POINT('',(-3.45,16.15,5.625));
#5642 = B_SPLINE_CURVE_WITH_KNOTS('',1,(#5643,#5644),.UNSPECIFIED.,.F.,
  .F.,(2,2),(0.,8.5),.PIECEWISE_BEZIER_KNOTS.);
#5643 = CARTESIAN_POINT('',(-3.45,7.65,5.625));
#5644 = CARTESIAN_POINT('',(-3.45,16.15,5.625));
#5645 = ORIENTED_EDGE('',*,*,#5646,.T.);
#5646 = EDGE_CURVE('',#5640,#5612,#5647,.T.);
#5647 = B_SPLINE_CURVE_WITH_KNOTS('',1,(#5648,#5649),.UNSPECIFIED.,.F.,
  .F.,(2,2),(-3.143931448553,0.),.PIECEWISE_BEZIER_KNOTS.);
#5648 = CARTESIAN_POINT('',(-3.45,16.15,5.625));
#5649 = CARTESIAN_POINT('',(-1.088077064508,16.15,7.7));
#5650 = ORIENTED_EDGE('',*,*,#5609,.F.);
#5651 = ORIENTED_EDGE('',*,*,#5652,.F.);
#5652 = EDGE_CURVE('',#5638,#5610,#5653,.T.);
#5653 = B_SPLINE_CURVE_WITH_KNOTS('',1,(#5654,#5655),.UNSPECIFIED.,.F.,
  .F.,(2,2),(-3.143931448553,0.),.PIECEWISE_BEZIER_KNOTS.);
#5654 = CARTESIAN_POINT('',(-3.45,7.65,5.625));
#5655 = CARTESIAN_POINT('',(-1.088077064508,7.65,7.7));
#5656 = B_SPLINE_SURFACE_WITH_KNOTS('',1,1,(
    (#5657,#5658)
    ,(#5659,#5660
    )),.UNSPECIFIED.,.F.,.F.,.F.,(2,2),(2,2),(-3.143931448553,0.),(0.,
    8.5),.PIECEWISE_BEZIER_KNOTS.);
#5657 = CARTESIAN_POINT('',(-3.45,7.65,5.625));
#5658 = CARTESIAN_POINT('',(-3.45,16.15,5.625));
#5659 = CARTESIAN_POINT('',(-1.088077064508,7.65,7.7));
#5660 = CARTESIAN_POINT('',(-1.088077064508,16.15,7.7));
#5661 = ADVANCED_FACE('',(#5662),#5684,.F.);
#5662 = FACE_BOUND('',#5663,.T.);
#5663 = EDGE_LOOP('',(#5664,#5673,#5678,#5679));
#5664 = ORIENTED_EDGE('',*,*,#5665,.T.);
#5665 = EDGE_CURVE('',#5666,#5668,#5670,.T.);
#5666 = VERTEX_POINT('',#5667);
#5667 = CARTESIAN_POINT('',(-3.45,7.65,3.075));
#5668 = VERTEX_POINT('',#5669);
#5669 = CARTESIAN_POINT('',(-3.45,16.15,3.075));
#5670 = B_SPLINE_CURVE_WITH_KNOTS('',1,(#5671,#5672),.UNSPECIFIED.,.F.,
  .F.,(2,2),(0.,8.5),.PIECEWISE_BEZIER_KNOTS.);
#5671 = CARTESIAN_POINT('',(-3.45,7.65,3.075));
#5672 = CARTESIAN_POINT('',(-3.45,16.15,3.075));
#5673 = ORIENTED_EDGE('',*,*,#5674,.T.);
#5674 = EDGE_CURVE('',#5668,#5640,#5675,.T.);
#5675 = B_SPLINE_CURVE_WITH_KNOTS('',1,(#5676,#5677),.UNSPECIFIED.,.F.,
  .F.,(2,2),(0.,2.55),.PIECEWISE_BEZIER_KNOTS.);
#5676 = CARTESIAN_POINT('',(-3.45,16.15,3.075));
#5677 = CARTESIAN_POINT('',(-3.45,16.15,5.625));
#5678 = ORIENTED_EDGE('',*,*,#5637,.F.);
#5679 = ORIENTED_EDGE('',*,*,#5680,.F.);
#5680 = EDGE_CURVE('',#5666,#5638,#5681,.T.);
#5681 = B_SPLINE_CURVE_WITH_KNOTS('',1,(#5682,#5683),.UNSPECIFIED.,.F.,
  .F.,(2,2),(0.,2.55),.PIECEWISE_BEZIER_KNOTS.);
#5682 = CARTESIAN_POINT('',(-3.45,7.65,3.075));
#5683 = CARTESIAN_POINT('',(-3.45,7.65,5.625));
#5684 = B_SPLINE_SURFACE_WITH_KNOTS('',1,1,(
    (#5685,#5686)
    ,(#5687,#5688
    )),.UNSPECIFIED.,.F.,.F.,.F.,(2,2),(2,2),(-8.5,0.),(0.,2.55),
  .PIECEWISE_BEZIER_KNOTS.);
#5685 = CARTESIAN_POINT('',(-3.45,16.15,3.075));
#5686 = CARTESIAN_POINT('',(-3.45,16.15,5.625));
#5687 = CARTESIAN_POINT('',(-3.45,7.65,3.075));
#5688 = CARTESIAN_POINT('',(-3.45,7.65,5.625));
#5689 = ADVANCED_FACE('',(#5690),#5712,.F.);
#5690 = FACE_BOUND('',#5691,.T.);
#5691 = EDGE_LOOP('',(#5692,#5701,#5706,#5707));
#5692 = ORIENTED_EDGE('',*,*,#5693,.T.);
#5693 = EDGE_CURVE('',#5694,#5696,#5698,.T.);
#5694 = VERTEX_POINT('',#5695);
#5695 = CARTESIAN_POINT('',(-1.088077064508,7.65,1.));
#5696 = VERTEX_POINT('',#5697);
#5697 = CARTESIAN_POINT('',(-1.088077064508,16.15,1.));
#5698 = B_SPLINE_CURVE_WITH_KNOTS('',1,(#5699,#5700),.UNSPECIFIED.,.F.,
  .F.,(2,2),(0.,8.5),.PIECEWISE_BEZIER_KNOTS.);
#5699 = CARTESIAN_POINT('',(-1.088077064508,7.65,1.));
#5700 = CARTESIAN_POINT('',(-1.088077064508,16.15,1.));
#5701 = ORIENTED_EDGE('',*,*,#5702,.T.);
#5702 = EDGE_CURVE('',#5696,#5668,#5703,.T.);
#5703 = B_SPLINE_CURVE_WITH_KNOTS('',1,(#5704,#5705),.UNSPECIFIED.,.F.,
  .F.,(2,2),(0.,3.143931448553),.PIECEWISE_BEZIER_KNOTS.);
#5704 = CARTESIAN_POINT('',(-1.088077064508,16.15,1.));
#5705 = CARTESIAN_POINT('',(-3.45,16.15,3.075));
#5706 = ORIENTED_EDGE('',*,*,#5665,.F.);
#5707 = ORIENTED_EDGE('',*,*,#5708,.F.);
#5708 = EDGE_CURVE('',#5694,#5666,#5709,.T.);
#5709 = B_SPLINE_CURVE_WITH_KNOTS('',1,(#5710,#5711),.UNSPECIFIED.,.F.,
  .F.,(2,2),(0.,3.143931448553),.PIECEWISE_BEZIER_KNOTS.);
#5710 = CARTESIAN_POINT('',(-1.088077064508,7.65,1.));
#5711 = CARTESIAN_POINT('',(-3.45,7.65,3.075));
#5712 = B_SPLINE_SURFACE_WITH_KNOTS('',1,1,(
    (#5713,#5714)
    ,(#5715,#5716
    )),.UNSPECIFIED.,.F.,.F.,.F.,(2,2),(2,2),(0.,3.143931448553),(0.,8.5
    ),.PIECEWISE_BEZIER_KNOTS.);
#5713 = CARTESIAN_POINT('',(-1.088077064508,7.65,1.));
#5714 = CARTESIAN_POINT('',(-1.088077064508,16.15,1.));
#5715 = CARTESIAN_POINT('',(-3.45,7.65,3.075));
#5716 = CARTESIAN_POINT('',(-3.45,16.15,3.075));
#5717 = ADVANCED_FACE('',(#5718),#5740,.F.);
#5718 = FACE_BOUND('',#5719,.T.);
#5719 = EDGE_LOOP('',(#5720,#5729,#5734,#5735));
#5720 = ORIENTED_EDGE('',*,*,#5721,.T.);
#5721 = EDGE_CURVE('',#5722,#5724,#5726,.T.);
#5722 = VERTEX_POINT('',#5723);
#5723 = CARTESIAN_POINT('',(2.85,7.65,1.));
#5724 = VERTEX_POINT('',#5725);
#5725 = CARTESIAN_POINT('',(2.85,16.15,1.));
#5726 = B_SPLINE_CURVE_WITH_KNOTS('',1,(#5727,#5728),.UNSPECIFIED.,.F.,
  .F.,(2,2),(0.,8.5),.PIECEWISE_BEZIER_KNOTS.);
#5727 = CARTESIAN_POINT('',(2.85,7.65,1.));
#5728 = CARTESIAN_POINT('',(2.85,16.15,1.));
#5729 = ORIENTED_EDGE('',*,*,#5730,.T.);
#5730 = EDGE_CURVE('',#5724,#5696,#5731,.T.);
#5731 = B_SPLINE_CURVE_WITH_KNOTS('',1,(#5732,#5733),.UNSPECIFIED.,.F.,
  .F.,(2,2),(0.,3.938077064508),.PIECEWISE_BEZIER_KNOTS.);
#5732 = CARTESIAN_POINT('',(2.85,16.15,1.));
#5733 = CARTESIAN_POINT('',(-1.088077064508,16.15,1.));
#5734 = ORIENTED_EDGE('',*,*,#5693,.F.);
#5735 = ORIENTED_EDGE('',*,*,#5736,.F.);
#5736 = EDGE_CURVE('',#5722,#5694,#5737,.T.);
#5737 = B_SPLINE_CURVE_WITH_KNOTS('',1,(#5738,#5739),.UNSPECIFIED.,.F.,
  .F.,(2,2),(0.,3.938077064508),.PIECEWISE_BEZIER_KNOTS.);
#5738 = CARTESIAN_POINT('',(2.85,7.65,1.));
#5739 = CARTESIAN_POINT('',(-1.088077064508,7.65,1.));
#5740 = B_SPLINE_SURFACE_WITH_KNOTS('',1,1,(
    (#5741,#5742)
    ,(#5743,#5744
    )),.UNSPECIFIED.,.F.,.F.,.F.,(2,2),(2,2),(-8.5,0.),(0.,
    3.938077064508),.PIECEWISE_BEZIER_KNOTS.);
#5741 = CARTESIAN_POINT('',(2.85,16.15,1.));
#5742 = CARTESIAN_POINT('',(-1.088077064508,16.15,1.));
#5743 = CARTESIAN_POINT('',(2.85,7.65,1.));
#5744 = CARTESIAN_POINT('',(-1.088077064508,7.65,1.));
#5745 = ADVANCED_FACE('',(#5746),#5760,.F.);
#5746 = FACE_BOUND('',#5747,.T.);
#5747 = EDGE_LOOP('',(#5748,#5749,#5754,#5755));
#5748 = ORIENTED_EDGE('',*,*,#5505,.T.);
#5749 = ORIENTED_EDGE('',*,*,#5750,.T.);
#5750 = EDGE_CURVE('',#5478,#5724,#5751,.T.);
#5751 = B_SPLINE_CURVE_WITH_KNOTS('',1,(#5752,#5753),.UNSPECIFIED.,.F.,
  .F.,(2,2),(-0.8,0.),.PIECEWISE_BEZIER_KNOTS.);
#5752 = CARTESIAN_POINT('',(2.85,16.15,1.8));
#5753 = CARTESIAN_POINT('',(2.85,16.15,1.));
#5754 = ORIENTED_EDGE('',*,*,#5721,.F.);
#5755 = ORIENTED_EDGE('',*,*,#5756,.F.);
#5756 = EDGE_CURVE('',#5506,#5722,#5757,.T.);
#5757 = B_SPLINE_CURVE_WITH_KNOTS('',1,(#5758,#5759),.UNSPECIFIED.,.F.,
  .F.,(2,2),(-0.8,0.),.PIECEWISE_BEZIER_KNOTS.);
#5758 = CARTESIAN_POINT('',(2.85,7.65,1.8));
#5759 = CARTESIAN_POINT('',(2.85,7.65,1.));
#5760 = B_SPLINE_SURFACE_WITH_KNOTS('',1,1,(
    (#5761,#5762)
    ,(#5763,#5764
    )),.UNSPECIFIED.,.F.,.F.,.F.,(2,2),(2,2),(-0.8,0.),(0.,8.5),
  .PIECEWISE_BEZIER_KNOTS.);
#5761 = CARTESIAN_POINT('',(2.85,7.65,1.8));
#5762 = CARTESIAN_POINT('',(2.85,16.15,1.8));
#5763 = CARTESIAN_POINT('',(2.85,7.65,1.));
#5764 = CARTESIAN_POINT('',(2.85,16.15,1.));
#5765 = ADVANCED_FACE('',(#5766),#5778,.F.);
#5766 = FACE_BOUND('',#5767,.T.);
#5767 = EDGE_LOOP('',(#5768,#5769,#5770,#5771,#5772,#5773,#5774,#5775,
    #5776,#5777));
#5768 = ORIENTED_EDGE('',*,*,#5540,.T.);
#5769 = ORIENTED_EDGE('',*,*,#5512,.T.);
#5770 = ORIENTED_EDGE('',*,*,#5756,.T.);
#5771 = ORIENTED_EDGE('',*,*,#5736,.T.);
#5772 = ORIENTED_EDGE('',*,*,#5708,.T.);
#5773 = ORIENTED_EDGE('',*,*,#5680,.T.);
#5774 = ORIENTED_EDGE('',*,*,#5652,.T.);
#5775 = ORIENTED_EDGE('',*,*,#5624,.T.);
#5776 = ORIENTED_EDGE('',*,*,#5596,.T.);
#5777 = ORIENTED_EDGE('',*,*,#5568,.T.);
#5778 = B_SPLINE_SURFACE_WITH_KNOTS('',1,1,(
    (#5779,#5780)
    ,(#5781,#5782
    )),.UNSPECIFIED.,.F.,.F.,.F.,(2,2),(2,2),(-7.05,7.05),(-3.2,3.5),
  .PIECEWISE_BEZIER_KNOTS.);
#5779 = CARTESIAN_POINT('',(-3.45,7.65,1.));
#5780 = CARTESIAN_POINT('',(-3.45,7.65,7.7));
#5781 = CARTESIAN_POINT('',(10.65,7.65,1.));
#5782 = CARTESIAN_POINT('',(10.65,7.65,7.7));
#5783 = ADVANCED_FACE('',(#5784),#5794,.F.);
#5784 = FACE_BOUND('',#5785,.T.);
#5785 = EDGE_LOOP('',(#5786,#5787,#5788,#5793));
#5786 = ORIENTED_EDGE('',*,*,#5477,.T.);
#5787 = ORIENTED_EDGE('',*,*,#5396,.F.);
#5788 = ORIENTED_EDGE('',*,*,#5789,.F.);
#5789 = EDGE_CURVE('',#5724,#5390,#5790,.T.);
#5790 = B_SPLINE_CURVE_WITH_KNOTS('',1,(#5791,#5792),.UNSPECIFIED.,.F.,
  .F.,(2,2),(0.,0.346410161514),.PIECEWISE_BEZIER_KNOTS.);
#5791 = CARTESIAN_POINT('',(2.85,16.15,1.));
#5792 = CARTESIAN_POINT('',(3.05,16.35,0.8));
#5793 = ORIENTED_EDGE('',*,*,#5750,.F.);
#5794 = B_SPLINE_SURFACE_WITH_KNOTS('',1,1,(
    (#5795,#5796)
    ,(#5797,#5798
    )),.UNSPECIFIED.,.F.,.F.,.F.,(2,2),(2,2),(-0.8,0.2),(
    -1.110223024625E-16,0.282842712475),.PIECEWISE_BEZIER_KNOTS.);
#5795 = CARTESIAN_POINT('',(2.85,16.15,1.8));
#5796 = CARTESIAN_POINT('',(3.05,16.35,1.8));
#5797 = CARTESIAN_POINT('',(2.85,16.15,0.8));
#5798 = CARTESIAN_POINT('',(3.05,16.35,0.8));
#5799 = ADVANCED_FACE('',(#5800),#5810,.F.);
#5800 = FACE_BOUND('',#5801,.T.);
#5801 = EDGE_LOOP('',(#5802,#5803,#5804,#5809));
#5802 = ORIENTED_EDGE('',*,*,#5469,.T.);
#5803 = ORIENTED_EDGE('',*,*,#5534,.F.);
#5804 = ORIENTED_EDGE('',*,*,#5805,.F.);
#5805 = EDGE_CURVE('',#5411,#5528,#5806,.T.);
#5806 = B_SPLINE_CURVE_WITH_KNOTS('',1,(#5807,#5808),.UNSPECIFIED.,.F.,
  .F.,(2,2),(-0.346410161514,0.),.PIECEWISE_BEZIER_KNOTS.);
#5807 = CARTESIAN_POINT('',(4.15,16.35,0.8));
#5808 = CARTESIAN_POINT('',(4.35,16.15,1.));
#5809 = ORIENTED_EDGE('',*,*,#5410,.F.);
#5810 = B_SPLINE_SURFACE_WITH_KNOTS('',1,1,(
    (#5811,#5812)
    ,(#5813,#5814
    )),.UNSPECIFIED.,.F.,.F.,.F.,(2,2),(2,2),(-0.2,0.8),(0.,
    0.282842712475),.PIECEWISE_BEZIER_KNOTS.);
#5811 = CARTESIAN_POINT('',(4.35,16.15,0.8));
#5812 = CARTESIAN_POINT('',(4.15,16.35,0.8));
#5813 = CARTESIAN_POINT('',(4.35,16.15,1.8));
#5814 = CARTESIAN_POINT('',(4.15,16.35,1.8));
#5815 = ADVANCED_FACE('',(#5816),#5826,.F.);
#5816 = FACE_BOUND('',#5817,.T.);
#5817 = EDGE_LOOP('',(#5818,#5819,#5820,#5825));
#5818 = ORIENTED_EDGE('',*,*,#5789,.T.);
#5819 = ORIENTED_EDGE('',*,*,#5389,.F.);
#5820 = ORIENTED_EDGE('',*,*,#5821,.F.);
#5821 = EDGE_CURVE('',#5696,#5383,#5822,.T.);
#5822 = B_SPLINE_CURVE_WITH_KNOTS('',1,(#5823,#5824),.UNSPECIFIED.,.F.,
  .F.,(2,2),(0.,0.292713660918),.PIECEWISE_BEZIER_KNOTS.);
#5823 = CARTESIAN_POINT('',(-1.088077064508,16.15,1.));
#5824 = CARTESIAN_POINT('',(-1.16345137902,16.35,0.8));
#5825 = ORIENTED_EDGE('',*,*,#5730,.F.);
#5826 = B_SPLINE_SURFACE_WITH_KNOTS('',1,1,(
    (#5827,#5828)
    ,(#5829,#5830
    )),.UNSPECIFIED.,.F.,.F.,.F.,(2,2),(2,2),(-0.2,4.01345137902),(0.,
    0.282842712475),.PIECEWISE_BEZIER_KNOTS.);
#5827 = CARTESIAN_POINT('',(3.05,16.15,1.));
#5828 = CARTESIAN_POINT('',(3.05,16.35,0.8));
#5829 = CARTESIAN_POINT('',(-1.16345137902,16.15,1.));
#5830 = CARTESIAN_POINT('',(-1.16345137902,16.35,0.8));
#5831 = ADVANCED_FACE('',(#5832),#5842,.F.);
#5832 = FACE_BOUND('',#5833,.T.);
#5833 = EDGE_LOOP('',(#5834,#5835,#5836,#5841));
#5834 = ORIENTED_EDGE('',*,*,#5805,.T.);
#5835 = ORIENTED_EDGE('',*,*,#5562,.F.);
#5836 = ORIENTED_EDGE('',*,*,#5837,.F.);
#5837 = EDGE_CURVE('',#5418,#5556,#5838,.T.);
#5838 = B_SPLINE_CURVE_WITH_KNOTS('',1,(#5839,#5840),.UNSPECIFIED.,.F.,
  .F.,(2,2),(-0.346410161514,0.),.PIECEWISE_BEZIER_KNOTS.);
#5839 = CARTESIAN_POINT('',(10.85,16.35,0.8));
#5840 = CARTESIAN_POINT('',(10.65,16.15,1.));
#5841 = ORIENTED_EDGE('',*,*,#5417,.F.);
#5842 = B_SPLINE_SURFACE_WITH_KNOTS('',1,1,(
    (#5843,#5844)
    ,(#5845,#5846
    )),.UNSPECIFIED.,.F.,.F.,.F.,(2,2),(2,2),(-0.2,6.5),(0.,
    0.282842712475),.PIECEWISE_BEZIER_KNOTS.);
#5843 = CARTESIAN_POINT('',(10.85,16.15,1.));
#5844 = CARTESIAN_POINT('',(10.85,16.35,0.8));
#5845 = CARTESIAN_POINT('',(4.15,16.15,1.));
#5846 = CARTESIAN_POINT('',(4.15,16.35,0.8));
#5847 = ADVANCED_FACE('',(#5848),#5858,.F.);
#5848 = FACE_BOUND('',#5849,.T.);
#5849 = EDGE_LOOP('',(#5850,#5851,#5852,#5857));
#5850 = ORIENTED_EDGE('',*,*,#5821,.T.);
#5851 = ORIENTED_EDGE('',*,*,#5382,.F.);
#5852 = ORIENTED_EDGE('',*,*,#5853,.F.);
#5853 = EDGE_CURVE('',#5668,#5376,#5854,.T.);
#5854 = B_SPLINE_CURVE_WITH_KNOTS('',1,(#5855,#5856),.UNSPECIFIED.,.F.,
  .F.,(2,2),(0.,0.296972595807),.PIECEWISE_BEZIER_KNOTS.);
#5855 = CARTESIAN_POINT('',(-3.45,16.15,3.075));
#5856 = CARTESIAN_POINT('',(-3.65,16.35,2.984486339923));
#5857 = ORIENTED_EDGE('',*,*,#5702,.F.);
#5858 = B_SPLINE_SURFACE_WITH_KNOTS('',1,1,(
    (#5859,#5860)
    ,(#5861,#5862
    )),.UNSPECIFIED.,.F.,.F.,.F.,(2,2),(2,2),(-7.537431451195E-02,
    3.23444510863),(0.,0.282842712475),.PIECEWISE_BEZIER_KNOTS.);
#5859 = CARTESIAN_POINT('',(-1.031451045428,16.15,0.950252826701));
#5860 = CARTESIAN_POINT('',(-1.16345137902,16.35,0.8));
#5861 = CARTESIAN_POINT('',(-3.517999666408,16.15,3.134739166624));
#5862 = CARTESIAN_POINT('',(-3.65,16.35,2.984486339923));
#5863 = ADVANCED_FACE('',(#5864),#5874,.F.);
#5864 = FACE_BOUND('',#5865,.T.);
#5865 = EDGE_LOOP('',(#5866,#5867,#5868,#5873));
#5866 = ORIENTED_EDGE('',*,*,#5837,.T.);
#5867 = ORIENTED_EDGE('',*,*,#5590,.F.);
#5868 = ORIENTED_EDGE('',*,*,#5869,.F.);
#5869 = EDGE_CURVE('',#5360,#5584,#5870,.T.);
#5870 = B_SPLINE_CURVE_WITH_KNOTS('',1,(#5871,#5872),.UNSPECIFIED.,.F.,
  .F.,(2,2),(-0.346410161514,0.),.PIECEWISE_BEZIER_KNOTS.);
#5871 = CARTESIAN_POINT('',(10.85,16.35,7.9));
#5872 = CARTESIAN_POINT('',(10.65,16.15,7.7));
#5873 = ORIENTED_EDGE('',*,*,#5424,.F.);
#5874 = B_SPLINE_SURFACE_WITH_KNOTS('',1,1,(
    (#5875,#5876)
    ,(#5877,#5878
    )),.UNSPECIFIED.,.F.,.F.,.F.,(2,2),(2,2),(-0.2,6.9),(0.,
    0.282842712475),.PIECEWISE_BEZIER_KNOTS.);
#5875 = CARTESIAN_POINT('',(10.65,16.15,7.9));
#5876 = CARTESIAN_POINT('',(10.85,16.35,7.9));
#5877 = CARTESIAN_POINT('',(10.65,16.15,0.8));
#5878 = CARTESIAN_POINT('',(10.85,16.35,0.8));
#5879 = ADVANCED_FACE('',(#5880),#5890,.F.);
#5880 = FACE_BOUND('',#5881,.T.);
#5881 = EDGE_LOOP('',(#5882,#5883,#5884,#5889));
#5882 = ORIENTED_EDGE('',*,*,#5853,.T.);
#5883 = ORIENTED_EDGE('',*,*,#5375,.F.);
#5884 = ORIENTED_EDGE('',*,*,#5885,.F.);
#5885 = EDGE_CURVE('',#5640,#5369,#5886,.T.);
#5886 = B_SPLINE_CURVE_WITH_KNOTS('',1,(#5887,#5888),.UNSPECIFIED.,.F.,
  .F.,(2,2),(0.958232330042,1.255204925849),.PIECEWISE_BEZIER_KNOTS.);
#5887 = CARTESIAN_POINT('',(-3.45,16.15,5.625));
#5888 = CARTESIAN_POINT('',(-3.65,16.35,5.715513660077));
#5889 = ORIENTED_EDGE('',*,*,#5674,.F.);
#5890 = B_SPLINE_SURFACE_WITH_KNOTS('',1,1,(
    (#5891,#5892)
    ,(#5893,#5894
    )),.UNSPECIFIED.,.F.,.F.,.F.,(2,2),(2,2),(-9.051366007678E-02,
    2.640513660077),(0.,0.282842712475),.PIECEWISE_BEZIER_KNOTS.);
#5891 = CARTESIAN_POINT('',(-3.45,16.15,2.984486339923));
#5892 = CARTESIAN_POINT('',(-3.65,16.35,2.984486339923));
#5893 = CARTESIAN_POINT('',(-3.45,16.15,5.715513660077));
#5894 = CARTESIAN_POINT('',(-3.65,16.35,5.715513660077));
#5895 = ADVANCED_FACE('',(#5896),#5906,.F.);
#5896 = FACE_BOUND('',#5897,.T.);
#5897 = EDGE_LOOP('',(#5898,#5899,#5900,#5905));
#5898 = ORIENTED_EDGE('',*,*,#5869,.T.);
#5899 = ORIENTED_EDGE('',*,*,#5618,.F.);
#5900 = ORIENTED_EDGE('',*,*,#5901,.F.);
#5901 = EDGE_CURVE('',#5362,#5612,#5902,.T.);
#5902 = B_SPLINE_CURVE_WITH_KNOTS('',1,(#5903,#5904),.UNSPECIFIED.,.F.,
  .F.,(2,2),(-0.292713660918,-0.),.PIECEWISE_BEZIER_KNOTS.);
#5903 = CARTESIAN_POINT('',(-1.16345137902,16.35,7.9));
#5904 = CARTESIAN_POINT('',(-1.088077064508,16.15,7.7));
#5905 = ORIENTED_EDGE('',*,*,#5359,.F.);
#5906 = B_SPLINE_SURFACE_WITH_KNOTS('',1,1,(
    (#5907,#5908)
    ,(#5909,#5910
    )),.UNSPECIFIED.,.F.,.F.,.F.,(2,2),(2,2),(-4.76345137902,7.25),(0.,
    0.282842712475),.PIECEWISE_BEZIER_KNOTS.);
#5907 = CARTESIAN_POINT('',(-1.16345137902,16.15,7.7));
#5908 = CARTESIAN_POINT('',(-1.16345137902,16.35,7.9));
#5909 = CARTESIAN_POINT('',(10.85,16.15,7.7));
#5910 = CARTESIAN_POINT('',(10.85,16.35,7.9));
#5911 = ADVANCED_FACE('',(#5912),#5918,.F.);
#5912 = FACE_BOUND('',#5913,.T.);
#5913 = EDGE_LOOP('',(#5914,#5915,#5916,#5917));
#5914 = ORIENTED_EDGE('',*,*,#5885,.T.);
#5915 = ORIENTED_EDGE('',*,*,#5368,.F.);
#5916 = ORIENTED_EDGE('',*,*,#5901,.T.);
#5917 = ORIENTED_EDGE('',*,*,#5646,.F.);
#5918 = B_SPLINE_SURFACE_WITH_KNOTS('',1,1,(
    (#5919,#5920)
    ,(#5921,#5922
    )),.UNSPECIFIED.,.F.,.F.,.F.,(2,2),(2,2),(-3.23444510863,
    7.537431451195E-02),(0.,0.282842712475),.PIECEWISE_BEZIER_KNOTS.);
#5919 = CARTESIAN_POINT('',(-3.517999666408,16.15,5.565260833376));
#5920 = CARTESIAN_POINT('',(-3.65,16.35,5.715513660077));
#5921 = CARTESIAN_POINT('',(-1.031451045428,16.15,7.749747173299));
#5922 = CARTESIAN_POINT('',(-1.16345137902,16.35,7.9));
#5923 = ADVANCED_FACE('',(#5924),#5940,.F.);
#5924 = FACE_BOUND('',#5925,.T.);
#5925 = EDGE_LOOP('',(#5926,#5927,#5934,#5939));
#5926 = ORIENTED_EDGE('',*,*,#2947,.F.);
#5927 = ORIENTED_EDGE('',*,*,#5928,.T.);
#5928 = EDGE_CURVE('',#2941,#5929,#5931,.T.);
#5929 = VERTEX_POINT('',#5930);
#5930 = CARTESIAN_POINT('',(-3.65,15.85,-2.6645352591E-15));
#5931 = B_SPLINE_CURVE_WITH_KNOTS('',1,(#5932,#5933),.UNSPECIFIED.,.F.,
  .F.,(2,2),(0.,0.5),.PIECEWISE_BEZIER_KNOTS.);
#5932 = CARTESIAN_POINT('',(-4.15,15.85,-2.6645352591E-15));
#5933 = CARTESIAN_POINT('',(-3.65,15.85,-2.6645352591E-15));
#5934 = ORIENTED_EDGE('',*,*,#5935,.T.);
#5935 = EDGE_CURVE('',#5929,#2615,#5936,.T.);
#5936 = B_SPLINE_CURVE_WITH_KNOTS('',1,(#5937,#5938),.UNSPECIFIED.,.F.,
  .F.,(2,2),(0.707106781187,1.007106781187),.PIECEWISE_BEZIER_KNOTS.);
#5937 = CARTESIAN_POINT('',(-3.65,15.85,-2.6645352591E-15));
#5938 = CARTESIAN_POINT('',(-3.65,15.85,0.3));
#5939 = ORIENTED_EDGE('',*,*,#2614,.T.);
#5940 = B_SPLINE_SURFACE_WITH_KNOTS('',1,1,(
    (#5941,#5942)
    ,(#5943,#5944
    )),.UNSPECIFIED.,.F.,.F.,.F.,(2,2),(2,2),(-0.5,0.),(0.707106781187,
    1.007106781187),.PIECEWISE_BEZIER_KNOTS.);
#5941 = CARTESIAN_POINT('',(-3.65,15.85,-2.6645352591E-15));
#5942 = CARTESIAN_POINT('',(-3.65,15.85,0.3));
#5943 = CARTESIAN_POINT('',(-4.15,15.85,-2.6645352591E-15));
#5944 = CARTESIAN_POINT('',(-4.15,15.85,0.3));
#5945 = ADVANCED_FACE('',(#5946),#5956,.F.);
#5946 = FACE_BOUND('',#5947,.T.);
#5947 = EDGE_LOOP('',(#5948,#5949,#5954,#5955));
#5948 = ORIENTED_EDGE('',*,*,#5935,.F.);
#5949 = ORIENTED_EDGE('',*,*,#5950,.T.);
#5950 = EDGE_CURVE('',#5929,#5433,#5951,.T.);
#5951 = B_SPLINE_CURVE_WITH_KNOTS('',1,(#5952,#5953),.UNSPECIFIED.,.F.,
  .F.,(2,2),(-0.5,0.),.PIECEWISE_BEZIER_KNOTS.);
#5952 = CARTESIAN_POINT('',(-3.65,15.85,-2.6645352591E-15));
#5953 = CARTESIAN_POINT('',(-3.65,16.35,-2.6645352591E-15));
#5954 = ORIENTED_EDGE('',*,*,#5432,.T.);
#5955 = ORIENTED_EDGE('',*,*,#2621,.T.);
#5956 = B_SPLINE_SURFACE_WITH_KNOTS('',1,1,(
    (#5957,#5958)
    ,(#5959,#5960
    )),.UNSPECIFIED.,.F.,.F.,.F.,(2,2),(2,2),(0.,0.5),(0.707106781187,
    1.007106781187),.PIECEWISE_BEZIER_KNOTS.);
#5957 = CARTESIAN_POINT('',(-3.65,16.35,-2.6645352591E-15));
#5958 = CARTESIAN_POINT('',(-3.65,16.35,0.3));
#5959 = CARTESIAN_POINT('',(-3.65,15.85,-2.6645352591E-15));
#5960 = CARTESIAN_POINT('',(-3.65,15.85,0.3));
#5961 = ADVANCED_FACE('',(#5962),#5968,.F.);
#5962 = FACE_BOUND('',#5963,.T.);
#5963 = EDGE_LOOP('',(#5964,#5965,#5966,#5967));
#5964 = ORIENTED_EDGE('',*,*,#5439,.F.);
#5965 = ORIENTED_EDGE('',*,*,#5950,.F.);
#5966 = ORIENTED_EDGE('',*,*,#5928,.F.);
#5967 = ORIENTED_EDGE('',*,*,#2940,.F.);
#5968 = B_SPLINE_SURFACE_WITH_KNOTS('',1,1,(
    (#5969,#5970)
    ,(#5971,#5972
    )),.UNSPECIFIED.,.F.,.F.,.F.,(2,2),(2,2),(0.5,1.),(7.25,7.75),
  .PIECEWISE_BEZIER_KNOTS.);
#5969 = CARTESIAN_POINT('',(-3.65,15.85,-2.6645352591E-15));
#5970 = CARTESIAN_POINT('',(-4.15,15.85,-2.6645352591E-15));
#5971 = CARTESIAN_POINT('',(-3.65,16.35,-2.6645352591E-15));
#5972 = CARTESIAN_POINT('',(-4.15,16.35,-2.6645352591E-15));
#5973 = ADVANCED_FACE('',(#5974),#5990,.F.);
#5974 = FACE_BOUND('',#5975,.T.);
#5975 = EDGE_LOOP('',(#5976,#5977,#5984,#5989));
#5976 = ORIENTED_EDGE('',*,*,#5456,.F.);
#5977 = ORIENTED_EDGE('',*,*,#5978,.T.);
#5978 = EDGE_CURVE('',#5450,#5979,#5981,.T.);
#5979 = VERTEX_POINT('',#5980);
#5980 = CARTESIAN_POINT('',(10.85,15.85,-2.6645352591E-15));
#5981 = B_SPLINE_CURVE_WITH_KNOTS('',1,(#5982,#5983),.UNSPECIFIED.,.F.,
  .F.,(2,2),(0.,0.5),.PIECEWISE_BEZIER_KNOTS.);
#5982 = CARTESIAN_POINT('',(10.85,16.35,-2.6645352591E-15));
#5983 = CARTESIAN_POINT('',(10.85,15.85,-2.6645352591E-15));
#5984 = ORIENTED_EDGE('',*,*,#5985,.T.);
#5985 = EDGE_CURVE('',#5979,#2522,#5986,.T.);
#5986 = B_SPLINE_CURVE_WITH_KNOTS('',1,(#5987,#5988),.UNSPECIFIED.,.F.,
  .F.,(2,2),(0.707106781187,1.007106781187),.PIECEWISE_BEZIER_KNOTS.);
#5987 = CARTESIAN_POINT('',(10.85,15.85,-2.6645352591E-15));
#5988 = CARTESIAN_POINT('',(10.85,15.85,0.3));
#5989 = ORIENTED_EDGE('',*,*,#2521,.T.);
#5990 = B_SPLINE_SURFACE_WITH_KNOTS('',1,1,(
    (#5991,#5992)
    ,(#5993,#5994
    )),.UNSPECIFIED.,.F.,.F.,.F.,(2,2),(2,2),(-0.5,0.),(0.707106781187,
    1.007106781187),.PIECEWISE_BEZIER_KNOTS.);
#5991 = CARTESIAN_POINT('',(10.85,15.85,-2.6645352591E-15));
#5992 = CARTESIAN_POINT('',(10.85,15.85,0.3));
#5993 = CARTESIAN_POINT('',(10.85,16.35,-2.6645352591E-15));
#5994 = CARTESIAN_POINT('',(10.85,16.35,0.3));
#5995 = ADVANCED_FACE('',(#5996),#6006,.F.);
#5996 = FACE_BOUND('',#5997,.T.);
#5997 = EDGE_LOOP('',(#5998,#5999,#6004,#6005));
#5998 = ORIENTED_EDGE('',*,*,#5985,.F.);
#5999 = ORIENTED_EDGE('',*,*,#6000,.T.);
#6000 = EDGE_CURVE('',#5979,#2706,#6001,.T.);
#6001 = B_SPLINE_CURVE_WITH_KNOTS('',1,(#6002,#6003),.UNSPECIFIED.,.F.,
  .F.,(2,2),(-0.5,0.),.PIECEWISE_BEZIER_KNOTS.);
#6002 = CARTESIAN_POINT('',(10.85,15.85,-2.6645352591E-15));
#6003 = CARTESIAN_POINT('',(11.35,15.85,-2.6645352591E-15));
#6004 = ORIENTED_EDGE('',*,*,#2705,.T.);
#6005 = ORIENTED_EDGE('',*,*,#2530,.T.);
#6006 = B_SPLINE_SURFACE_WITH_KNOTS('',1,1,(
    (#6007,#6008)
    ,(#6009,#6010
    )),.UNSPECIFIED.,.F.,.F.,.F.,(2,2),(2,2),(0.,0.5),(0.707106781187,
    1.007106781187),.PIECEWISE_BEZIER_KNOTS.);
#6007 = CARTESIAN_POINT('',(11.35,15.85,-2.6645352591E-15));
#6008 = CARTESIAN_POINT('',(11.35,15.85,0.3));
#6009 = CARTESIAN_POINT('',(10.85,15.85,-2.6645352591E-15));
#6010 = CARTESIAN_POINT('',(10.85,15.85,0.3));
#6011 = ADVANCED_FACE('',(#6012),#6018,.F.);
#6012 = FACE_BOUND('',#6013,.T.);
#6013 = EDGE_LOOP('',(#6014,#6015,#6016,#6017));
#6014 = ORIENTED_EDGE('',*,*,#2712,.F.);
#6015 = ORIENTED_EDGE('',*,*,#6000,.F.);
#6016 = ORIENTED_EDGE('',*,*,#5978,.F.);
#6017 = ORIENTED_EDGE('',*,*,#5449,.F.);
#6018 = B_SPLINE_SURFACE_WITH_KNOTS('',1,1,(
    (#6019,#6020)
    ,(#6021,#6022
    )),.UNSPECIFIED.,.F.,.F.,.F.,(2,2),(2,2),(0.5,1.),(-7.75,-7.25),
  .PIECEWISE_BEZIER_KNOTS.);
#6019 = CARTESIAN_POINT('',(11.35,15.85,-2.6645352591E-15));
#6020 = CARTESIAN_POINT('',(10.85,15.85,-2.6645352591E-15));
#6021 = CARTESIAN_POINT('',(11.35,16.35,-2.6645352591E-15));
#6022 = CARTESIAN_POINT('',(10.85,16.35,-2.6645352591E-15));
#6023 = ADVANCED_FACE('',(#6024),#6039,.F.);
#6024 = FACE_BOUND('',#6025,.T.);
#6025 = EDGE_LOOP('',(#6026,#6033,#6038));
#6026 = ORIENTED_EDGE('',*,*,#6027,.T.);
#6027 = EDGE_CURVE('',#2494,#6028,#6030,.T.);
#6028 = VERTEX_POINT('',#6029);
#6029 = CARTESIAN_POINT('',(-3.55,15.75,2.364198286742));
#6030 = B_SPLINE_CURVE_WITH_KNOTS('',1,(#6031,#6032),.UNSPECIFIED.,.F.,
  .F.,(2,2),(-9.438289294254,-6.310724036549),.PIECEWISE_BEZIER_KNOTS.);
#6031 = CARTESIAN_POINT('',(-1.200372396695,15.75,0.3));
#6032 = CARTESIAN_POINT('',(-3.55,15.75,2.364198286742));
#6033 = ORIENTED_EDGE('',*,*,#6034,.T.);
#6034 = EDGE_CURVE('',#6028,#2492,#6035,.T.);
#6035 = B_SPLINE_CURVE_WITH_KNOTS('',1,(#6036,#6037),.UNSPECIFIED.,.F.,
  .F.,(2,2),(9.561678921276,11.625877208018),.PIECEWISE_BEZIER_KNOTS.);
#6036 = CARTESIAN_POINT('',(-3.55,15.75,2.364198286742));
#6037 = CARTESIAN_POINT('',(-3.55,15.75,0.3));
#6038 = ORIENTED_EDGE('',*,*,#2491,.T.);
#6039 = B_SPLINE_SURFACE_WITH_KNOTS('',1,1,(
    (#6040,#6041)
    ,(#6042,#6043
    )),.UNSPECIFIED.,.F.,.F.,.F.,(2,2),(2,2),(-2.349627603305,0.),(
    -11.62587720801,-9.561678921276),.PIECEWISE_BEZIER_KNOTS.);
#6040 = CARTESIAN_POINT('',(-1.200372396695,15.75,0.3));
#6041 = CARTESIAN_POINT('',(-1.200372396695,15.75,2.364198286742));
#6042 = CARTESIAN_POINT('',(-3.55,15.75,0.3));
#6043 = CARTESIAN_POINT('',(-3.55,15.75,2.364198286742));
#6044 = ADVANCED_FACE('',(#6045),#6060,.F.);
#6045 = FACE_BOUND('',#6046,.T.);
#6046 = EDGE_LOOP('',(#6047,#6054,#6055));
#6047 = ORIENTED_EDGE('',*,*,#6048,.T.);
#6048 = EDGE_CURVE('',#6049,#2508,#6051,.T.);
#6049 = VERTEX_POINT('',#6050);
#6050 = CARTESIAN_POINT('',(-3.55,7.5,2.364198286742));
#6051 = B_SPLINE_CURVE_WITH_KNOTS('',1,(#6052,#6053),.UNSPECIFIED.,.F.,
  .F.,(2,2),(6.310724036549,9.438289294254),.PIECEWISE_BEZIER_KNOTS.);
#6052 = CARTESIAN_POINT('',(-3.55,7.5,2.364198286742));
#6053 = CARTESIAN_POINT('',(-1.200372396695,7.5,0.3));
#6054 = ORIENTED_EDGE('',*,*,#2507,.T.);
#6055 = ORIENTED_EDGE('',*,*,#6056,.F.);
#6056 = EDGE_CURVE('',#6049,#2501,#6057,.T.);
#6057 = B_SPLINE_CURVE_WITH_KNOTS('',1,(#6058,#6059),.UNSPECIFIED.,.F.,
  .F.,(2,2),(9.561678921276,11.625877208018),.PIECEWISE_BEZIER_KNOTS.);
#6058 = CARTESIAN_POINT('',(-3.55,7.5,2.364198286742));
#6059 = CARTESIAN_POINT('',(-3.55,7.5,0.3));
#6060 = B_SPLINE_SURFACE_WITH_KNOTS('',1,1,(
    (#6061,#6062)
    ,(#6063,#6064
    )),.UNSPECIFIED.,.F.,.F.,.F.,(2,2),(2,2),(0.,2.349627603305),(
    -11.62587720801,-9.561678921276),.PIECEWISE_BEZIER_KNOTS.);
#6061 = CARTESIAN_POINT('',(-3.55,7.5,0.3));
#6062 = CARTESIAN_POINT('',(-3.55,7.5,2.364198286742));
#6063 = CARTESIAN_POINT('',(-1.200372396695,7.5,0.3));
#6064 = CARTESIAN_POINT('',(-1.200372396695,7.5,2.364198286742));
#6065 = ADVANCED_FACE('',(#6066),#6076,.F.);
#6066 = FACE_BOUND('',#6067,.T.);
#6067 = EDGE_LOOP('',(#6068,#6073,#6074,#6075));
#6068 = ORIENTED_EDGE('',*,*,#6069,.T.);
#6069 = EDGE_CURVE('',#6028,#6049,#6070,.T.);
#6070 = B_SPLINE_CURVE_WITH_KNOTS('',1,(#6071,#6072),.UNSPECIFIED.,.F.,
  .F.,(2,2),(-8.881784197001E-16,8.25),.PIECEWISE_BEZIER_KNOTS.);
#6071 = CARTESIAN_POINT('',(-3.55,15.75,2.364198286742));
#6072 = CARTESIAN_POINT('',(-3.55,7.5,2.364198286742));
#6073 = ORIENTED_EDGE('',*,*,#6056,.T.);
#6074 = ORIENTED_EDGE('',*,*,#2500,.T.);
#6075 = ORIENTED_EDGE('',*,*,#6034,.F.);
#6076 = B_SPLINE_SURFACE_WITH_KNOTS('',1,1,(
    (#6077,#6078)
    ,(#6079,#6080
    )),.UNSPECIFIED.,.F.,.F.,.F.,(2,2),(2,2),(0.,8.25),(-11.62587720801,
    -9.561678921276),.PIECEWISE_BEZIER_KNOTS.);
#6077 = CARTESIAN_POINT('',(-3.55,15.75,0.3));
#6078 = CARTESIAN_POINT('',(-3.55,15.75,2.364198286742));
#6079 = CARTESIAN_POINT('',(-3.55,7.5,0.3));
#6080 = CARTESIAN_POINT('',(-3.55,7.5,2.364198286742));
#6081 = ADVANCED_FACE('',(#6082),#6088,.T.);
#6082 = FACE_BOUND('',#6083,.T.);
#6083 = EDGE_LOOP('',(#6084,#6085,#6086,#6087));
#6084 = ORIENTED_EDGE('',*,*,#6069,.F.);
#6085 = ORIENTED_EDGE('',*,*,#6027,.F.);
#6086 = ORIENTED_EDGE('',*,*,#2514,.T.);
#6087 = ORIENTED_EDGE('',*,*,#6048,.F.);
#6088 = B_SPLINE_SURFACE_WITH_KNOTS('',1,1,(
    (#6089,#6090)
    ,(#6091,#6092
    )),.UNSPECIFIED.,.F.,.F.,.F.,(2,2),(2,2),(-0.377637712141,
    2.749927545564),(-0.15,8.1),.PIECEWISE_BEZIER_KNOTS.);
#6089 = CARTESIAN_POINT('',(-1.200372396695,7.5,0.3));
#6090 = CARTESIAN_POINT('',(-1.200372396695,15.75,0.3));
#6091 = CARTESIAN_POINT('',(-3.55,7.5,2.364198286742));
#6092 = CARTESIAN_POINT('',(-3.55,15.75,2.364198286742));
#6093 = ( GEOMETRIC_REPRESENTATION_CONTEXT(3) 
GLOBAL_UNCERTAINTY_ASSIGNED_CONTEXT((#6097)) 
GLOBAL_UNIT_ASSIGNED_CONTEXT((#6094,#6095,#6096)) REPRESENTATION_CONTEXT
('Context #1','3D Context with UNIT and UNCERTAINTY') );
#6094 = ( LENGTH_UNIT() NAMED_UNIT(*) SI_UNIT(.MILLI.,.METRE.) );
#6095 = ( NAMED_UNIT(*) PLANE_ANGLE_UNIT() SI_UNIT($,.RADIAN.) );
#6096 = ( NAMED_UNIT(*) SI_UNIT($,.STERADIAN.) SOLID_ANGLE_UNIT() );
#6097 = UNCERTAINTY_MEASURE_WITH_UNIT(LENGTH_MEASURE(2.E-04),#6094,
  'distance_accuracy_value','confusion accuracy');
#6098 = PRODUCT_RELATED_PRODUCT_CATEGORY('part',$,(#7));
#6099 = COLOUR_RGB('',0.68,0.72,0.82);
#6100 = FILL_AREA_STYLE_COLOUR('',#6099);
#6101 = FILL_AREA_STYLE('',(#6100));
#6102 = SURFACE_STYLE_FILL_AREA(#6101);
#6103 = SURFACE_SIDE_STYLE('',(#6102));
#6104 = SURFACE_STYLE_USAGE(.BOTH.,#6103);
#6105 = PRESENTATION_STYLE_ASSIGNMENT((#6104));
#6106 = STYLED_ITEM('',(#6105),#15);
#6107 = COLOUR_RGB('',0.68,0.72,0.82);
#6108 = FILL_AREA_STYLE_COLOUR('',#6107);
#6109 = FILL_AREA_STYLE('',(#6108));
#6110 = SURFACE_STYLE_FILL_AREA(#6109);
#6111 = SURFACE_SIDE_STYLE('',(#6110));
#6112 = SURFACE_STYLE_USAGE(.BOTH.,#6111);
#6113 = PRESENTATION_STYLE_ASSIGNMENT((#6112));
#6114 = STYLED_ITEM('',(#6113),#213);
#6115 = COLOUR_RGB('',0.68,0.72,0.82);
#6116 = FILL_AREA_STYLE_COLOUR('',#6115);
#6117 = FILL_AREA_STYLE('',(#6116));
#6118 = SURFACE_STYLE_FILL_AREA(#6117);
#6119 = SURFACE_SIDE_STYLE('',(#6118));
#6120 = SURFACE_STYLE_USAGE(.BOTH.,#6119);
#6121 = PRESENTATION_STYLE_ASSIGNMENT((#6120));
#6122 = STYLED_ITEM('',(#6121),#411);
#6123 = COLOUR_RGB('',0.68,0.72,0.82);
#6124 = FILL_AREA_STYLE_COLOUR('',#6123);
#6125 = FILL_AREA_STYLE('',(#6124));
#6126 = SURFACE_STYLE_FILL_AREA(#6125);
#6127 = SURFACE_SIDE_STYLE('',(#6126));
#6128 = SURFACE_STYLE_USAGE(.BOTH.,#6127);
#6129 = PRESENTATION_STYLE_ASSIGNMENT((#6128));
#6130 = STYLED_ITEM('',(#6129),#575);
#6131 = COLOUR_RGB('',0.68,0.72,0.82);
#6132 = FILL_AREA_STYLE_COLOUR('',#6131);
#6133 = FILL_AREA_STYLE('',(#6132));
#6134 = SURFACE_STYLE_FILL_AREA(#6133);
#6135 = SURFACE_SIDE_STYLE('',(#6134));
#6136 = SURFACE_STYLE_USAGE(.BOTH.,#6135);
#6137 = PRESENTATION_STYLE_ASSIGNMENT((#6136));
#6138 = STYLED_ITEM('',(#6137),#739);
#6139 = COLOUR_RGB('',0.68,0.72,0.82);
#6140 = FILL_AREA_STYLE_COLOUR('',#6139);
#6141 = FILL_AREA_STYLE('',(#6140));
#6142 = SURFACE_STYLE_FILL_AREA(#6141);
#6143 = SURFACE_SIDE_STYLE('',(#6142));
#6144 = SURFACE_STYLE_USAGE(.BOTH.,#6143);
#6145 = PRESENTATION_STYLE_ASSIGNMENT((#6144));
#6146 = STYLED_ITEM('',(#6145),#1612);
#6147 = COLOUR_RGB('',0.9,0.66,0.015);
#6148 = FILL_AREA_STYLE_COLOUR('',#6147);
#6149 = FILL_AREA_STYLE('',(#6148));
#6150 = SURFACE_STYLE_FILL_AREA(#6149);
#6151 = SURFACE_SIDE_STYLE('',(#6150));
#6152 = SURFACE_STYLE_USAGE(.BOTH.,#6151);
#6153 = PRESENTATION_STYLE_ASSIGNMENT((#6152));
#6154 = STYLED_ITEM('',(#6153),#2485);
#6155 = MECHANICAL_DESIGN_GEOMETRIC_PRESENTATION_REPRESENTATION('',(#6106,#6114,#6122,#6130,#6138,#6146,#6154),#6093);
ENDSEC;
END-ISO-10303-21;
