ISO-10303-21;
HEADER;
/* Generated by software containing ST-Developer
 * from STEP Tools, Inc. (www.steptools.com) 
 */

FILE_DESCRIPTION(
/* description */ (''),
/* implementation_level */ '2;1');

FILE_NAME(
/* name */ 'ss-12d10l5.step',
/* time_stamp */ '2023-09-15T14:25:33+03:00',
/* author */ (''),
/* organization */ (''),
/* preprocessor_version */ 'ST-DEVELOPER v20',
/* originating_system */ 'Autodesk Translation Framework v12.9.0.99',
/* authorisation */ '');

FILE_SCHEMA (('AUTOMOTIVE_DESIGN { 1 0 10303 214 3 1 1 }'));
ENDSEC;

DATA;
#10=MECHANICAL_DESIGN_GEOMETRIC_PRESENTATION_REPRESENTATION('',(#587,#588,
#589,#590,#591,#592,#593,#594,#595,#596,#597,#598,#599,#600,#601,#602,#603,
#604,#605,#606,#607,#608,#609,#610,#611,#612,#613,#614,#615,#616,#617,#618,
#619,#620,#621,#622,#623,#624,#625,#626,#627,#628,#629,#630,#631,#632,#633,
#634,#635,#636,#637,#638,#639,#640,#641,#642,#643,#644,#645,#646,#647,#648,
#649),#17428);
#11=SHAPE_REPRESENTATION_RELATIONSHIP('SRR','None',#17435,#12);
#12=ADVANCED_BREP_SHAPE_REPRESENTATION('',(#13,#14,#15,#16),#17427);
#13=MANIFOLD_SOLID_BREP('Body1',#11049);
#14=MANIFOLD_SOLID_BREP('Body2',#11050);
#15=MANIFOLD_SOLID_BREP('Body3',#11051);
#16=MANIFOLD_SOLID_BREP('Body4',#11052);
#17=FACE_BOUND('',#1207,.T.);
#18=FACE_BOUND('',#1208,.T.);
#19=FACE_BOUND('',#1209,.T.);
#20=FACE_BOUND('',#1210,.T.);
#21=FACE_BOUND('',#1211,.T.);
#22=FACE_BOUND('',#1212,.T.);
#23=FACE_BOUND('',#1213,.T.);
#24=FACE_BOUND('',#1214,.T.);
#25=FACE_BOUND('',#1215,.T.);
#26=FACE_BOUND('',#1216,.T.);
#27=FACE_BOUND('',#1217,.T.);
#28=FACE_BOUND('',#1218,.T.);
#29=FACE_BOUND('',#1219,.T.);
#30=FACE_BOUND('',#1220,.T.);
#31=FACE_BOUND('',#1221,.T.);
#32=FACE_BOUND('',#1222,.T.);
#33=FACE_BOUND('',#1223,.T.);
#34=FACE_BOUND('',#1224,.T.);
#35=FACE_BOUND('',#1225,.T.);
#36=FACE_BOUND('',#1234,.T.);
#37=FACE_BOUND('',#1235,.T.);
#38=FACE_BOUND('',#1238,.T.);
#39=FACE_BOUND('',#1252,.T.);
#40=FACE_BOUND('',#1253,.T.);
#41=FACE_BOUND('',#1254,.T.);
#42=FACE_BOUND('',#1257,.T.);
#43=FACE_BOUND('',#1272,.T.);
#44=FACE_BOUND('',#1274,.T.);
#45=FACE_BOUND('',#1277,.T.);
#46=FACE_BOUND('',#1282,.T.);
#47=FACE_BOUND('',#1291,.T.);
#48=FACE_BOUND('',#1386,.T.);
#49=FACE_BOUND('',#1393,.T.);
#50=FACE_BOUND('',#1395,.T.);
#51=PLANE('',#11081);
#52=PLANE('',#11082);
#53=PLANE('',#11084);
#54=PLANE('',#11088);
#55=PLANE('',#11089);
#56=PLANE('',#11090);
#57=PLANE('',#11091);
#58=PLANE('',#11092);
#59=PLANE('',#11093);
#60=PLANE('',#11094);
#61=PLANE('',#11095);
#62=PLANE('',#11096);
#63=PLANE('',#11097);
#64=PLANE('',#11100);
#65=PLANE('',#11101);
#66=PLANE('',#11102);
#67=PLANE('',#11104);
#68=PLANE('',#11106);
#69=PLANE('',#11107);
#70=PLANE('',#11108);
#71=PLANE('',#11111);
#72=PLANE('',#11112);
#73=PLANE('',#11113);
#74=PLANE('',#11116);
#75=PLANE('',#11117);
#76=PLANE('',#11118);
#77=PLANE('',#11119);
#78=PLANE('',#11120);
#79=PLANE('',#11121);
#80=PLANE('',#11122);
#81=PLANE('',#11123);
#82=PLANE('',#11124);
#83=PLANE('',#11125);
#84=PLANE('',#11126);
#85=PLANE('',#11127);
#86=PLANE('',#11128);
#87=PLANE('',#11129);
#88=PLANE('',#11130);
#89=PLANE('',#11131);
#90=PLANE('',#11132);
#91=PLANE('',#11133);
#92=PLANE('',#11134);
#93=PLANE('',#11135);
#94=PLANE('',#11138);
#95=PLANE('',#11141);
#96=PLANE('',#11142);
#97=PLANE('',#11144);
#98=PLANE('',#11145);
#99=PLANE('',#11146);
#100=PLANE('',#11147);
#101=PLANE('',#11148);
#102=PLANE('',#11149);
#103=PLANE('',#11151);
#104=PLANE('',#11152);
#105=PLANE('',#11153);
#106=PLANE('',#11154);
#107=PLANE('',#11156);
#108=PLANE('',#11158);
#109=PLANE('',#11159);
#110=PLANE('',#11160);
#111=PLANE('',#11161);
#112=PLANE('',#11162);
#113=PLANE('',#11163);
#114=PLANE('',#11164);
#115=PLANE('',#11165);
#116=PLANE('',#11166);
#117=PLANE('',#11167);
#118=PLANE('',#11168);
#119=PLANE('',#11169);
#120=PLANE('',#11170);
#121=PLANE('',#11171);
#122=PLANE('',#11172);
#123=PLANE('',#11173);
#124=PLANE('',#11174);
#125=PLANE('',#11175);
#126=PLANE('',#11176);
#127=PLANE('',#11177);
#128=PLANE('',#11178);
#129=PLANE('',#11179);
#130=PLANE('',#11180);
#131=PLANE('',#11181);
#132=PLANE('',#11182);
#133=PLANE('',#11183);
#134=PLANE('',#11184);
#135=PLANE('',#11185);
#136=PLANE('',#11186);
#137=PLANE('',#11187);
#138=PLANE('',#11188);
#139=PLANE('',#11189);
#140=PLANE('',#11190);
#141=PLANE('',#11191);
#142=PLANE('',#11192);
#143=PLANE('',#11193);
#144=PLANE('',#11194);
#145=PLANE('',#11195);
#146=PLANE('',#11198);
#147=PLANE('',#11199);
#148=PLANE('',#11200);
#149=PLANE('',#11201);
#150=PLANE('',#11202);
#151=PLANE('',#11203);
#152=PLANE('',#11204);
#153=PLANE('',#11205);
#154=PLANE('',#11208);
#155=PLANE('',#11209);
#156=PLANE('',#11210);
#157=PLANE('',#11211);
#158=PLANE('',#11212);
#159=PLANE('',#11213);
#160=PLANE('',#11214);
#161=PLANE('',#11215);
#162=PLANE('',#11216);
#163=PLANE('',#11217);
#164=PLANE('',#11218);
#165=PLANE('',#11219);
#166=PLANE('',#11220);
#167=PLANE('',#11221);
#168=PLANE('',#11222);
#169=PLANE('',#11223);
#170=PLANE('',#11224);
#171=PLANE('',#11225);
#172=PLANE('',#11226);
#173=PLANE('',#11227);
#174=PLANE('',#11228);
#175=PLANE('',#11229);
#176=PLANE('',#11230);
#177=PLANE('',#11231);
#178=PLANE('',#11232);
#179=PLANE('',#11233);
#180=PLANE('',#11234);
#181=PLANE('',#11235);
#182=PLANE('',#11236);
#183=PLANE('',#11237);
#184=PLANE('',#11238);
#185=PLANE('',#11239);
#186=PLANE('',#11240);
#187=PLANE('',#11241);
#188=PLANE('',#11242);
#189=PLANE('',#11243);
#190=PLANE('',#11244);
#191=PLANE('',#11245);
#192=PLANE('',#11246);
#193=PLANE('',#11247);
#194=PLANE('',#11248);
#195=PLANE('',#11249);
#196=PLANE('',#11250);
#197=PLANE('',#11251);
#198=PLANE('',#11252);
#199=PLANE('',#11253);
#200=PLANE('',#11254);
#201=PLANE('',#11255);
#202=PLANE('',#11256);
#203=PLANE('',#11257);
#204=PLANE('',#11258);
#205=PLANE('',#11259);
#206=PLANE('',#11260);
#207=PLANE('',#11261);
#208=PLANE('',#11262);
#209=PLANE('',#11263);
#210=PLANE('',#11264);
#211=PLANE('',#11265);
#212=PLANE('',#11266);
#213=PLANE('',#11267);
#214=PLANE('',#11268);
#215=PLANE('',#11269);
#216=PLANE('',#11270);
#217=PLANE('',#11271);
#218=PLANE('',#11272);
#219=PLANE('',#11273);
#220=PLANE('',#11274);
#221=PLANE('',#11275);
#222=PLANE('',#11276);
#223=PLANE('',#11277);
#224=PLANE('',#11278);
#225=PLANE('',#11279);
#226=PLANE('',#11280);
#227=PLANE('',#11281);
#228=PLANE('',#11282);
#229=PLANE('',#11283);
#230=PLANE('',#11284);
#231=PLANE('',#11285);
#232=PLANE('',#11286);
#233=PLANE('',#11287);
#234=PLANE('',#11288);
#235=PLANE('',#11289);
#236=PLANE('',#11290);
#237=PLANE('',#11291);
#238=PLANE('',#11292);
#239=PLANE('',#11293);
#240=PLANE('',#11294);
#241=PLANE('',#11295);
#242=PLANE('',#11296);
#243=PLANE('',#11297);
#244=PLANE('',#11298);
#245=PLANE('',#11299);
#246=PLANE('',#11300);
#247=PLANE('',#11301);
#248=PLANE('',#11302);
#249=PLANE('',#11303);
#250=PLANE('',#11304);
#251=PLANE('',#11305);
#252=PLANE('',#11306);
#253=PLANE('',#11307);
#254=PLANE('',#11308);
#255=PLANE('',#11309);
#256=PLANE('',#11310);
#257=PLANE('',#11311);
#258=PLANE('',#11312);
#259=PLANE('',#11313);
#260=PLANE('',#11314);
#261=PLANE('',#11315);
#262=PLANE('',#11316);
#263=PLANE('',#11317);
#264=PLANE('',#11318);
#265=PLANE('',#11319);
#266=PLANE('',#11320);
#267=PLANE('',#11321);
#268=PLANE('',#11322);
#269=PLANE('',#11323);
#270=PLANE('',#11324);
#271=PLANE('',#11325);
#272=PLANE('',#11326);
#273=PLANE('',#11327);
#274=PLANE('',#11328);
#275=PLANE('',#11329);
#276=PLANE('',#11330);
#277=PLANE('',#11331);
#278=PLANE('',#11332);
#279=PLANE('',#11333);
#280=PLANE('',#11334);
#281=PLANE('',#11335);
#282=PLANE('',#11336);
#283=PLANE('',#11337);
#284=PLANE('',#11338);
#285=PLANE('',#11339);
#286=PLANE('',#11340);
#287=PLANE('',#11341);
#288=PLANE('',#11342);
#289=PLANE('',#11343);
#290=PLANE('',#11344);
#291=PLANE('',#11345);
#292=PLANE('',#11346);
#293=PLANE('',#11347);
#294=PLANE('',#11348);
#295=PLANE('',#11349);
#296=PLANE('',#11350);
#297=PLANE('',#11351);
#298=PLANE('',#11352);
#299=PLANE('',#11353);
#300=PLANE('',#11354);
#301=PLANE('',#11355);
#302=PLANE('',#11356);
#303=PLANE('',#11357);
#304=PLANE('',#11358);
#305=PLANE('',#11359);
#306=PLANE('',#11360);
#307=PLANE('',#11361);
#308=PLANE('',#11362);
#309=PLANE('',#11363);
#310=PLANE('',#11364);
#311=PLANE('',#11365);
#312=PLANE('',#11366);
#313=PLANE('',#11367);
#314=PLANE('',#11368);
#315=PLANE('',#11369);
#316=PLANE('',#11370);
#317=PLANE('',#11371);
#318=PLANE('',#11372);
#319=PLANE('',#11373);
#320=PLANE('',#11374);
#321=PLANE('',#11375);
#322=PLANE('',#11376);
#323=PLANE('',#11377);
#324=PLANE('',#11378);
#325=PLANE('',#11379);
#326=PLANE('',#11380);
#327=PLANE('',#11381);
#328=PLANE('',#11382);
#329=PLANE('',#11383);
#330=PLANE('',#11384);
#331=PLANE('',#11385);
#332=PLANE('',#11386);
#333=PLANE('',#11387);
#334=PLANE('',#11388);
#335=PLANE('',#11389);
#336=PLANE('',#11390);
#337=PLANE('',#11391);
#338=PLANE('',#11392);
#339=PLANE('',#11393);
#340=PLANE('',#11394);
#341=PLANE('',#11395);
#342=PLANE('',#11396);
#343=PLANE('',#11397);
#344=PLANE('',#11398);
#345=PLANE('',#11399);
#346=PLANE('',#11400);
#347=PLANE('',#11401);
#348=PLANE('',#11402);
#349=PLANE('',#11403);
#350=PLANE('',#11404);
#351=PLANE('',#11405);
#352=PLANE('',#11406);
#353=PLANE('',#11407);
#354=PLANE('',#11408);
#355=PLANE('',#11409);
#356=PLANE('',#11410);
#357=PLANE('',#11411);
#358=PLANE('',#11412);
#359=PLANE('',#11413);
#360=PLANE('',#11414);
#361=PLANE('',#11415);
#362=PLANE('',#11416);
#363=PLANE('',#11417);
#364=PLANE('',#11418);
#365=PLANE('',#11419);
#366=PLANE('',#11420);
#367=PLANE('',#11421);
#368=PLANE('',#11422);
#369=PLANE('',#11423);
#370=PLANE('',#11424);
#371=PLANE('',#11425);
#372=PLANE('',#11426);
#373=PLANE('',#11427);
#374=PLANE('',#11428);
#375=PLANE('',#11429);
#376=PLANE('',#11430);
#377=PLANE('',#11431);
#378=PLANE('',#11432);
#379=PLANE('',#11433);
#380=PLANE('',#11434);
#381=PLANE('',#11435);
#382=PLANE('',#11436);
#383=PLANE('',#11437);
#384=PLANE('',#11438);
#385=PLANE('',#11439);
#386=PLANE('',#11440);
#387=PLANE('',#11441);
#388=PLANE('',#11442);
#389=PLANE('',#11443);
#390=PLANE('',#11444);
#391=PLANE('',#11445);
#392=PLANE('',#11446);
#393=PLANE('',#11447);
#394=PLANE('',#11448);
#395=PLANE('',#11449);
#396=PLANE('',#11450);
#397=PLANE('',#11451);
#398=PLANE('',#11452);
#399=PLANE('',#11453);
#400=PLANE('',#11454);
#401=PLANE('',#11455);
#402=PLANE('',#11456);
#403=PLANE('',#11457);
#404=PLANE('',#11458);
#405=PLANE('',#11459);
#406=PLANE('',#11460);
#407=PLANE('',#11461);
#408=PLANE('',#11462);
#409=PLANE('',#11463);
#410=PLANE('',#11464);
#411=PLANE('',#11465);
#412=PLANE('',#11466);
#413=PLANE('',#11467);
#414=PLANE('',#11468);
#415=PLANE('',#11469);
#416=PLANE('',#11470);
#417=PLANE('',#11471);
#418=PLANE('',#11472);
#419=PLANE('',#11473);
#420=PLANE('',#11474);
#421=PLANE('',#11475);
#422=PLANE('',#11476);
#423=PLANE('',#11477);
#424=PLANE('',#11478);
#425=PLANE('',#11479);
#426=PLANE('',#11480);
#427=PLANE('',#11481);
#428=PLANE('',#11482);
#429=PLANE('',#11483);
#430=PLANE('',#11484);
#431=PLANE('',#11485);
#432=PLANE('',#11486);
#433=PLANE('',#11487);
#434=PLANE('',#11488);
#435=PLANE('',#11489);
#436=PLANE('',#11490);
#437=PLANE('',#11491);
#438=PLANE('',#11492);
#439=PLANE('',#11493);
#440=PLANE('',#11494);
#441=PLANE('',#11495);
#442=PLANE('',#11496);
#443=PLANE('',#11497);
#444=PLANE('',#11498);
#445=PLANE('',#11499);
#446=PLANE('',#11500);
#447=PLANE('',#11501);
#448=PLANE('',#11502);
#449=PLANE('',#11503);
#450=PLANE('',#11504);
#451=PLANE('',#11505);
#452=PLANE('',#11506);
#453=PLANE('',#11507);
#454=PLANE('',#11508);
#455=PLANE('',#11509);
#456=PLANE('',#11510);
#457=PLANE('',#11511);
#458=PLANE('',#11512);
#459=PLANE('',#11513);
#460=PLANE('',#11514);
#461=PLANE('',#11515);
#462=PLANE('',#11516);
#463=PLANE('',#11517);
#464=PLANE('',#11518);
#465=PLANE('',#11519);
#466=PLANE('',#11520);
#467=PLANE('',#11521);
#468=PLANE('',#11522);
#469=PLANE('',#11523);
#470=PLANE('',#11524);
#471=PLANE('',#11525);
#472=PLANE('',#11526);
#473=PLANE('',#11527);
#474=PLANE('',#11528);
#475=PLANE('',#11529);
#476=PLANE('',#11530);
#477=PLANE('',#11531);
#478=PLANE('',#11532);
#479=PLANE('',#11533);
#480=PLANE('',#11534);
#481=PLANE('',#11535);
#482=PLANE('',#11536);
#483=PLANE('',#11537);
#484=PLANE('',#11538);
#485=PLANE('',#11539);
#486=PLANE('',#11540);
#487=PLANE('',#11541);
#488=PLANE('',#11542);
#489=PLANE('',#11543);
#490=PLANE('',#11544);
#491=PLANE('',#11545);
#492=PLANE('',#11546);
#493=PLANE('',#11547);
#494=PLANE('',#11548);
#495=PLANE('',#11549);
#496=PLANE('',#11550);
#497=PLANE('',#11551);
#498=PLANE('',#11552);
#499=PLANE('',#11553);
#500=PLANE('',#11554);
#501=PLANE('',#11555);
#502=PLANE('',#11556);
#503=PLANE('',#11557);
#504=PLANE('',#11558);
#505=PLANE('',#11559);
#506=PLANE('',#11560);
#507=PLANE('',#11561);
#508=PLANE('',#11562);
#509=PLANE('',#11563);
#510=PLANE('',#11564);
#511=PLANE('',#11565);
#512=PLANE('',#11566);
#513=PLANE('',#11567);
#514=PLANE('',#11568);
#515=PLANE('',#11569);
#516=PLANE('',#11570);
#517=PLANE('',#11571);
#518=PLANE('',#11572);
#519=PLANE('',#11573);
#520=PLANE('',#11574);
#521=PLANE('',#11575);
#522=PLANE('',#11576);
#523=PLANE('',#11577);
#524=PLANE('',#11578);
#525=PLANE('',#11579);
#526=PLANE('',#11580);
#527=PLANE('',#11581);
#528=PLANE('',#11582);
#529=PLANE('',#11583);
#530=PLANE('',#11584);
#531=PLANE('',#11585);
#532=PLANE('',#11586);
#533=PLANE('',#11587);
#534=PLANE('',#11588);
#535=PLANE('',#11589);
#536=PLANE('',#11590);
#537=PLANE('',#11591);
#538=PLANE('',#11592);
#539=PLANE('',#11593);
#540=PLANE('',#11594);
#541=PLANE('',#11595);
#542=PLANE('',#11596);
#543=PLANE('',#11597);
#544=PLANE('',#11598);
#545=PLANE('',#11599);
#546=PLANE('',#11600);
#547=PLANE('',#11601);
#548=PLANE('',#11602);
#549=PLANE('',#11603);
#550=PLANE('',#11604);
#551=PLANE('',#11605);
#552=PLANE('',#11606);
#553=PLANE('',#11607);
#554=PLANE('',#11608);
#555=PLANE('',#11609);
#556=PLANE('',#11610);
#557=PLANE('',#11611);
#558=PLANE('',#11612);
#559=PLANE('',#11613);
#560=PLANE('',#11614);
#561=PLANE('',#11615);
#562=PLANE('',#11616);
#563=PLANE('',#11617);
#564=PLANE('',#11618);
#565=PLANE('',#11619);
#566=PLANE('',#11620);
#567=PLANE('',#11621);
#568=PLANE('',#11622);
#569=PLANE('',#11623);
#570=PLANE('',#11624);
#571=PLANE('',#11625);
#572=PLANE('',#11626);
#573=PLANE('',#11627);
#574=PLANE('',#11628);
#575=PLANE('',#11629);
#576=PLANE('',#11630);
#577=PLANE('',#11631);
#578=PLANE('',#11632);
#579=PLANE('',#11633);
#580=PLANE('',#11634);
#581=PLANE('',#11635);
#582=PLANE('',#11636);
#583=PLANE('',#11637);
#584=PLANE('',#11638);
#585=PLANE('',#11639);
#586=PLANE('',#11640);
#587=STYLED_ITEM('',(#17445),#10502);
#588=STYLED_ITEM('',(#17445),#10503);
#589=STYLED_ITEM('',(#17445),#10504);
#590=STYLED_ITEM('',(#17446),#10506);
#591=STYLED_ITEM('',(#17446),#10518);
#592=STYLED_ITEM('',(#17446),#10519);
#593=STYLED_ITEM('',(#17446),#10520);
#594=STYLED_ITEM('',(#17446),#10521);
#595=STYLED_ITEM('',(#17446),#10525);
#596=STYLED_ITEM('',(#17446),#10527);
#597=STYLED_ITEM('',(#17446),#10528);
#598=STYLED_ITEM('',(#17446),#10530);
#599=STYLED_ITEM('',(#17446),#10531);
#600=STYLED_ITEM('',(#17446),#10532);
#601=STYLED_ITEM('',(#17446),#10534);
#602=STYLED_ITEM('',(#17446),#10535);
#603=STYLED_ITEM('',(#17446),#10536);
#604=STYLED_ITEM('',(#17446),#10537);
#605=STYLED_ITEM('',(#17446),#10538);
#606=STYLED_ITEM('',(#17446),#10539);
#607=STYLED_ITEM('',(#17446),#10540);
#608=STYLED_ITEM('',(#17446),#10541);
#609=STYLED_ITEM('',(#17446),#10542);
#610=STYLED_ITEM('',(#17446),#10543);
#611=STYLED_ITEM('',(#17446),#10550);
#612=STYLED_ITEM('',(#17446),#10551);
#613=STYLED_ITEM('',(#17446),#10552);
#614=STYLED_ITEM('',(#17446),#10554);
#615=STYLED_ITEM('',(#17446),#10555);
#616=STYLED_ITEM('',(#17446),#10569);
#617=STYLED_ITEM('',(#17446),#10570);
#618=STYLED_ITEM('',(#17446),#10571);
#619=STYLED_ITEM('',(#17446),#10572);
#620=STYLED_ITEM('',(#17446),#10573);
#621=STYLED_ITEM('',(#17446),#10574);
#622=STYLED_ITEM('',(#17445),#10575);
#623=STYLED_ITEM('',(#17445),#10576);
#624=STYLED_ITEM('',(#17445),#10577);
#625=STYLED_ITEM('',(#17445),#10578);
#626=STYLED_ITEM('',(#17445),#10579);
#627=STYLED_ITEM('',(#17445),#10580);
#628=STYLED_ITEM('',(#17445),#10581);
#629=STYLED_ITEM('',(#17445),#10582);
#630=STYLED_ITEM('',(#17445),#10583);
#631=STYLED_ITEM('',(#17445),#10584);
#632=STYLED_ITEM('',(#17445),#10585);
#633=STYLED_ITEM('',(#17445),#10586);
#634=STYLED_ITEM('',(#17445),#10587);
#635=STYLED_ITEM('',(#17445),#10588);
#636=STYLED_ITEM('',(#17445),#10589);
#637=STYLED_ITEM('',(#17445),#10590);
#638=STYLED_ITEM('',(#17445),#10591);
#639=STYLED_ITEM('',(#17445),#10592);
#640=STYLED_ITEM('',(#17445),#10593);
#641=STYLED_ITEM('',(#17445),#10594);
#642=STYLED_ITEM('',(#17445),#10595);
#643=STYLED_ITEM('',(#17445),#10596);
#644=STYLED_ITEM('',(#17445),#10597);
#645=STYLED_ITEM('',(#17445),#10598);
#646=STYLED_ITEM('',(#17444),#13);
#647=STYLED_ITEM('',(#17446),#14);
#648=STYLED_ITEM('',(#17446),#15);
#649=STYLED_ITEM('',(#17446),#16);
#650=FACE_OUTER_BOUND('',#1199,.T.);
#651=FACE_OUTER_BOUND('',#1200,.T.);
#652=FACE_OUTER_BOUND('',#1201,.T.);
#653=FACE_OUTER_BOUND('',#1202,.T.);
#654=FACE_OUTER_BOUND('',#1203,.T.);
#655=FACE_OUTER_BOUND('',#1204,.T.);
#656=FACE_OUTER_BOUND('',#1205,.T.);
#657=FACE_OUTER_BOUND('',#1206,.T.);
#658=FACE_OUTER_BOUND('',#1226,.T.);
#659=FACE_OUTER_BOUND('',#1227,.T.);
#660=FACE_OUTER_BOUND('',#1228,.T.);
#661=FACE_OUTER_BOUND('',#1229,.T.);
#662=FACE_OUTER_BOUND('',#1230,.T.);
#663=FACE_OUTER_BOUND('',#1231,.T.);
#664=FACE_OUTER_BOUND('',#1232,.T.);
#665=FACE_OUTER_BOUND('',#1233,.T.);
#666=FACE_OUTER_BOUND('',#1236,.T.);
#667=FACE_OUTER_BOUND('',#1237,.T.);
#668=FACE_OUTER_BOUND('',#1239,.T.);
#669=FACE_OUTER_BOUND('',#1240,.T.);
#670=FACE_OUTER_BOUND('',#1241,.T.);
#671=FACE_OUTER_BOUND('',#1242,.T.);
#672=FACE_OUTER_BOUND('',#1243,.T.);
#673=FACE_OUTER_BOUND('',#1244,.T.);
#674=FACE_OUTER_BOUND('',#1245,.T.);
#675=FACE_OUTER_BOUND('',#1246,.T.);
#676=FACE_OUTER_BOUND('',#1247,.T.);
#677=FACE_OUTER_BOUND('',#1248,.T.);
#678=FACE_OUTER_BOUND('',#1249,.T.);
#679=FACE_OUTER_BOUND('',#1250,.T.);
#680=FACE_OUTER_BOUND('',#1251,.T.);
#681=FACE_OUTER_BOUND('',#1255,.T.);
#682=FACE_OUTER_BOUND('',#1256,.T.);
#683=FACE_OUTER_BOUND('',#1258,.T.);
#684=FACE_OUTER_BOUND('',#1259,.T.);
#685=FACE_OUTER_BOUND('',#1260,.T.);
#686=FACE_OUTER_BOUND('',#1261,.T.);
#687=FACE_OUTER_BOUND('',#1262,.T.);
#688=FACE_OUTER_BOUND('',#1263,.T.);
#689=FACE_OUTER_BOUND('',#1264,.T.);
#690=FACE_OUTER_BOUND('',#1265,.T.);
#691=FACE_OUTER_BOUND('',#1266,.T.);
#692=FACE_OUTER_BOUND('',#1267,.T.);
#693=FACE_OUTER_BOUND('',#1268,.T.);
#694=FACE_OUTER_BOUND('',#1269,.T.);
#695=FACE_OUTER_BOUND('',#1270,.T.);
#696=FACE_OUTER_BOUND('',#1271,.T.);
#697=FACE_OUTER_BOUND('',#1273,.T.);
#698=FACE_OUTER_BOUND('',#1275,.T.);
#699=FACE_OUTER_BOUND('',#1276,.T.);
#700=FACE_OUTER_BOUND('',#1278,.T.);
#701=FACE_OUTER_BOUND('',#1279,.T.);
#702=FACE_OUTER_BOUND('',#1280,.T.);
#703=FACE_OUTER_BOUND('',#1281,.T.);
#704=FACE_OUTER_BOUND('',#1283,.T.);
#705=FACE_OUTER_BOUND('',#1284,.T.);
#706=FACE_OUTER_BOUND('',#1285,.T.);
#707=FACE_OUTER_BOUND('',#1286,.T.);
#708=FACE_OUTER_BOUND('',#1287,.T.);
#709=FACE_OUTER_BOUND('',#1288,.T.);
#710=FACE_OUTER_BOUND('',#1289,.T.);
#711=FACE_OUTER_BOUND('',#1290,.T.);
#712=FACE_OUTER_BOUND('',#1292,.T.);
#713=FACE_OUTER_BOUND('',#1293,.T.);
#714=FACE_OUTER_BOUND('',#1294,.T.);
#715=FACE_OUTER_BOUND('',#1295,.T.);
#716=FACE_OUTER_BOUND('',#1296,.T.);
#717=FACE_OUTER_BOUND('',#1297,.T.);
#718=FACE_OUTER_BOUND('',#1298,.T.);
#719=FACE_OUTER_BOUND('',#1299,.T.);
#720=FACE_OUTER_BOUND('',#1300,.T.);
#721=FACE_OUTER_BOUND('',#1301,.T.);
#722=FACE_OUTER_BOUND('',#1302,.T.);
#723=FACE_OUTER_BOUND('',#1303,.T.);
#724=FACE_OUTER_BOUND('',#1304,.T.);
#725=FACE_OUTER_BOUND('',#1305,.T.);
#726=FACE_OUTER_BOUND('',#1306,.T.);
#727=FACE_OUTER_BOUND('',#1307,.T.);
#728=FACE_OUTER_BOUND('',#1308,.T.);
#729=FACE_OUTER_BOUND('',#1309,.T.);
#730=FACE_OUTER_BOUND('',#1310,.T.);
#731=FACE_OUTER_BOUND('',#1311,.T.);
#732=FACE_OUTER_BOUND('',#1312,.T.);
#733=FACE_OUTER_BOUND('',#1313,.T.);
#734=FACE_OUTER_BOUND('',#1314,.T.);
#735=FACE_OUTER_BOUND('',#1315,.T.);
#736=FACE_OUTER_BOUND('',#1316,.T.);
#737=FACE_OUTER_BOUND('',#1317,.T.);
#738=FACE_OUTER_BOUND('',#1318,.T.);
#739=FACE_OUTER_BOUND('',#1319,.T.);
#740=FACE_OUTER_BOUND('',#1320,.T.);
#741=FACE_OUTER_BOUND('',#1321,.T.);
#742=FACE_OUTER_BOUND('',#1322,.T.);
#743=FACE_OUTER_BOUND('',#1323,.T.);
#744=FACE_OUTER_BOUND('',#1324,.T.);
#745=FACE_OUTER_BOUND('',#1325,.T.);
#746=FACE_OUTER_BOUND('',#1326,.T.);
#747=FACE_OUTER_BOUND('',#1327,.T.);
#748=FACE_OUTER_BOUND('',#1328,.T.);
#749=FACE_OUTER_BOUND('',#1329,.T.);
#750=FACE_OUTER_BOUND('',#1330,.T.);
#751=FACE_OUTER_BOUND('',#1331,.T.);
#752=FACE_OUTER_BOUND('',#1332,.T.);
#753=FACE_OUTER_BOUND('',#1333,.T.);
#754=FACE_OUTER_BOUND('',#1334,.T.);
#755=FACE_OUTER_BOUND('',#1335,.T.);
#756=FACE_OUTER_BOUND('',#1336,.T.);
#757=FACE_OUTER_BOUND('',#1337,.T.);
#758=FACE_OUTER_BOUND('',#1338,.T.);
#759=FACE_OUTER_BOUND('',#1339,.T.);
#760=FACE_OUTER_BOUND('',#1340,.T.);
#761=FACE_OUTER_BOUND('',#1341,.T.);
#762=FACE_OUTER_BOUND('',#1342,.T.);
#763=FACE_OUTER_BOUND('',#1343,.T.);
#764=FACE_OUTER_BOUND('',#1344,.T.);
#765=FACE_OUTER_BOUND('',#1345,.T.);
#766=FACE_OUTER_BOUND('',#1346,.T.);
#767=FACE_OUTER_BOUND('',#1347,.T.);
#768=FACE_OUTER_BOUND('',#1348,.T.);
#769=FACE_OUTER_BOUND('',#1349,.T.);
#770=FACE_OUTER_BOUND('',#1350,.T.);
#771=FACE_OUTER_BOUND('',#1351,.T.);
#772=FACE_OUTER_BOUND('',#1352,.T.);
#773=FACE_OUTER_BOUND('',#1353,.T.);
#774=FACE_OUTER_BOUND('',#1354,.T.);
#775=FACE_OUTER_BOUND('',#1355,.T.);
#776=FACE_OUTER_BOUND('',#1356,.T.);
#777=FACE_OUTER_BOUND('',#1357,.T.);
#778=FACE_OUTER_BOUND('',#1358,.T.);
#779=FACE_OUTER_BOUND('',#1359,.T.);
#780=FACE_OUTER_BOUND('',#1360,.T.);
#781=FACE_OUTER_BOUND('',#1361,.T.);
#782=FACE_OUTER_BOUND('',#1362,.T.);
#783=FACE_OUTER_BOUND('',#1363,.T.);
#784=FACE_OUTER_BOUND('',#1364,.T.);
#785=FACE_OUTER_BOUND('',#1365,.T.);
#786=FACE_OUTER_BOUND('',#1366,.T.);
#787=FACE_OUTER_BOUND('',#1367,.T.);
#788=FACE_OUTER_BOUND('',#1368,.T.);
#789=FACE_OUTER_BOUND('',#1369,.T.);
#790=FACE_OUTER_BOUND('',#1370,.T.);
#791=FACE_OUTER_BOUND('',#1371,.T.);
#792=FACE_OUTER_BOUND('',#1372,.T.);
#793=FACE_OUTER_BOUND('',#1373,.T.);
#794=FACE_OUTER_BOUND('',#1374,.T.);
#795=FACE_OUTER_BOUND('',#1375,.T.);
#796=FACE_OUTER_BOUND('',#1376,.T.);
#797=FACE_OUTER_BOUND('',#1377,.T.);
#798=FACE_OUTER_BOUND('',#1378,.T.);
#799=FACE_OUTER_BOUND('',#1379,.T.);
#800=FACE_OUTER_BOUND('',#1380,.T.);
#801=FACE_OUTER_BOUND('',#1381,.T.);
#802=FACE_OUTER_BOUND('',#1382,.T.);
#803=FACE_OUTER_BOUND('',#1383,.T.);
#804=FACE_OUTER_BOUND('',#1384,.T.);
#805=FACE_OUTER_BOUND('',#1385,.T.);
#806=FACE_OUTER_BOUND('',#1387,.T.);
#807=FACE_OUTER_BOUND('',#1388,.T.);
#808=FACE_OUTER_BOUND('',#1389,.T.);
#809=FACE_OUTER_BOUND('',#1390,.T.);
#810=FACE_OUTER_BOUND('',#1391,.T.);
#811=FACE_OUTER_BOUND('',#1392,.T.);
#812=FACE_OUTER_BOUND('',#1394,.T.);
#813=FACE_OUTER_BOUND('',#1396,.T.);
#814=FACE_OUTER_BOUND('',#1397,.T.);
#815=FACE_OUTER_BOUND('',#1398,.T.);
#816=FACE_OUTER_BOUND('',#1399,.T.);
#817=FACE_OUTER_BOUND('',#1400,.T.);
#818=FACE_OUTER_BOUND('',#1401,.T.);
#819=FACE_OUTER_BOUND('',#1402,.T.);
#820=FACE_OUTER_BOUND('',#1403,.T.);
#821=FACE_OUTER_BOUND('',#1404,.T.);
#822=FACE_OUTER_BOUND('',#1405,.T.);
#823=FACE_OUTER_BOUND('',#1406,.T.);
#824=FACE_OUTER_BOUND('',#1407,.T.);
#825=FACE_OUTER_BOUND('',#1408,.T.);
#826=FACE_OUTER_BOUND('',#1409,.T.);
#827=FACE_OUTER_BOUND('',#1410,.T.);
#828=FACE_OUTER_BOUND('',#1411,.T.);
#829=FACE_OUTER_BOUND('',#1412,.T.);
#830=FACE_OUTER_BOUND('',#1413,.T.);
#831=FACE_OUTER_BOUND('',#1414,.T.);
#832=FACE_OUTER_BOUND('',#1415,.T.);
#833=FACE_OUTER_BOUND('',#1416,.T.);
#834=FACE_OUTER_BOUND('',#1417,.T.);
#835=FACE_OUTER_BOUND('',#1418,.T.);
#836=FACE_OUTER_BOUND('',#1419,.T.);
#837=FACE_OUTER_BOUND('',#1420,.T.);
#838=FACE_OUTER_BOUND('',#1421,.T.);
#839=FACE_OUTER_BOUND('',#1422,.T.);
#840=FACE_OUTER_BOUND('',#1423,.T.);
#841=FACE_OUTER_BOUND('',#1424,.T.);
#842=FACE_OUTER_BOUND('',#1425,.T.);
#843=FACE_OUTER_BOUND('',#1426,.T.);
#844=FACE_OUTER_BOUND('',#1427,.T.);
#845=FACE_OUTER_BOUND('',#1428,.T.);
#846=FACE_OUTER_BOUND('',#1429,.T.);
#847=FACE_OUTER_BOUND('',#1430,.T.);
#848=FACE_OUTER_BOUND('',#1431,.T.);
#849=FACE_OUTER_BOUND('',#1432,.T.);
#850=FACE_OUTER_BOUND('',#1433,.T.);
#851=FACE_OUTER_BOUND('',#1434,.T.);
#852=FACE_OUTER_BOUND('',#1435,.T.);
#853=FACE_OUTER_BOUND('',#1436,.T.);
#854=FACE_OUTER_BOUND('',#1437,.T.);
#855=FACE_OUTER_BOUND('',#1438,.T.);
#856=FACE_OUTER_BOUND('',#1439,.T.);
#857=FACE_OUTER_BOUND('',#1440,.T.);
#858=FACE_OUTER_BOUND('',#1441,.T.);
#859=FACE_OUTER_BOUND('',#1442,.T.);
#860=FACE_OUTER_BOUND('',#1443,.T.);
#861=FACE_OUTER_BOUND('',#1444,.T.);
#862=FACE_OUTER_BOUND('',#1445,.T.);
#863=FACE_OUTER_BOUND('',#1446,.T.);
#864=FACE_OUTER_BOUND('',#1447,.T.);
#865=FACE_OUTER_BOUND('',#1448,.T.);
#866=FACE_OUTER_BOUND('',#1449,.T.);
#867=FACE_OUTER_BOUND('',#1450,.T.);
#868=FACE_OUTER_BOUND('',#1451,.T.);
#869=FACE_OUTER_BOUND('',#1452,.T.);
#870=FACE_OUTER_BOUND('',#1453,.T.);
#871=FACE_OUTER_BOUND('',#1454,.T.);
#872=FACE_OUTER_BOUND('',#1455,.T.);
#873=FACE_OUTER_BOUND('',#1456,.T.);
#874=FACE_OUTER_BOUND('',#1457,.T.);
#875=FACE_OUTER_BOUND('',#1458,.T.);
#876=FACE_OUTER_BOUND('',#1459,.T.);
#877=FACE_OUTER_BOUND('',#1460,.T.);
#878=FACE_OUTER_BOUND('',#1461,.T.);
#879=FACE_OUTER_BOUND('',#1462,.T.);
#880=FACE_OUTER_BOUND('',#1463,.T.);
#881=FACE_OUTER_BOUND('',#1464,.T.);
#882=FACE_OUTER_BOUND('',#1465,.T.);
#883=FACE_OUTER_BOUND('',#1466,.T.);
#884=FACE_OUTER_BOUND('',#1467,.T.);
#885=FACE_OUTER_BOUND('',#1468,.T.);
#886=FACE_OUTER_BOUND('',#1469,.T.);
#887=FACE_OUTER_BOUND('',#1470,.T.);
#888=FACE_OUTER_BOUND('',#1471,.T.);
#889=FACE_OUTER_BOUND('',#1472,.T.);
#890=FACE_OUTER_BOUND('',#1473,.T.);
#891=FACE_OUTER_BOUND('',#1474,.T.);
#892=FACE_OUTER_BOUND('',#1475,.T.);
#893=FACE_OUTER_BOUND('',#1476,.T.);
#894=FACE_OUTER_BOUND('',#1477,.T.);
#895=FACE_OUTER_BOUND('',#1478,.T.);
#896=FACE_OUTER_BOUND('',#1479,.T.);
#897=FACE_OUTER_BOUND('',#1480,.T.);
#898=FACE_OUTER_BOUND('',#1481,.T.);
#899=FACE_OUTER_BOUND('',#1482,.T.);
#900=FACE_OUTER_BOUND('',#1483,.T.);
#901=FACE_OUTER_BOUND('',#1484,.T.);
#902=FACE_OUTER_BOUND('',#1485,.T.);
#903=FACE_OUTER_BOUND('',#1486,.T.);
#904=FACE_OUTER_BOUND('',#1487,.T.);
#905=FACE_OUTER_BOUND('',#1488,.T.);
#906=FACE_OUTER_BOUND('',#1489,.T.);
#907=FACE_OUTER_BOUND('',#1490,.T.);
#908=FACE_OUTER_BOUND('',#1491,.T.);
#909=FACE_OUTER_BOUND('',#1492,.T.);
#910=FACE_OUTER_BOUND('',#1493,.T.);
#911=FACE_OUTER_BOUND('',#1494,.T.);
#912=FACE_OUTER_BOUND('',#1495,.T.);
#913=FACE_OUTER_BOUND('',#1496,.T.);
#914=FACE_OUTER_BOUND('',#1497,.T.);
#915=FACE_OUTER_BOUND('',#1498,.T.);
#916=FACE_OUTER_BOUND('',#1499,.T.);
#917=FACE_OUTER_BOUND('',#1500,.T.);
#918=FACE_OUTER_BOUND('',#1501,.T.);
#919=FACE_OUTER_BOUND('',#1502,.T.);
#920=FACE_OUTER_BOUND('',#1503,.T.);
#921=FACE_OUTER_BOUND('',#1504,.T.);
#922=FACE_OUTER_BOUND('',#1505,.T.);
#923=FACE_OUTER_BOUND('',#1506,.T.);
#924=FACE_OUTER_BOUND('',#1507,.T.);
#925=FACE_OUTER_BOUND('',#1508,.T.);
#926=FACE_OUTER_BOUND('',#1509,.T.);
#927=FACE_OUTER_BOUND('',#1510,.T.);
#928=FACE_OUTER_BOUND('',#1511,.T.);
#929=FACE_OUTER_BOUND('',#1512,.T.);
#930=FACE_OUTER_BOUND('',#1513,.T.);
#931=FACE_OUTER_BOUND('',#1514,.T.);
#932=FACE_OUTER_BOUND('',#1515,.T.);
#933=FACE_OUTER_BOUND('',#1516,.T.);
#934=FACE_OUTER_BOUND('',#1517,.T.);
#935=FACE_OUTER_BOUND('',#1518,.T.);
#936=FACE_OUTER_BOUND('',#1519,.T.);
#937=FACE_OUTER_BOUND('',#1520,.T.);
#938=FACE_OUTER_BOUND('',#1521,.T.);
#939=FACE_OUTER_BOUND('',#1522,.T.);
#940=FACE_OUTER_BOUND('',#1523,.T.);
#941=FACE_OUTER_BOUND('',#1524,.T.);
#942=FACE_OUTER_BOUND('',#1525,.T.);
#943=FACE_OUTER_BOUND('',#1526,.T.);
#944=FACE_OUTER_BOUND('',#1527,.T.);
#945=FACE_OUTER_BOUND('',#1528,.T.);
#946=FACE_OUTER_BOUND('',#1529,.T.);
#947=FACE_OUTER_BOUND('',#1530,.T.);
#948=FACE_OUTER_BOUND('',#1531,.T.);
#949=FACE_OUTER_BOUND('',#1532,.T.);
#950=FACE_OUTER_BOUND('',#1533,.T.);
#951=FACE_OUTER_BOUND('',#1534,.T.);
#952=FACE_OUTER_BOUND('',#1535,.T.);
#953=FACE_OUTER_BOUND('',#1536,.T.);
#954=FACE_OUTER_BOUND('',#1537,.T.);
#955=FACE_OUTER_BOUND('',#1538,.T.);
#956=FACE_OUTER_BOUND('',#1539,.T.);
#957=FACE_OUTER_BOUND('',#1540,.T.);
#958=FACE_OUTER_BOUND('',#1541,.T.);
#959=FACE_OUTER_BOUND('',#1542,.T.);
#960=FACE_OUTER_BOUND('',#1543,.T.);
#961=FACE_OUTER_BOUND('',#1544,.T.);
#962=FACE_OUTER_BOUND('',#1545,.T.);
#963=FACE_OUTER_BOUND('',#1546,.T.);
#964=FACE_OUTER_BOUND('',#1547,.T.);
#965=FACE_OUTER_BOUND('',#1548,.T.);
#966=FACE_OUTER_BOUND('',#1549,.T.);
#967=FACE_OUTER_BOUND('',#1550,.T.);
#968=FACE_OUTER_BOUND('',#1551,.T.);
#969=FACE_OUTER_BOUND('',#1552,.T.);
#970=FACE_OUTER_BOUND('',#1553,.T.);
#971=FACE_OUTER_BOUND('',#1554,.T.);
#972=FACE_OUTER_BOUND('',#1555,.T.);
#973=FACE_OUTER_BOUND('',#1556,.T.);
#974=FACE_OUTER_BOUND('',#1557,.T.);
#975=FACE_OUTER_BOUND('',#1558,.T.);
#976=FACE_OUTER_BOUND('',#1559,.T.);
#977=FACE_OUTER_BOUND('',#1560,.T.);
#978=FACE_OUTER_BOUND('',#1561,.T.);
#979=FACE_OUTER_BOUND('',#1562,.T.);
#980=FACE_OUTER_BOUND('',#1563,.T.);
#981=FACE_OUTER_BOUND('',#1564,.T.);
#982=FACE_OUTER_BOUND('',#1565,.T.);
#983=FACE_OUTER_BOUND('',#1566,.T.);
#984=FACE_OUTER_BOUND('',#1567,.T.);
#985=FACE_OUTER_BOUND('',#1568,.T.);
#986=FACE_OUTER_BOUND('',#1569,.T.);
#987=FACE_OUTER_BOUND('',#1570,.T.);
#988=FACE_OUTER_BOUND('',#1571,.T.);
#989=FACE_OUTER_BOUND('',#1572,.T.);
#990=FACE_OUTER_BOUND('',#1573,.T.);
#991=FACE_OUTER_BOUND('',#1574,.T.);
#992=FACE_OUTER_BOUND('',#1575,.T.);
#993=FACE_OUTER_BOUND('',#1576,.T.);
#994=FACE_OUTER_BOUND('',#1577,.T.);
#995=FACE_OUTER_BOUND('',#1578,.T.);
#996=FACE_OUTER_BOUND('',#1579,.T.);
#997=FACE_OUTER_BOUND('',#1580,.T.);
#998=FACE_OUTER_BOUND('',#1581,.T.);
#999=FACE_OUTER_BOUND('',#1582,.T.);
#1000=FACE_OUTER_BOUND('',#1583,.T.);
#1001=FACE_OUTER_BOUND('',#1584,.T.);
#1002=FACE_OUTER_BOUND('',#1585,.T.);
#1003=FACE_OUTER_BOUND('',#1586,.T.);
#1004=FACE_OUTER_BOUND('',#1587,.T.);
#1005=FACE_OUTER_BOUND('',#1588,.T.);
#1006=FACE_OUTER_BOUND('',#1589,.T.);
#1007=FACE_OUTER_BOUND('',#1590,.T.);
#1008=FACE_OUTER_BOUND('',#1591,.T.);
#1009=FACE_OUTER_BOUND('',#1592,.T.);
#1010=FACE_OUTER_BOUND('',#1593,.T.);
#1011=FACE_OUTER_BOUND('',#1594,.T.);
#1012=FACE_OUTER_BOUND('',#1595,.T.);
#1013=FACE_OUTER_BOUND('',#1596,.T.);
#1014=FACE_OUTER_BOUND('',#1597,.T.);
#1015=FACE_OUTER_BOUND('',#1598,.T.);
#1016=FACE_OUTER_BOUND('',#1599,.T.);
#1017=FACE_OUTER_BOUND('',#1600,.T.);
#1018=FACE_OUTER_BOUND('',#1601,.T.);
#1019=FACE_OUTER_BOUND('',#1602,.T.);
#1020=FACE_OUTER_BOUND('',#1603,.T.);
#1021=FACE_OUTER_BOUND('',#1604,.T.);
#1022=FACE_OUTER_BOUND('',#1605,.T.);
#1023=FACE_OUTER_BOUND('',#1606,.T.);
#1024=FACE_OUTER_BOUND('',#1607,.T.);
#1025=FACE_OUTER_BOUND('',#1608,.T.);
#1026=FACE_OUTER_BOUND('',#1609,.T.);
#1027=FACE_OUTER_BOUND('',#1610,.T.);
#1028=FACE_OUTER_BOUND('',#1611,.T.);
#1029=FACE_OUTER_BOUND('',#1612,.T.);
#1030=FACE_OUTER_BOUND('',#1613,.T.);
#1031=FACE_OUTER_BOUND('',#1614,.T.);
#1032=FACE_OUTER_BOUND('',#1615,.T.);
#1033=FACE_OUTER_BOUND('',#1616,.T.);
#1034=FACE_OUTER_BOUND('',#1617,.T.);
#1035=FACE_OUTER_BOUND('',#1618,.T.);
#1036=FACE_OUTER_BOUND('',#1619,.T.);
#1037=FACE_OUTER_BOUND('',#1620,.T.);
#1038=FACE_OUTER_BOUND('',#1621,.T.);
#1039=FACE_OUTER_BOUND('',#1622,.T.);
#1040=FACE_OUTER_BOUND('',#1623,.T.);
#1041=FACE_OUTER_BOUND('',#1624,.T.);
#1042=FACE_OUTER_BOUND('',#1625,.T.);
#1043=FACE_OUTER_BOUND('',#1626,.T.);
#1044=FACE_OUTER_BOUND('',#1627,.T.);
#1045=FACE_OUTER_BOUND('',#1628,.T.);
#1046=FACE_OUTER_BOUND('',#1629,.T.);
#1047=FACE_OUTER_BOUND('',#1630,.T.);
#1048=FACE_OUTER_BOUND('',#1631,.T.);
#1049=FACE_OUTER_BOUND('',#1632,.T.);
#1050=FACE_OUTER_BOUND('',#1633,.T.);
#1051=FACE_OUTER_BOUND('',#1634,.T.);
#1052=FACE_OUTER_BOUND('',#1635,.T.);
#1053=FACE_OUTER_BOUND('',#1636,.T.);
#1054=FACE_OUTER_BOUND('',#1637,.T.);
#1055=FACE_OUTER_BOUND('',#1638,.T.);
#1056=FACE_OUTER_BOUND('',#1639,.T.);
#1057=FACE_OUTER_BOUND('',#1640,.T.);
#1058=FACE_OUTER_BOUND('',#1641,.T.);
#1059=FACE_OUTER_BOUND('',#1642,.T.);
#1060=FACE_OUTER_BOUND('',#1643,.T.);
#1061=FACE_OUTER_BOUND('',#1644,.T.);
#1062=FACE_OUTER_BOUND('',#1645,.T.);
#1063=FACE_OUTER_BOUND('',#1646,.T.);
#1064=FACE_OUTER_BOUND('',#1647,.T.);
#1065=FACE_OUTER_BOUND('',#1648,.T.);
#1066=FACE_OUTER_BOUND('',#1649,.T.);
#1067=FACE_OUTER_BOUND('',#1650,.T.);
#1068=FACE_OUTER_BOUND('',#1651,.T.);
#1069=FACE_OUTER_BOUND('',#1652,.T.);
#1070=FACE_OUTER_BOUND('',#1653,.T.);
#1071=FACE_OUTER_BOUND('',#1654,.T.);
#1072=FACE_OUTER_BOUND('',#1655,.T.);
#1073=FACE_OUTER_BOUND('',#1656,.T.);
#1074=FACE_OUTER_BOUND('',#1657,.T.);
#1075=FACE_OUTER_BOUND('',#1658,.T.);
#1076=FACE_OUTER_BOUND('',#1659,.T.);
#1077=FACE_OUTER_BOUND('',#1660,.T.);
#1078=FACE_OUTER_BOUND('',#1661,.T.);
#1079=FACE_OUTER_BOUND('',#1662,.T.);
#1080=FACE_OUTER_BOUND('',#1663,.T.);
#1081=FACE_OUTER_BOUND('',#1664,.T.);
#1082=FACE_OUTER_BOUND('',#1665,.T.);
#1083=FACE_OUTER_BOUND('',#1666,.T.);
#1084=FACE_OUTER_BOUND('',#1667,.T.);
#1085=FACE_OUTER_BOUND('',#1668,.T.);
#1086=FACE_OUTER_BOUND('',#1669,.T.);
#1087=FACE_OUTER_BOUND('',#1670,.T.);
#1088=FACE_OUTER_BOUND('',#1671,.T.);
#1089=FACE_OUTER_BOUND('',#1672,.T.);
#1090=FACE_OUTER_BOUND('',#1673,.T.);
#1091=FACE_OUTER_BOUND('',#1674,.T.);
#1092=FACE_OUTER_BOUND('',#1675,.T.);
#1093=FACE_OUTER_BOUND('',#1676,.T.);
#1094=FACE_OUTER_BOUND('',#1677,.T.);
#1095=FACE_OUTER_BOUND('',#1678,.T.);
#1096=FACE_OUTER_BOUND('',#1679,.T.);
#1097=FACE_OUTER_BOUND('',#1680,.T.);
#1098=FACE_OUTER_BOUND('',#1681,.T.);
#1099=FACE_OUTER_BOUND('',#1682,.T.);
#1100=FACE_OUTER_BOUND('',#1683,.T.);
#1101=FACE_OUTER_BOUND('',#1684,.T.);
#1102=FACE_OUTER_BOUND('',#1685,.T.);
#1103=FACE_OUTER_BOUND('',#1686,.T.);
#1104=FACE_OUTER_BOUND('',#1687,.T.);
#1105=FACE_OUTER_BOUND('',#1688,.T.);
#1106=FACE_OUTER_BOUND('',#1689,.T.);
#1107=FACE_OUTER_BOUND('',#1690,.T.);
#1108=FACE_OUTER_BOUND('',#1691,.T.);
#1109=FACE_OUTER_BOUND('',#1692,.T.);
#1110=FACE_OUTER_BOUND('',#1693,.T.);
#1111=FACE_OUTER_BOUND('',#1694,.T.);
#1112=FACE_OUTER_BOUND('',#1695,.T.);
#1113=FACE_OUTER_BOUND('',#1696,.T.);
#1114=FACE_OUTER_BOUND('',#1697,.T.);
#1115=FACE_OUTER_BOUND('',#1698,.T.);
#1116=FACE_OUTER_BOUND('',#1699,.T.);
#1117=FACE_OUTER_BOUND('',#1700,.T.);
#1118=FACE_OUTER_BOUND('',#1701,.T.);
#1119=FACE_OUTER_BOUND('',#1702,.T.);
#1120=FACE_OUTER_BOUND('',#1703,.T.);
#1121=FACE_OUTER_BOUND('',#1704,.T.);
#1122=FACE_OUTER_BOUND('',#1705,.T.);
#1123=FACE_OUTER_BOUND('',#1706,.T.);
#1124=FACE_OUTER_BOUND('',#1707,.T.);
#1125=FACE_OUTER_BOUND('',#1708,.T.);
#1126=FACE_OUTER_BOUND('',#1709,.T.);
#1127=FACE_OUTER_BOUND('',#1710,.T.);
#1128=FACE_OUTER_BOUND('',#1711,.T.);
#1129=FACE_OUTER_BOUND('',#1712,.T.);
#1130=FACE_OUTER_BOUND('',#1713,.T.);
#1131=FACE_OUTER_BOUND('',#1714,.T.);
#1132=FACE_OUTER_BOUND('',#1715,.T.);
#1133=FACE_OUTER_BOUND('',#1716,.T.);
#1134=FACE_OUTER_BOUND('',#1717,.T.);
#1135=FACE_OUTER_BOUND('',#1718,.T.);
#1136=FACE_OUTER_BOUND('',#1719,.T.);
#1137=FACE_OUTER_BOUND('',#1720,.T.);
#1138=FACE_OUTER_BOUND('',#1721,.T.);
#1139=FACE_OUTER_BOUND('',#1722,.T.);
#1140=FACE_OUTER_BOUND('',#1723,.T.);
#1141=FACE_OUTER_BOUND('',#1724,.T.);
#1142=FACE_OUTER_BOUND('',#1725,.T.);
#1143=FACE_OUTER_BOUND('',#1726,.T.);
#1144=FACE_OUTER_BOUND('',#1727,.T.);
#1145=FACE_OUTER_BOUND('',#1728,.T.);
#1146=FACE_OUTER_BOUND('',#1729,.T.);
#1147=FACE_OUTER_BOUND('',#1730,.T.);
#1148=FACE_OUTER_BOUND('',#1731,.T.);
#1149=FACE_OUTER_BOUND('',#1732,.T.);
#1150=FACE_OUTER_BOUND('',#1733,.T.);
#1151=FACE_OUTER_BOUND('',#1734,.T.);
#1152=FACE_OUTER_BOUND('',#1735,.T.);
#1153=FACE_OUTER_BOUND('',#1736,.T.);
#1154=FACE_OUTER_BOUND('',#1737,.T.);
#1155=FACE_OUTER_BOUND('',#1738,.T.);
#1156=FACE_OUTER_BOUND('',#1739,.T.);
#1157=FACE_OUTER_BOUND('',#1740,.T.);
#1158=FACE_OUTER_BOUND('',#1741,.T.);
#1159=FACE_OUTER_BOUND('',#1742,.T.);
#1160=FACE_OUTER_BOUND('',#1743,.T.);
#1161=FACE_OUTER_BOUND('',#1744,.T.);
#1162=FACE_OUTER_BOUND('',#1745,.T.);
#1163=FACE_OUTER_BOUND('',#1746,.T.);
#1164=FACE_OUTER_BOUND('',#1747,.T.);
#1165=FACE_OUTER_BOUND('',#1748,.T.);
#1166=FACE_OUTER_BOUND('',#1749,.T.);
#1167=FACE_OUTER_BOUND('',#1750,.T.);
#1168=FACE_OUTER_BOUND('',#1751,.T.);
#1169=FACE_OUTER_BOUND('',#1752,.T.);
#1170=FACE_OUTER_BOUND('',#1753,.T.);
#1171=FACE_OUTER_BOUND('',#1754,.T.);
#1172=FACE_OUTER_BOUND('',#1755,.T.);
#1173=FACE_OUTER_BOUND('',#1756,.T.);
#1174=FACE_OUTER_BOUND('',#1757,.T.);
#1175=FACE_OUTER_BOUND('',#1758,.T.);
#1176=FACE_OUTER_BOUND('',#1759,.T.);
#1177=FACE_OUTER_BOUND('',#1760,.T.);
#1178=FACE_OUTER_BOUND('',#1761,.T.);
#1179=FACE_OUTER_BOUND('',#1762,.T.);
#1180=FACE_OUTER_BOUND('',#1763,.T.);
#1181=FACE_OUTER_BOUND('',#1764,.T.);
#1182=FACE_OUTER_BOUND('',#1765,.T.);
#1183=FACE_OUTER_BOUND('',#1766,.T.);
#1184=FACE_OUTER_BOUND('',#1767,.T.);
#1185=FACE_OUTER_BOUND('',#1768,.T.);
#1186=FACE_OUTER_BOUND('',#1769,.T.);
#1187=FACE_OUTER_BOUND('',#1770,.T.);
#1188=FACE_OUTER_BOUND('',#1771,.T.);
#1189=FACE_OUTER_BOUND('',#1772,.T.);
#1190=FACE_OUTER_BOUND('',#1773,.T.);
#1191=FACE_OUTER_BOUND('',#1774,.T.);
#1192=FACE_OUTER_BOUND('',#1775,.T.);
#1193=FACE_OUTER_BOUND('',#1776,.T.);
#1194=FACE_OUTER_BOUND('',#1777,.T.);
#1195=FACE_OUTER_BOUND('',#1778,.T.);
#1196=FACE_OUTER_BOUND('',#1779,.T.);
#1197=FACE_OUTER_BOUND('',#1780,.T.);
#1198=FACE_OUTER_BOUND('',#1781,.T.);
#1199=EDGE_LOOP('',(#7405,#7406,#7407,#7408));
#1200=EDGE_LOOP('',(#7409,#7410,#7411,#7412));
#1201=EDGE_LOOP('',(#7413,#7414,#7415,#7416));
#1202=EDGE_LOOP('',(#7417,#7418,#7419,#7420));
#1203=EDGE_LOOP('',(#7421,#7422,#7423,#7424));
#1204=EDGE_LOOP('',(#7425,#7426,#7427,#7428));
#1205=EDGE_LOOP('',(#7429,#7430,#7431,#7432));
#1206=EDGE_LOOP('',(#7433,#7434,#7435,#7436,#7437,#7438,#7439,#7440));
#1207=EDGE_LOOP('',(#7441,#7442,#7443,#7444));
#1208=EDGE_LOOP('',(#7445,#7446,#7447,#7448));
#1209=EDGE_LOOP('',(#7449,#7450,#7451,#7452,#7453,#7454,#7455,#7456,#7457,
#7458,#7459,#7460,#7461,#7462,#7463,#7464,#7465,#7466,#7467,#7468,#7469,
#7470,#7471,#7472,#7473,#7474,#7475,#7476,#7477,#7478,#7479,#7480,#7481,
#7482,#7483,#7484,#7485,#7486,#7487,#7488,#7489,#7490,#7491,#7492,#7493));
#1210=EDGE_LOOP('',(#7494,#7495,#7496,#7497));
#1211=EDGE_LOOP('',(#7498,#7499,#7500,#7501,#7502,#7503,#7504,#7505,#7506,
#7507,#7508,#7509,#7510,#7511,#7512,#7513,#7514,#7515,#7516,#7517,#7518,
#7519,#7520,#7521,#7522,#7523,#7524,#7525,#7526,#7527,#7528,#7529,#7530,
#7531,#7532,#7533,#7534,#7535,#7536,#7537,#7538,#7539,#7540,#7541,#7542,
#7543,#7544,#7545,#7546,#7547,#7548,#7549,#7550,#7551));
#1212=EDGE_LOOP('',(#7552,#7553,#7554,#7555,#7556,#7557,#7558,#7559,#7560,
#7561,#7562,#7563,#7564));
#1213=EDGE_LOOP('',(#7565,#7566,#7567,#7568));
#1214=EDGE_LOOP('',(#7569,#7570,#7571,#7572,#7573,#7574,#7575,#7576));
#1215=EDGE_LOOP('',(#7577,#7578,#7579,#7580,#7581,#7582,#7583,#7584,#7585,
#7586,#7587,#7588,#7589,#7590,#7591,#7592,#7593,#7594,#7595,#7596,#7597,
#7598,#7599,#7600,#7601,#7602,#7603,#7604,#7605,#7606,#7607,#7608,#7609,
#7610,#7611,#7612,#7613,#7614,#7615,#7616));
#1216=EDGE_LOOP('',(#7617,#7618,#7619,#7620,#7621,#7622,#7623,#7624,#7625,
#7626,#7627,#7628));
#1217=EDGE_LOOP('',(#7629,#7630,#7631,#7632,#7633,#7634,#7635,#7636,#7637,
#7638,#7639,#7640,#7641,#7642,#7643,#7644,#7645,#7646,#7647,#7648,#7649,
#7650,#7651,#7652,#7653,#7654,#7655,#7656,#7657,#7658,#7659,#7660,#7661,
#7662,#7663,#7664,#7665,#7666,#7667,#7668));
#1218=EDGE_LOOP('',(#7669,#7670,#7671,#7672,#7673,#7674,#7675,#7676,#7677,
#7678,#7679,#7680,#7681,#7682,#7683,#7684,#7685,#7686,#7687,#7688,#7689,
#7690,#7691,#7692));
#1219=EDGE_LOOP('',(#7693,#7694,#7695,#7696,#7697,#7698,#7699,#7700,#7701,
#7702));
#1220=EDGE_LOOP('',(#7703,#7704,#7705,#7706,#7707,#7708,#7709,#7710,#7711,
#7712));
#1221=EDGE_LOOP('',(#7713,#7714,#7715,#7716,#7717,#7718,#7719,#7720,#7721,
#7722,#7723,#7724));
#1222=EDGE_LOOP('',(#7725,#7726,#7727,#7728,#7729,#7730,#7731,#7732,#7733,
#7734,#7735,#7736,#7737,#7738,#7739,#7740,#7741,#7742,#7743,#7744,#7745,
#7746,#7747,#7748,#7749,#7750,#7751,#7752,#7753,#7754,#7755,#7756,#7757,
#7758,#7759,#7760,#7761,#7762,#7763,#7764));
#1223=EDGE_LOOP('',(#7765,#7766,#7767,#7768,#7769,#7770,#7771,#7772));
#1224=EDGE_LOOP('',(#7773,#7774,#7775,#7776,#7777,#7778,#7779,#7780,#7781,
#7782,#7783,#7784,#7785,#7786,#7787,#7788,#7789,#7790,#7791,#7792,#7793,
#7794,#7795,#7796));
#1225=EDGE_LOOP('',(#7797,#7798,#7799,#7800,#7801,#7802,#7803,#7804,#7805,
#7806,#7807,#7808,#7809,#7810,#7811,#7812));
#1226=EDGE_LOOP('',(#7813,#7814,#7815,#7816,#7817,#7818,#7819,#7820,#7821,
#7822,#7823,#7824,#7825,#7826,#7827,#7828,#7829,#7830,#7831,#7832));
#1227=EDGE_LOOP('',(#7833,#7834,#7835,#7836,#7837,#7838,#7839,#7840,#7841,
#7842,#7843,#7844,#7845,#7846,#7847,#7848,#7849,#7850,#7851,#7852));
#1228=EDGE_LOOP('',(#7853,#7854,#7855,#7856,#7857,#7858,#7859,#7860,#7861,
#7862));
#1229=EDGE_LOOP('',(#7863,#7864,#7865,#7866));
#1230=EDGE_LOOP('',(#7867,#7868,#7869,#7870));
#1231=EDGE_LOOP('',(#7871,#7872,#7873,#7874));
#1232=EDGE_LOOP('',(#7875,#7876,#7877,#7878));
#1233=EDGE_LOOP('',(#7879,#7880,#7881,#7882));
#1234=EDGE_LOOP('',(#7883,#7884,#7885,#7886));
#1235=EDGE_LOOP('',(#7887,#7888,#7889,#7890));
#1236=EDGE_LOOP('',(#7891,#7892,#7893,#7894,#7895,#7896,#7897,#7898));
#1237=EDGE_LOOP('',(#7899,#7900,#7901,#7902));
#1238=EDGE_LOOP('',(#7903,#7904,#7905,#7906));
#1239=EDGE_LOOP('',(#7907,#7908,#7909,#7910));
#1240=EDGE_LOOP('',(#7911,#7912,#7913,#7914));
#1241=EDGE_LOOP('',(#7915,#7916,#7917,#7918));
#1242=EDGE_LOOP('',(#7919,#7920,#7921,#7922));
#1243=EDGE_LOOP('',(#7923,#7924,#7925,#7926));
#1244=EDGE_LOOP('',(#7927,#7928,#7929,#7930));
#1245=EDGE_LOOP('',(#7931,#7932,#7933,#7934));
#1246=EDGE_LOOP('',(#7935,#7936,#7937,#7938));
#1247=EDGE_LOOP('',(#7939,#7940,#7941,#7942,#7943,#7944,#7945,#7946,#7947,
#7948));
#1248=EDGE_LOOP('',(#7949,#7950,#7951,#7952));
#1249=EDGE_LOOP('',(#7953,#7954,#7955,#7956));
#1250=EDGE_LOOP('',(#7957,#7958,#7959,#7960,#7961,#7962,#7963,#7964,#7965,
#7966));
#1251=EDGE_LOOP('',(#7967,#7968,#7969,#7970));
#1252=EDGE_LOOP('',(#7971,#7972,#7973,#7974));
#1253=EDGE_LOOP('',(#7975,#7976,#7977,#7978));
#1254=EDGE_LOOP('',(#7979,#7980,#7981,#7982));
#1255=EDGE_LOOP('',(#7983,#7984,#7985,#7986));
#1256=EDGE_LOOP('',(#7987,#7988,#7989,#7990));
#1257=EDGE_LOOP('',(#7991,#7992,#7993,#7994));
#1258=EDGE_LOOP('',(#7995,#7996,#7997,#7998));
#1259=EDGE_LOOP('',(#7999,#8000,#8001,#8002));
#1260=EDGE_LOOP('',(#8003,#8004,#8005,#8006,#8007,#8008,#8009,#8010,#8011,
#8012,#8013,#8014,#8015,#8016,#8017,#8018,#8019));
#1261=EDGE_LOOP('',(#8020,#8021,#8022,#8023));
#1262=EDGE_LOOP('',(#8024,#8025,#8026,#8027,#8028,#8029,#8030,#8031,#8032,
#8033,#8034,#8035,#8036,#8037,#8038,#8039,#8040));
#1263=EDGE_LOOP('',(#8041,#8042,#8043,#8044));
#1264=EDGE_LOOP('',(#8045,#8046,#8047,#8048));
#1265=EDGE_LOOP('',(#8049,#8050,#8051,#8052));
#1266=EDGE_LOOP('',(#8053,#8054,#8055,#8056));
#1267=EDGE_LOOP('',(#8057,#8058,#8059,#8060));
#1268=EDGE_LOOP('',(#8061,#8062,#8063,#8064));
#1269=EDGE_LOOP('',(#8065,#8066,#8067,#8068));
#1270=EDGE_LOOP('',(#8069,#8070,#8071,#8072));
#1271=EDGE_LOOP('',(#8073,#8074,#8075,#8076));
#1272=EDGE_LOOP('',(#8077,#8078,#8079,#8080,#8081,#8082));
#1273=EDGE_LOOP('',(#8083,#8084,#8085,#8086));
#1274=EDGE_LOOP('',(#8087,#8088,#8089,#8090));
#1275=EDGE_LOOP('',(#8091,#8092,#8093,#8094,#8095,#8096,#8097,#8098));
#1276=EDGE_LOOP('',(#8099,#8100,#8101,#8102));
#1277=EDGE_LOOP('',(#8103,#8104,#8105,#8106));
#1278=EDGE_LOOP('',(#8107,#8108,#8109,#8110));
#1279=EDGE_LOOP('',(#8111,#8112,#8113,#8114));
#1280=EDGE_LOOP('',(#8115,#8116,#8117,#8118));
#1281=EDGE_LOOP('',(#8119,#8120,#8121,#8122,#8123,#8124,#8125,#8126));
#1282=EDGE_LOOP('',(#8127,#8128,#8129,#8130));
#1283=EDGE_LOOP('',(#8131,#8132,#8133,#8134));
#1284=EDGE_LOOP('',(#8135,#8136,#8137,#8138));
#1285=EDGE_LOOP('',(#8139,#8140,#8141,#8142));
#1286=EDGE_LOOP('',(#8143,#8144,#8145,#8146));
#1287=EDGE_LOOP('',(#8147,#8148,#8149,#8150));
#1288=EDGE_LOOP('',(#8151,#8152,#8153,#8154));
#1289=EDGE_LOOP('',(#8155,#8156,#8157,#8158));
#1290=EDGE_LOOP('',(#8159,#8160,#8161,#8162));
#1291=EDGE_LOOP('',(#8163,#8164,#8165,#8166,#8167,#8168));
#1292=EDGE_LOOP('',(#8169,#8170,#8171,#8172));
#1293=EDGE_LOOP('',(#8173,#8174,#8175,#8176));
#1294=EDGE_LOOP('',(#8177,#8178,#8179,#8180));
#1295=EDGE_LOOP('',(#8181,#8182,#8183,#8184));
#1296=EDGE_LOOP('',(#8185,#8186,#8187,#8188));
#1297=EDGE_LOOP('',(#8189,#8190,#8191,#8192));
#1298=EDGE_LOOP('',(#8193,#8194,#8195,#8196));
#1299=EDGE_LOOP('',(#8197,#8198,#8199,#8200));
#1300=EDGE_LOOP('',(#8201,#8202,#8203,#8204));
#1301=EDGE_LOOP('',(#8205,#8206,#8207,#8208));
#1302=EDGE_LOOP('',(#8209,#8210,#8211,#8212));
#1303=EDGE_LOOP('',(#8213,#8214,#8215,#8216));
#1304=EDGE_LOOP('',(#8217,#8218,#8219,#8220));
#1305=EDGE_LOOP('',(#8221,#8222,#8223,#8224,#8225,#8226,#8227,#8228));
#1306=EDGE_LOOP('',(#8229,#8230,#8231,#8232));
#1307=EDGE_LOOP('',(#8233,#8234,#8235,#8236));
#1308=EDGE_LOOP('',(#8237,#8238,#8239,#8240));
#1309=EDGE_LOOP('',(#8241,#8242,#8243,#8244,#8245,#8246,#8247,#8248));
#1310=EDGE_LOOP('',(#8249,#8250,#8251,#8252));
#1311=EDGE_LOOP('',(#8253,#8254,#8255,#8256));
#1312=EDGE_LOOP('',(#8257,#8258,#8259,#8260));
#1313=EDGE_LOOP('',(#8261,#8262,#8263,#8264,#8265,#8266,#8267,#8268));
#1314=EDGE_LOOP('',(#8269,#8270,#8271,#8272));
#1315=EDGE_LOOP('',(#8273,#8274,#8275,#8276));
#1316=EDGE_LOOP('',(#8277,#8278,#8279,#8280));
#1317=EDGE_LOOP('',(#8281,#8282,#8283,#8284,#8285,#8286,#8287,#8288));
#1318=EDGE_LOOP('',(#8289,#8290,#8291,#8292));
#1319=EDGE_LOOP('',(#8293,#8294,#8295,#8296));
#1320=EDGE_LOOP('',(#8297,#8298,#8299,#8300));
#1321=EDGE_LOOP('',(#8301,#8302,#8303,#8304,#8305,#8306,#8307,#8308));
#1322=EDGE_LOOP('',(#8309,#8310,#8311,#8312));
#1323=EDGE_LOOP('',(#8313,#8314,#8315,#8316));
#1324=EDGE_LOOP('',(#8317,#8318,#8319,#8320));
#1325=EDGE_LOOP('',(#8321,#8322,#8323,#8324,#8325,#8326,#8327,#8328));
#1326=EDGE_LOOP('',(#8329,#8330,#8331,#8332));
#1327=EDGE_LOOP('',(#8333,#8334,#8335,#8336));
#1328=EDGE_LOOP('',(#8337,#8338,#8339,#8340));
#1329=EDGE_LOOP('',(#8341,#8342,#8343,#8344));
#1330=EDGE_LOOP('',(#8345,#8346,#8347,#8348));
#1331=EDGE_LOOP('',(#8349,#8350,#8351,#8352));
#1332=EDGE_LOOP('',(#8353,#8354,#8355,#8356));
#1333=EDGE_LOOP('',(#8357,#8358,#8359,#8360));
#1334=EDGE_LOOP('',(#8361,#8362,#8363,#8364));
#1335=EDGE_LOOP('',(#8365,#8366,#8367,#8368));
#1336=EDGE_LOOP('',(#8369,#8370,#8371,#8372));
#1337=EDGE_LOOP('',(#8373,#8374,#8375,#8376));
#1338=EDGE_LOOP('',(#8377,#8378,#8379,#8380));
#1339=EDGE_LOOP('',(#8381,#8382,#8383,#8384));
#1340=EDGE_LOOP('',(#8385,#8386,#8387,#8388));
#1341=EDGE_LOOP('',(#8389,#8390,#8391,#8392));
#1342=EDGE_LOOP('',(#8393,#8394,#8395,#8396));
#1343=EDGE_LOOP('',(#8397,#8398,#8399,#8400));
#1344=EDGE_LOOP('',(#8401,#8402,#8403,#8404));
#1345=EDGE_LOOP('',(#8405,#8406,#8407,#8408));
#1346=EDGE_LOOP('',(#8409,#8410,#8411,#8412));
#1347=EDGE_LOOP('',(#8413,#8414,#8415,#8416));
#1348=EDGE_LOOP('',(#8417,#8418,#8419,#8420));
#1349=EDGE_LOOP('',(#8421,#8422,#8423,#8424));
#1350=EDGE_LOOP('',(#8425,#8426,#8427,#8428));
#1351=EDGE_LOOP('',(#8429,#8430,#8431,#8432));
#1352=EDGE_LOOP('',(#8433,#8434,#8435,#8436));
#1353=EDGE_LOOP('',(#8437,#8438,#8439,#8440));
#1354=EDGE_LOOP('',(#8441,#8442,#8443,#8444));
#1355=EDGE_LOOP('',(#8445,#8446,#8447,#8448));
#1356=EDGE_LOOP('',(#8449,#8450,#8451,#8452));
#1357=EDGE_LOOP('',(#8453,#8454,#8455,#8456));
#1358=EDGE_LOOP('',(#8457,#8458,#8459,#8460));
#1359=EDGE_LOOP('',(#8461,#8462,#8463,#8464));
#1360=EDGE_LOOP('',(#8465,#8466,#8467,#8468));
#1361=EDGE_LOOP('',(#8469,#8470,#8471,#8472));
#1362=EDGE_LOOP('',(#8473,#8474,#8475,#8476));
#1363=EDGE_LOOP('',(#8477,#8478,#8479,#8480));
#1364=EDGE_LOOP('',(#8481,#8482,#8483,#8484));
#1365=EDGE_LOOP('',(#8485,#8486,#8487,#8488));
#1366=EDGE_LOOP('',(#8489,#8490,#8491,#8492));
#1367=EDGE_LOOP('',(#8493,#8494,#8495,#8496));
#1368=EDGE_LOOP('',(#8497,#8498,#8499,#8500));
#1369=EDGE_LOOP('',(#8501,#8502,#8503,#8504));
#1370=EDGE_LOOP('',(#8505,#8506,#8507,#8508));
#1371=EDGE_LOOP('',(#8509,#8510,#8511,#8512));
#1372=EDGE_LOOP('',(#8513,#8514,#8515,#8516));
#1373=EDGE_LOOP('',(#8517,#8518,#8519,#8520));
#1374=EDGE_LOOP('',(#8521,#8522,#8523,#8524));
#1375=EDGE_LOOP('',(#8525,#8526,#8527,#8528));
#1376=EDGE_LOOP('',(#8529,#8530,#8531,#8532,#8533,#8534,#8535,#8536,#8537,
#8538,#8539,#8540,#8541,#8542,#8543,#8544,#8545,#8546,#8547,#8548,#8549,
#8550,#8551,#8552,#8553,#8554,#8555,#8556,#8557,#8558,#8559,#8560,#8561,
#8562,#8563,#8564,#8565,#8566,#8567,#8568,#8569,#8570,#8571,#8572,#8573));
#1377=EDGE_LOOP('',(#8574,#8575,#8576,#8577));
#1378=EDGE_LOOP('',(#8578,#8579,#8580,#8581,#8582,#8583,#8584,#8585,#8586,
#8587,#8588,#8589,#8590,#8591,#8592,#8593,#8594,#8595,#8596,#8597,#8598,
#8599,#8600,#8601,#8602,#8603,#8604,#8605,#8606,#8607,#8608,#8609,#8610,
#8611,#8612,#8613,#8614,#8615,#8616,#8617,#8618,#8619,#8620,#8621,#8622,
#8623,#8624,#8625,#8626,#8627,#8628,#8629,#8630,#8631));
#1379=EDGE_LOOP('',(#8632,#8633,#8634,#8635,#8636,#8637,#8638,#8639,#8640,
#8641,#8642,#8643,#8644));
#1380=EDGE_LOOP('',(#8645,#8646,#8647,#8648));
#1381=EDGE_LOOP('',(#8649,#8650,#8651,#8652,#8653,#8654,#8655,#8656));
#1382=EDGE_LOOP('',(#8657,#8658,#8659,#8660,#8661,#8662,#8663,#8664,#8665,
#8666,#8667,#8668,#8669,#8670,#8671,#8672,#8673,#8674,#8675,#8676,#8677,
#8678,#8679,#8680,#8681,#8682,#8683,#8684,#8685,#8686,#8687,#8688,#8689,
#8690,#8691,#8692,#8693,#8694,#8695,#8696));
#1383=EDGE_LOOP('',(#8697,#8698,#8699,#8700,#8701,#8702,#8703,#8704,#8705,
#8706,#8707,#8708));
#1384=EDGE_LOOP('',(#8709,#8710,#8711,#8712,#8713,#8714,#8715,#8716,#8717,
#8718,#8719,#8720,#8721,#8722,#8723,#8724,#8725,#8726,#8727,#8728,#8729,
#8730,#8731,#8732,#8733,#8734,#8735,#8736,#8737,#8738,#8739,#8740,#8741,
#8742,#8743,#8744,#8745,#8746,#8747,#8748));
#1385=EDGE_LOOP('',(#8749,#8750,#8751,#8752,#8753,#8754,#8755,#8756,#8757,
#8758,#8759,#8760,#8761,#8762,#8763,#8764,#8765,#8766,#8767,#8768,#8769,
#8770,#8771,#8772));
#1386=EDGE_LOOP('',(#8773,#8774,#8775,#8776,#8777,#8778,#8779,#8780,#8781,
#8782,#8783,#8784,#8785,#8786,#8787,#8788,#8789,#8790,#8791,#8792));
#1387=EDGE_LOOP('',(#8793,#8794,#8795,#8796,#8797,#8798,#8799,#8800,#8801,
#8802));
#1388=EDGE_LOOP('',(#8803,#8804,#8805,#8806,#8807,#8808,#8809,#8810,#8811,
#8812));
#1389=EDGE_LOOP('',(#8813,#8814,#8815,#8816,#8817,#8818,#8819,#8820,#8821,
#8822,#8823,#8824));
#1390=EDGE_LOOP('',(#8825,#8826,#8827,#8828,#8829,#8830,#8831,#8832,#8833,
#8834,#8835,#8836,#8837,#8838,#8839,#8840,#8841,#8842,#8843,#8844,#8845,
#8846,#8847,#8848,#8849,#8850,#8851,#8852,#8853,#8854,#8855,#8856,#8857,
#8858,#8859,#8860,#8861,#8862,#8863,#8864));
#1391=EDGE_LOOP('',(#8865,#8866,#8867,#8868,#8869,#8870,#8871,#8872));
#1392=EDGE_LOOP('',(#8873,#8874,#8875,#8876,#8877,#8878,#8879,#8880,#8881,
#8882,#8883,#8884,#8885,#8886,#8887,#8888,#8889,#8890,#8891,#8892,#8893,
#8894,#8895,#8896));
#1393=EDGE_LOOP('',(#8897,#8898,#8899,#8900,#8901,#8902,#8903,#8904,#8905,
#8906,#8907,#8908,#8909,#8910,#8911,#8912,#8913,#8914,#8915,#8916));
#1394=EDGE_LOOP('',(#8917,#8918,#8919,#8920,#8921,#8922,#8923,#8924,#8925,
#8926,#8927,#8928,#8929,#8930,#8931,#8932));
#1395=EDGE_LOOP('',(#8933,#8934,#8935,#8936,#8937,#8938,#8939,#8940,#8941,
#8942));
#1396=EDGE_LOOP('',(#8943,#8944,#8945,#8946));
#1397=EDGE_LOOP('',(#8947,#8948,#8949,#8950));
#1398=EDGE_LOOP('',(#8951,#8952,#8953,#8954));
#1399=EDGE_LOOP('',(#8955,#8956,#8957,#8958));
#1400=EDGE_LOOP('',(#8959,#8960,#8961,#8962));
#1401=EDGE_LOOP('',(#8963,#8964,#8965,#8966));
#1402=EDGE_LOOP('',(#8967,#8968,#8969,#8970));
#1403=EDGE_LOOP('',(#8971,#8972,#8973,#8974));
#1404=EDGE_LOOP('',(#8975,#8976,#8977,#8978));
#1405=EDGE_LOOP('',(#8979,#8980,#8981,#8982));
#1406=EDGE_LOOP('',(#8983,#8984,#8985,#8986));
#1407=EDGE_LOOP('',(#8987,#8988,#8989,#8990));
#1408=EDGE_LOOP('',(#8991,#8992,#8993,#8994));
#1409=EDGE_LOOP('',(#8995,#8996,#8997,#8998));
#1410=EDGE_LOOP('',(#8999,#9000,#9001,#9002));
#1411=EDGE_LOOP('',(#9003,#9004,#9005,#9006));
#1412=EDGE_LOOP('',(#9007,#9008,#9009,#9010));
#1413=EDGE_LOOP('',(#9011,#9012,#9013,#9014));
#1414=EDGE_LOOP('',(#9015,#9016,#9017,#9018));
#1415=EDGE_LOOP('',(#9019,#9020,#9021,#9022));
#1416=EDGE_LOOP('',(#9023,#9024,#9025,#9026));
#1417=EDGE_LOOP('',(#9027,#9028,#9029,#9030));
#1418=EDGE_LOOP('',(#9031,#9032,#9033,#9034));
#1419=EDGE_LOOP('',(#9035,#9036,#9037,#9038));
#1420=EDGE_LOOP('',(#9039,#9040,#9041,#9042));
#1421=EDGE_LOOP('',(#9043,#9044,#9045,#9046));
#1422=EDGE_LOOP('',(#9047,#9048,#9049,#9050));
#1423=EDGE_LOOP('',(#9051,#9052,#9053,#9054));
#1424=EDGE_LOOP('',(#9055,#9056,#9057,#9058));
#1425=EDGE_LOOP('',(#9059,#9060,#9061,#9062));
#1426=EDGE_LOOP('',(#9063,#9064,#9065,#9066));
#1427=EDGE_LOOP('',(#9067,#9068,#9069,#9070));
#1428=EDGE_LOOP('',(#9071,#9072,#9073,#9074));
#1429=EDGE_LOOP('',(#9075,#9076,#9077,#9078));
#1430=EDGE_LOOP('',(#9079,#9080,#9081,#9082));
#1431=EDGE_LOOP('',(#9083,#9084,#9085,#9086));
#1432=EDGE_LOOP('',(#9087,#9088,#9089,#9090));
#1433=EDGE_LOOP('',(#9091,#9092,#9093,#9094));
#1434=EDGE_LOOP('',(#9095,#9096,#9097,#9098));
#1435=EDGE_LOOP('',(#9099,#9100,#9101,#9102));
#1436=EDGE_LOOP('',(#9103,#9104,#9105,#9106));
#1437=EDGE_LOOP('',(#9107,#9108,#9109,#9110));
#1438=EDGE_LOOP('',(#9111,#9112,#9113,#9114));
#1439=EDGE_LOOP('',(#9115,#9116,#9117,#9118));
#1440=EDGE_LOOP('',(#9119,#9120,#9121,#9122));
#1441=EDGE_LOOP('',(#9123,#9124,#9125,#9126));
#1442=EDGE_LOOP('',(#9127,#9128,#9129,#9130));
#1443=EDGE_LOOP('',(#9131,#9132,#9133,#9134));
#1444=EDGE_LOOP('',(#9135,#9136,#9137,#9138));
#1445=EDGE_LOOP('',(#9139,#9140,#9141,#9142));
#1446=EDGE_LOOP('',(#9143,#9144,#9145,#9146));
#1447=EDGE_LOOP('',(#9147,#9148,#9149,#9150));
#1448=EDGE_LOOP('',(#9151,#9152,#9153,#9154));
#1449=EDGE_LOOP('',(#9155,#9156,#9157,#9158));
#1450=EDGE_LOOP('',(#9159,#9160,#9161,#9162));
#1451=EDGE_LOOP('',(#9163,#9164,#9165,#9166));
#1452=EDGE_LOOP('',(#9167,#9168,#9169,#9170));
#1453=EDGE_LOOP('',(#9171,#9172,#9173,#9174));
#1454=EDGE_LOOP('',(#9175,#9176,#9177,#9178));
#1455=EDGE_LOOP('',(#9179,#9180,#9181,#9182));
#1456=EDGE_LOOP('',(#9183,#9184,#9185,#9186));
#1457=EDGE_LOOP('',(#9187,#9188,#9189,#9190));
#1458=EDGE_LOOP('',(#9191,#9192,#9193,#9194));
#1459=EDGE_LOOP('',(#9195,#9196,#9197,#9198));
#1460=EDGE_LOOP('',(#9199,#9200,#9201,#9202));
#1461=EDGE_LOOP('',(#9203,#9204,#9205,#9206));
#1462=EDGE_LOOP('',(#9207,#9208,#9209,#9210));
#1463=EDGE_LOOP('',(#9211,#9212,#9213,#9214));
#1464=EDGE_LOOP('',(#9215,#9216,#9217,#9218));
#1465=EDGE_LOOP('',(#9219,#9220,#9221,#9222));
#1466=EDGE_LOOP('',(#9223,#9224,#9225,#9226));
#1467=EDGE_LOOP('',(#9227,#9228,#9229,#9230));
#1468=EDGE_LOOP('',(#9231,#9232,#9233,#9234));
#1469=EDGE_LOOP('',(#9235,#9236,#9237,#9238));
#1470=EDGE_LOOP('',(#9239,#9240,#9241,#9242));
#1471=EDGE_LOOP('',(#9243,#9244,#9245,#9246));
#1472=EDGE_LOOP('',(#9247,#9248,#9249,#9250));
#1473=EDGE_LOOP('',(#9251,#9252,#9253,#9254));
#1474=EDGE_LOOP('',(#9255,#9256,#9257,#9258));
#1475=EDGE_LOOP('',(#9259,#9260,#9261,#9262));
#1476=EDGE_LOOP('',(#9263,#9264,#9265,#9266));
#1477=EDGE_LOOP('',(#9267,#9268,#9269,#9270));
#1478=EDGE_LOOP('',(#9271,#9272,#9273,#9274));
#1479=EDGE_LOOP('',(#9275,#9276,#9277,#9278));
#1480=EDGE_LOOP('',(#9279,#9280,#9281,#9282));
#1481=EDGE_LOOP('',(#9283,#9284,#9285,#9286));
#1482=EDGE_LOOP('',(#9287,#9288,#9289,#9290));
#1483=EDGE_LOOP('',(#9291,#9292,#9293,#9294));
#1484=EDGE_LOOP('',(#9295,#9296,#9297,#9298));
#1485=EDGE_LOOP('',(#9299,#9300,#9301,#9302));
#1486=EDGE_LOOP('',(#9303,#9304,#9305,#9306));
#1487=EDGE_LOOP('',(#9307,#9308,#9309,#9310));
#1488=EDGE_LOOP('',(#9311,#9312,#9313,#9314));
#1489=EDGE_LOOP('',(#9315,#9316,#9317,#9318));
#1490=EDGE_LOOP('',(#9319,#9320,#9321,#9322));
#1491=EDGE_LOOP('',(#9323,#9324,#9325,#9326));
#1492=EDGE_LOOP('',(#9327,#9328,#9329,#9330));
#1493=EDGE_LOOP('',(#9331,#9332,#9333,#9334));
#1494=EDGE_LOOP('',(#9335,#9336,#9337,#9338));
#1495=EDGE_LOOP('',(#9339,#9340,#9341,#9342));
#1496=EDGE_LOOP('',(#9343,#9344,#9345,#9346));
#1497=EDGE_LOOP('',(#9347,#9348,#9349,#9350));
#1498=EDGE_LOOP('',(#9351,#9352,#9353,#9354));
#1499=EDGE_LOOP('',(#9355,#9356,#9357,#9358));
#1500=EDGE_LOOP('',(#9359,#9360,#9361,#9362));
#1501=EDGE_LOOP('',(#9363,#9364,#9365,#9366));
#1502=EDGE_LOOP('',(#9367,#9368,#9369,#9370));
#1503=EDGE_LOOP('',(#9371,#9372,#9373,#9374));
#1504=EDGE_LOOP('',(#9375,#9376,#9377,#9378));
#1505=EDGE_LOOP('',(#9379,#9380,#9381,#9382));
#1506=EDGE_LOOP('',(#9383,#9384,#9385,#9386));
#1507=EDGE_LOOP('',(#9387,#9388,#9389,#9390));
#1508=EDGE_LOOP('',(#9391,#9392,#9393,#9394));
#1509=EDGE_LOOP('',(#9395,#9396,#9397,#9398));
#1510=EDGE_LOOP('',(#9399,#9400,#9401,#9402));
#1511=EDGE_LOOP('',(#9403,#9404,#9405,#9406));
#1512=EDGE_LOOP('',(#9407,#9408,#9409,#9410));
#1513=EDGE_LOOP('',(#9411,#9412,#9413,#9414));
#1514=EDGE_LOOP('',(#9415,#9416,#9417,#9418));
#1515=EDGE_LOOP('',(#9419,#9420,#9421,#9422));
#1516=EDGE_LOOP('',(#9423,#9424,#9425,#9426));
#1517=EDGE_LOOP('',(#9427,#9428,#9429,#9430));
#1518=EDGE_LOOP('',(#9431,#9432,#9433,#9434));
#1519=EDGE_LOOP('',(#9435,#9436,#9437,#9438));
#1520=EDGE_LOOP('',(#9439,#9440,#9441,#9442));
#1521=EDGE_LOOP('',(#9443,#9444,#9445,#9446));
#1522=EDGE_LOOP('',(#9447,#9448,#9449,#9450));
#1523=EDGE_LOOP('',(#9451,#9452,#9453,#9454));
#1524=EDGE_LOOP('',(#9455,#9456,#9457,#9458));
#1525=EDGE_LOOP('',(#9459,#9460,#9461,#9462));
#1526=EDGE_LOOP('',(#9463,#9464,#9465,#9466));
#1527=EDGE_LOOP('',(#9467,#9468,#9469,#9470));
#1528=EDGE_LOOP('',(#9471,#9472,#9473,#9474));
#1529=EDGE_LOOP('',(#9475,#9476,#9477,#9478));
#1530=EDGE_LOOP('',(#9479,#9480,#9481,#9482));
#1531=EDGE_LOOP('',(#9483,#9484,#9485,#9486));
#1532=EDGE_LOOP('',(#9487,#9488,#9489,#9490));
#1533=EDGE_LOOP('',(#9491,#9492,#9493,#9494));
#1534=EDGE_LOOP('',(#9495,#9496,#9497,#9498));
#1535=EDGE_LOOP('',(#9499,#9500,#9501,#9502));
#1536=EDGE_LOOP('',(#9503,#9504,#9505,#9506));
#1537=EDGE_LOOP('',(#9507,#9508,#9509,#9510));
#1538=EDGE_LOOP('',(#9511,#9512,#9513,#9514));
#1539=EDGE_LOOP('',(#9515,#9516,#9517,#9518));
#1540=EDGE_LOOP('',(#9519,#9520,#9521,#9522));
#1541=EDGE_LOOP('',(#9523,#9524,#9525,#9526));
#1542=EDGE_LOOP('',(#9527,#9528,#9529,#9530));
#1543=EDGE_LOOP('',(#9531,#9532,#9533,#9534));
#1544=EDGE_LOOP('',(#9535,#9536,#9537,#9538));
#1545=EDGE_LOOP('',(#9539,#9540,#9541,#9542));
#1546=EDGE_LOOP('',(#9543,#9544,#9545,#9546));
#1547=EDGE_LOOP('',(#9547,#9548,#9549,#9550));
#1548=EDGE_LOOP('',(#9551,#9552,#9553,#9554));
#1549=EDGE_LOOP('',(#9555,#9556,#9557,#9558));
#1550=EDGE_LOOP('',(#9559,#9560,#9561,#9562));
#1551=EDGE_LOOP('',(#9563,#9564,#9565,#9566));
#1552=EDGE_LOOP('',(#9567,#9568,#9569,#9570));
#1553=EDGE_LOOP('',(#9571,#9572,#9573,#9574));
#1554=EDGE_LOOP('',(#9575,#9576,#9577,#9578));
#1555=EDGE_LOOP('',(#9579,#9580,#9581,#9582));
#1556=EDGE_LOOP('',(#9583,#9584,#9585,#9586));
#1557=EDGE_LOOP('',(#9587,#9588,#9589,#9590));
#1558=EDGE_LOOP('',(#9591,#9592,#9593,#9594));
#1559=EDGE_LOOP('',(#9595,#9596,#9597,#9598));
#1560=EDGE_LOOP('',(#9599,#9600,#9601,#9602));
#1561=EDGE_LOOP('',(#9603,#9604,#9605,#9606));
#1562=EDGE_LOOP('',(#9607,#9608,#9609,#9610));
#1563=EDGE_LOOP('',(#9611,#9612,#9613,#9614));
#1564=EDGE_LOOP('',(#9615,#9616,#9617,#9618));
#1565=EDGE_LOOP('',(#9619,#9620,#9621,#9622));
#1566=EDGE_LOOP('',(#9623,#9624,#9625,#9626));
#1567=EDGE_LOOP('',(#9627,#9628,#9629,#9630));
#1568=EDGE_LOOP('',(#9631,#9632,#9633,#9634));
#1569=EDGE_LOOP('',(#9635,#9636,#9637,#9638));
#1570=EDGE_LOOP('',(#9639,#9640,#9641,#9642));
#1571=EDGE_LOOP('',(#9643,#9644,#9645,#9646));
#1572=EDGE_LOOP('',(#9647,#9648,#9649,#9650));
#1573=EDGE_LOOP('',(#9651,#9652,#9653,#9654));
#1574=EDGE_LOOP('',(#9655,#9656,#9657,#9658));
#1575=EDGE_LOOP('',(#9659,#9660,#9661,#9662));
#1576=EDGE_LOOP('',(#9663,#9664,#9665,#9666));
#1577=EDGE_LOOP('',(#9667,#9668,#9669,#9670));
#1578=EDGE_LOOP('',(#9671,#9672,#9673,#9674));
#1579=EDGE_LOOP('',(#9675,#9676,#9677,#9678));
#1580=EDGE_LOOP('',(#9679,#9680,#9681,#9682));
#1581=EDGE_LOOP('',(#9683,#9684,#9685,#9686));
#1582=EDGE_LOOP('',(#9687,#9688,#9689,#9690));
#1583=EDGE_LOOP('',(#9691,#9692,#9693,#9694));
#1584=EDGE_LOOP('',(#9695,#9696,#9697,#9698));
#1585=EDGE_LOOP('',(#9699,#9700,#9701,#9702));
#1586=EDGE_LOOP('',(#9703,#9704,#9705,#9706));
#1587=EDGE_LOOP('',(#9707,#9708,#9709,#9710));
#1588=EDGE_LOOP('',(#9711,#9712,#9713,#9714));
#1589=EDGE_LOOP('',(#9715,#9716,#9717,#9718));
#1590=EDGE_LOOP('',(#9719,#9720,#9721,#9722));
#1591=EDGE_LOOP('',(#9723,#9724,#9725,#9726));
#1592=EDGE_LOOP('',(#9727,#9728,#9729,#9730));
#1593=EDGE_LOOP('',(#9731,#9732,#9733,#9734));
#1594=EDGE_LOOP('',(#9735,#9736,#9737,#9738));
#1595=EDGE_LOOP('',(#9739,#9740,#9741,#9742));
#1596=EDGE_LOOP('',(#9743,#9744,#9745,#9746));
#1597=EDGE_LOOP('',(#9747,#9748,#9749,#9750));
#1598=EDGE_LOOP('',(#9751,#9752,#9753,#9754));
#1599=EDGE_LOOP('',(#9755,#9756,#9757,#9758));
#1600=EDGE_LOOP('',(#9759,#9760,#9761,#9762));
#1601=EDGE_LOOP('',(#9763,#9764,#9765,#9766));
#1602=EDGE_LOOP('',(#9767,#9768,#9769,#9770));
#1603=EDGE_LOOP('',(#9771,#9772,#9773,#9774));
#1604=EDGE_LOOP('',(#9775,#9776,#9777,#9778));
#1605=EDGE_LOOP('',(#9779,#9780,#9781,#9782));
#1606=EDGE_LOOP('',(#9783,#9784,#9785,#9786));
#1607=EDGE_LOOP('',(#9787,#9788,#9789,#9790));
#1608=EDGE_LOOP('',(#9791,#9792,#9793,#9794));
#1609=EDGE_LOOP('',(#9795,#9796,#9797,#9798));
#1610=EDGE_LOOP('',(#9799,#9800,#9801,#9802));
#1611=EDGE_LOOP('',(#9803,#9804,#9805,#9806));
#1612=EDGE_LOOP('',(#9807,#9808,#9809,#9810));
#1613=EDGE_LOOP('',(#9811,#9812,#9813,#9814));
#1614=EDGE_LOOP('',(#9815,#9816,#9817,#9818));
#1615=EDGE_LOOP('',(#9819,#9820,#9821,#9822));
#1616=EDGE_LOOP('',(#9823,#9824,#9825,#9826));
#1617=EDGE_LOOP('',(#9827,#9828,#9829,#9830));
#1618=EDGE_LOOP('',(#9831,#9832,#9833,#9834));
#1619=EDGE_LOOP('',(#9835,#9836,#9837,#9838));
#1620=EDGE_LOOP('',(#9839,#9840,#9841,#9842));
#1621=EDGE_LOOP('',(#9843,#9844,#9845,#9846));
#1622=EDGE_LOOP('',(#9847,#9848,#9849,#9850));
#1623=EDGE_LOOP('',(#9851,#9852,#9853,#9854));
#1624=EDGE_LOOP('',(#9855,#9856,#9857,#9858));
#1625=EDGE_LOOP('',(#9859,#9860,#9861,#9862));
#1626=EDGE_LOOP('',(#9863,#9864,#9865,#9866));
#1627=EDGE_LOOP('',(#9867,#9868,#9869,#9870));
#1628=EDGE_LOOP('',(#9871,#9872,#9873,#9874));
#1629=EDGE_LOOP('',(#9875,#9876,#9877,#9878));
#1630=EDGE_LOOP('',(#9879,#9880,#9881,#9882));
#1631=EDGE_LOOP('',(#9883,#9884,#9885,#9886));
#1632=EDGE_LOOP('',(#9887,#9888,#9889,#9890));
#1633=EDGE_LOOP('',(#9891,#9892,#9893,#9894));
#1634=EDGE_LOOP('',(#9895,#9896,#9897,#9898));
#1635=EDGE_LOOP('',(#9899,#9900,#9901,#9902));
#1636=EDGE_LOOP('',(#9903,#9904,#9905,#9906));
#1637=EDGE_LOOP('',(#9907,#9908,#9909,#9910));
#1638=EDGE_LOOP('',(#9911,#9912,#9913,#9914));
#1639=EDGE_LOOP('',(#9915,#9916,#9917,#9918));
#1640=EDGE_LOOP('',(#9919,#9920,#9921,#9922));
#1641=EDGE_LOOP('',(#9923,#9924,#9925,#9926));
#1642=EDGE_LOOP('',(#9927,#9928,#9929,#9930));
#1643=EDGE_LOOP('',(#9931,#9932,#9933,#9934));
#1644=EDGE_LOOP('',(#9935,#9936,#9937,#9938));
#1645=EDGE_LOOP('',(#9939,#9940,#9941,#9942));
#1646=EDGE_LOOP('',(#9943,#9944,#9945,#9946));
#1647=EDGE_LOOP('',(#9947,#9948,#9949,#9950));
#1648=EDGE_LOOP('',(#9951,#9952,#9953,#9954));
#1649=EDGE_LOOP('',(#9955,#9956,#9957,#9958));
#1650=EDGE_LOOP('',(#9959,#9960,#9961,#9962));
#1651=EDGE_LOOP('',(#9963,#9964,#9965,#9966));
#1652=EDGE_LOOP('',(#9967,#9968,#9969,#9970));
#1653=EDGE_LOOP('',(#9971,#9972,#9973,#9974));
#1654=EDGE_LOOP('',(#9975,#9976,#9977,#9978));
#1655=EDGE_LOOP('',(#9979,#9980,#9981,#9982));
#1656=EDGE_LOOP('',(#9983,#9984,#9985,#9986));
#1657=EDGE_LOOP('',(#9987,#9988,#9989,#9990));
#1658=EDGE_LOOP('',(#9991,#9992,#9993,#9994));
#1659=EDGE_LOOP('',(#9995,#9996,#9997,#9998));
#1660=EDGE_LOOP('',(#9999,#10000,#10001,#10002));
#1661=EDGE_LOOP('',(#10003,#10004,#10005,#10006));
#1662=EDGE_LOOP('',(#10007,#10008,#10009,#10010));
#1663=EDGE_LOOP('',(#10011,#10012,#10013,#10014));
#1664=EDGE_LOOP('',(#10015,#10016,#10017,#10018));
#1665=EDGE_LOOP('',(#10019,#10020,#10021,#10022));
#1666=EDGE_LOOP('',(#10023,#10024,#10025,#10026));
#1667=EDGE_LOOP('',(#10027,#10028,#10029,#10030));
#1668=EDGE_LOOP('',(#10031,#10032,#10033,#10034));
#1669=EDGE_LOOP('',(#10035,#10036,#10037,#10038));
#1670=EDGE_LOOP('',(#10039,#10040,#10041,#10042));
#1671=EDGE_LOOP('',(#10043,#10044,#10045,#10046));
#1672=EDGE_LOOP('',(#10047,#10048,#10049,#10050));
#1673=EDGE_LOOP('',(#10051,#10052,#10053,#10054));
#1674=EDGE_LOOP('',(#10055,#10056,#10057,#10058));
#1675=EDGE_LOOP('',(#10059,#10060,#10061,#10062));
#1676=EDGE_LOOP('',(#10063,#10064,#10065,#10066));
#1677=EDGE_LOOP('',(#10067,#10068,#10069,#10070));
#1678=EDGE_LOOP('',(#10071,#10072,#10073,#10074));
#1679=EDGE_LOOP('',(#10075,#10076,#10077,#10078));
#1680=EDGE_LOOP('',(#10079,#10080,#10081,#10082));
#1681=EDGE_LOOP('',(#10083,#10084,#10085,#10086));
#1682=EDGE_LOOP('',(#10087,#10088,#10089,#10090));
#1683=EDGE_LOOP('',(#10091,#10092,#10093,#10094));
#1684=EDGE_LOOP('',(#10095,#10096,#10097,#10098));
#1685=EDGE_LOOP('',(#10099,#10100,#10101,#10102));
#1686=EDGE_LOOP('',(#10103,#10104,#10105,#10106));
#1687=EDGE_LOOP('',(#10107,#10108,#10109,#10110));
#1688=EDGE_LOOP('',(#10111,#10112,#10113,#10114));
#1689=EDGE_LOOP('',(#10115,#10116,#10117,#10118));
#1690=EDGE_LOOP('',(#10119,#10120,#10121,#10122));
#1691=EDGE_LOOP('',(#10123,#10124,#10125,#10126));
#1692=EDGE_LOOP('',(#10127,#10128,#10129,#10130));
#1693=EDGE_LOOP('',(#10131,#10132,#10133,#10134));
#1694=EDGE_LOOP('',(#10135,#10136,#10137,#10138));
#1695=EDGE_LOOP('',(#10139,#10140,#10141,#10142));
#1696=EDGE_LOOP('',(#10143,#10144,#10145,#10146));
#1697=EDGE_LOOP('',(#10147,#10148,#10149,#10150));
#1698=EDGE_LOOP('',(#10151,#10152,#10153,#10154));
#1699=EDGE_LOOP('',(#10155,#10156,#10157,#10158));
#1700=EDGE_LOOP('',(#10159,#10160,#10161,#10162));
#1701=EDGE_LOOP('',(#10163,#10164,#10165,#10166));
#1702=EDGE_LOOP('',(#10167,#10168,#10169,#10170));
#1703=EDGE_LOOP('',(#10171,#10172,#10173,#10174));
#1704=EDGE_LOOP('',(#10175,#10176,#10177,#10178));
#1705=EDGE_LOOP('',(#10179,#10180,#10181,#10182));
#1706=EDGE_LOOP('',(#10183,#10184,#10185,#10186));
#1707=EDGE_LOOP('',(#10187,#10188,#10189,#10190));
#1708=EDGE_LOOP('',(#10191,#10192,#10193,#10194));
#1709=EDGE_LOOP('',(#10195,#10196,#10197,#10198));
#1710=EDGE_LOOP('',(#10199,#10200,#10201,#10202));
#1711=EDGE_LOOP('',(#10203,#10204,#10205,#10206));
#1712=EDGE_LOOP('',(#10207,#10208,#10209,#10210));
#1713=EDGE_LOOP('',(#10211,#10212,#10213,#10214));
#1714=EDGE_LOOP('',(#10215,#10216,#10217,#10218));
#1715=EDGE_LOOP('',(#10219,#10220,#10221,#10222));
#1716=EDGE_LOOP('',(#10223,#10224,#10225,#10226));
#1717=EDGE_LOOP('',(#10227,#10228,#10229,#10230));
#1718=EDGE_LOOP('',(#10231,#10232,#10233,#10234));
#1719=EDGE_LOOP('',(#10235,#10236,#10237,#10238));
#1720=EDGE_LOOP('',(#10239,#10240,#10241,#10242));
#1721=EDGE_LOOP('',(#10243,#10244,#10245,#10246));
#1722=EDGE_LOOP('',(#10247,#10248,#10249,#10250));
#1723=EDGE_LOOP('',(#10251,#10252,#10253,#10254));
#1724=EDGE_LOOP('',(#10255,#10256,#10257,#10258));
#1725=EDGE_LOOP('',(#10259,#10260,#10261,#10262));
#1726=EDGE_LOOP('',(#10263,#10264,#10265,#10266));
#1727=EDGE_LOOP('',(#10267,#10268,#10269,#10270));
#1728=EDGE_LOOP('',(#10271,#10272,#10273,#10274));
#1729=EDGE_LOOP('',(#10275,#10276,#10277,#10278));
#1730=EDGE_LOOP('',(#10279,#10280,#10281,#10282));
#1731=EDGE_LOOP('',(#10283,#10284,#10285,#10286));
#1732=EDGE_LOOP('',(#10287,#10288,#10289,#10290));
#1733=EDGE_LOOP('',(#10291,#10292,#10293,#10294));
#1734=EDGE_LOOP('',(#10295,#10296,#10297,#10298));
#1735=EDGE_LOOP('',(#10299,#10300,#10301,#10302));
#1736=EDGE_LOOP('',(#10303,#10304,#10305,#10306));
#1737=EDGE_LOOP('',(#10307,#10308,#10309,#10310));
#1738=EDGE_LOOP('',(#10311,#10312,#10313,#10314));
#1739=EDGE_LOOP('',(#10315,#10316,#10317,#10318));
#1740=EDGE_LOOP('',(#10319,#10320,#10321,#10322));
#1741=EDGE_LOOP('',(#10323,#10324,#10325,#10326));
#1742=EDGE_LOOP('',(#10327,#10328,#10329,#10330));
#1743=EDGE_LOOP('',(#10331,#10332,#10333,#10334));
#1744=EDGE_LOOP('',(#10335,#10336,#10337,#10338));
#1745=EDGE_LOOP('',(#10339,#10340,#10341,#10342));
#1746=EDGE_LOOP('',(#10343,#10344,#10345,#10346));
#1747=EDGE_LOOP('',(#10347,#10348,#10349,#10350));
#1748=EDGE_LOOP('',(#10351,#10352,#10353,#10354));
#1749=EDGE_LOOP('',(#10355,#10356,#10357,#10358));
#1750=EDGE_LOOP('',(#10359,#10360,#10361,#10362));
#1751=EDGE_LOOP('',(#10363,#10364,#10365,#10366));
#1752=EDGE_LOOP('',(#10367,#10368,#10369,#10370));
#1753=EDGE_LOOP('',(#10371,#10372,#10373,#10374));
#1754=EDGE_LOOP('',(#10375,#10376,#10377,#10378));
#1755=EDGE_LOOP('',(#10379,#10380,#10381,#10382));
#1756=EDGE_LOOP('',(#10383,#10384,#10385,#10386));
#1757=EDGE_LOOP('',(#10387,#10388,#10389,#10390));
#1758=EDGE_LOOP('',(#10391,#10392,#10393,#10394));
#1759=EDGE_LOOP('',(#10395,#10396,#10397,#10398));
#1760=EDGE_LOOP('',(#10399,#10400,#10401,#10402));
#1761=EDGE_LOOP('',(#10403,#10404,#10405,#10406));
#1762=EDGE_LOOP('',(#10407,#10408,#10409,#10410));
#1763=EDGE_LOOP('',(#10411,#10412,#10413,#10414));
#1764=EDGE_LOOP('',(#10415,#10416,#10417,#10418));
#1765=EDGE_LOOP('',(#10419,#10420,#10421,#10422));
#1766=EDGE_LOOP('',(#10423,#10424,#10425,#10426));
#1767=EDGE_LOOP('',(#10427,#10428,#10429,#10430));
#1768=EDGE_LOOP('',(#10431,#10432,#10433,#10434));
#1769=EDGE_LOOP('',(#10435,#10436,#10437,#10438));
#1770=EDGE_LOOP('',(#10439,#10440,#10441,#10442));
#1771=EDGE_LOOP('',(#10443,#10444,#10445,#10446));
#1772=EDGE_LOOP('',(#10447,#10448,#10449,#10450));
#1773=EDGE_LOOP('',(#10451,#10452,#10453,#10454));
#1774=EDGE_LOOP('',(#10455,#10456,#10457,#10458));
#1775=EDGE_LOOP('',(#10459,#10460,#10461,#10462));
#1776=EDGE_LOOP('',(#10463,#10464,#10465,#10466));
#1777=EDGE_LOOP('',(#10467,#10468,#10469,#10470));
#1778=EDGE_LOOP('',(#10471,#10472,#10473,#10474));
#1779=EDGE_LOOP('',(#10475,#10476,#10477,#10478));
#1780=EDGE_LOOP('',(#10479,#10480,#10481,#10482));
#1781=EDGE_LOOP('',(#10483,#10484,#10485,#10486));
#1782=LINE('',#14314,#3297);
#1783=LINE('',#14317,#3298);
#1784=LINE('',#14323,#3299);
#1785=LINE('',#14326,#3300);
#1786=LINE('',#14332,#3301);
#1787=LINE('',#14335,#3302);
#1788=LINE('',#14341,#3303);
#1789=LINE('',#14344,#3304);
#1790=LINE('',#14350,#3305);
#1791=LINE('',#14353,#3306);
#1792=LINE('',#14357,#3307);
#1793=LINE('',#14359,#3308);
#1794=LINE('',#14361,#3309);
#1795=LINE('',#14362,#3310);
#1796=LINE('',#14366,#3311);
#1797=LINE('',#14368,#3312);
#1798=LINE('',#14371,#3313);
#1799=LINE('',#14375,#3314);
#1800=LINE('',#14377,#3315);
#1801=LINE('',#14379,#3316);
#1802=LINE('',#14383,#3317);
#1803=LINE('',#14385,#3318);
#1804=LINE('',#14387,#3319);
#1805=LINE('',#14388,#3320);
#1806=LINE('',#14391,#3321);
#1807=LINE('',#14393,#3322);
#1808=LINE('',#14395,#3323);
#1809=LINE('',#14396,#3324);
#1810=LINE('',#14399,#3325);
#1811=LINE('',#14401,#3326);
#1812=LINE('',#14403,#3327);
#1813=LINE('',#14404,#3328);
#1814=LINE('',#14406,#3329);
#1815=LINE('',#14408,#3330);
#1816=LINE('',#14410,#3331);
#1817=LINE('',#14414,#3332);
#1818=LINE('',#14416,#3333);
#1819=LINE('',#14418,#3334);
#1820=LINE('',#14419,#3335);
#1821=LINE('',#14421,#3336);
#1822=LINE('',#14423,#3337);
#1823=LINE('',#14425,#3338);
#1824=LINE('',#14427,#3339);
#1825=LINE('',#14431,#3340);
#1826=LINE('',#14433,#3341);
#1827=LINE('',#14435,#3342);
#1828=LINE('',#14437,#3343);
#1829=LINE('',#14439,#3344);
#1830=LINE('',#14441,#3345);
#1831=LINE('',#14443,#3346);
#1832=LINE('',#14445,#3347);
#1833=LINE('',#14447,#3348);
#1834=LINE('',#14449,#3349);
#1835=LINE('',#14451,#3350);
#1836=LINE('',#14453,#3351);
#1837=LINE('',#14455,#3352);
#1838=LINE('',#14457,#3353);
#1839=LINE('',#14459,#3354);
#1840=LINE('',#14461,#3355);
#1841=LINE('',#14463,#3356);
#1842=LINE('',#14465,#3357);
#1843=LINE('',#14467,#3358);
#1844=LINE('',#14469,#3359);
#1845=LINE('',#14471,#3360);
#1846=LINE('',#14473,#3361);
#1847=LINE('',#14475,#3362);
#1848=LINE('',#14477,#3363);
#1849=LINE('',#14479,#3364);
#1850=LINE('',#14481,#3365);
#1851=LINE('',#14483,#3366);
#1852=LINE('',#14485,#3367);
#1853=LINE('',#14487,#3368);
#1854=LINE('',#14488,#3369);
#1855=LINE('',#14491,#3370);
#1856=LINE('',#14493,#3371);
#1857=LINE('',#14495,#3372);
#1858=LINE('',#14496,#3373);
#1859=LINE('',#14499,#3374);
#1860=LINE('',#14501,#3375);
#1861=LINE('',#14503,#3376);
#1862=LINE('',#14505,#3377);
#1863=LINE('',#14507,#3378);
#1864=LINE('',#14509,#3379);
#1865=LINE('',#14511,#3380);
#1866=LINE('',#14513,#3381);
#1867=LINE('',#14515,#3382);
#1868=LINE('',#14517,#3383);
#1869=LINE('',#14519,#3384);
#1870=LINE('',#14521,#3385);
#1871=LINE('',#14523,#3386);
#1872=LINE('',#14525,#3387);
#1873=LINE('',#14527,#3388);
#1874=LINE('',#14529,#3389);
#1875=LINE('',#14531,#3390);
#1876=LINE('',#14533,#3391);
#1877=LINE('',#14535,#3392);
#1878=LINE('',#14537,#3393);
#1879=LINE('',#14539,#3394);
#1880=LINE('',#14541,#3395);
#1881=LINE('',#14543,#3396);
#1882=LINE('',#14545,#3397);
#1883=LINE('',#14547,#3398);
#1884=LINE('',#14549,#3399);
#1885=LINE('',#14551,#3400);
#1886=LINE('',#14553,#3401);
#1887=LINE('',#14555,#3402);
#1888=LINE('',#14557,#3403);
#1889=LINE('',#14559,#3404);
#1890=LINE('',#14561,#3405);
#1891=LINE('',#14563,#3406);
#1892=LINE('',#14565,#3407);
#1893=LINE('',#14567,#3408);
#1894=LINE('',#14569,#3409);
#1895=LINE('',#14571,#3410);
#1896=LINE('',#14573,#3411);
#1897=LINE('',#14575,#3412);
#1898=LINE('',#14577,#3413);
#1899=LINE('',#14579,#3414);
#1900=LINE('',#14581,#3415);
#1901=LINE('',#14583,#3416);
#1902=LINE('',#14585,#3417);
#1903=LINE('',#14587,#3418);
#1904=LINE('',#14589,#3419);
#1905=LINE('',#14591,#3420);
#1906=LINE('',#14593,#3421);
#1907=LINE('',#14595,#3422);
#1908=LINE('',#14597,#3423);
#1909=LINE('',#14599,#3424);
#1910=LINE('',#14601,#3425);
#1911=LINE('',#14603,#3426);
#1912=LINE('',#14604,#3427);
#1913=LINE('',#14607,#3428);
#1914=LINE('',#14609,#3429);
#1915=LINE('',#14611,#3430);
#1916=LINE('',#14613,#3431);
#1917=LINE('',#14615,#3432);
#1918=LINE('',#14617,#3433);
#1919=LINE('',#14619,#3434);
#1920=LINE('',#14621,#3435);
#1921=LINE('',#14623,#3436);
#1922=LINE('',#14625,#3437);
#1923=LINE('',#14627,#3438);
#1924=LINE('',#14629,#3439);
#1925=LINE('',#14630,#3440);
#1926=LINE('',#14633,#3441);
#1927=LINE('',#14635,#3442);
#1928=LINE('',#14637,#3443);
#1929=LINE('',#14638,#3444);
#1930=LINE('',#14641,#3445);
#1931=LINE('',#14643,#3446);
#1932=LINE('',#14645,#3447);
#1933=LINE('',#14647,#3448);
#1934=LINE('',#14649,#3449);
#1935=LINE('',#14651,#3450);
#1936=LINE('',#14653,#3451);
#1937=LINE('',#14654,#3452);
#1938=LINE('',#14657,#3453);
#1939=LINE('',#14659,#3454);
#1940=LINE('',#14661,#3455);
#1941=LINE('',#14663,#3456);
#1942=LINE('',#14665,#3457);
#1943=LINE('',#14667,#3458);
#1944=LINE('',#14669,#3459);
#1945=LINE('',#14671,#3460);
#1946=LINE('',#14673,#3461);
#1947=LINE('',#14675,#3462);
#1948=LINE('',#14677,#3463);
#1949=LINE('',#14679,#3464);
#1950=LINE('',#14681,#3465);
#1951=LINE('',#14683,#3466);
#1952=LINE('',#14685,#3467);
#1953=LINE('',#14687,#3468);
#1954=LINE('',#14689,#3469);
#1955=LINE('',#14691,#3470);
#1956=LINE('',#14693,#3471);
#1957=LINE('',#14695,#3472);
#1958=LINE('',#14697,#3473);
#1959=LINE('',#14699,#3474);
#1960=LINE('',#14701,#3475);
#1961=LINE('',#14703,#3476);
#1962=LINE('',#14705,#3477);
#1963=LINE('',#14707,#3478);
#1964=LINE('',#14709,#3479);
#1965=LINE('',#14711,#3480);
#1966=LINE('',#14713,#3481);
#1967=LINE('',#14715,#3482);
#1968=LINE('',#14717,#3483);
#1969=LINE('',#14719,#3484);
#1970=LINE('',#14721,#3485);
#1971=LINE('',#14723,#3486);
#1972=LINE('',#14725,#3487);
#1973=LINE('',#14727,#3488);
#1974=LINE('',#14729,#3489);
#1975=LINE('',#14731,#3490);
#1976=LINE('',#14733,#3491);
#1977=LINE('',#14734,#3492);
#1978=LINE('',#14737,#3493);
#1979=LINE('',#14739,#3494);
#1980=LINE('',#14741,#3495);
#1981=LINE('',#14743,#3496);
#1982=LINE('',#14745,#3497);
#1983=LINE('',#14747,#3498);
#1984=LINE('',#14749,#3499);
#1985=LINE('',#14751,#3500);
#1986=LINE('',#14753,#3501);
#1987=LINE('',#14755,#3502);
#1988=LINE('',#14757,#3503);
#1989=LINE('',#14758,#3504);
#1990=LINE('',#14761,#3505);
#1991=LINE('',#14763,#3506);
#1992=LINE('',#14765,#3507);
#1993=LINE('',#14767,#3508);
#1994=LINE('',#14769,#3509);
#1995=LINE('',#14771,#3510);
#1996=LINE('',#14773,#3511);
#1997=LINE('',#14775,#3512);
#1998=LINE('',#14777,#3513);
#1999=LINE('',#14779,#3514);
#2000=LINE('',#14781,#3515);
#2001=LINE('',#14783,#3516);
#2002=LINE('',#14785,#3517);
#2003=LINE('',#14787,#3518);
#2004=LINE('',#14789,#3519);
#2005=LINE('',#14791,#3520);
#2006=LINE('',#14793,#3521);
#2007=LINE('',#14795,#3522);
#2008=LINE('',#14797,#3523);
#2009=LINE('',#14799,#3524);
#2010=LINE('',#14801,#3525);
#2011=LINE('',#14803,#3526);
#2012=LINE('',#14805,#3527);
#2013=LINE('',#14807,#3528);
#2014=LINE('',#14809,#3529);
#2015=LINE('',#14811,#3530);
#2016=LINE('',#14813,#3531);
#2017=LINE('',#14815,#3532);
#2018=LINE('',#14817,#3533);
#2019=LINE('',#14819,#3534);
#2020=LINE('',#14821,#3535);
#2021=LINE('',#14823,#3536);
#2022=LINE('',#14825,#3537);
#2023=LINE('',#14827,#3538);
#2024=LINE('',#14829,#3539);
#2025=LINE('',#14831,#3540);
#2026=LINE('',#14833,#3541);
#2027=LINE('',#14835,#3542);
#2028=LINE('',#14837,#3543);
#2029=LINE('',#14838,#3544);
#2030=LINE('',#14841,#3545);
#2031=LINE('',#14843,#3546);
#2032=LINE('',#14845,#3547);
#2033=LINE('',#14847,#3548);
#2034=LINE('',#14849,#3549);
#2035=LINE('',#14851,#3550);
#2036=LINE('',#14853,#3551);
#2037=LINE('',#14855,#3552);
#2038=LINE('',#14857,#3553);
#2039=LINE('',#14859,#3554);
#2040=LINE('',#14861,#3555);
#2041=LINE('',#14863,#3556);
#2042=LINE('',#14865,#3557);
#2043=LINE('',#14867,#3558);
#2044=LINE('',#14869,#3559);
#2045=LINE('',#14871,#3560);
#2046=LINE('',#14873,#3561);
#2047=LINE('',#14875,#3562);
#2048=LINE('',#14876,#3563);
#2049=LINE('',#14878,#3564);
#2050=LINE('',#14880,#3565);
#2051=LINE('',#14882,#3566);
#2052=LINE('',#14883,#3567);
#2053=LINE('',#14886,#3568);
#2054=LINE('',#14888,#3569);
#2055=LINE('',#14890,#3570);
#2056=LINE('',#14892,#3571);
#2057=LINE('',#14894,#3572);
#2058=LINE('',#14896,#3573);
#2059=LINE('',#14898,#3574);
#2060=LINE('',#14900,#3575);
#2061=LINE('',#14902,#3576);
#2062=LINE('',#14903,#3577);
#2063=LINE('',#14906,#3578);
#2064=LINE('',#14908,#3579);
#2065=LINE('',#14910,#3580);
#2066=LINE('',#14912,#3581);
#2067=LINE('',#14914,#3582);
#2068=LINE('',#14916,#3583);
#2069=LINE('',#14918,#3584);
#2070=LINE('',#14920,#3585);
#2071=LINE('',#14922,#3586);
#2072=LINE('',#14923,#3587);
#2073=LINE('',#14926,#3588);
#2074=LINE('',#14928,#3589);
#2075=LINE('',#14930,#3590);
#2076=LINE('',#14932,#3591);
#2077=LINE('',#14934,#3592);
#2078=LINE('',#14936,#3593);
#2079=LINE('',#14938,#3594);
#2080=LINE('',#14940,#3595);
#2081=LINE('',#14942,#3596);
#2082=LINE('',#14944,#3597);
#2083=LINE('',#14946,#3598);
#2084=LINE('',#14947,#3599);
#2085=LINE('',#14950,#3600);
#2086=LINE('',#14952,#3601);
#2087=LINE('',#14954,#3602);
#2088=LINE('',#14956,#3603);
#2089=LINE('',#14958,#3604);
#2090=LINE('',#14960,#3605);
#2091=LINE('',#14962,#3606);
#2092=LINE('',#14964,#3607);
#2093=LINE('',#14966,#3608);
#2094=LINE('',#14968,#3609);
#2095=LINE('',#14970,#3610);
#2096=LINE('',#14972,#3611);
#2097=LINE('',#14974,#3612);
#2098=LINE('',#14976,#3613);
#2099=LINE('',#14978,#3614);
#2100=LINE('',#14980,#3615);
#2101=LINE('',#14982,#3616);
#2102=LINE('',#14984,#3617);
#2103=LINE('',#14986,#3618);
#2104=LINE('',#14988,#3619);
#2105=LINE('',#14990,#3620);
#2106=LINE('',#14992,#3621);
#2107=LINE('',#14994,#3622);
#2108=LINE('',#14996,#3623);
#2109=LINE('',#14998,#3624);
#2110=LINE('',#15000,#3625);
#2111=LINE('',#15002,#3626);
#2112=LINE('',#15004,#3627);
#2113=LINE('',#15006,#3628);
#2114=LINE('',#15008,#3629);
#2115=LINE('',#15010,#3630);
#2116=LINE('',#15012,#3631);
#2117=LINE('',#15014,#3632);
#2118=LINE('',#15016,#3633);
#2119=LINE('',#15018,#3634);
#2120=LINE('',#15020,#3635);
#2121=LINE('',#15022,#3636);
#2122=LINE('',#15024,#3637);
#2123=LINE('',#15026,#3638);
#2124=LINE('',#15027,#3639);
#2125=LINE('',#15030,#3640);
#2126=LINE('',#15032,#3641);
#2127=LINE('',#15034,#3642);
#2128=LINE('',#15036,#3643);
#2129=LINE('',#15038,#3644);
#2130=LINE('',#15040,#3645);
#2131=LINE('',#15042,#3646);
#2132=LINE('',#15043,#3647);
#2133=LINE('',#15046,#3648);
#2134=LINE('',#15048,#3649);
#2135=LINE('',#15050,#3650);
#2136=LINE('',#15052,#3651);
#2137=LINE('',#15054,#3652);
#2138=LINE('',#15056,#3653);
#2139=LINE('',#15058,#3654);
#2140=LINE('',#15060,#3655);
#2141=LINE('',#15062,#3656);
#2142=LINE('',#15064,#3657);
#2143=LINE('',#15066,#3658);
#2144=LINE('',#15068,#3659);
#2145=LINE('',#15070,#3660);
#2146=LINE('',#15072,#3661);
#2147=LINE('',#15074,#3662);
#2148=LINE('',#15076,#3663);
#2149=LINE('',#15078,#3664);
#2150=LINE('',#15080,#3665);
#2151=LINE('',#15082,#3666);
#2152=LINE('',#15084,#3667);
#2153=LINE('',#15086,#3668);
#2154=LINE('',#15088,#3669);
#2155=LINE('',#15090,#3670);
#2156=LINE('',#15091,#3671);
#2157=LINE('',#15094,#3672);
#2158=LINE('',#15096,#3673);
#2159=LINE('',#15098,#3674);
#2160=LINE('',#15100,#3675);
#2161=LINE('',#15102,#3676);
#2162=LINE('',#15104,#3677);
#2163=LINE('',#15106,#3678);
#2164=LINE('',#15108,#3679);
#2165=LINE('',#15110,#3680);
#2166=LINE('',#15112,#3681);
#2167=LINE('',#15114,#3682);
#2168=LINE('',#15116,#3683);
#2169=LINE('',#15118,#3684);
#2170=LINE('',#15120,#3685);
#2171=LINE('',#15122,#3686);
#2172=LINE('',#15123,#3687);
#2173=LINE('',#15127,#3688);
#2174=LINE('',#15129,#3689);
#2175=LINE('',#15131,#3690);
#2176=LINE('',#15133,#3691);
#2177=LINE('',#15135,#3692);
#2178=LINE('',#15137,#3693);
#2179=LINE('',#15139,#3694);
#2180=LINE('',#15141,#3695);
#2181=LINE('',#15143,#3696);
#2182=LINE('',#15145,#3697);
#2183=LINE('',#15147,#3698);
#2184=LINE('',#15149,#3699);
#2185=LINE('',#15151,#3700);
#2186=LINE('',#15153,#3701);
#2187=LINE('',#15155,#3702);
#2188=LINE('',#15157,#3703);
#2189=LINE('',#15159,#3704);
#2190=LINE('',#15161,#3705);
#2191=LINE('',#15163,#3706);
#2192=LINE('',#15164,#3707);
#2193=LINE('',#15168,#3708);
#2194=LINE('',#15170,#3709);
#2195=LINE('',#15172,#3710);
#2196=LINE('',#15174,#3711);
#2197=LINE('',#15176,#3712);
#2198=LINE('',#15178,#3713);
#2199=LINE('',#15180,#3714);
#2200=LINE('',#15182,#3715);
#2201=LINE('',#15184,#3716);
#2202=LINE('',#15186,#3717);
#2203=LINE('',#15188,#3718);
#2204=LINE('',#15190,#3719);
#2205=LINE('',#15192,#3720);
#2206=LINE('',#15194,#3721);
#2207=LINE('',#15196,#3722);
#2208=LINE('',#15198,#3723);
#2209=LINE('',#15200,#3724);
#2210=LINE('',#15202,#3725);
#2211=LINE('',#15204,#3726);
#2212=LINE('',#15205,#3727);
#2213=LINE('',#15209,#3728);
#2214=LINE('',#15211,#3729);
#2215=LINE('',#15213,#3730);
#2216=LINE('',#15215,#3731);
#2217=LINE('',#15217,#3732);
#2218=LINE('',#15219,#3733);
#2219=LINE('',#15221,#3734);
#2220=LINE('',#15223,#3735);
#2221=LINE('',#15225,#3736);
#2222=LINE('',#15226,#3737);
#2223=LINE('',#15229,#3738);
#2224=LINE('',#15231,#3739);
#2225=LINE('',#15232,#3740);
#2226=LINE('',#15235,#3741);
#2227=LINE('',#15236,#3742);
#2228=LINE('',#15239,#3743);
#2229=LINE('',#15240,#3744);
#2230=LINE('',#15242,#3745);
#2231=LINE('',#15246,#3746);
#2232=LINE('',#15248,#3747);
#2233=LINE('',#15250,#3748);
#2234=LINE('',#15251,#3749);
#2235=LINE('',#15254,#3750);
#2236=LINE('',#15256,#3751);
#2237=LINE('',#15258,#3752);
#2238=LINE('',#15259,#3753);
#2239=LINE('',#15262,#3754);
#2240=LINE('',#15263,#3755);
#2241=LINE('',#15264,#3756);
#2242=LINE('',#15266,#3757);
#2243=LINE('',#15267,#3758);
#2244=LINE('',#15270,#3759);
#2245=LINE('',#15273,#3760);
#2246=LINE('',#15278,#3761);
#2247=LINE('',#15280,#3762);
#2248=LINE('',#15281,#3763);
#2249=LINE('',#15283,#3764);
#2250=LINE('',#15284,#3765);
#2251=LINE('',#15286,#3766);
#2252=LINE('',#15288,#3767);
#2253=LINE('',#15291,#3768);
#2254=LINE('',#15293,#3769);
#2255=LINE('',#15298,#3770);
#2256=LINE('',#15300,#3771);
#2257=LINE('',#15302,#3772);
#2258=LINE('',#15303,#3773);
#2259=LINE('',#15306,#3774);
#2260=LINE('',#15308,#3775);
#2261=LINE('',#15310,#3776);
#2262=LINE('',#15312,#3777);
#2263=LINE('',#15316,#3778);
#2264=LINE('',#15320,#3779);
#2265=LINE('',#15322,#3780);
#2266=LINE('',#15323,#3781);
#2267=LINE('',#15326,#3782);
#2268=LINE('',#15328,#3783);
#2269=LINE('',#15329,#3784);
#2270=LINE('',#15333,#3785);
#2271=LINE('',#15337,#3786);
#2272=LINE('',#15339,#3787);
#2273=LINE('',#15341,#3788);
#2274=LINE('',#15342,#3789);
#2275=LINE('',#15345,#3790);
#2276=LINE('',#15348,#3791);
#2277=LINE('',#15350,#3792);
#2278=LINE('',#15352,#3793);
#2279=LINE('',#15353,#3794);
#2280=LINE('',#15356,#3795);
#2281=LINE('',#15358,#3796);
#2282=LINE('',#15360,#3797);
#2283=LINE('',#15361,#3798);
#2284=LINE('',#15364,#3799);
#2285=LINE('',#15366,#3800);
#2286=LINE('',#15368,#3801);
#2287=LINE('',#15369,#3802);
#2288=LINE('',#15371,#3803);
#2289=LINE('',#15375,#3804);
#2290=LINE('',#15377,#3805);
#2291=LINE('',#15379,#3806);
#2292=LINE('',#15380,#3807);
#2293=LINE('',#15383,#3808);
#2294=LINE('',#15385,#3809);
#2295=LINE('',#15386,#3810);
#2296=LINE('',#15390,#3811);
#2297=LINE('',#15392,#3812);
#2298=LINE('',#15394,#3813);
#2299=LINE('',#15395,#3814);
#2300=LINE('',#15399,#3815);
#2301=LINE('',#15401,#3816);
#2302=LINE('',#15403,#3817);
#2303=LINE('',#15405,#3818);
#2304=LINE('',#15407,#3819);
#2305=LINE('',#15408,#3820);
#2306=LINE('',#15409,#3821);
#2307=LINE('',#15411,#3822);
#2308=LINE('',#15413,#3823);
#2309=LINE('',#15415,#3824);
#2310=LINE('',#15417,#3825);
#2311=LINE('',#15419,#3826);
#2312=LINE('',#15421,#3827);
#2313=LINE('',#15422,#3828);
#2314=LINE('',#15425,#3829);
#2315=LINE('',#15427,#3830);
#2316=LINE('',#15428,#3831);
#2317=LINE('',#15431,#3832);
#2318=LINE('',#15433,#3833);
#2319=LINE('',#15435,#3834);
#2320=LINE('',#15437,#3835);
#2321=LINE('',#15439,#3836);
#2322=LINE('',#15440,#3837);
#2323=LINE('',#15441,#3838);
#2324=LINE('',#15443,#3839);
#2325=LINE('',#15445,#3840);
#2326=LINE('',#15447,#3841);
#2327=LINE('',#15449,#3842);
#2328=LINE('',#15451,#3843);
#2329=LINE('',#15452,#3844);
#2330=LINE('',#15454,#3845);
#2331=LINE('',#15456,#3846);
#2332=LINE('',#15458,#3847);
#2333=LINE('',#15460,#3848);
#2334=LINE('',#15462,#3849);
#2335=LINE('',#15466,#3850);
#2336=LINE('',#15468,#3851);
#2337=LINE('',#15469,#3852);
#2338=LINE('',#15472,#3853);
#2339=LINE('',#15474,#3854);
#2340=LINE('',#15475,#3855);
#2341=LINE('',#15477,#3856);
#2342=LINE('',#15479,#3857);
#2343=LINE('',#15481,#3858);
#2344=LINE('',#15482,#3859);
#2345=LINE('',#15484,#3860);
#2346=LINE('',#15487,#3861);
#2347=LINE('',#15489,#3862);
#2348=LINE('',#15491,#3863);
#2349=LINE('',#15492,#3864);
#2350=LINE('',#15496,#3865);
#2351=LINE('',#15497,#3866);
#2352=LINE('',#15499,#3867);
#2353=LINE('',#15501,#3868);
#2354=LINE('',#15502,#3869);
#2355=LINE('',#15505,#3870);
#2356=LINE('',#15508,#3871);
#2357=LINE('',#15511,#3872);
#2358=LINE('',#15513,#3873);
#2359=LINE('',#15516,#3874);
#2360=LINE('',#15520,#3875);
#2361=LINE('',#15521,#3876);
#2362=LINE('',#15522,#3877);
#2363=LINE('',#15525,#3878);
#2364=LINE('',#15529,#3879);
#2365=LINE('',#15530,#3880);
#2366=LINE('',#15533,#3881);
#2367=LINE('',#15536,#3882);
#2368=LINE('',#15537,#3883);
#2369=LINE('',#15540,#3884);
#2370=LINE('',#15542,#3885);
#2371=LINE('',#15544,#3886);
#2372=LINE('',#15545,#3887);
#2373=LINE('',#15547,#3888);
#2374=LINE('',#15550,#3889);
#2375=LINE('',#15551,#3890);
#2376=LINE('',#15553,#3891);
#2377=LINE('',#15555,#3892);
#2378=LINE('',#15558,#3893);
#2379=LINE('',#15560,#3894);
#2380=LINE('',#15562,#3895);
#2381=LINE('',#15564,#3896);
#2382=LINE('',#15565,#3897);
#2383=LINE('',#15567,#3898);
#2384=LINE('',#15569,#3899);
#2385=LINE('',#15573,#3900);
#2386=LINE('',#15575,#3901);
#2387=LINE('',#15578,#3902);
#2388=LINE('',#15580,#3903);
#2389=LINE('',#15582,#3904);
#2390=LINE('',#15584,#3905);
#2391=LINE('',#15586,#3906);
#2392=LINE('',#15590,#3907);
#2393=LINE('',#15592,#3908);
#2394=LINE('',#15593,#3909);
#2395=LINE('',#15595,#3910);
#2396=LINE('',#15597,#3911);
#2397=LINE('',#15598,#3912);
#2398=LINE('',#15601,#3913);
#2399=LINE('',#15602,#3914);
#2400=LINE('',#15605,#3915);
#2401=LINE('',#15606,#3916);
#2402=LINE('',#15608,#3917);
#2403=LINE('',#15611,#3918);
#2404=LINE('',#15613,#3919);
#2405=LINE('',#15614,#3920);
#2406=LINE('',#15616,#3921);
#2407=LINE('',#15618,#3922);
#2408=LINE('',#15622,#3923);
#2409=LINE('',#15624,#3924);
#2410=LINE('',#15625,#3925);
#2411=LINE('',#15627,#3926);
#2412=LINE('',#15629,#3927);
#2413=LINE('',#15630,#3928);
#2414=LINE('',#15633,#3929);
#2415=LINE('',#15634,#3930);
#2416=LINE('',#15637,#3931);
#2417=LINE('',#15638,#3932);
#2418=LINE('',#15640,#3933);
#2419=LINE('',#15643,#3934);
#2420=LINE('',#15645,#3935);
#2421=LINE('',#15646,#3936);
#2422=LINE('',#15648,#3937);
#2423=LINE('',#15650,#3938);
#2424=LINE('',#15654,#3939);
#2425=LINE('',#15656,#3940);
#2426=LINE('',#15657,#3941);
#2427=LINE('',#15659,#3942);
#2428=LINE('',#15661,#3943);
#2429=LINE('',#15662,#3944);
#2430=LINE('',#15665,#3945);
#2431=LINE('',#15666,#3946);
#2432=LINE('',#15669,#3947);
#2433=LINE('',#15670,#3948);
#2434=LINE('',#15672,#3949);
#2435=LINE('',#15675,#3950);
#2436=LINE('',#15677,#3951);
#2437=LINE('',#15678,#3952);
#2438=LINE('',#15680,#3953);
#2439=LINE('',#15682,#3954);
#2440=LINE('',#15685,#3955);
#2441=LINE('',#15686,#3956);
#2442=LINE('',#15688,#3957);
#2443=LINE('',#15690,#3958);
#2444=LINE('',#15694,#3959);
#2445=LINE('',#15695,#3960);
#2446=LINE('',#15698,#3961);
#2447=LINE('',#15699,#3962);
#2448=LINE('',#15702,#3963);
#2449=LINE('',#15703,#3964);
#2450=LINE('',#15707,#3965);
#2451=LINE('',#15710,#3966);
#2452=LINE('',#15711,#3967);
#2453=LINE('',#15714,#3968);
#2454=LINE('',#15715,#3969);
#2455=LINE('',#15718,#3970);
#2456=LINE('',#15719,#3971);
#2457=LINE('',#15721,#3972);
#2458=LINE('',#15724,#3973);
#2459=LINE('',#15725,#3974);
#2460=LINE('',#15728,#3975);
#2461=LINE('',#15729,#3976);
#2462=LINE('',#15732,#3977);
#2463=LINE('',#15733,#3978);
#2464=LINE('',#15736,#3979);
#2465=LINE('',#15737,#3980);
#2466=LINE('',#15741,#3981);
#2467=LINE('',#15744,#3982);
#2468=LINE('',#15745,#3983);
#2469=LINE('',#15748,#3984);
#2470=LINE('',#15749,#3985);
#2471=LINE('',#15752,#3986);
#2472=LINE('',#15753,#3987);
#2473=LINE('',#15756,#3988);
#2474=LINE('',#15757,#3989);
#2475=LINE('',#15760,#3990);
#2476=LINE('',#15761,#3991);
#2477=LINE('',#15764,#3992);
#2478=LINE('',#15765,#3993);
#2479=LINE('',#15768,#3994);
#2480=LINE('',#15769,#3995);
#2481=LINE('',#15772,#3996);
#2482=LINE('',#15773,#3997);
#2483=LINE('',#15776,#3998);
#2484=LINE('',#15777,#3999);
#2485=LINE('',#15780,#4000);
#2486=LINE('',#15781,#4001);
#2487=LINE('',#15784,#4002);
#2488=LINE('',#15785,#4003);
#2489=LINE('',#15788,#4004);
#2490=LINE('',#15789,#4005);
#2491=LINE('',#15792,#4006);
#2492=LINE('',#15793,#4007);
#2493=LINE('',#15796,#4008);
#2494=LINE('',#15797,#4009);
#2495=LINE('',#15800,#4010);
#2496=LINE('',#15801,#4011);
#2497=LINE('',#15804,#4012);
#2498=LINE('',#15805,#4013);
#2499=LINE('',#15808,#4014);
#2500=LINE('',#15809,#4015);
#2501=LINE('',#15812,#4016);
#2502=LINE('',#15813,#4017);
#2503=LINE('',#15816,#4018);
#2504=LINE('',#15817,#4019);
#2505=LINE('',#15820,#4020);
#2506=LINE('',#15821,#4021);
#2507=LINE('',#15824,#4022);
#2508=LINE('',#15825,#4023);
#2509=LINE('',#15828,#4024);
#2510=LINE('',#15829,#4025);
#2511=LINE('',#15832,#4026);
#2512=LINE('',#15833,#4027);
#2513=LINE('',#15836,#4028);
#2514=LINE('',#15837,#4029);
#2515=LINE('',#15840,#4030);
#2516=LINE('',#15841,#4031);
#2517=LINE('',#15844,#4032);
#2518=LINE('',#15845,#4033);
#2519=LINE('',#15848,#4034);
#2520=LINE('',#15849,#4035);
#2521=LINE('',#15852,#4036);
#2522=LINE('',#15853,#4037);
#2523=LINE('',#15856,#4038);
#2524=LINE('',#15857,#4039);
#2525=LINE('',#15859,#4040);
#2526=LINE('',#15864,#4041);
#2527=LINE('',#15866,#4042);
#2528=LINE('',#15868,#4043);
#2529=LINE('',#15869,#4044);
#2530=LINE('',#15873,#4045);
#2531=LINE('',#15875,#4046);
#2532=LINE('',#15877,#4047);
#2533=LINE('',#15879,#4048);
#2534=LINE('',#15881,#4049);
#2535=LINE('',#15883,#4050);
#2536=LINE('',#15885,#4051);
#2537=LINE('',#15887,#4052);
#2538=LINE('',#15889,#4053);
#2539=LINE('',#15891,#4054);
#2540=LINE('',#15893,#4055);
#2541=LINE('',#15895,#4056);
#2542=LINE('',#15897,#4057);
#2543=LINE('',#15899,#4058);
#2544=LINE('',#15901,#4059);
#2545=LINE('',#15903,#4060);
#2546=LINE('',#15905,#4061);
#2547=LINE('',#15907,#4062);
#2548=LINE('',#15909,#4063);
#2549=LINE('',#15911,#4064);
#2550=LINE('',#15913,#4065);
#2551=LINE('',#15915,#4066);
#2552=LINE('',#15917,#4067);
#2553=LINE('',#15919,#4068);
#2554=LINE('',#15921,#4069);
#2555=LINE('',#15923,#4070);
#2556=LINE('',#15925,#4071);
#2557=LINE('',#15927,#4072);
#2558=LINE('',#15929,#4073);
#2559=LINE('',#15931,#4074);
#2560=LINE('',#15933,#4075);
#2561=LINE('',#15935,#4076);
#2562=LINE('',#15937,#4077);
#2563=LINE('',#15939,#4078);
#2564=LINE('',#15941,#4079);
#2565=LINE('',#15943,#4080);
#2566=LINE('',#15945,#4081);
#2567=LINE('',#15947,#4082);
#2568=LINE('',#15949,#4083);
#2569=LINE('',#15951,#4084);
#2570=LINE('',#15953,#4085);
#2571=LINE('',#15955,#4086);
#2572=LINE('',#15957,#4087);
#2573=LINE('',#15959,#4088);
#2574=LINE('',#15961,#4089);
#2575=LINE('',#15963,#4090);
#2576=LINE('',#15965,#4091);
#2577=LINE('',#15967,#4092);
#2578=LINE('',#15969,#4093);
#2579=LINE('',#15971,#4094);
#2580=LINE('',#15973,#4095);
#2581=LINE('',#15975,#4096);
#2582=LINE('',#15977,#4097);
#2583=LINE('',#15978,#4098);
#2584=LINE('',#15982,#4099);
#2585=LINE('',#15984,#4100);
#2586=LINE('',#15986,#4101);
#2587=LINE('',#15988,#4102);
#2588=LINE('',#15990,#4103);
#2589=LINE('',#15992,#4104);
#2590=LINE('',#15994,#4105);
#2591=LINE('',#15996,#4106);
#2592=LINE('',#15998,#4107);
#2593=LINE('',#16000,#4108);
#2594=LINE('',#16002,#4109);
#2595=LINE('',#16004,#4110);
#2596=LINE('',#16005,#4111);
#2597=LINE('',#16009,#4112);
#2598=LINE('',#16011,#4113);
#2599=LINE('',#16013,#4114);
#2600=LINE('',#16014,#4115);
#2601=LINE('',#16018,#4116);
#2602=LINE('',#16020,#4117);
#2603=LINE('',#16022,#4118);
#2604=LINE('',#16024,#4119);
#2605=LINE('',#16026,#4120);
#2606=LINE('',#16028,#4121);
#2607=LINE('',#16030,#4122);
#2608=LINE('',#16031,#4123);
#2609=LINE('',#16035,#4124);
#2610=LINE('',#16037,#4125);
#2611=LINE('',#16039,#4126);
#2612=LINE('',#16041,#4127);
#2613=LINE('',#16043,#4128);
#2614=LINE('',#16045,#4129);
#2615=LINE('',#16047,#4130);
#2616=LINE('',#16049,#4131);
#2617=LINE('',#16051,#4132);
#2618=LINE('',#16053,#4133);
#2619=LINE('',#16055,#4134);
#2620=LINE('',#16057,#4135);
#2621=LINE('',#16059,#4136);
#2622=LINE('',#16061,#4137);
#2623=LINE('',#16063,#4138);
#2624=LINE('',#16065,#4139);
#2625=LINE('',#16067,#4140);
#2626=LINE('',#16069,#4141);
#2627=LINE('',#16071,#4142);
#2628=LINE('',#16073,#4143);
#2629=LINE('',#16075,#4144);
#2630=LINE('',#16077,#4145);
#2631=LINE('',#16079,#4146);
#2632=LINE('',#16081,#4147);
#2633=LINE('',#16083,#4148);
#2634=LINE('',#16085,#4149);
#2635=LINE('',#16087,#4150);
#2636=LINE('',#16089,#4151);
#2637=LINE('',#16091,#4152);
#2638=LINE('',#16093,#4153);
#2639=LINE('',#16095,#4154);
#2640=LINE('',#16097,#4155);
#2641=LINE('',#16099,#4156);
#2642=LINE('',#16101,#4157);
#2643=LINE('',#16103,#4158);
#2644=LINE('',#16105,#4159);
#2645=LINE('',#16107,#4160);
#2646=LINE('',#16109,#4161);
#2647=LINE('',#16111,#4162);
#2648=LINE('',#16112,#4163);
#2649=LINE('',#16116,#4164);
#2650=LINE('',#16118,#4165);
#2651=LINE('',#16120,#4166);
#2652=LINE('',#16122,#4167);
#2653=LINE('',#16124,#4168);
#2654=LINE('',#16126,#4169);
#2655=LINE('',#16128,#4170);
#2656=LINE('',#16130,#4171);
#2657=LINE('',#16132,#4172);
#2658=LINE('',#16134,#4173);
#2659=LINE('',#16136,#4174);
#2660=LINE('',#16137,#4175);
#2661=LINE('',#16141,#4176);
#2662=LINE('',#16143,#4177);
#2663=LINE('',#16145,#4178);
#2664=LINE('',#16147,#4179);
#2665=LINE('',#16149,#4180);
#2666=LINE('',#16151,#4181);
#2667=LINE('',#16153,#4182);
#2668=LINE('',#16155,#4183);
#2669=LINE('',#16157,#4184);
#2670=LINE('',#16159,#4185);
#2671=LINE('',#16161,#4186);
#2672=LINE('',#16163,#4187);
#2673=LINE('',#16165,#4188);
#2674=LINE('',#16167,#4189);
#2675=LINE('',#16169,#4190);
#2676=LINE('',#16171,#4191);
#2677=LINE('',#16173,#4192);
#2678=LINE('',#16175,#4193);
#2679=LINE('',#16177,#4194);
#2680=LINE('',#16179,#4195);
#2681=LINE('',#16181,#4196);
#2682=LINE('',#16183,#4197);
#2683=LINE('',#16185,#4198);
#2684=LINE('',#16187,#4199);
#2685=LINE('',#16189,#4200);
#2686=LINE('',#16191,#4201);
#2687=LINE('',#16193,#4202);
#2688=LINE('',#16195,#4203);
#2689=LINE('',#16197,#4204);
#2690=LINE('',#16199,#4205);
#2691=LINE('',#16201,#4206);
#2692=LINE('',#16203,#4207);
#2693=LINE('',#16205,#4208);
#2694=LINE('',#16207,#4209);
#2695=LINE('',#16209,#4210);
#2696=LINE('',#16211,#4211);
#2697=LINE('',#16213,#4212);
#2698=LINE('',#16215,#4213);
#2699=LINE('',#16217,#4214);
#2700=LINE('',#16218,#4215);
#2701=LINE('',#16222,#4216);
#2702=LINE('',#16224,#4217);
#2703=LINE('',#16225,#4218);
#2704=LINE('',#16227,#4219);
#2705=LINE('',#16229,#4220);
#2706=LINE('',#16231,#4221);
#2707=LINE('',#16233,#4222);
#2708=LINE('',#16235,#4223);
#2709=LINE('',#16237,#4224);
#2710=LINE('',#16239,#4225);
#2711=LINE('',#16241,#4226);
#2712=LINE('',#16243,#4227);
#2713=LINE('',#16245,#4228);
#2714=LINE('',#16247,#4229);
#2715=LINE('',#16249,#4230);
#2716=LINE('',#16251,#4231);
#2717=LINE('',#16253,#4232);
#2718=LINE('',#16255,#4233);
#2719=LINE('',#16257,#4234);
#2720=LINE('',#16259,#4235);
#2721=LINE('',#16261,#4236);
#2722=LINE('',#16263,#4237);
#2723=LINE('',#16264,#4238);
#2724=LINE('',#16267,#4239);
#2725=LINE('',#16269,#4240);
#2726=LINE('',#16271,#4241);
#2727=LINE('',#16273,#4242);
#2728=LINE('',#16275,#4243);
#2729=LINE('',#16277,#4244);
#2730=LINE('',#16279,#4245);
#2731=LINE('',#16281,#4246);
#2732=LINE('',#16283,#4247);
#2733=LINE('',#16285,#4248);
#2734=LINE('',#16287,#4249);
#2735=LINE('',#16289,#4250);
#2736=LINE('',#16291,#4251);
#2737=LINE('',#16293,#4252);
#2738=LINE('',#16295,#4253);
#2739=LINE('',#16297,#4254);
#2740=LINE('',#16299,#4255);
#2741=LINE('',#16301,#4256);
#2742=LINE('',#16303,#4257);
#2743=LINE('',#16304,#4258);
#2744=LINE('',#16308,#4259);
#2745=LINE('',#16310,#4260);
#2746=LINE('',#16312,#4261);
#2747=LINE('',#16314,#4262);
#2748=LINE('',#16316,#4263);
#2749=LINE('',#16318,#4264);
#2750=LINE('',#16320,#4265);
#2751=LINE('',#16322,#4266);
#2752=LINE('',#16324,#4267);
#2753=LINE('',#16325,#4268);
#2754=LINE('',#16329,#4269);
#2755=LINE('',#16331,#4270);
#2756=LINE('',#16333,#4271);
#2757=LINE('',#16335,#4272);
#2758=LINE('',#16337,#4273);
#2759=LINE('',#16339,#4274);
#2760=LINE('',#16341,#4275);
#2761=LINE('',#16343,#4276);
#2762=LINE('',#16345,#4277);
#2763=LINE('',#16346,#4278);
#2764=LINE('',#16350,#4279);
#2765=LINE('',#16352,#4280);
#2766=LINE('',#16354,#4281);
#2767=LINE('',#16356,#4282);
#2768=LINE('',#16358,#4283);
#2769=LINE('',#16360,#4284);
#2770=LINE('',#16362,#4285);
#2771=LINE('',#16364,#4286);
#2772=LINE('',#16366,#4287);
#2773=LINE('',#16368,#4288);
#2774=LINE('',#16370,#4289);
#2775=LINE('',#16371,#4290);
#2776=LINE('',#16375,#4291);
#2777=LINE('',#16377,#4292);
#2778=LINE('',#16379,#4293);
#2779=LINE('',#16381,#4294);
#2780=LINE('',#16383,#4295);
#2781=LINE('',#16385,#4296);
#2782=LINE('',#16387,#4297);
#2783=LINE('',#16389,#4298);
#2784=LINE('',#16391,#4299);
#2785=LINE('',#16393,#4300);
#2786=LINE('',#16395,#4301);
#2787=LINE('',#16397,#4302);
#2788=LINE('',#16399,#4303);
#2789=LINE('',#16401,#4304);
#2790=LINE('',#16403,#4305);
#2791=LINE('',#16405,#4306);
#2792=LINE('',#16407,#4307);
#2793=LINE('',#16409,#4308);
#2794=LINE('',#16411,#4309);
#2795=LINE('',#16413,#4310);
#2796=LINE('',#16415,#4311);
#2797=LINE('',#16417,#4312);
#2798=LINE('',#16419,#4313);
#2799=LINE('',#16421,#4314);
#2800=LINE('',#16423,#4315);
#2801=LINE('',#16425,#4316);
#2802=LINE('',#16427,#4317);
#2803=LINE('',#16429,#4318);
#2804=LINE('',#16431,#4319);
#2805=LINE('',#16433,#4320);
#2806=LINE('',#16435,#4321);
#2807=LINE('',#16437,#4322);
#2808=LINE('',#16439,#4323);
#2809=LINE('',#16441,#4324);
#2810=LINE('',#16443,#4325);
#2811=LINE('',#16445,#4326);
#2812=LINE('',#16447,#4327);
#2813=LINE('',#16449,#4328);
#2814=LINE('',#16451,#4329);
#2815=LINE('',#16452,#4330);
#2816=LINE('',#16456,#4331);
#2817=LINE('',#16458,#4332);
#2818=LINE('',#16460,#4333);
#2819=LINE('',#16462,#4334);
#2820=LINE('',#16464,#4335);
#2821=LINE('',#16466,#4336);
#2822=LINE('',#16468,#4337);
#2823=LINE('',#16469,#4338);
#2824=LINE('',#16473,#4339);
#2825=LINE('',#16475,#4340);
#2826=LINE('',#16477,#4341);
#2827=LINE('',#16479,#4342);
#2828=LINE('',#16481,#4343);
#2829=LINE('',#16483,#4344);
#2830=LINE('',#16485,#4345);
#2831=LINE('',#16487,#4346);
#2832=LINE('',#16489,#4347);
#2833=LINE('',#16491,#4348);
#2834=LINE('',#16493,#4349);
#2835=LINE('',#16495,#4350);
#2836=LINE('',#16497,#4351);
#2837=LINE('',#16499,#4352);
#2838=LINE('',#16501,#4353);
#2839=LINE('',#16503,#4354);
#2840=LINE('',#16505,#4355);
#2841=LINE('',#16507,#4356);
#2842=LINE('',#16509,#4357);
#2843=LINE('',#16511,#4358);
#2844=LINE('',#16513,#4359);
#2845=LINE('',#16515,#4360);
#2846=LINE('',#16517,#4361);
#2847=LINE('',#16518,#4362);
#2848=LINE('',#16521,#4363);
#2849=LINE('',#16523,#4364);
#2850=LINE('',#16525,#4365);
#2851=LINE('',#16527,#4366);
#2852=LINE('',#16529,#4367);
#2853=LINE('',#16531,#4368);
#2854=LINE('',#16533,#4369);
#2855=LINE('',#16535,#4370);
#2856=LINE('',#16537,#4371);
#2857=LINE('',#16539,#4372);
#2858=LINE('',#16541,#4373);
#2859=LINE('',#16543,#4374);
#2860=LINE('',#16545,#4375);
#2861=LINE('',#16547,#4376);
#2862=LINE('',#16549,#4377);
#2863=LINE('',#16551,#4378);
#2864=LINE('',#16553,#4379);
#2865=LINE('',#16555,#4380);
#2866=LINE('',#16557,#4381);
#2867=LINE('',#16558,#4382);
#2868=LINE('',#16562,#4383);
#2869=LINE('',#16564,#4384);
#2870=LINE('',#16566,#4385);
#2871=LINE('',#16568,#4386);
#2872=LINE('',#16570,#4387);
#2873=LINE('',#16572,#4388);
#2874=LINE('',#16574,#4389);
#2875=LINE('',#16576,#4390);
#2876=LINE('',#16578,#4391);
#2877=LINE('',#16580,#4392);
#2878=LINE('',#16582,#4393);
#2879=LINE('',#16584,#4394);
#2880=LINE('',#16586,#4395);
#2881=LINE('',#16588,#4396);
#2882=LINE('',#16590,#4397);
#2883=LINE('',#16591,#4398);
#2884=LINE('',#16594,#4399);
#2885=LINE('',#16596,#4400);
#2886=LINE('',#16598,#4401);
#2887=LINE('',#16600,#4402);
#2888=LINE('',#16602,#4403);
#2889=LINE('',#16604,#4404);
#2890=LINE('',#16606,#4405);
#2891=LINE('',#16608,#4406);
#2892=LINE('',#16610,#4407);
#2893=LINE('',#16611,#4408);
#2894=LINE('',#16613,#4409);
#2895=LINE('',#16614,#4410);
#2896=LINE('',#16616,#4411);
#2897=LINE('',#16618,#4412);
#2898=LINE('',#16621,#4413);
#2899=LINE('',#16622,#4414);
#2900=LINE('',#16624,#4415);
#2901=LINE('',#16626,#4416);
#2902=LINE('',#16628,#4417);
#2903=LINE('',#16630,#4418);
#2904=LINE('',#16632,#4419);
#2905=LINE('',#16634,#4420);
#2906=LINE('',#16636,#4421);
#2907=LINE('',#16638,#4422);
#2908=LINE('',#16640,#4423);
#2909=LINE('',#16642,#4424);
#2910=LINE('',#16644,#4425);
#2911=LINE('',#16646,#4426);
#2912=LINE('',#16648,#4427);
#2913=LINE('',#16650,#4428);
#2914=LINE('',#16652,#4429);
#2915=LINE('',#16654,#4430);
#2916=LINE('',#16656,#4431);
#2917=LINE('',#16658,#4432);
#2918=LINE('',#16660,#4433);
#2919=LINE('',#16662,#4434);
#2920=LINE('',#16664,#4435);
#2921=LINE('',#16666,#4436);
#2922=LINE('',#16668,#4437);
#2923=LINE('',#16670,#4438);
#2924=LINE('',#16672,#4439);
#2925=LINE('',#16674,#4440);
#2926=LINE('',#16676,#4441);
#2927=LINE('',#16678,#4442);
#2928=LINE('',#16680,#4443);
#2929=LINE('',#16682,#4444);
#2930=LINE('',#16684,#4445);
#2931=LINE('',#16686,#4446);
#2932=LINE('',#16688,#4447);
#2933=LINE('',#16690,#4448);
#2934=LINE('',#16692,#4449);
#2935=LINE('',#16694,#4450);
#2936=LINE('',#16696,#4451);
#2937=LINE('',#16698,#4452);
#2938=LINE('',#16700,#4453);
#2939=LINE('',#16702,#4454);
#2940=LINE('',#16704,#4455);
#2941=LINE('',#16706,#4456);
#2942=LINE('',#16708,#4457);
#2943=LINE('',#16710,#4458);
#2944=LINE('',#16712,#4459);
#2945=LINE('',#16714,#4460);
#2946=LINE('',#16716,#4461);
#2947=LINE('',#16718,#4462);
#2948=LINE('',#16720,#4463);
#2949=LINE('',#16722,#4464);
#2950=LINE('',#16724,#4465);
#2951=LINE('',#16726,#4466);
#2952=LINE('',#16729,#4467);
#2953=LINE('',#16730,#4468);
#2954=LINE('',#16732,#4469);
#2955=LINE('',#16734,#4470);
#2956=LINE('',#16736,#4471);
#2957=LINE('',#16738,#4472);
#2958=LINE('',#16740,#4473);
#2959=LINE('',#16742,#4474);
#2960=LINE('',#16744,#4475);
#2961=LINE('',#16746,#4476);
#2962=LINE('',#16748,#4477);
#2963=LINE('',#16750,#4478);
#2964=LINE('',#16752,#4479);
#2965=LINE('',#16755,#4480);
#2966=LINE('',#16756,#4481);
#2967=LINE('',#16758,#4482);
#2968=LINE('',#16760,#4483);
#2969=LINE('',#16763,#4484);
#2970=LINE('',#16764,#4485);
#2971=LINE('',#16766,#4486);
#2972=LINE('',#16768,#4487);
#2973=LINE('',#16770,#4488);
#2974=LINE('',#16772,#4489);
#2975=LINE('',#16774,#4490);
#2976=LINE('',#16776,#4491);
#2977=LINE('',#16779,#4492);
#2978=LINE('',#16780,#4493);
#2979=LINE('',#16782,#4494);
#2980=LINE('',#16784,#4495);
#2981=LINE('',#16786,#4496);
#2982=LINE('',#16788,#4497);
#2983=LINE('',#16790,#4498);
#2984=LINE('',#16792,#4499);
#2985=LINE('',#16794,#4500);
#2986=LINE('',#16796,#4501);
#2987=LINE('',#16798,#4502);
#2988=LINE('',#16800,#4503);
#2989=LINE('',#16802,#4504);
#2990=LINE('',#16804,#4505);
#2991=LINE('',#16806,#4506);
#2992=LINE('',#16808,#4507);
#2993=LINE('',#16810,#4508);
#2994=LINE('',#16812,#4509);
#2995=LINE('',#16814,#4510);
#2996=LINE('',#16816,#4511);
#2997=LINE('',#16818,#4512);
#2998=LINE('',#16820,#4513);
#2999=LINE('',#16822,#4514);
#3000=LINE('',#16824,#4515);
#3001=LINE('',#16826,#4516);
#3002=LINE('',#16828,#4517);
#3003=LINE('',#16830,#4518);
#3004=LINE('',#16832,#4519);
#3005=LINE('',#16834,#4520);
#3006=LINE('',#16836,#4521);
#3007=LINE('',#16838,#4522);
#3008=LINE('',#16840,#4523);
#3009=LINE('',#16842,#4524);
#3010=LINE('',#16844,#4525);
#3011=LINE('',#16846,#4526);
#3012=LINE('',#16848,#4527);
#3013=LINE('',#16850,#4528);
#3014=LINE('',#16852,#4529);
#3015=LINE('',#16854,#4530);
#3016=LINE('',#16856,#4531);
#3017=LINE('',#16859,#4532);
#3018=LINE('',#16860,#4533);
#3019=LINE('',#16862,#4534);
#3020=LINE('',#16864,#4535);
#3021=LINE('',#16866,#4536);
#3022=LINE('',#16868,#4537);
#3023=LINE('',#16870,#4538);
#3024=LINE('',#16872,#4539);
#3025=LINE('',#16874,#4540);
#3026=LINE('',#16876,#4541);
#3027=LINE('',#16878,#4542);
#3028=LINE('',#16880,#4543);
#3029=LINE('',#16883,#4544);
#3030=LINE('',#16884,#4545);
#3031=LINE('',#16886,#4546);
#3032=LINE('',#16888,#4547);
#3033=LINE('',#16890,#4548);
#3034=LINE('',#16892,#4549);
#3035=LINE('',#16894,#4550);
#3036=LINE('',#16896,#4551);
#3037=LINE('',#16898,#4552);
#3038=LINE('',#16900,#4553);
#3039=LINE('',#16902,#4554);
#3040=LINE('',#16904,#4555);
#3041=LINE('',#16906,#4556);
#3042=LINE('',#16908,#4557);
#3043=LINE('',#16910,#4558);
#3044=LINE('',#16912,#4559);
#3045=LINE('',#16914,#4560);
#3046=LINE('',#16916,#4561);
#3047=LINE('',#16918,#4562);
#3048=LINE('',#16920,#4563);
#3049=LINE('',#16922,#4564);
#3050=LINE('',#16924,#4565);
#3051=LINE('',#16926,#4566);
#3052=LINE('',#16928,#4567);
#3053=LINE('',#16930,#4568);
#3054=LINE('',#16932,#4569);
#3055=LINE('',#16934,#4570);
#3056=LINE('',#16936,#4571);
#3057=LINE('',#16938,#4572);
#3058=LINE('',#16940,#4573);
#3059=LINE('',#16942,#4574);
#3060=LINE('',#16944,#4575);
#3061=LINE('',#16946,#4576);
#3062=LINE('',#16948,#4577);
#3063=LINE('',#16950,#4578);
#3064=LINE('',#16952,#4579);
#3065=LINE('',#16954,#4580);
#3066=LINE('',#16956,#4581);
#3067=LINE('',#16958,#4582);
#3068=LINE('',#16960,#4583);
#3069=LINE('',#16963,#4584);
#3070=LINE('',#16964,#4585);
#3071=LINE('',#16966,#4586);
#3072=LINE('',#16968,#4587);
#3073=LINE('',#16970,#4588);
#3074=LINE('',#16972,#4589);
#3075=LINE('',#16974,#4590);
#3076=LINE('',#16976,#4591);
#3077=LINE('',#16978,#4592);
#3078=LINE('',#16980,#4593);
#3079=LINE('',#16982,#4594);
#3080=LINE('',#16984,#4595);
#3081=LINE('',#16986,#4596);
#3082=LINE('',#16988,#4597);
#3083=LINE('',#16990,#4598);
#3084=LINE('',#16992,#4599);
#3085=LINE('',#16994,#4600);
#3086=LINE('',#16996,#4601);
#3087=LINE('',#16998,#4602);
#3088=LINE('',#17000,#4603);
#3089=LINE('',#17003,#4604);
#3090=LINE('',#17004,#4605);
#3091=LINE('',#17006,#4606);
#3092=LINE('',#17008,#4607);
#3093=LINE('',#17010,#4608);
#3094=LINE('',#17012,#4609);
#3095=LINE('',#17014,#4610);
#3096=LINE('',#17016,#4611);
#3097=LINE('',#17018,#4612);
#3098=LINE('',#17020,#4613);
#3099=LINE('',#17022,#4614);
#3100=LINE('',#17024,#4615);
#3101=LINE('',#17026,#4616);
#3102=LINE('',#17028,#4617);
#3103=LINE('',#17030,#4618);
#3104=LINE('',#17032,#4619);
#3105=LINE('',#17034,#4620);
#3106=LINE('',#17036,#4621);
#3107=LINE('',#17038,#4622);
#3108=LINE('',#17040,#4623);
#3109=LINE('',#17043,#4624);
#3110=LINE('',#17045,#4625);
#3111=LINE('',#17048,#4626);
#3112=LINE('',#17049,#4627);
#3113=LINE('',#17051,#4628);
#3114=LINE('',#17053,#4629);
#3115=LINE('',#17055,#4630);
#3116=LINE('',#17057,#4631);
#3117=LINE('',#17059,#4632);
#3118=LINE('',#17061,#4633);
#3119=LINE('',#17063,#4634);
#3120=LINE('',#17065,#4635);
#3121=LINE('',#17068,#4636);
#3122=LINE('',#17069,#4637);
#3123=LINE('',#17071,#4638);
#3124=LINE('',#17073,#4639);
#3125=LINE('',#17075,#4640);
#3126=LINE('',#17077,#4641);
#3127=LINE('',#17079,#4642);
#3128=LINE('',#17081,#4643);
#3129=LINE('',#17083,#4644);
#3130=LINE('',#17085,#4645);
#3131=LINE('',#17088,#4646);
#3132=LINE('',#17089,#4647);
#3133=LINE('',#17091,#4648);
#3134=LINE('',#17093,#4649);
#3135=LINE('',#17095,#4650);
#3136=LINE('',#17097,#4651);
#3137=LINE('',#17099,#4652);
#3138=LINE('',#17101,#4653);
#3139=LINE('',#17103,#4654);
#3140=LINE('',#17105,#4655);
#3141=LINE('',#17107,#4656);
#3142=LINE('',#17109,#4657);
#3143=LINE('',#17112,#4658);
#3144=LINE('',#17113,#4659);
#3145=LINE('',#17115,#4660);
#3146=LINE('',#17117,#4661);
#3147=LINE('',#17119,#4662);
#3148=LINE('',#17121,#4663);
#3149=LINE('',#17123,#4664);
#3150=LINE('',#17125,#4665);
#3151=LINE('',#17127,#4666);
#3152=LINE('',#17129,#4667);
#3153=LINE('',#17131,#4668);
#3154=LINE('',#17133,#4669);
#3155=LINE('',#17135,#4670);
#3156=LINE('',#17137,#4671);
#3157=LINE('',#17139,#4672);
#3158=LINE('',#17141,#4673);
#3159=LINE('',#17143,#4674);
#3160=LINE('',#17145,#4675);
#3161=LINE('',#17147,#4676);
#3162=LINE('',#17149,#4677);
#3163=LINE('',#17151,#4678);
#3164=LINE('',#17153,#4679);
#3165=LINE('',#17155,#4680);
#3166=LINE('',#17157,#4681);
#3167=LINE('',#17159,#4682);
#3168=LINE('',#17161,#4683);
#3169=LINE('',#17163,#4684);
#3170=LINE('',#17165,#4685);
#3171=LINE('',#17167,#4686);
#3172=LINE('',#17169,#4687);
#3173=LINE('',#17171,#4688);
#3174=LINE('',#17173,#4689);
#3175=LINE('',#17175,#4690);
#3176=LINE('',#17177,#4691);
#3177=LINE('',#17179,#4692);
#3178=LINE('',#17181,#4693);
#3179=LINE('',#17183,#4694);
#3180=LINE('',#17185,#4695);
#3181=LINE('',#17187,#4696);
#3182=LINE('',#17189,#4697);
#3183=LINE('',#17192,#4698);
#3184=LINE('',#17193,#4699);
#3185=LINE('',#17195,#4700);
#3186=LINE('',#17197,#4701);
#3187=LINE('',#17199,#4702);
#3188=LINE('',#17201,#4703);
#3189=LINE('',#17203,#4704);
#3190=LINE('',#17205,#4705);
#3191=LINE('',#17208,#4706);
#3192=LINE('',#17209,#4707);
#3193=LINE('',#17211,#4708);
#3194=LINE('',#17213,#4709);
#3195=LINE('',#17215,#4710);
#3196=LINE('',#17217,#4711);
#3197=LINE('',#17219,#4712);
#3198=LINE('',#17221,#4713);
#3199=LINE('',#17223,#4714);
#3200=LINE('',#17225,#4715);
#3201=LINE('',#17227,#4716);
#3202=LINE('',#17229,#4717);
#3203=LINE('',#17231,#4718);
#3204=LINE('',#17233,#4719);
#3205=LINE('',#17235,#4720);
#3206=LINE('',#17237,#4721);
#3207=LINE('',#17239,#4722);
#3208=LINE('',#17241,#4723);
#3209=LINE('',#17243,#4724);
#3210=LINE('',#17245,#4725);
#3211=LINE('',#17248,#4726);
#3212=LINE('',#17249,#4727);
#3213=LINE('',#17251,#4728);
#3214=LINE('',#17253,#4729);
#3215=LINE('',#17255,#4730);
#3216=LINE('',#17257,#4731);
#3217=LINE('',#17259,#4732);
#3218=LINE('',#17261,#4733);
#3219=LINE('',#17263,#4734);
#3220=LINE('',#17265,#4735);
#3221=LINE('',#17267,#4736);
#3222=LINE('',#17269,#4737);
#3223=LINE('',#17271,#4738);
#3224=LINE('',#17273,#4739);
#3225=LINE('',#17275,#4740);
#3226=LINE('',#17277,#4741);
#3227=LINE('',#17279,#4742);
#3228=LINE('',#17281,#4743);
#3229=LINE('',#17283,#4744);
#3230=LINE('',#17285,#4745);
#3231=LINE('',#17287,#4746);
#3232=LINE('',#17289,#4747);
#3233=LINE('',#17291,#4748);
#3234=LINE('',#17293,#4749);
#3235=LINE('',#17296,#4750);
#3236=LINE('',#17297,#4751);
#3237=LINE('',#17299,#4752);
#3238=LINE('',#17301,#4753);
#3239=LINE('',#17303,#4754);
#3240=LINE('',#17305,#4755);
#3241=LINE('',#17307,#4756);
#3242=LINE('',#17309,#4757);
#3243=LINE('',#17311,#4758);
#3244=LINE('',#17313,#4759);
#3245=LINE('',#17315,#4760);
#3246=LINE('',#17317,#4761);
#3247=LINE('',#17319,#4762);
#3248=LINE('',#17321,#4763);
#3249=LINE('',#17323,#4764);
#3250=LINE('',#17325,#4765);
#3251=LINE('',#17328,#4766);
#3252=LINE('',#17329,#4767);
#3253=LINE('',#17331,#4768);
#3254=LINE('',#17333,#4769);
#3255=LINE('',#17335,#4770);
#3256=LINE('',#17337,#4771);
#3257=LINE('',#17339,#4772);
#3258=LINE('',#17341,#4773);
#3259=LINE('',#17343,#4774);
#3260=LINE('',#17345,#4775);
#3261=LINE('',#17350,#4776);
#3262=LINE('',#17352,#4777);
#3263=LINE('',#17354,#4778);
#3264=LINE('',#17355,#4779);
#3265=LINE('',#17358,#4780);
#3266=LINE('',#17360,#4781);
#3267=LINE('',#17361,#4782);
#3268=LINE('',#17364,#4783);
#3269=LINE('',#17365,#4784);
#3270=LINE('',#17368,#4785);
#3271=LINE('',#17369,#4786);
#3272=LINE('',#17371,#4787);
#3273=LINE('',#17376,#4788);
#3274=LINE('',#17378,#4789);
#3275=LINE('',#17380,#4790);
#3276=LINE('',#17381,#4791);
#3277=LINE('',#17384,#4792);
#3278=LINE('',#17386,#4793);
#3279=LINE('',#17387,#4794);
#3280=LINE('',#17390,#4795);
#3281=LINE('',#17391,#4796);
#3282=LINE('',#17394,#4797);
#3283=LINE('',#17395,#4798);
#3284=LINE('',#17397,#4799);
#3285=LINE('',#17402,#4800);
#3286=LINE('',#17404,#4801);
#3287=LINE('',#17406,#4802);
#3288=LINE('',#17407,#4803);
#3289=LINE('',#17411,#4804);
#3290=LINE('',#17412,#4805);
#3291=LINE('',#17413,#4806);
#3292=LINE('',#17416,#4807);
#3293=LINE('',#17417,#4808);
#3294=LINE('',#17420,#4809);
#3295=LINE('',#17421,#4810);
#3296=LINE('',#17423,#4811);
#3297=VECTOR('',#11647,0.05);
#3298=VECTOR('',#11650,0.05);
#3299=VECTOR('',#11655,0.05);
#3300=VECTOR('',#11658,0.05);
#3301=VECTOR('',#11663,0.8);
#3302=VECTOR('',#11666,0.8);
#3303=VECTOR('',#11671,0.8);
#3304=VECTOR('',#11674,0.8);
#3305=VECTOR('',#11679,0.8);
#3306=VECTOR('',#11682,0.8);
#3307=VECTOR('',#11685,0.05);
#3308=VECTOR('',#11686,0.01684250353576);
#3309=VECTOR('',#11687,0.05);
#3310=VECTOR('',#11688,0.01684250353576);
#3311=VECTOR('',#11691,1.9);
#3312=VECTOR('',#11692,1.75);
#3313=VECTOR('',#11695,1.75);
#3314=VECTOR('',#11698,4.7);
#3315=VECTOR('',#11699,5.5);
#3316=VECTOR('',#11700,1.8);
#3317=VECTOR('',#11703,1.8);
#3318=VECTOR('',#11704,5.5);
#3319=VECTOR('',#11705,4.7);
#3320=VECTOR('',#11706,13.);
#3321=VECTOR('',#11707,2.360095132609);
#3322=VECTOR('',#11708,1.557662787522);
#3323=VECTOR('',#11709,2.360095132609);
#3324=VECTOR('',#11710,1.557662787522);
#3325=VECTOR('',#11711,2.360095132609);
#3326=VECTOR('',#11712,1.557662787522);
#3327=VECTOR('',#11713,2.360095132609);
#3328=VECTOR('',#11714,1.557662787522);
#3329=VECTOR('',#11715,0.2075592684582);
#3330=VECTOR('',#11716,0.1578834191743);
#3331=VECTOR('',#11717,0.2085032360132);
#3332=VECTOR('',#11720,0.1501071960575);
#3333=VECTOR('',#11721,0.2621165808257);
#3334=VECTOR('',#11722,0.1578834191743);
#3335=VECTOR('',#11723,0.3048234516686);
#3336=VECTOR('',#11724,0.2024985906903);
#3337=VECTOR('',#11725,0.1878546496212);
#3338=VECTOR('',#11726,0.1619107852158);
#3339=VECTOR('',#11727,0.3003411941018);
#3340=VECTOR('',#11730,0.9546272444239);
#3341=VECTOR('',#11731,0.4804379816925);
#3342=VECTOR('',#11732,0.111200656766);
#3343=VECTOR('',#11733,0.3651995584571);
#3344=VECTOR('',#11734,0.155);
#3345=VECTOR('',#11735,0.8658122986976);
#3346=VECTOR('',#11736,0.235);
#3347=VECTOR('',#11737,0.4834917429098);
#3348=VECTOR('',#11738,0.5735766566542);
#3349=VECTOR('',#11739,0.19);
#3350=VECTOR('',#11740,0.4200462100456);
#3351=VECTOR('',#11741,0.4504426033725);
#3352=VECTOR('',#11742,0.2);
#3353=VECTOR('',#11743,0.6237484831177);
#3354=VECTOR('',#11744,0.4909936316312);
#3355=VECTOR('',#11745,0.19);
#3356=VECTOR('',#11746,0.3374631850226);
#3357=VECTOR('',#11747,0.3618835070253);
#3358=VECTOR('',#11748,0.565);
#3359=VECTOR('',#11749,0.2930542963572);
#3360=VECTOR('',#11750,0.4446327264241);
#3361=VECTOR('',#11751,0.24);
#3362=VECTOR('',#11752,0.5504484578583);
#3363=VECTOR('',#11753,0.5567152016199);
#3364=VECTOR('',#11754,0.11);
#3365=VECTOR('',#11755,0.8709053122193);
#3366=VECTOR('',#11756,0.155);
#3367=VECTOR('',#11757,0.7486729876973);
#3368=VECTOR('',#11758,0.42);
#3369=VECTOR('',#11759,0.1746282961113);
#3370=VECTOR('',#11760,0.02);
#3371=VECTOR('',#11761,2.525);
#3372=VECTOR('',#11762,0.02);
#3373=VECTOR('',#11763,2.525);
#3374=VECTOR('',#11764,0.0225);
#3375=VECTOR('',#11765,0.01913712882608);
#3376=VECTOR('',#11766,0.01684247487028);
#3377=VECTOR('',#11767,0.0214400672283);
#3378=VECTOR('',#11768,0.01705656252724);
#3379=VECTOR('',#11769,0.01914893388748);
#3380=VECTOR('',#11770,0.01705656011825);
#3381=VECTOR('',#11771,0.02144006818654);
#3382=VECTOR('',#11772,0.01684247532771);
#3383=VECTOR('',#11773,0.01913712889317);
#3384=VECTOR('',#11774,0.03000000357628);
#3385=VECTOR('',#11775,0.01913712889317);
#3386=VECTOR('',#11776,0.0219901775163);
#3387=VECTOR('',#11777,0.02220910467928);
#3388=VECTOR('',#11778,0.01577145424543);
#3389=VECTOR('',#11779,0.0225);
#3390=VECTOR('',#11780,0.01208585512673);
#3391=VECTOR('',#11781,0.01608004858461);
#3392=VECTOR('',#11782,0.01548118987478);
#3393=VECTOR('',#11783,0.03000000357628);
#3394=VECTOR('',#11784,0.01548119247362);
#3395=VECTOR('',#11785,0.01360998192995);
#3396=VECTOR('',#11786,0.01372061564076);
#3397=VECTOR('',#11787,0.01148936033249);
#3398=VECTOR('',#11788,0.01372062013281);
#3399=VECTOR('',#11789,0.01360998042042);
#3400=VECTOR('',#11790,0.01548119247362);
#3401=VECTOR('',#11791,0.0225);
#3402=VECTOR('',#11792,0.01548119247362);
#3403=VECTOR('',#11793,0.01684247725907);
#3404=VECTOR('',#11794,0.02144006253695);
#3405=VECTOR('',#11795,0.01577145432515);
#3406=VECTOR('',#11796,0.01531915783882);
#3407=VECTOR('',#11797,0.01577145432515);
#3408=VECTOR('',#11798,0.02144006253695);
#3409=VECTOR('',#11799,0.01684247725907);
#3410=VECTOR('',#11800,0.01548119247362);
#3411=VECTOR('',#11801,0.01874999821186);
#3412=VECTOR('',#11802,0.01913713408198);
#3413=VECTOR('',#11803,0.01889458370966);
#3414=VECTOR('',#11804,0.01900628233447);
#3415=VECTOR('',#11805,0.01208585429449);
#3416=VECTOR('',#11806,0.0225);
#3417=VECTOR('',#11807,0.008528278854626);
#3418=VECTOR('',#11808,0.01072003361415);
#3419=VECTOR('',#11809,0.01188400799653);
#3420=VECTOR('',#11810,0.0225);
#3421=VECTOR('',#11811,0.01188401307476);
#3422=VECTOR('',#11812,0.01360998263754);
#3423=VECTOR('',#11813,0.01208586532605);
#3424=VECTOR('',#11814,0.007659573554991);
#3425=VECTOR('',#11815,0.01208585512673);
#3426=VECTOR('',#11816,0.01360998263754);
#3427=VECTOR('',#11817,0.01188401307476);
#3428=VECTOR('',#11818,0.0225);
#3429=VECTOR('',#11819,0.1396962138356);
#3430=VECTOR('',#11820,0.1410984823832);
#3431=VECTOR('',#11821,0.03000001430512);
#3432=VECTOR('',#11822,0.1410984823832);
#3433=VECTOR('',#11823,0.1396962138356);
#3434=VECTOR('',#11824,0.0225);
#3435=VECTOR('',#11825,0.1824828747331);
#3436=VECTOR('',#11826,0.03000001430511);
#3437=VECTOR('',#11827,0.1485918538124);
#3438=VECTOR('',#11828,0.1485918538124);
#3439=VECTOR('',#11829,0.03000001430511);
#3440=VECTOR('',#11830,0.1824828747331);
#3441=VECTOR('',#11831,0.0225);
#3442=VECTOR('',#11832,0.18);
#3443=VECTOR('',#11833,0.0225);
#3444=VECTOR('',#11834,0.18);
#3445=VECTOR('',#11835,0.0225);
#3446=VECTOR('',#11836,0.1608510661125);
#3447=VECTOR('',#11837,0.06000002861023);
#3448=VECTOR('',#11838,0.01914893388748);
#3449=VECTOR('',#11839,0.1425000143051);
#3450=VECTOR('',#11840,0.01914893388748);
#3451=VECTOR('',#11841,0.05999998569489);
#3452=VECTOR('',#11842,0.1608510661125);
#3453=VECTOR('',#11843,0.01577145081751);
#3454=VECTOR('',#11844,0.01372062737001);
#3455=VECTOR('',#11845,0.01360998192995);
#3456=VECTOR('',#11846,0.01548117688058);
#3457=VECTOR('',#11847,0.03375);
#3458=VECTOR('',#11848,0.01548117688058);
#3459=VECTOR('',#11849,0.01361001740376);
#3460=VECTOR('',#11850,0.01208583764989);
#3461=VECTOR('',#11851,0.0225);
#3462=VECTOR('',#11852,0.0195126585221);
#3463=VECTOR('',#11853,0.02144008319886);
#3464=VECTOR('',#11854,0.01684246577255);
#3465=VECTOR('',#11855,0.01913714466087);
#3466=VECTOR('',#11856,0.03375);
#3467=VECTOR('',#11857,0.01913714466087);
#3468=VECTOR('',#11858,0.01684246577255);
#3469=VECTOR('',#11859,0.02144005317422);
#3470=VECTOR('',#11860,0.01705656955348);
#3471=VECTOR('',#11861,0.0195126641374);
#3472=VECTOR('',#11862,0.05744680702686);
#3473=VECTOR('',#11863,0.01951267466624);
#3474=VECTOR('',#11864,0.01705656714448);
#3475=VECTOR('',#11865,0.02144005221598);
#3476=VECTOR('',#11866,0.01684246531512);
#3477=VECTOR('',#11867,0.01913714459378);
#3478=VECTOR('',#11868,0.03375);
#3479=VECTOR('',#11869,0.01913714459378);
#3480=VECTOR('',#11870,0.01684246531512);
#3481=VECTOR('',#11871,0.02144008224063);
#3482=VECTOR('',#11872,0.01951266641873);
#3483=VECTOR('',#11873,0.0225);
#3484=VECTOR('',#11874,0.01208584784923);
#3485=VECTOR('',#11875,0.01361001589424);
#3486=VECTOR('',#11876,0.01548117688058);
#3487=VECTOR('',#11877,0.03375);
#3488=VECTOR('',#11878,0.01548117688058);
#3489=VECTOR('',#11879,0.01360998042042);
#3490=VECTOR('',#11880,0.01372063635411);
#3491=VECTOR('',#11881,0.01577145081751);
#3492=VECTOR('',#11882,0.05744680702686);
#3493=VECTOR('',#11883,0.0225);
#3494=VECTOR('',#11884,0.07276595950127);
#3495=VECTOR('',#11885,0.1049999427795);
#3496=VECTOR('',#11886,0.07276595950127);
#3497=VECTOR('',#11887,0.0225);
#3498=VECTOR('',#11888,0.18);
#3499=VECTOR('',#11889,0.0225);
#3500=VECTOR('',#11890,0.08425531983375);
#3501=VECTOR('',#11891,0.1049999427795);
#3502=VECTOR('',#11892,0.08425531983375);
#3503=VECTOR('',#11893,0.0225);
#3504=VECTOR('',#11894,0.18);
#3505=VECTOR('',#11895,0.01577144061356);
#3506=VECTOR('',#11896,0.01372065082858);
#3507=VECTOR('',#11897,0.01360998192995);
#3508=VECTOR('',#11898,0.01548113529915);
#3509=VECTOR('',#11899,0.03375);
#3510=VECTOR('',#11900,0.01548121846202);
#3511=VECTOR('',#11901,0.01360998192995);
#3512=VECTOR('',#11902,0.01208586428135);
#3513=VECTOR('',#11903,0.0225);
#3514=VECTOR('',#11904,0.01951267501722);
#3515=VECTOR('',#11905,0.02144008319886);
#3516=VECTOR('',#11906,0.01684242755194);
#3517=VECTOR('',#11907,0.01913718670807);
#3518=VECTOR('',#11908,0.03375);
#3519=VECTOR('',#11909,0.01913710261368);
#3520=VECTOR('',#11910,0.01684250399319);
#3521=VECTOR('',#11911,0.02144002314962);
#3522=VECTOR('',#11912,0.01705658842401);
#3523=VECTOR('',#11913,0.01951265588988);
#3524=VECTOR('',#11914,0.05744680702686);
#3525=VECTOR('',#11915,0.01951266641873);
#3526=VECTOR('',#11916,0.01705658601501);
#3527=VECTOR('',#11917,0.02144002219138);
#3528=VECTOR('',#11918,0.01684250353576);
#3529=VECTOR('',#11919,0.01913710254658);
#3530=VECTOR('',#11920,0.03375);
#3531=VECTOR('',#11921,0.01913718664098);
#3532=VECTOR('',#11922,0.01684242709451);
#3533=VECTOR('',#11923,0.02144008224063);
#3534=VECTOR('',#11924,0.01951268291385);
#3535=VECTOR('',#11925,0.0225);
#3536=VECTOR('',#11926,0.01208587448067);
#3537=VECTOR('',#11927,0.01360998042042);
#3538=VECTOR('',#11928,0.01548121846202);
#3539=VECTOR('',#11929,0.03375);
#3540=VECTOR('',#11930,0.01548113529915);
#3541=VECTOR('',#11931,0.01360998042042);
#3542=VECTOR('',#11932,0.01372065981267);
#3543=VECTOR('',#11933,0.01577144061356);
#3544=VECTOR('',#11934,0.05744680702686);
#3545=VECTOR('',#11935,0.01951265588988);
#3546=VECTOR('',#11936,0.017056588424);
#3547=VECTOR('',#11937,0.02144002314961);
#3548=VECTOR('',#11938,0.01684250399319);
#3549=VECTOR('',#11939,0.01913710261368);
#3550=VECTOR('',#11940,0.02999997138977);
#3551=VECTOR('',#11941,0.01913718670807);
#3552=VECTOR('',#11942,0.01684242755194);
#3553=VECTOR('',#11943,0.02144008319886);
#3554=VECTOR('',#11944,0.01705655068304);
#3555=VECTOR('',#11945,0.01951267238501);
#3556=VECTOR('',#11946,0.05744680702686);
#3557=VECTOR('',#11947,0.01951268291385);
#3558=VECTOR('',#11948,0.01705654827404);
#3559=VECTOR('',#11949,0.02144008224063);
#3560=VECTOR('',#11950,0.01684242709451);
#3561=VECTOR('',#11951,0.01913718664098);
#3562=VECTOR('',#11952,0.02999997138977);
#3563=VECTOR('',#11953,0.01913710254658);
#3564=VECTOR('',#11954,0.02144002219138);
#3565=VECTOR('',#11955,0.01705658601501);
#3566=VECTOR('',#11956,0.01951266641873);
#3567=VECTOR('',#11957,0.05744680702686);
#3568=VECTOR('',#11958,0.03375);
#3569=VECTOR('',#11959,0.1796014597418);
#3570=VECTOR('',#11960,0.1531914898753);
#3571=VECTOR('',#11961,0.0225);
#3572=VECTOR('',#11962,0.18);
#3573=VECTOR('',#11963,0.03375);
#3574=VECTOR('',#11964,0.1828790144745);
#3575=VECTOR('',#11965,0.157021279335);
#3576=VECTOR('',#11966,0.0225);
#3577=VECTOR('',#11967,0.18);
#3578=VECTOR('',#11968,0.03375);
#3579=VECTOR('',#11969,0.1796014597418);
#3580=VECTOR('',#11970,0.1531914898753);
#3581=VECTOR('',#11971,0.0225);
#3582=VECTOR('',#11972,0.18);
#3583=VECTOR('',#11973,0.03375);
#3584=VECTOR('',#11974,0.1828790144745);
#3585=VECTOR('',#11975,0.157021279335);
#3586=VECTOR('',#11976,0.0225);
#3587=VECTOR('',#11977,0.18);
#3588=VECTOR('',#11978,0.1125);
#3589=VECTOR('',#11979,0.02297872334719);
#3590=VECTOR('',#11980,0.135);
#3591=VECTOR('',#11981,0.18);
#3592=VECTOR('',#11982,0.135);
#3593=VECTOR('',#11983,0.02297872066498);
#3594=VECTOR('',#11984,0.1125);
#3595=VECTOR('',#11985,0.04978723883629);
#3596=VECTOR('',#11986,0.09750005722046);
#3597=VECTOR('',#11987,0.02297872066498);
#3598=VECTOR('',#11988,0.09750005722046);
#3599=VECTOR('',#11989,0.06127659648657);
#3600=VECTOR('',#11990,0.01577144061356);
#3601=VECTOR('',#11991,0.01372065082858);
#3602=VECTOR('',#11992,0.01360998192995);
#3603=VECTOR('',#11993,0.01548113529915);
#3604=VECTOR('',#11994,0.03375);
#3605=VECTOR('',#11995,0.01548113529915);
#3606=VECTOR('',#11996,0.01360998192995);
#3607=VECTOR('',#11997,0.01208589091337);
#3608=VECTOR('',#11998,0.0225);
#3609=VECTOR('',#11999,0.0195126915127);
#3610=VECTOR('',#12000,0.02144002314962);
#3611=VECTOR('',#12001,0.01684242755194);
#3612=VECTOR('',#12002,0.01913718670807);
#3613=VECTOR('',#12003,0.03375);
#3614=VECTOR('',#12004,0.01913718670807);
#3615=VECTOR('',#12005,0.01684242755194);
#3616=VECTOR('',#12006,0.02144002314962);
#3617=VECTOR('',#12007,0.017056588424);
#3618=VECTOR('',#12008,0.01951265588988);
#3619=VECTOR('',#12009,0.05744680702686);
#3620=VECTOR('',#12010,0.01951266641873);
#3621=VECTOR('',#12011,0.01705658601501);
#3622=VECTOR('',#12012,0.02144002219138);
#3623=VECTOR('',#12013,0.01684242709451);
#3624=VECTOR('',#12014,0.01913718664098);
#3625=VECTOR('',#12015,0.03375);
#3626=VECTOR('',#12016,0.01913718664098);
#3627=VECTOR('',#12017,0.01684242709451);
#3628=VECTOR('',#12018,0.02144002219138);
#3629=VECTOR('',#12019,0.01951269940933);
#3630=VECTOR('',#12020,0.0225);
#3631=VECTOR('',#12021,0.01208590111265);
#3632=VECTOR('',#12022,0.01360998042043);
#3633=VECTOR('',#12023,0.01548113529915);
#3634=VECTOR('',#12024,0.03375);
#3635=VECTOR('',#12025,0.01548113529915);
#3636=VECTOR('',#12026,0.01360998042042);
#3637=VECTOR('',#12027,0.01372065981267);
#3638=VECTOR('',#12028,0.01577144061356);
#3639=VECTOR('',#12029,0.05744680702686);
#3640=VECTOR('',#12030,0.06000011444092);
#3641=VECTOR('',#12031,0.01914893388748);
#3642=VECTOR('',#12032,0.1425000572205);
#3643=VECTOR('',#12033,0.01914893388748);
#3644=VECTOR('',#12034,0.05999994277954);
#3645=VECTOR('',#12035,0.1608510661125);
#3646=VECTOR('',#12036,0.0225);
#3647=VECTOR('',#12037,0.1608510661125);
#3648=VECTOR('',#12038,0.01951266641873);
#3649=VECTOR('',#12039,0.01705658601501);
#3650=VECTOR('',#12040,0.02144002219138);
#3651=VECTOR('',#12041,0.01684242709451);
#3652=VECTOR('',#12042,0.01913718664098);
#3653=VECTOR('',#12043,0.03000005722046);
#3654=VECTOR('',#12044,0.0191370184522);
#3655=VECTOR('',#12045,0.0168425799771);
#3656=VECTOR('',#12046,0.02144002219138);
#3657=VECTOR('',#12047,0.01705658601501);
#3658=VECTOR('',#12048,0.01951266641873);
#3659=VECTOR('',#12049,0.05744680702686);
#3660=VECTOR('',#12050,0.01951265588988);
#3661=VECTOR('',#12051,0.017056588424);
#3662=VECTOR('',#12052,0.02144002314961);
#3663=VECTOR('',#12053,0.01684258043452);
#3664=VECTOR('',#12054,0.01913701851929);
#3665=VECTOR('',#12055,0.03000005722046);
#3666=VECTOR('',#12056,0.01913718670807);
#3667=VECTOR('',#12057,0.01684242755194);
#3668=VECTOR('',#12058,0.02144002314961);
#3669=VECTOR('',#12059,0.017056588424);
#3670=VECTOR('',#12060,0.01951265588988);
#3671=VECTOR('',#12061,0.05744680702686);
#3672=VECTOR('',#12062,0.08042553305626);
#3673=VECTOR('',#12063,0.0225);
#3674=VECTOR('',#12064,0.18);
#3675=VECTOR('',#12065,0.09);
#3676=VECTOR('',#12066,0.0191370184522);
#3677=VECTOR('',#12067,0.01889467740107);
#3678=VECTOR('',#12068,0.01900628233446);
#3679=VECTOR('',#12069,0.0120858376499);
#3680=VECTOR('',#12070,0.01531915783882);
#3681=VECTOR('',#12071,0.0120858376499);
#3682=VECTOR('',#12072,0.01900628233446);
#3683=VECTOR('',#12073,0.0168425799771);
#3684=VECTOR('',#12074,0.09432946785981);
#3685=VECTOR('',#12075,0.02624994277954);
#3686=VECTOR('',#12076,0.08583862650704);
#3687=VECTOR('',#12077,0.06374988555908);
#3688=VECTOR('',#12080,0.01372060391153);
#3689=VECTOR('',#12081,0.01577144061356);
#3690=VECTOR('',#12082,0.05744680702686);
#3691=VECTOR('',#12083,0.01577144061356);
#3692=VECTOR('',#12084,0.01372061289565);
#3693=VECTOR('',#12085,0.01360998042042);
#3694=VECTOR('',#12086,0.01548121846202);
#3695=VECTOR('',#12087,0.02999997138977);
#3696=VECTOR('',#12088,0.01548121846202);
#3697=VECTOR('',#12089,0.01360998042042);
#3698=VECTOR('',#12090,0.01372061289565);
#3699=VECTOR('',#12091,0.01577146102157);
#3700=VECTOR('',#12092,0.05744680702686);
#3701=VECTOR('',#12093,0.01577146102157);
#3702=VECTOR('',#12094,0.01372060391153);
#3703=VECTOR('',#12095,0.01360998192995);
#3704=VECTOR('',#12096,0.01548121846202);
#3705=VECTOR('',#12097,0.02999997138977);
#3706=VECTOR('',#12098,0.01548121846202);
#3707=VECTOR('',#12099,0.01360998192995);
#3708=VECTOR('',#12102,0.05744680702686);
#3709=VECTOR('',#12103,0.01577144061356);
#3710=VECTOR('',#12104,0.01372065082859);
#3711=VECTOR('',#12105,0.01360998192995);
#3712=VECTOR('',#12106,0.01548113529915);
#3713=VECTOR('',#12107,0.03000005722046);
#3714=VECTOR('',#12108,0.01548113529915);
#3715=VECTOR('',#12109,0.01360998192995);
#3716=VECTOR('',#12110,0.01372065082858);
#3717=VECTOR('',#12111,0.01577144061357);
#3718=VECTOR('',#12112,0.05744680702686);
#3719=VECTOR('',#12113,0.01577144061357);
#3720=VECTOR('',#12114,0.01372065981267);
#3721=VECTOR('',#12115,0.01360998042042);
#3722=VECTOR('',#12116,0.01548113529915);
#3723=VECTOR('',#12117,0.03000005722046);
#3724=VECTOR('',#12118,0.01548113529915);
#3725=VECTOR('',#12119,0.01360998042043);
#3726=VECTOR('',#12120,0.01372065981267);
#3727=VECTOR('',#12121,0.01577144061357);
#3728=VECTOR('',#12124,0.01188401307476);
#3729=VECTOR('',#12125,0.01072007114503);
#3730=VECTOR('',#12126,0.01208583764989);
#3731=VECTOR('',#12127,0.01148937106132);
#3732=VECTOR('',#12128,0.01208583764989);
#3733=VECTOR('',#12129,0.01072007114503);
#3734=VECTOR('',#12130,0.01188401307476);
#3735=VECTOR('',#12131,0.07124994277954);
#3736=VECTOR('',#12132,0.05744681239128);
#3737=VECTOR('',#12133,0.07124994277954);
#3738=VECTOR('',#12136,0.2);
#3739=VECTOR('',#12137,1.557662787522);
#3740=VECTOR('',#12138,0.2);
#3741=VECTOR('',#12141,2.360095132609);
#3742=VECTOR('',#12142,0.2);
#3743=VECTOR('',#12145,1.557662787522);
#3744=VECTOR('',#12146,0.2);
#3745=VECTOR('',#12149,2.360095132609);
#3746=VECTOR('',#12152,4.7);
#3747=VECTOR('',#12153,13.);
#3748=VECTOR('',#12154,4.7);
#3749=VECTOR('',#12155,13.);
#3750=VECTOR('',#12156,2.360095132609);
#3751=VECTOR('',#12157,1.557662787522);
#3752=VECTOR('',#12158,2.360095132609);
#3753=VECTOR('',#12159,1.557662787522);
#3754=VECTOR('',#12162,0.1);
#3755=VECTOR('',#12163,0.2);
#3756=VECTOR('',#12164,0.2);
#3757=VECTOR('',#12165,0.1);
#3758=VECTOR('',#12166,2.);
#3759=VECTOR('',#12169,1.8);
#3760=VECTOR('',#12172,1.8);
#3761=VECTOR('',#12175,1.75);
#3762=VECTOR('',#12176,1.9);
#3763=VECTOR('',#12177,1.75);
#3764=VECTOR('',#12180,0.1);
#3765=VECTOR('',#12181,0.1);
#3766=VECTOR('',#12184,0.1);
#3767=VECTOR('',#12187,0.1);
#3768=VECTOR('',#12192,0.1);
#3769=VECTOR('',#12195,0.1);
#3770=VECTOR('',#12200,6.36);
#3771=VECTOR('',#12201,6.18);
#3772=VECTOR('',#12202,6.36);
#3773=VECTOR('',#12203,6.18);
#3774=VECTOR('',#12206,6.4);
#3775=VECTOR('',#12207,4.7);
#3776=VECTOR('',#12208,0.2);
#3777=VECTOR('',#12209,4.7);
#3778=VECTOR('',#12212,6.4);
#3779=VECTOR('',#12217,13.);
#3780=VECTOR('',#12218,13.);
#3781=VECTOR('',#12219,6.18);
#3782=VECTOR('',#12222,6.36);
#3783=VECTOR('',#12223,6.18);
#3784=VECTOR('',#12224,6.36);
#3785=VECTOR('',#12227,6.4);
#3786=VECTOR('',#12230,4.7);
#3787=VECTOR('',#12231,0.2);
#3788=VECTOR('',#12232,4.7);
#3789=VECTOR('',#12233,6.4);
#3790=VECTOR('',#12238,13.);
#3791=VECTOR('',#12239,0.8);
#3792=VECTOR('',#12240,2.);
#3793=VECTOR('',#12241,0.8);
#3794=VECTOR('',#12242,2.);
#3795=VECTOR('',#12243,0.8);
#3796=VECTOR('',#12244,2.);
#3797=VECTOR('',#12245,0.8);
#3798=VECTOR('',#12246,2.);
#3799=VECTOR('',#12247,0.8);
#3800=VECTOR('',#12248,2.);
#3801=VECTOR('',#12249,0.8);
#3802=VECTOR('',#12250,2.);
#3803=VECTOR('',#12253,13.);
#3804=VECTOR('',#12256,3.9);
#3805=VECTOR('',#12257,3.88);
#3806=VECTOR('',#12258,3.9);
#3807=VECTOR('',#12259,3.88);
#3808=VECTOR('',#12262,0.02);
#3809=VECTOR('',#12263,3.88);
#3810=VECTOR('',#12264,0.02);
#3811=VECTOR('',#12267,4.82867965644);
#3812=VECTOR('',#12268,3.88);
#3813=VECTOR('',#12269,4.82867965644);
#3814=VECTOR('',#12270,3.88);
#3815=VECTOR('',#12273,0.5);
#3816=VECTOR('',#12274,0.5);
#3817=VECTOR('',#12275,0.5);
#3818=VECTOR('',#12276,0.5);
#3819=VECTOR('',#12277,0.2577164466275);
#3820=VECTOR('',#12278,5.04867965644);
#3821=VECTOR('',#12279,0.2);
#3822=VECTOR('',#12280,0.2577164466275);
#3823=VECTOR('',#12281,0.5);
#3824=VECTOR('',#12282,0.5);
#3825=VECTOR('',#12283,0.5);
#3826=VECTOR('',#12284,0.5);
#3827=VECTOR('',#12285,0.5);
#3828=VECTOR('',#12286,0.5);
#3829=VECTOR('',#12289,3.88);
#3830=VECTOR('',#12290,3.88);
#3831=VECTOR('',#12291,0.5);
#3832=VECTOR('',#12294,0.5);
#3833=VECTOR('',#12295,0.5);
#3834=VECTOR('',#12296,0.5);
#3835=VECTOR('',#12297,0.5);
#3836=VECTOR('',#12298,0.5);
#3837=VECTOR('',#12299,0.2577164466275);
#3838=VECTOR('',#12300,0.2);
#3839=VECTOR('',#12301,5.04867965644);
#3840=VECTOR('',#12302,0.2577164466275);
#3841=VECTOR('',#12303,0.5);
#3842=VECTOR('',#12304,0.5);
#3843=VECTOR('',#12305,0.5);
#3844=VECTOR('',#12306,0.5);
#3845=VECTOR('',#12309,3.88);
#3846=VECTOR('',#12312,3.88);
#3847=VECTOR('',#12315,3.88);
#3848=VECTOR('',#12318,3.88);
#3849=VECTOR('',#12321,3.88);
#3850=VECTOR('',#12326,0.01);
#3851=VECTOR('',#12327,0.2);
#3852=VECTOR('',#12328,0.01);
#3853=VECTOR('',#12331,0.01);
#3854=VECTOR('',#12332,0.2);
#3855=VECTOR('',#12333,0.01);
#3856=VECTOR('',#12336,13.);
#3857=VECTOR('',#12337,6.1);
#3858=VECTOR('',#12338,3.9);
#3859=VECTOR('',#12339,6.1);
#3860=VECTOR('',#12342,13.);
#3861=VECTOR('',#12343,2.360095132609);
#3862=VECTOR('',#12344,1.557662787522);
#3863=VECTOR('',#12345,2.360095132609);
#3864=VECTOR('',#12346,1.557662787522);
#3865=VECTOR('',#12349,0.1);
#3866=VECTOR('',#12350,5.5);
#3867=VECTOR('',#12351,5.5);
#3868=VECTOR('',#12352,0.1);
#3869=VECTOR('',#12353,2.);
#3870=VECTOR('',#12356,1.8);
#3871=VECTOR('',#12359,1.8);
#3872=VECTOR('',#12360,1.9);
#3873=VECTOR('',#12361,1.75);
#3874=VECTOR('',#12364,1.75);
#3875=VECTOR('',#12367,1.75);
#3876=VECTOR('',#12368,0.1);
#3877=VECTOR('',#12369,0.1);
#3878=VECTOR('',#12372,0.1);
#3879=VECTOR('',#12377,1.75);
#3880=VECTOR('',#12378,1.9);
#3881=VECTOR('',#12381,1.8);
#3882=VECTOR('',#12384,1.8);
#3883=VECTOR('',#12385,13.);
#3884=VECTOR('',#12386,2.360095132609);
#3885=VECTOR('',#12387,1.557662787522);
#3886=VECTOR('',#12388,2.360095132609);
#3887=VECTOR('',#12389,1.557662787522);
#3888=VECTOR('',#12392,0.1);
#3889=VECTOR('',#12397,0.2);
#3890=VECTOR('',#12398,0.2);
#3891=VECTOR('',#12401,0.2);
#3892=VECTOR('',#12404,0.2);
#3893=VECTOR('',#12409,13.);
#3894=VECTOR('',#12412,13.);
#3895=VECTOR('',#12413,6.1);
#3896=VECTOR('',#12414,3.9);
#3897=VECTOR('',#12415,6.1);
#3898=VECTOR('',#12418,0.2);
#3899=VECTOR('',#12421,0.2);
#3900=VECTOR('',#12428,0.1);
#3901=VECTOR('',#12431,0.1);
#3902=VECTOR('',#12436,3.88);
#3903=VECTOR('',#12439,3.88);
#3904=VECTOR('',#12442,3.88);
#3905=VECTOR('',#12445,3.88);
#3906=VECTOR('',#12448,3.88);
#3907=VECTOR('',#12453,4.25);
#3908=VECTOR('',#12454,1.059481005021);
#3909=VECTOR('',#12455,1.);
#3910=VECTOR('',#12456,1.);
#3911=VECTOR('',#12457,1.059481005021);
#3912=VECTOR('',#12458,4.25);
#3913=VECTOR('',#12461,4.25);
#3914=VECTOR('',#12462,0.8);
#3915=VECTOR('',#12465,1.059481005021);
#3916=VECTOR('',#12466,0.8);
#3917=VECTOR('',#12469,1.);
#3918=VECTOR('',#12472,4.25);
#3919=VECTOR('',#12473,1.059481005021);
#3920=VECTOR('',#12474,1.);
#3921=VECTOR('',#12477,0.8);
#3922=VECTOR('',#12480,0.8);
#3923=VECTOR('',#12485,4.25);
#3924=VECTOR('',#12486,1.059481005021);
#3925=VECTOR('',#12487,1.);
#3926=VECTOR('',#12488,1.);
#3927=VECTOR('',#12489,1.059481005021);
#3928=VECTOR('',#12490,4.25);
#3929=VECTOR('',#12493,4.25);
#3930=VECTOR('',#12494,0.8);
#3931=VECTOR('',#12497,1.059481005021);
#3932=VECTOR('',#12498,0.8);
#3933=VECTOR('',#12501,1.);
#3934=VECTOR('',#12504,4.25);
#3935=VECTOR('',#12505,1.059481005021);
#3936=VECTOR('',#12506,1.);
#3937=VECTOR('',#12509,0.8);
#3938=VECTOR('',#12512,0.8);
#3939=VECTOR('',#12517,4.25);
#3940=VECTOR('',#12518,1.059481005021);
#3941=VECTOR('',#12519,1.);
#3942=VECTOR('',#12520,1.);
#3943=VECTOR('',#12521,1.059481005021);
#3944=VECTOR('',#12522,4.25);
#3945=VECTOR('',#12525,4.25);
#3946=VECTOR('',#12526,0.8);
#3947=VECTOR('',#12529,1.059481005021);
#3948=VECTOR('',#12530,0.8);
#3949=VECTOR('',#12533,1.);
#3950=VECTOR('',#12536,4.25);
#3951=VECTOR('',#12537,1.059481005021);
#3952=VECTOR('',#12538,1.);
#3953=VECTOR('',#12541,0.8);
#3954=VECTOR('',#12544,0.8);
#3955=VECTOR('',#12549,0.2);
#3956=VECTOR('',#12550,0.2);
#3957=VECTOR('',#12553,0.2);
#3958=VECTOR('',#12556,0.2);
#3959=VECTOR('',#12561,0.2075592684582);
#3960=VECTOR('',#12562,0.05);
#3961=VECTOR('',#12565,0.1578834191743);
#3962=VECTOR('',#12566,0.05);
#3963=VECTOR('',#12569,0.2085032360132);
#3964=VECTOR('',#12570,0.05);
#3965=VECTOR('',#12575,0.05);
#3966=VECTOR('',#12578,0.1501071960575);
#3967=VECTOR('',#12579,0.05);
#3968=VECTOR('',#12582,0.2621165808257);
#3969=VECTOR('',#12583,0.05);
#3970=VECTOR('',#12586,0.1578834191743);
#3971=VECTOR('',#12587,0.05);
#3972=VECTOR('',#12590,0.3048234516686);
#3973=VECTOR('',#12593,0.2024985906903);
#3974=VECTOR('',#12594,0.05);
#3975=VECTOR('',#12597,0.1878546496212);
#3976=VECTOR('',#12598,0.05);
#3977=VECTOR('',#12601,0.1619107852158);
#3978=VECTOR('',#12602,0.05);
#3979=VECTOR('',#12605,0.3003411941018);
#3980=VECTOR('',#12606,0.05);
#3981=VECTOR('',#12611,0.05);
#3982=VECTOR('',#12614,0.9546272444239);
#3983=VECTOR('',#12615,0.05);
#3984=VECTOR('',#12618,0.4804379816925);
#3985=VECTOR('',#12619,0.05);
#3986=VECTOR('',#12622,0.111200656766);
#3987=VECTOR('',#12623,0.05);
#3988=VECTOR('',#12626,0.3651995584571);
#3989=VECTOR('',#12627,0.05);
#3990=VECTOR('',#12630,0.155);
#3991=VECTOR('',#12631,0.05);
#3992=VECTOR('',#12634,0.8658122986976);
#3993=VECTOR('',#12635,0.05);
#3994=VECTOR('',#12638,0.235);
#3995=VECTOR('',#12639,0.05);
#3996=VECTOR('',#12642,0.4834917429098);
#3997=VECTOR('',#12643,0.05);
#3998=VECTOR('',#12646,0.5735766566542);
#3999=VECTOR('',#12647,0.05);
#4000=VECTOR('',#12650,0.19);
#4001=VECTOR('',#12651,0.05);
#4002=VECTOR('',#12654,0.4200462100456);
#4003=VECTOR('',#12655,0.05);
#4004=VECTOR('',#12658,0.4504426033725);
#4005=VECTOR('',#12659,0.05);
#4006=VECTOR('',#12662,0.2);
#4007=VECTOR('',#12663,0.05);
#4008=VECTOR('',#12666,0.6237484831177);
#4009=VECTOR('',#12667,0.05);
#4010=VECTOR('',#12670,0.4909936316312);
#4011=VECTOR('',#12671,0.05);
#4012=VECTOR('',#12674,0.19);
#4013=VECTOR('',#12675,0.05);
#4014=VECTOR('',#12678,0.3374631850226);
#4015=VECTOR('',#12679,0.05);
#4016=VECTOR('',#12682,0.3618835070253);
#4017=VECTOR('',#12683,0.05);
#4018=VECTOR('',#12686,0.565);
#4019=VECTOR('',#12687,0.05);
#4020=VECTOR('',#12690,0.2930542963572);
#4021=VECTOR('',#12691,0.05);
#4022=VECTOR('',#12694,0.4446327264241);
#4023=VECTOR('',#12695,0.05);
#4024=VECTOR('',#12698,0.24);
#4025=VECTOR('',#12699,0.05);
#4026=VECTOR('',#12702,0.5504484578583);
#4027=VECTOR('',#12703,0.05);
#4028=VECTOR('',#12706,0.5567152016199);
#4029=VECTOR('',#12707,0.05);
#4030=VECTOR('',#12710,0.11);
#4031=VECTOR('',#12711,0.05);
#4032=VECTOR('',#12714,0.8709053122193);
#4033=VECTOR('',#12715,0.05);
#4034=VECTOR('',#12718,0.155);
#4035=VECTOR('',#12719,0.05);
#4036=VECTOR('',#12722,0.7486729876973);
#4037=VECTOR('',#12723,0.05);
#4038=VECTOR('',#12726,0.42);
#4039=VECTOR('',#12727,0.05);
#4040=VECTOR('',#12730,0.1746282961113);
#4041=VECTOR('',#12735,0.02);
#4042=VECTOR('',#12736,2.525);
#4043=VECTOR('',#12737,0.02);
#4044=VECTOR('',#12738,2.525);
#4045=VECTOR('',#12741,0.01360998263754);
#4046=VECTOR('',#12742,0.01208585512673);
#4047=VECTOR('',#12743,0.007659573554991);
#4048=VECTOR('',#12744,0.01208586532605);
#4049=VECTOR('',#12745,0.01360998263754);
#4050=VECTOR('',#12746,0.01188401307476);
#4051=VECTOR('',#12747,0.0225);
#4052=VECTOR('',#12748,0.01188400799654);
#4053=VECTOR('',#12749,0.01072003361415);
#4054=VECTOR('',#12750,0.008528278854626);
#4055=VECTOR('',#12751,0.0225);
#4056=VECTOR('',#12752,0.01208585429449);
#4057=VECTOR('',#12753,0.01900628233446);
#4058=VECTOR('',#12754,0.01889458370966);
#4059=VECTOR('',#12755,0.01913713408198);
#4060=VECTOR('',#12756,0.01874999821186);
#4061=VECTOR('',#12757,0.01548119247362);
#4062=VECTOR('',#12758,0.01684247725907);
#4063=VECTOR('',#12759,0.02144006253695);
#4064=VECTOR('',#12760,0.01577145432514);
#4065=VECTOR('',#12761,0.01531915783882);
#4066=VECTOR('',#12762,0.01577145432514);
#4067=VECTOR('',#12763,0.02144006253695);
#4068=VECTOR('',#12764,0.01684247725907);
#4069=VECTOR('',#12765,0.01548119247362);
#4070=VECTOR('',#12766,0.0225);
#4071=VECTOR('',#12767,0.01548119247362);
#4072=VECTOR('',#12768,0.01360998042042);
#4073=VECTOR('',#12769,0.01372062013281);
#4074=VECTOR('',#12770,0.01148936033249);
#4075=VECTOR('',#12771,0.01372061564076);
#4076=VECTOR('',#12772,0.01360998192995);
#4077=VECTOR('',#12773,0.01548119247362);
#4078=VECTOR('',#12774,0.03000000357628);
#4079=VECTOR('',#12775,0.01548118987478);
#4080=VECTOR('',#12776,0.01608004858461);
#4081=VECTOR('',#12777,0.01208585512673);
#4082=VECTOR('',#12778,0.0225);
#4083=VECTOR('',#12779,0.01577145424543);
#4084=VECTOR('',#12780,0.02220910467928);
#4085=VECTOR('',#12781,0.02199017751631);
#4086=VECTOR('',#12782,0.01913712889317);
#4087=VECTOR('',#12783,0.03000000357628);
#4088=VECTOR('',#12784,0.01913712889317);
#4089=VECTOR('',#12785,0.01684247532771);
#4090=VECTOR('',#12786,0.02144006818654);
#4091=VECTOR('',#12787,0.01705656011825);
#4092=VECTOR('',#12788,0.01914893388748);
#4093=VECTOR('',#12789,0.01705656252724);
#4094=VECTOR('',#12790,0.0214400672283);
#4095=VECTOR('',#12791,0.01684247487028);
#4096=VECTOR('',#12792,0.01913712882608);
#4097=VECTOR('',#12793,0.0225);
#4098=VECTOR('',#12794,0.01188401307476);
#4099=VECTOR('',#12797,0.03000001430511);
#4100=VECTOR('',#12798,0.1485918538124);
#4101=VECTOR('',#12799,0.1485918538124);
#4102=VECTOR('',#12800,0.03000001430511);
#4103=VECTOR('',#12801,0.1824828747331);
#4104=VECTOR('',#12802,0.0225);
#4105=VECTOR('',#12803,0.1396962138356);
#4106=VECTOR('',#12804,0.1410984823832);
#4107=VECTOR('',#12805,0.03000001430512);
#4108=VECTOR('',#12806,0.1410984823832);
#4109=VECTOR('',#12807,0.1396962138356);
#4110=VECTOR('',#12808,0.0225);
#4111=VECTOR('',#12809,0.1824828747331);
#4112=VECTOR('',#12812,0.0225);
#4113=VECTOR('',#12813,0.18);
#4114=VECTOR('',#12814,0.0225);
#4115=VECTOR('',#12815,0.18);
#4116=VECTOR('',#12818,0.05999998569489);
#4117=VECTOR('',#12819,0.01914893388748);
#4118=VECTOR('',#12820,0.1425000143051);
#4119=VECTOR('',#12821,0.01914893388748);
#4120=VECTOR('',#12822,0.06000002861023);
#4121=VECTOR('',#12823,0.1608510661125);
#4122=VECTOR('',#12824,0.0225);
#4123=VECTOR('',#12825,0.1608510661125);
#4124=VECTOR('',#12828,0.01577145081751);
#4125=VECTOR('',#12829,0.01372063635411);
#4126=VECTOR('',#12830,0.01360998042042);
#4127=VECTOR('',#12831,0.01548117688058);
#4128=VECTOR('',#12832,0.03375);
#4129=VECTOR('',#12833,0.01548117688058);
#4130=VECTOR('',#12834,0.01361001589424);
#4131=VECTOR('',#12835,0.01208584784923);
#4132=VECTOR('',#12836,0.0225);
#4133=VECTOR('',#12837,0.01951266641873);
#4134=VECTOR('',#12838,0.02144008224063);
#4135=VECTOR('',#12839,0.01684246531512);
#4136=VECTOR('',#12840,0.01913714459378);
#4137=VECTOR('',#12841,0.03375);
#4138=VECTOR('',#12842,0.01913714459378);
#4139=VECTOR('',#12843,0.01684246531512);
#4140=VECTOR('',#12844,0.02144005221598);
#4141=VECTOR('',#12845,0.01705656714448);
#4142=VECTOR('',#12846,0.01951267466624);
#4143=VECTOR('',#12847,0.05744680702686);
#4144=VECTOR('',#12848,0.0195126641374);
#4145=VECTOR('',#12849,0.01705656955348);
#4146=VECTOR('',#12850,0.02144005317422);
#4147=VECTOR('',#12851,0.01684246577255);
#4148=VECTOR('',#12852,0.01913714466087);
#4149=VECTOR('',#12853,0.03375);
#4150=VECTOR('',#12854,0.01913714466087);
#4151=VECTOR('',#12855,0.01684246577255);
#4152=VECTOR('',#12856,0.02144008319886);
#4153=VECTOR('',#12857,0.01951265852209);
#4154=VECTOR('',#12858,0.0225);
#4155=VECTOR('',#12859,0.01208583764989);
#4156=VECTOR('',#12860,0.01361001740376);
#4157=VECTOR('',#12861,0.01548117688058);
#4158=VECTOR('',#12862,0.03375);
#4159=VECTOR('',#12863,0.01548117688058);
#4160=VECTOR('',#12864,0.01360998192995);
#4161=VECTOR('',#12865,0.01372062737001);
#4162=VECTOR('',#12866,0.01577145081751);
#4163=VECTOR('',#12867,0.05744680702686);
#4164=VECTOR('',#12870,0.0225);
#4165=VECTOR('',#12871,0.08425531983375);
#4166=VECTOR('',#12872,0.1049999427795);
#4167=VECTOR('',#12873,0.08425531983375);
#4168=VECTOR('',#12874,0.0225);
#4169=VECTOR('',#12875,0.18);
#4170=VECTOR('',#12876,0.0225);
#4171=VECTOR('',#12877,0.07276595950127);
#4172=VECTOR('',#12878,0.1049999427795);
#4173=VECTOR('',#12879,0.07276595950127);
#4174=VECTOR('',#12880,0.0225);
#4175=VECTOR('',#12881,0.18);
#4176=VECTOR('',#12884,0.01577144061356);
#4177=VECTOR('',#12885,0.01372065981267);
#4178=VECTOR('',#12886,0.01360998042042);
#4179=VECTOR('',#12887,0.01548113529915);
#4180=VECTOR('',#12888,0.03375);
#4181=VECTOR('',#12889,0.01548121846202);
#4182=VECTOR('',#12890,0.01360998042042);
#4183=VECTOR('',#12891,0.01208587448066);
#4184=VECTOR('',#12892,0.0225);
#4185=VECTOR('',#12893,0.01951268291385);
#4186=VECTOR('',#12894,0.02144008224063);
#4187=VECTOR('',#12895,0.01684242709451);
#4188=VECTOR('',#12896,0.01913718664098);
#4189=VECTOR('',#12897,0.03375);
#4190=VECTOR('',#12898,0.01913710254658);
#4191=VECTOR('',#12899,0.01684250353576);
#4192=VECTOR('',#12900,0.02144002219138);
#4193=VECTOR('',#12901,0.01705658601501);
#4194=VECTOR('',#12902,0.01951266641873);
#4195=VECTOR('',#12903,0.05744680702686);
#4196=VECTOR('',#12904,0.01951265588988);
#4197=VECTOR('',#12905,0.017056588424);
#4198=VECTOR('',#12906,0.02144002314962);
#4199=VECTOR('',#12907,0.01684250399319);
#4200=VECTOR('',#12908,0.01913710261368);
#4201=VECTOR('',#12909,0.03375);
#4202=VECTOR('',#12910,0.01913718670807);
#4203=VECTOR('',#12911,0.01684242755194);
#4204=VECTOR('',#12912,0.02144008319886);
#4205=VECTOR('',#12913,0.01951267501722);
#4206=VECTOR('',#12914,0.0225);
#4207=VECTOR('',#12915,0.01208586428135);
#4208=VECTOR('',#12916,0.01360998192995);
#4209=VECTOR('',#12917,0.01548121846202);
#4210=VECTOR('',#12918,0.03375);
#4211=VECTOR('',#12919,0.01548113529915);
#4212=VECTOR('',#12920,0.01360998192995);
#4213=VECTOR('',#12921,0.01372065082858);
#4214=VECTOR('',#12922,0.01577144061356);
#4215=VECTOR('',#12923,0.05744680702686);
#4216=VECTOR('',#12926,0.01951266641873);
#4217=VECTOR('',#12927,0.01705658601501);
#4218=VECTOR('',#12928,0.02144002219138);
#4219=VECTOR('',#12929,0.01913710254658);
#4220=VECTOR('',#12930,0.02999997138977);
#4221=VECTOR('',#12931,0.01913718664098);
#4222=VECTOR('',#12932,0.01684242709451);
#4223=VECTOR('',#12933,0.02144008224063);
#4224=VECTOR('',#12934,0.01705654827404);
#4225=VECTOR('',#12935,0.01951268291385);
#4226=VECTOR('',#12936,0.05744680702686);
#4227=VECTOR('',#12937,0.01951267238501);
#4228=VECTOR('',#12938,0.01705655068304);
#4229=VECTOR('',#12939,0.02144008319886);
#4230=VECTOR('',#12940,0.01684242755194);
#4231=VECTOR('',#12941,0.01913718670807);
#4232=VECTOR('',#12942,0.02999997138977);
#4233=VECTOR('',#12943,0.01913710261368);
#4234=VECTOR('',#12944,0.01684250399319);
#4235=VECTOR('',#12945,0.02144002314962);
#4236=VECTOR('',#12946,0.017056588424);
#4237=VECTOR('',#12947,0.01951265588988);
#4238=VECTOR('',#12948,0.05744680702686);
#4239=VECTOR('',#12949,0.01548121846202);
#4240=VECTOR('',#12950,0.02999997138977);
#4241=VECTOR('',#12951,0.01548121846202);
#4242=VECTOR('',#12952,0.01360998192995);
#4243=VECTOR('',#12953,0.01372060391153);
#4244=VECTOR('',#12954,0.01577146102157);
#4245=VECTOR('',#12955,0.05744680702686);
#4246=VECTOR('',#12956,0.01577146102157);
#4247=VECTOR('',#12957,0.01372061289565);
#4248=VECTOR('',#12958,0.01360998042042);
#4249=VECTOR('',#12959,0.01548121846202);
#4250=VECTOR('',#12960,0.02999997138977);
#4251=VECTOR('',#12961,0.01548121846202);
#4252=VECTOR('',#12962,0.01360998042042);
#4253=VECTOR('',#12963,0.01372061289565);
#4254=VECTOR('',#12964,0.01577144061356);
#4255=VECTOR('',#12965,0.05744680702686);
#4256=VECTOR('',#12966,0.01577144061356);
#4257=VECTOR('',#12967,0.01372060391153);
#4258=VECTOR('',#12968,0.01360998192995);
#4259=VECTOR('',#12971,0.0225);
#4260=VECTOR('',#12972,0.157021279335);
#4261=VECTOR('',#12973,0.1828790144745);
#4262=VECTOR('',#12974,0.03375);
#4263=VECTOR('',#12975,0.18);
#4264=VECTOR('',#12976,0.0225);
#4265=VECTOR('',#12977,0.1531914898753);
#4266=VECTOR('',#12978,0.1796014597418);
#4267=VECTOR('',#12979,0.03375);
#4268=VECTOR('',#12980,0.18);
#4269=VECTOR('',#12983,0.0225);
#4270=VECTOR('',#12984,0.157021279335);
#4271=VECTOR('',#12985,0.1828790144745);
#4272=VECTOR('',#12986,0.03375);
#4273=VECTOR('',#12987,0.18);
#4274=VECTOR('',#12988,0.0225);
#4275=VECTOR('',#12989,0.1531914898753);
#4276=VECTOR('',#12990,0.1796014597418);
#4277=VECTOR('',#12991,0.03375);
#4278=VECTOR('',#12992,0.18);
#4279=VECTOR('',#12995,0.09750005722046);
#4280=VECTOR('',#12996,0.02297872066498);
#4281=VECTOR('',#12997,0.09750005722046);
#4282=VECTOR('',#12998,0.04978723883629);
#4283=VECTOR('',#12999,0.1125);
#4284=VECTOR('',#13000,0.02297872066498);
#4285=VECTOR('',#13001,0.135);
#4286=VECTOR('',#13002,0.18);
#4287=VECTOR('',#13003,0.135);
#4288=VECTOR('',#13004,0.02297872334719);
#4289=VECTOR('',#13005,0.1125);
#4290=VECTOR('',#13006,0.06127659648657);
#4291=VECTOR('',#13009,0.01577144061356);
#4292=VECTOR('',#13010,0.01372065981267);
#4293=VECTOR('',#13011,0.01360998042042);
#4294=VECTOR('',#13012,0.01548113529915);
#4295=VECTOR('',#13013,0.03375);
#4296=VECTOR('',#13014,0.01548113529915);
#4297=VECTOR('',#13015,0.01360998042042);
#4298=VECTOR('',#13016,0.01208590111265);
#4299=VECTOR('',#13017,0.0225);
#4300=VECTOR('',#13018,0.01951269940933);
#4301=VECTOR('',#13019,0.02144002219138);
#4302=VECTOR('',#13020,0.01684242709451);
#4303=VECTOR('',#13021,0.01913718664098);
#4304=VECTOR('',#13022,0.03375);
#4305=VECTOR('',#13023,0.01913718664098);
#4306=VECTOR('',#13024,0.01684242709451);
#4307=VECTOR('',#13025,0.02144002219138);
#4308=VECTOR('',#13026,0.01705658601501);
#4309=VECTOR('',#13027,0.01951266641873);
#4310=VECTOR('',#13028,0.05744680702686);
#4311=VECTOR('',#13029,0.01951265588988);
#4312=VECTOR('',#13030,0.017056588424);
#4313=VECTOR('',#13031,0.02144002314962);
#4314=VECTOR('',#13032,0.01684242755194);
#4315=VECTOR('',#13033,0.01913718670807);
#4316=VECTOR('',#13034,0.03375);
#4317=VECTOR('',#13035,0.01913718670807);
#4318=VECTOR('',#13036,0.01684242755194);
#4319=VECTOR('',#13037,0.02144002314962);
#4320=VECTOR('',#13038,0.0195126915127);
#4321=VECTOR('',#13039,0.0225);
#4322=VECTOR('',#13040,0.01208589091336);
#4323=VECTOR('',#13041,0.01360998192995);
#4324=VECTOR('',#13042,0.01548113529915);
#4325=VECTOR('',#13043,0.03375);
#4326=VECTOR('',#13044,0.01548113529915);
#4327=VECTOR('',#13045,0.01360998192995);
#4328=VECTOR('',#13046,0.01372065082858);
#4329=VECTOR('',#13047,0.01577144061356);
#4330=VECTOR('',#13048,0.05744680702686);
#4331=VECTOR('',#13051,0.0225);
#4332=VECTOR('',#13052,0.1608510661125);
#4333=VECTOR('',#13053,0.05999994277954);
#4334=VECTOR('',#13054,0.01914893388748);
#4335=VECTOR('',#13055,0.1425000572205);
#4336=VECTOR('',#13056,0.01914893388748);
#4337=VECTOR('',#13057,0.06000011444092);
#4338=VECTOR('',#13058,0.1608510661125);
#4339=VECTOR('',#13061,0.01951265588988);
#4340=VECTOR('',#13062,0.017056588424);
#4341=VECTOR('',#13063,0.02144002314962);
#4342=VECTOR('',#13064,0.01684242755194);
#4343=VECTOR('',#13065,0.01913718670807);
#4344=VECTOR('',#13066,0.03000005722046);
#4345=VECTOR('',#13067,0.01913701851929);
#4346=VECTOR('',#13068,0.01684258043452);
#4347=VECTOR('',#13069,0.02144002314962);
#4348=VECTOR('',#13070,0.017056588424);
#4349=VECTOR('',#13071,0.01951265588988);
#4350=VECTOR('',#13072,0.05744680702686);
#4351=VECTOR('',#13073,0.01951266641873);
#4352=VECTOR('',#13074,0.01705658601501);
#4353=VECTOR('',#13075,0.02144002219138);
#4354=VECTOR('',#13076,0.0168425799771);
#4355=VECTOR('',#13077,0.0191370184522);
#4356=VECTOR('',#13078,0.03000005722046);
#4357=VECTOR('',#13079,0.01913718664098);
#4358=VECTOR('',#13080,0.01684242709451);
#4359=VECTOR('',#13081,0.02144002219138);
#4360=VECTOR('',#13082,0.01705658601501);
#4361=VECTOR('',#13083,0.01951266641873);
#4362=VECTOR('',#13084,0.05744680702686);
#4363=VECTOR('',#13085,0.01372065981267);
#4364=VECTOR('',#13086,0.01360998042042);
#4365=VECTOR('',#13087,0.01548113529915);
#4366=VECTOR('',#13088,0.03000005722046);
#4367=VECTOR('',#13089,0.01548113529915);
#4368=VECTOR('',#13090,0.01360998042042);
#4369=VECTOR('',#13091,0.01372065981267);
#4370=VECTOR('',#13092,0.01577144061357);
#4371=VECTOR('',#13093,0.05744680702686);
#4372=VECTOR('',#13094,0.01577144061357);
#4373=VECTOR('',#13095,0.01372065082858);
#4374=VECTOR('',#13096,0.01360998192995);
#4375=VECTOR('',#13097,0.01548113529915);
#4376=VECTOR('',#13098,0.03000005722046);
#4377=VECTOR('',#13099,0.01548113529915);
#4378=VECTOR('',#13100,0.01360998192995);
#4379=VECTOR('',#13101,0.01372065082858);
#4380=VECTOR('',#13102,0.01577144061357);
#4381=VECTOR('',#13103,0.05744680702686);
#4382=VECTOR('',#13104,0.01577144061357);
#4383=VECTOR('',#13107,0.08583862650704);
#4384=VECTOR('',#13108,0.02624994277954);
#4385=VECTOR('',#13109,0.09432946785981);
#4386=VECTOR('',#13110,0.0168425799771);
#4387=VECTOR('',#13111,0.01900628233446);
#4388=VECTOR('',#13112,0.0120858376499);
#4389=VECTOR('',#13113,0.01531915783882);
#4390=VECTOR('',#13114,0.01208583764989);
#4391=VECTOR('',#13115,0.01900628233446);
#4392=VECTOR('',#13116,0.01889467740107);
#4393=VECTOR('',#13117,0.0191370184522);
#4394=VECTOR('',#13118,0.09);
#4395=VECTOR('',#13119,0.18);
#4396=VECTOR('',#13120,0.0225);
#4397=VECTOR('',#13121,0.08042553305626);
#4398=VECTOR('',#13122,0.06374988555908);
#4399=VECTOR('',#13123,0.05744681239128);
#4400=VECTOR('',#13124,0.07124994277954);
#4401=VECTOR('',#13125,0.01188401307476);
#4402=VECTOR('',#13126,0.01072007114503);
#4403=VECTOR('',#13127,0.01208583764989);
#4404=VECTOR('',#13128,0.01148937106132);
#4405=VECTOR('',#13129,0.01208583764989);
#4406=VECTOR('',#13130,0.01072007114503);
#4407=VECTOR('',#13131,0.01188401307476);
#4408=VECTOR('',#13132,0.07124994277954);
#4409=VECTOR('',#13135,0.05);
#4410=VECTOR('',#13136,0.05);
#4411=VECTOR('',#13139,0.05);
#4412=VECTOR('',#13142,0.05);
#4413=VECTOR('',#13147,0.05);
#4414=VECTOR('',#13148,0.05);
#4415=VECTOR('',#13151,0.05);
#4416=VECTOR('',#13154,0.05);
#4417=VECTOR('',#13157,0.05);
#4418=VECTOR('',#13160,0.05);
#4419=VECTOR('',#13163,0.05);
#4420=VECTOR('',#13166,0.05);
#4421=VECTOR('',#13169,0.05);
#4422=VECTOR('',#13172,0.05);
#4423=VECTOR('',#13175,0.05);
#4424=VECTOR('',#13178,0.05);
#4425=VECTOR('',#13181,0.05);
#4426=VECTOR('',#13184,0.05);
#4427=VECTOR('',#13187,0.05);
#4428=VECTOR('',#13190,0.05);
#4429=VECTOR('',#13193,0.05);
#4430=VECTOR('',#13196,0.05);
#4431=VECTOR('',#13199,0.05);
#4432=VECTOR('',#13202,0.05);
#4433=VECTOR('',#13205,0.05);
#4434=VECTOR('',#13208,0.05);
#4435=VECTOR('',#13211,0.05);
#4436=VECTOR('',#13214,0.05);
#4437=VECTOR('',#13217,0.05);
#4438=VECTOR('',#13220,0.05);
#4439=VECTOR('',#13223,0.05);
#4440=VECTOR('',#13226,0.05);
#4441=VECTOR('',#13229,0.05);
#4442=VECTOR('',#13232,0.05);
#4443=VECTOR('',#13235,0.05);
#4444=VECTOR('',#13238,0.05);
#4445=VECTOR('',#13241,0.05);
#4446=VECTOR('',#13244,0.05);
#4447=VECTOR('',#13247,0.05);
#4448=VECTOR('',#13250,0.05);
#4449=VECTOR('',#13253,0.05);
#4450=VECTOR('',#13256,0.05);
#4451=VECTOR('',#13259,0.05);
#4452=VECTOR('',#13262,0.05);
#4453=VECTOR('',#13265,0.05);
#4454=VECTOR('',#13268,0.05);
#4455=VECTOR('',#13271,0.05);
#4456=VECTOR('',#13274,0.05);
#4457=VECTOR('',#13277,0.05);
#4458=VECTOR('',#13280,0.05);
#4459=VECTOR('',#13283,0.05);
#4460=VECTOR('',#13286,0.05);
#4461=VECTOR('',#13289,0.05);
#4462=VECTOR('',#13292,0.05);
#4463=VECTOR('',#13295,0.05);
#4464=VECTOR('',#13298,0.05);
#4465=VECTOR('',#13301,0.05);
#4466=VECTOR('',#13304,0.05);
#4467=VECTOR('',#13309,0.05);
#4468=VECTOR('',#13310,0.05);
#4469=VECTOR('',#13313,0.05);
#4470=VECTOR('',#13316,0.05);
#4471=VECTOR('',#13319,0.05);
#4472=VECTOR('',#13322,0.05);
#4473=VECTOR('',#13325,0.05);
#4474=VECTOR('',#13328,0.05);
#4475=VECTOR('',#13331,0.05);
#4476=VECTOR('',#13334,0.05);
#4477=VECTOR('',#13337,0.05);
#4478=VECTOR('',#13340,0.05);
#4479=VECTOR('',#13343,0.05);
#4480=VECTOR('',#13348,0.05);
#4481=VECTOR('',#13349,0.05);
#4482=VECTOR('',#13352,0.05);
#4483=VECTOR('',#13355,0.05);
#4484=VECTOR('',#13360,0.05);
#4485=VECTOR('',#13361,0.05);
#4486=VECTOR('',#13364,0.05);
#4487=VECTOR('',#13367,0.05);
#4488=VECTOR('',#13370,0.05);
#4489=VECTOR('',#13373,0.05);
#4490=VECTOR('',#13376,0.05);
#4491=VECTOR('',#13379,0.05);
#4492=VECTOR('',#13384,0.05);
#4493=VECTOR('',#13385,0.05);
#4494=VECTOR('',#13388,0.05);
#4495=VECTOR('',#13391,0.05);
#4496=VECTOR('',#13394,0.05);
#4497=VECTOR('',#13397,0.05);
#4498=VECTOR('',#13400,0.05);
#4499=VECTOR('',#13403,0.05);
#4500=VECTOR('',#13406,0.05);
#4501=VECTOR('',#13409,0.05);
#4502=VECTOR('',#13412,0.05);
#4503=VECTOR('',#13415,0.05);
#4504=VECTOR('',#13418,0.05);
#4505=VECTOR('',#13421,0.05);
#4506=VECTOR('',#13424,0.05);
#4507=VECTOR('',#13427,0.05);
#4508=VECTOR('',#13430,0.05);
#4509=VECTOR('',#13433,0.05);
#4510=VECTOR('',#13436,0.05);
#4511=VECTOR('',#13439,0.05);
#4512=VECTOR('',#13442,0.05);
#4513=VECTOR('',#13445,0.05);
#4514=VECTOR('',#13448,0.05);
#4515=VECTOR('',#13451,0.05);
#4516=VECTOR('',#13454,0.05);
#4517=VECTOR('',#13457,0.05);
#4518=VECTOR('',#13460,0.05);
#4519=VECTOR('',#13463,0.05);
#4520=VECTOR('',#13466,0.05);
#4521=VECTOR('',#13469,0.05);
#4522=VECTOR('',#13472,0.05);
#4523=VECTOR('',#13475,0.05);
#4524=VECTOR('',#13478,0.05);
#4525=VECTOR('',#13481,0.05);
#4526=VECTOR('',#13484,0.05);
#4527=VECTOR('',#13487,0.05);
#4528=VECTOR('',#13490,0.05);
#4529=VECTOR('',#13493,0.05);
#4530=VECTOR('',#13496,0.05);
#4531=VECTOR('',#13499,0.05);
#4532=VECTOR('',#13504,0.05);
#4533=VECTOR('',#13505,0.05);
#4534=VECTOR('',#13508,0.05);
#4535=VECTOR('',#13511,0.05);
#4536=VECTOR('',#13514,0.05);
#4537=VECTOR('',#13517,0.05);
#4538=VECTOR('',#13520,0.05);
#4539=VECTOR('',#13523,0.05);
#4540=VECTOR('',#13526,0.05);
#4541=VECTOR('',#13529,0.05);
#4542=VECTOR('',#13532,0.05);
#4543=VECTOR('',#13535,0.05);
#4544=VECTOR('',#13540,0.05);
#4545=VECTOR('',#13541,0.05);
#4546=VECTOR('',#13544,0.05);
#4547=VECTOR('',#13547,0.05);
#4548=VECTOR('',#13550,0.05);
#4549=VECTOR('',#13553,0.05);
#4550=VECTOR('',#13556,0.05);
#4551=VECTOR('',#13559,0.05);
#4552=VECTOR('',#13562,0.05);
#4553=VECTOR('',#13565,0.05);
#4554=VECTOR('',#13568,0.05);
#4555=VECTOR('',#13571,0.05);
#4556=VECTOR('',#13574,0.05);
#4557=VECTOR('',#13577,0.05);
#4558=VECTOR('',#13580,0.05);
#4559=VECTOR('',#13583,0.05);
#4560=VECTOR('',#13586,0.05);
#4561=VECTOR('',#13589,0.05);
#4562=VECTOR('',#13592,0.05);
#4563=VECTOR('',#13595,0.05);
#4564=VECTOR('',#13598,0.05);
#4565=VECTOR('',#13601,0.05);
#4566=VECTOR('',#13604,0.05);
#4567=VECTOR('',#13607,0.05);
#4568=VECTOR('',#13610,0.05);
#4569=VECTOR('',#13613,0.05);
#4570=VECTOR('',#13616,0.05);
#4571=VECTOR('',#13619,0.05);
#4572=VECTOR('',#13622,0.05);
#4573=VECTOR('',#13625,0.05);
#4574=VECTOR('',#13628,0.05);
#4575=VECTOR('',#13631,0.05);
#4576=VECTOR('',#13634,0.05);
#4577=VECTOR('',#13637,0.05);
#4578=VECTOR('',#13640,0.05);
#4579=VECTOR('',#13643,0.05);
#4580=VECTOR('',#13646,0.05);
#4581=VECTOR('',#13649,0.05);
#4582=VECTOR('',#13652,0.05);
#4583=VECTOR('',#13655,0.05);
#4584=VECTOR('',#13660,0.05);
#4585=VECTOR('',#13661,0.05);
#4586=VECTOR('',#13664,0.05);
#4587=VECTOR('',#13667,0.05);
#4588=VECTOR('',#13670,0.05);
#4589=VECTOR('',#13673,0.05);
#4590=VECTOR('',#13676,0.05);
#4591=VECTOR('',#13679,0.05);
#4592=VECTOR('',#13682,0.05);
#4593=VECTOR('',#13685,0.05);
#4594=VECTOR('',#13688,0.05);
#4595=VECTOR('',#13691,0.05);
#4596=VECTOR('',#13694,0.05);
#4597=VECTOR('',#13697,0.05);
#4598=VECTOR('',#13700,0.05);
#4599=VECTOR('',#13703,0.05);
#4600=VECTOR('',#13706,0.05);
#4601=VECTOR('',#13709,0.05);
#4602=VECTOR('',#13712,0.05);
#4603=VECTOR('',#13715,0.05);
#4604=VECTOR('',#13720,0.05);
#4605=VECTOR('',#13721,0.05);
#4606=VECTOR('',#13724,0.05);
#4607=VECTOR('',#13727,0.05);
#4608=VECTOR('',#13730,0.05);
#4609=VECTOR('',#13733,0.05);
#4610=VECTOR('',#13736,0.05);
#4611=VECTOR('',#13739,0.05);
#4612=VECTOR('',#13742,0.05);
#4613=VECTOR('',#13745,0.05);
#4614=VECTOR('',#13748,0.05);
#4615=VECTOR('',#13751,0.05);
#4616=VECTOR('',#13754,0.05);
#4617=VECTOR('',#13757,0.05);
#4618=VECTOR('',#13760,0.05);
#4619=VECTOR('',#13763,0.05);
#4620=VECTOR('',#13766,0.05);
#4621=VECTOR('',#13769,0.05);
#4622=VECTOR('',#13772,0.05);
#4623=VECTOR('',#13775,0.05);
#4624=VECTOR('',#13780,0.05);
#4625=VECTOR('',#13783,0.05);
#4626=VECTOR('',#13788,0.05);
#4627=VECTOR('',#13789,0.05);
#4628=VECTOR('',#13792,0.05);
#4629=VECTOR('',#13795,0.05);
#4630=VECTOR('',#13798,0.05);
#4631=VECTOR('',#13801,0.05);
#4632=VECTOR('',#13804,0.05);
#4633=VECTOR('',#13807,0.05);
#4634=VECTOR('',#13810,0.05);
#4635=VECTOR('',#13813,0.05);
#4636=VECTOR('',#13818,0.05);
#4637=VECTOR('',#13819,0.05);
#4638=VECTOR('',#13822,0.05);
#4639=VECTOR('',#13825,0.05);
#4640=VECTOR('',#13828,0.05);
#4641=VECTOR('',#13831,0.05);
#4642=VECTOR('',#13834,0.05);
#4643=VECTOR('',#13837,0.05);
#4644=VECTOR('',#13840,0.05);
#4645=VECTOR('',#13843,0.05);
#4646=VECTOR('',#13848,0.05);
#4647=VECTOR('',#13849,0.05);
#4648=VECTOR('',#13852,0.05);
#4649=VECTOR('',#13855,0.05);
#4650=VECTOR('',#13858,0.05);
#4651=VECTOR('',#13861,0.05);
#4652=VECTOR('',#13864,0.05);
#4653=VECTOR('',#13867,0.05);
#4654=VECTOR('',#13870,0.05);
#4655=VECTOR('',#13873,0.05);
#4656=VECTOR('',#13876,0.05);
#4657=VECTOR('',#13879,0.05);
#4658=VECTOR('',#13884,0.05);
#4659=VECTOR('',#13885,0.05);
#4660=VECTOR('',#13888,0.05);
#4661=VECTOR('',#13891,0.05);
#4662=VECTOR('',#13894,0.05);
#4663=VECTOR('',#13897,0.05);
#4664=VECTOR('',#13900,0.05);
#4665=VECTOR('',#13903,0.05);
#4666=VECTOR('',#13906,0.05);
#4667=VECTOR('',#13909,0.05);
#4668=VECTOR('',#13912,0.05);
#4669=VECTOR('',#13915,0.05);
#4670=VECTOR('',#13918,0.05);
#4671=VECTOR('',#13921,0.05);
#4672=VECTOR('',#13924,0.05);
#4673=VECTOR('',#13927,0.05);
#4674=VECTOR('',#13930,0.05);
#4675=VECTOR('',#13933,0.05);
#4676=VECTOR('',#13936,0.05);
#4677=VECTOR('',#13939,0.05);
#4678=VECTOR('',#13942,0.05);
#4679=VECTOR('',#13945,0.05);
#4680=VECTOR('',#13948,0.05);
#4681=VECTOR('',#13951,0.05);
#4682=VECTOR('',#13954,0.05);
#4683=VECTOR('',#13957,0.05);
#4684=VECTOR('',#13960,0.05);
#4685=VECTOR('',#13963,0.05);
#4686=VECTOR('',#13966,0.05);
#4687=VECTOR('',#13969,0.05);
#4688=VECTOR('',#13972,0.05);
#4689=VECTOR('',#13975,0.05);
#4690=VECTOR('',#13978,0.05);
#4691=VECTOR('',#13981,0.05);
#4692=VECTOR('',#13984,0.05);
#4693=VECTOR('',#13987,0.05);
#4694=VECTOR('',#13990,0.05);
#4695=VECTOR('',#13993,0.05);
#4696=VECTOR('',#13996,0.05);
#4697=VECTOR('',#13999,0.05);
#4698=VECTOR('',#14004,0.05);
#4699=VECTOR('',#14005,0.05);
#4700=VECTOR('',#14008,0.05);
#4701=VECTOR('',#14011,0.05);
#4702=VECTOR('',#14014,0.05);
#4703=VECTOR('',#14017,0.05);
#4704=VECTOR('',#14020,0.05);
#4705=VECTOR('',#14023,0.05);
#4706=VECTOR('',#14028,0.05);
#4707=VECTOR('',#14029,0.05);
#4708=VECTOR('',#14032,0.05);
#4709=VECTOR('',#14035,0.05);
#4710=VECTOR('',#14038,0.05);
#4711=VECTOR('',#14041,0.05);
#4712=VECTOR('',#14044,0.05);
#4713=VECTOR('',#14047,0.05);
#4714=VECTOR('',#14050,0.05);
#4715=VECTOR('',#14053,0.05);
#4716=VECTOR('',#14056,0.05);
#4717=VECTOR('',#14059,0.05);
#4718=VECTOR('',#14062,0.05);
#4719=VECTOR('',#14065,0.05);
#4720=VECTOR('',#14068,0.05);
#4721=VECTOR('',#14071,0.05);
#4722=VECTOR('',#14074,0.05);
#4723=VECTOR('',#14077,0.05);
#4724=VECTOR('',#14080,0.05);
#4725=VECTOR('',#14083,0.05);
#4726=VECTOR('',#14088,0.05);
#4727=VECTOR('',#14089,0.05);
#4728=VECTOR('',#14092,0.05);
#4729=VECTOR('',#14095,0.05);
#4730=VECTOR('',#14098,0.05);
#4731=VECTOR('',#14101,0.05);
#4732=VECTOR('',#14104,0.05);
#4733=VECTOR('',#14107,0.05);
#4734=VECTOR('',#14110,0.05);
#4735=VECTOR('',#14113,0.05);
#4736=VECTOR('',#14116,0.05);
#4737=VECTOR('',#14119,0.05);
#4738=VECTOR('',#14122,0.05);
#4739=VECTOR('',#14125,0.05);
#4740=VECTOR('',#14128,0.05);
#4741=VECTOR('',#14131,0.05);
#4742=VECTOR('',#14134,0.05);
#4743=VECTOR('',#14137,0.05);
#4744=VECTOR('',#14140,0.05);
#4745=VECTOR('',#14143,0.05);
#4746=VECTOR('',#14146,0.05);
#4747=VECTOR('',#14149,0.05);
#4748=VECTOR('',#14152,0.05);
#4749=VECTOR('',#14155,0.05);
#4750=VECTOR('',#14160,0.05);
#4751=VECTOR('',#14161,0.05);
#4752=VECTOR('',#14164,0.05);
#4753=VECTOR('',#14167,0.05);
#4754=VECTOR('',#14170,0.05);
#4755=VECTOR('',#14173,0.05);
#4756=VECTOR('',#14176,0.05);
#4757=VECTOR('',#14179,0.05);
#4758=VECTOR('',#14182,0.05);
#4759=VECTOR('',#14185,0.05);
#4760=VECTOR('',#14188,0.05);
#4761=VECTOR('',#14191,0.05);
#4762=VECTOR('',#14194,0.05);
#4763=VECTOR('',#14197,0.05);
#4764=VECTOR('',#14200,0.05);
#4765=VECTOR('',#14203,0.05);
#4766=VECTOR('',#14208,0.05);
#4767=VECTOR('',#14209,0.05);
#4768=VECTOR('',#14212,0.05);
#4769=VECTOR('',#14215,0.05);
#4770=VECTOR('',#14218,0.05);
#4771=VECTOR('',#14221,0.05);
#4772=VECTOR('',#14224,0.05);
#4773=VECTOR('',#14227,0.05);
#4774=VECTOR('',#14230,0.05);
#4775=VECTOR('',#14233,0.05);
#4776=VECTOR('',#14238,1.457662787522);
#4777=VECTOR('',#14239,2.260095132609);
#4778=VECTOR('',#14240,1.457662787522);
#4779=VECTOR('',#14241,2.260095132609);
#4780=VECTOR('',#14244,0.2);
#4781=VECTOR('',#14245,2.260095132609);
#4782=VECTOR('',#14246,0.2);
#4783=VECTOR('',#14249,1.457662787522);
#4784=VECTOR('',#14250,0.2);
#4785=VECTOR('',#14253,2.260095132609);
#4786=VECTOR('',#14254,0.2);
#4787=VECTOR('',#14257,1.457662787522);
#4788=VECTOR('',#14262,2.260095132609);
#4789=VECTOR('',#14263,0.2);
#4790=VECTOR('',#14264,2.260095132609);
#4791=VECTOR('',#14265,0.2);
#4792=VECTOR('',#14268,1.457662787522);
#4793=VECTOR('',#14269,0.2);
#4794=VECTOR('',#14270,1.457662787522);
#4795=VECTOR('',#14273,2.260095132609);
#4796=VECTOR('',#14274,1.457662787522);
#4797=VECTOR('',#14277,0.2);
#4798=VECTOR('',#14278,1.457662787522);
#4799=VECTOR('',#14281,2.260095132609);
#4800=VECTOR('',#14286,1.457662787522);
#4801=VECTOR('',#14287,2.260095132609);
#4802=VECTOR('',#14288,1.457662787522);
#4803=VECTOR('',#14289,2.260095132609);
#4804=VECTOR('',#14292,2.260095132609);
#4805=VECTOR('',#14293,0.2);
#4806=VECTOR('',#14294,0.2);
#4807=VECTOR('',#14297,0.2);
#4808=VECTOR('',#14298,1.457662787522);
#4809=VECTOR('',#14301,2.260095132609);
#4810=VECTOR('',#14302,1.457662787522);
#4811=VECTOR('',#14305,0.2);
#4812=CIRCLE('',#11067,0.095);
#4813=CIRCLE('',#11068,0.095);
#4814=CIRCLE('',#11070,0.045);
#4815=CIRCLE('',#11071,0.045);
#4816=CIRCLE('',#11073,0.65);
#4817=CIRCLE('',#11074,0.65);
#4818=CIRCLE('',#11076,0.65);
#4819=CIRCLE('',#11077,0.65);
#4820=CIRCLE('',#11079,0.65);
#4821=CIRCLE('',#11080,0.65);
#4822=CIRCLE('',#11083,0.95);
#4823=CIRCLE('',#11085,1.);
#4824=CIRCLE('',#11086,0.065);
#4825=CIRCLE('',#11087,0.045);
#4826=CIRCLE('',#11098,1.);
#4827=CIRCLE('',#11099,0.95);
#4828=CIRCLE('',#11109,0.2);
#4829=CIRCLE('',#11110,0.2);
#4830=CIRCLE('',#11114,0.2);
#4831=CIRCLE('',#11115,0.2);
#4832=CIRCLE('',#11136,1.);
#4833=CIRCLE('',#11137,0.95);
#4834=CIRCLE('',#11140,0.95);
#4835=CIRCLE('',#11143,1.);
#4836=CIRCLE('',#11197,0.065);
#4837=CIRCLE('',#11207,0.045);
#4838=VERTEX_POINT('',#14310);
#4839=VERTEX_POINT('',#14311);
#4840=VERTEX_POINT('',#14313);
#4841=VERTEX_POINT('',#14315);
#4842=VERTEX_POINT('',#14319);
#4843=VERTEX_POINT('',#14320);
#4844=VERTEX_POINT('',#14322);
#4845=VERTEX_POINT('',#14324);
#4846=VERTEX_POINT('',#14328);
#4847=VERTEX_POINT('',#14329);
#4848=VERTEX_POINT('',#14331);
#4849=VERTEX_POINT('',#14333);
#4850=VERTEX_POINT('',#14337);
#4851=VERTEX_POINT('',#14338);
#4852=VERTEX_POINT('',#14340);
#4853=VERTEX_POINT('',#14342);
#4854=VERTEX_POINT('',#14346);
#4855=VERTEX_POINT('',#14347);
#4856=VERTEX_POINT('',#14349);
#4857=VERTEX_POINT('',#14351);
#4858=VERTEX_POINT('',#14355);
#4859=VERTEX_POINT('',#14356);
#4860=VERTEX_POINT('',#14358);
#4861=VERTEX_POINT('',#14360);
#4862=VERTEX_POINT('',#14364);
#4863=VERTEX_POINT('',#14365);
#4864=VERTEX_POINT('',#14367);
#4865=VERTEX_POINT('',#14369);
#4866=VERTEX_POINT('',#14373);
#4867=VERTEX_POINT('',#14374);
#4868=VERTEX_POINT('',#14376);
#4869=VERTEX_POINT('',#14378);
#4870=VERTEX_POINT('',#14380);
#4871=VERTEX_POINT('',#14382);
#4872=VERTEX_POINT('',#14384);
#4873=VERTEX_POINT('',#14386);
#4874=VERTEX_POINT('',#14389);
#4875=VERTEX_POINT('',#14390);
#4876=VERTEX_POINT('',#14392);
#4877=VERTEX_POINT('',#14394);
#4878=VERTEX_POINT('',#14397);
#4879=VERTEX_POINT('',#14398);
#4880=VERTEX_POINT('',#14400);
#4881=VERTEX_POINT('',#14402);
#4882=VERTEX_POINT('',#14405);
#4883=VERTEX_POINT('',#14407);
#4884=VERTEX_POINT('',#14409);
#4885=VERTEX_POINT('',#14411);
#4886=VERTEX_POINT('',#14413);
#4887=VERTEX_POINT('',#14415);
#4888=VERTEX_POINT('',#14417);
#4889=VERTEX_POINT('',#14420);
#4890=VERTEX_POINT('',#14422);
#4891=VERTEX_POINT('',#14424);
#4892=VERTEX_POINT('',#14426);
#4893=VERTEX_POINT('',#14428);
#4894=VERTEX_POINT('',#14430);
#4895=VERTEX_POINT('',#14432);
#4896=VERTEX_POINT('',#14434);
#4897=VERTEX_POINT('',#14436);
#4898=VERTEX_POINT('',#14438);
#4899=VERTEX_POINT('',#14440);
#4900=VERTEX_POINT('',#14442);
#4901=VERTEX_POINT('',#14444);
#4902=VERTEX_POINT('',#14446);
#4903=VERTEX_POINT('',#14448);
#4904=VERTEX_POINT('',#14450);
#4905=VERTEX_POINT('',#14452);
#4906=VERTEX_POINT('',#14454);
#4907=VERTEX_POINT('',#14456);
#4908=VERTEX_POINT('',#14458);
#4909=VERTEX_POINT('',#14460);
#4910=VERTEX_POINT('',#14462);
#4911=VERTEX_POINT('',#14464);
#4912=VERTEX_POINT('',#14466);
#4913=VERTEX_POINT('',#14468);
#4914=VERTEX_POINT('',#14470);
#4915=VERTEX_POINT('',#14472);
#4916=VERTEX_POINT('',#14474);
#4917=VERTEX_POINT('',#14476);
#4918=VERTEX_POINT('',#14478);
#4919=VERTEX_POINT('',#14480);
#4920=VERTEX_POINT('',#14482);
#4921=VERTEX_POINT('',#14484);
#4922=VERTEX_POINT('',#14486);
#4923=VERTEX_POINT('',#14489);
#4924=VERTEX_POINT('',#14490);
#4925=VERTEX_POINT('',#14492);
#4926=VERTEX_POINT('',#14494);
#4927=VERTEX_POINT('',#14497);
#4928=VERTEX_POINT('',#14498);
#4929=VERTEX_POINT('',#14500);
#4930=VERTEX_POINT('',#14502);
#4931=VERTEX_POINT('',#14504);
#4932=VERTEX_POINT('',#14506);
#4933=VERTEX_POINT('',#14508);
#4934=VERTEX_POINT('',#14510);
#4935=VERTEX_POINT('',#14512);
#4936=VERTEX_POINT('',#14514);
#4937=VERTEX_POINT('',#14516);
#4938=VERTEX_POINT('',#14518);
#4939=VERTEX_POINT('',#14520);
#4940=VERTEX_POINT('',#14522);
#4941=VERTEX_POINT('',#14524);
#4942=VERTEX_POINT('',#14526);
#4943=VERTEX_POINT('',#14528);
#4944=VERTEX_POINT('',#14530);
#4945=VERTEX_POINT('',#14532);
#4946=VERTEX_POINT('',#14534);
#4947=VERTEX_POINT('',#14536);
#4948=VERTEX_POINT('',#14538);
#4949=VERTEX_POINT('',#14540);
#4950=VERTEX_POINT('',#14542);
#4951=VERTEX_POINT('',#14544);
#4952=VERTEX_POINT('',#14546);
#4953=VERTEX_POINT('',#14548);
#4954=VERTEX_POINT('',#14550);
#4955=VERTEX_POINT('',#14552);
#4956=VERTEX_POINT('',#14554);
#4957=VERTEX_POINT('',#14556);
#4958=VERTEX_POINT('',#14558);
#4959=VERTEX_POINT('',#14560);
#4960=VERTEX_POINT('',#14562);
#4961=VERTEX_POINT('',#14564);
#4962=VERTEX_POINT('',#14566);
#4963=VERTEX_POINT('',#14568);
#4964=VERTEX_POINT('',#14570);
#4965=VERTEX_POINT('',#14572);
#4966=VERTEX_POINT('',#14574);
#4967=VERTEX_POINT('',#14576);
#4968=VERTEX_POINT('',#14578);
#4969=VERTEX_POINT('',#14580);
#4970=VERTEX_POINT('',#14582);
#4971=VERTEX_POINT('',#14584);
#4972=VERTEX_POINT('',#14586);
#4973=VERTEX_POINT('',#14588);
#4974=VERTEX_POINT('',#14590);
#4975=VERTEX_POINT('',#14592);
#4976=VERTEX_POINT('',#14594);
#4977=VERTEX_POINT('',#14596);
#4978=VERTEX_POINT('',#14598);
#4979=VERTEX_POINT('',#14600);
#4980=VERTEX_POINT('',#14602);
#4981=VERTEX_POINT('',#14605);
#4982=VERTEX_POINT('',#14606);
#4983=VERTEX_POINT('',#14608);
#4984=VERTEX_POINT('',#14610);
#4985=VERTEX_POINT('',#14612);
#4986=VERTEX_POINT('',#14614);
#4987=VERTEX_POINT('',#14616);
#4988=VERTEX_POINT('',#14618);
#4989=VERTEX_POINT('',#14620);
#4990=VERTEX_POINT('',#14622);
#4991=VERTEX_POINT('',#14624);
#4992=VERTEX_POINT('',#14626);
#4993=VERTEX_POINT('',#14628);
#4994=VERTEX_POINT('',#14631);
#4995=VERTEX_POINT('',#14632);
#4996=VERTEX_POINT('',#14634);
#4997=VERTEX_POINT('',#14636);
#4998=VERTEX_POINT('',#14639);
#4999=VERTEX_POINT('',#14640);
#5000=VERTEX_POINT('',#14642);
#5001=VERTEX_POINT('',#14644);
#5002=VERTEX_POINT('',#14646);
#5003=VERTEX_POINT('',#14648);
#5004=VERTEX_POINT('',#14650);
#5005=VERTEX_POINT('',#14652);
#5006=VERTEX_POINT('',#14655);
#5007=VERTEX_POINT('',#14656);
#5008=VERTEX_POINT('',#14658);
#5009=VERTEX_POINT('',#14660);
#5010=VERTEX_POINT('',#14662);
#5011=VERTEX_POINT('',#14664);
#5012=VERTEX_POINT('',#14666);
#5013=VERTEX_POINT('',#14668);
#5014=VERTEX_POINT('',#14670);
#5015=VERTEX_POINT('',#14672);
#5016=VERTEX_POINT('',#14674);
#5017=VERTEX_POINT('',#14676);
#5018=VERTEX_POINT('',#14678);
#5019=VERTEX_POINT('',#14680);
#5020=VERTEX_POINT('',#14682);
#5021=VERTEX_POINT('',#14684);
#5022=VERTEX_POINT('',#14686);
#5023=VERTEX_POINT('',#14688);
#5024=VERTEX_POINT('',#14690);
#5025=VERTEX_POINT('',#14692);
#5026=VERTEX_POINT('',#14694);
#5027=VERTEX_POINT('',#14696);
#5028=VERTEX_POINT('',#14698);
#5029=VERTEX_POINT('',#14700);
#5030=VERTEX_POINT('',#14702);
#5031=VERTEX_POINT('',#14704);
#5032=VERTEX_POINT('',#14706);
#5033=VERTEX_POINT('',#14708);
#5034=VERTEX_POINT('',#14710);
#5035=VERTEX_POINT('',#14712);
#5036=VERTEX_POINT('',#14714);
#5037=VERTEX_POINT('',#14716);
#5038=VERTEX_POINT('',#14718);
#5039=VERTEX_POINT('',#14720);
#5040=VERTEX_POINT('',#14722);
#5041=VERTEX_POINT('',#14724);
#5042=VERTEX_POINT('',#14726);
#5043=VERTEX_POINT('',#14728);
#5044=VERTEX_POINT('',#14730);
#5045=VERTEX_POINT('',#14732);
#5046=VERTEX_POINT('',#14735);
#5047=VERTEX_POINT('',#14736);
#5048=VERTEX_POINT('',#14738);
#5049=VERTEX_POINT('',#14740);
#5050=VERTEX_POINT('',#14742);
#5051=VERTEX_POINT('',#14744);
#5052=VERTEX_POINT('',#14746);
#5053=VERTEX_POINT('',#14748);
#5054=VERTEX_POINT('',#14750);
#5055=VERTEX_POINT('',#14752);
#5056=VERTEX_POINT('',#14754);
#5057=VERTEX_POINT('',#14756);
#5058=VERTEX_POINT('',#14759);
#5059=VERTEX_POINT('',#14760);
#5060=VERTEX_POINT('',#14762);
#5061=VERTEX_POINT('',#14764);
#5062=VERTEX_POINT('',#14766);
#5063=VERTEX_POINT('',#14768);
#5064=VERTEX_POINT('',#14770);
#5065=VERTEX_POINT('',#14772);
#5066=VERTEX_POINT('',#14774);
#5067=VERTEX_POINT('',#14776);
#5068=VERTEX_POINT('',#14778);
#5069=VERTEX_POINT('',#14780);
#5070=VERTEX_POINT('',#14782);
#5071=VERTEX_POINT('',#14784);
#5072=VERTEX_POINT('',#14786);
#5073=VERTEX_POINT('',#14788);
#5074=VERTEX_POINT('',#14790);
#5075=VERTEX_POINT('',#14792);
#5076=VERTEX_POINT('',#14794);
#5077=VERTEX_POINT('',#14796);
#5078=VERTEX_POINT('',#14798);
#5079=VERTEX_POINT('',#14800);
#5080=VERTEX_POINT('',#14802);
#5081=VERTEX_POINT('',#14804);
#5082=VERTEX_POINT('',#14806);
#5083=VERTEX_POINT('',#14808);
#5084=VERTEX_POINT('',#14810);
#5085=VERTEX_POINT('',#14812);
#5086=VERTEX_POINT('',#14814);
#5087=VERTEX_POINT('',#14816);
#5088=VERTEX_POINT('',#14818);
#5089=VERTEX_POINT('',#14820);
#5090=VERTEX_POINT('',#14822);
#5091=VERTEX_POINT('',#14824);
#5092=VERTEX_POINT('',#14826);
#5093=VERTEX_POINT('',#14828);
#5094=VERTEX_POINT('',#14830);
#5095=VERTEX_POINT('',#14832);
#5096=VERTEX_POINT('',#14834);
#5097=VERTEX_POINT('',#14836);
#5098=VERTEX_POINT('',#14839);
#5099=VERTEX_POINT('',#14840);
#5100=VERTEX_POINT('',#14842);
#5101=VERTEX_POINT('',#14844);
#5102=VERTEX_POINT('',#14846);
#5103=VERTEX_POINT('',#14848);
#5104=VERTEX_POINT('',#14850);
#5105=VERTEX_POINT('',#14852);
#5106=VERTEX_POINT('',#14854);
#5107=VERTEX_POINT('',#14856);
#5108=VERTEX_POINT('',#14858);
#5109=VERTEX_POINT('',#14860);
#5110=VERTEX_POINT('',#14862);
#5111=VERTEX_POINT('',#14864);
#5112=VERTEX_POINT('',#14866);
#5113=VERTEX_POINT('',#14868);
#5114=VERTEX_POINT('',#14870);
#5115=VERTEX_POINT('',#14872);
#5116=VERTEX_POINT('',#14874);
#5117=VERTEX_POINT('',#14877);
#5118=VERTEX_POINT('',#14879);
#5119=VERTEX_POINT('',#14881);
#5120=VERTEX_POINT('',#14884);
#5121=VERTEX_POINT('',#14885);
#5122=VERTEX_POINT('',#14887);
#5123=VERTEX_POINT('',#14889);
#5124=VERTEX_POINT('',#14891);
#5125=VERTEX_POINT('',#14893);
#5126=VERTEX_POINT('',#14895);
#5127=VERTEX_POINT('',#14897);
#5128=VERTEX_POINT('',#14899);
#5129=VERTEX_POINT('',#14901);
#5130=VERTEX_POINT('',#14904);
#5131=VERTEX_POINT('',#14905);
#5132=VERTEX_POINT('',#14907);
#5133=VERTEX_POINT('',#14909);
#5134=VERTEX_POINT('',#14911);
#5135=VERTEX_POINT('',#14913);
#5136=VERTEX_POINT('',#14915);
#5137=VERTEX_POINT('',#14917);
#5138=VERTEX_POINT('',#14919);
#5139=VERTEX_POINT('',#14921);
#5140=VERTEX_POINT('',#14924);
#5141=VERTEX_POINT('',#14925);
#5142=VERTEX_POINT('',#14927);
#5143=VERTEX_POINT('',#14929);
#5144=VERTEX_POINT('',#14931);
#5145=VERTEX_POINT('',#14933);
#5146=VERTEX_POINT('',#14935);
#5147=VERTEX_POINT('',#14937);
#5148=VERTEX_POINT('',#14939);
#5149=VERTEX_POINT('',#14941);
#5150=VERTEX_POINT('',#14943);
#5151=VERTEX_POINT('',#14945);
#5152=VERTEX_POINT('',#14948);
#5153=VERTEX_POINT('',#14949);
#5154=VERTEX_POINT('',#14951);
#5155=VERTEX_POINT('',#14953);
#5156=VERTEX_POINT('',#14955);
#5157=VERTEX_POINT('',#14957);
#5158=VERTEX_POINT('',#14959);
#5159=VERTEX_POINT('',#14961);
#5160=VERTEX_POINT('',#14963);
#5161=VERTEX_POINT('',#14965);
#5162=VERTEX_POINT('',#14967);
#5163=VERTEX_POINT('',#14969);
#5164=VERTEX_POINT('',#14971);
#5165=VERTEX_POINT('',#14973);
#5166=VERTEX_POINT('',#14975);
#5167=VERTEX_POINT('',#14977);
#5168=VERTEX_POINT('',#14979);
#5169=VERTEX_POINT('',#14981);
#5170=VERTEX_POINT('',#14983);
#5171=VERTEX_POINT('',#14985);
#5172=VERTEX_POINT('',#14987);
#5173=VERTEX_POINT('',#14989);
#5174=VERTEX_POINT('',#14991);
#5175=VERTEX_POINT('',#14993);
#5176=VERTEX_POINT('',#14995);
#5177=VERTEX_POINT('',#14997);
#5178=VERTEX_POINT('',#14999);
#5179=VERTEX_POINT('',#15001);
#5180=VERTEX_POINT('',#15003);
#5181=VERTEX_POINT('',#15005);
#5182=VERTEX_POINT('',#15007);
#5183=VERTEX_POINT('',#15009);
#5184=VERTEX_POINT('',#15011);
#5185=VERTEX_POINT('',#15013);
#5186=VERTEX_POINT('',#15015);
#5187=VERTEX_POINT('',#15017);
#5188=VERTEX_POINT('',#15019);
#5189=VERTEX_POINT('',#15021);
#5190=VERTEX_POINT('',#15023);
#5191=VERTEX_POINT('',#15025);
#5192=VERTEX_POINT('',#15028);
#5193=VERTEX_POINT('',#15029);
#5194=VERTEX_POINT('',#15031);
#5195=VERTEX_POINT('',#15033);
#5196=VERTEX_POINT('',#15035);
#5197=VERTEX_POINT('',#15037);
#5198=VERTEX_POINT('',#15039);
#5199=VERTEX_POINT('',#15041);
#5200=VERTEX_POINT('',#15044);
#5201=VERTEX_POINT('',#15045);
#5202=VERTEX_POINT('',#15047);
#5203=VERTEX_POINT('',#15049);
#5204=VERTEX_POINT('',#15051);
#5205=VERTEX_POINT('',#15053);
#5206=VERTEX_POINT('',#15055);
#5207=VERTEX_POINT('',#15057);
#5208=VERTEX_POINT('',#15059);
#5209=VERTEX_POINT('',#15061);
#5210=VERTEX_POINT('',#15063);
#5211=VERTEX_POINT('',#15065);
#5212=VERTEX_POINT('',#15067);
#5213=VERTEX_POINT('',#15069);
#5214=VERTEX_POINT('',#15071);
#5215=VERTEX_POINT('',#15073);
#5216=VERTEX_POINT('',#15075);
#5217=VERTEX_POINT('',#15077);
#5218=VERTEX_POINT('',#15079);
#5219=VERTEX_POINT('',#15081);
#5220=VERTEX_POINT('',#15083);
#5221=VERTEX_POINT('',#15085);
#5222=VERTEX_POINT('',#15087);
#5223=VERTEX_POINT('',#15089);
#5224=VERTEX_POINT('',#15092);
#5225=VERTEX_POINT('',#15093);
#5226=VERTEX_POINT('',#15095);
#5227=VERTEX_POINT('',#15097);
#5228=VERTEX_POINT('',#15099);
#5229=VERTEX_POINT('',#15101);
#5230=VERTEX_POINT('',#15103);
#5231=VERTEX_POINT('',#15105);
#5232=VERTEX_POINT('',#15107);
#5233=VERTEX_POINT('',#15109);
#5234=VERTEX_POINT('',#15111);
#5235=VERTEX_POINT('',#15113);
#5236=VERTEX_POINT('',#15115);
#5237=VERTEX_POINT('',#15117);
#5238=VERTEX_POINT('',#15119);
#5239=VERTEX_POINT('',#15121);
#5240=VERTEX_POINT('',#15125);
#5241=VERTEX_POINT('',#15126);
#5242=VERTEX_POINT('',#15128);
#5243=VERTEX_POINT('',#15130);
#5244=VERTEX_POINT('',#15132);
#5245=VERTEX_POINT('',#15134);
#5246=VERTEX_POINT('',#15136);
#5247=VERTEX_POINT('',#15138);
#5248=VERTEX_POINT('',#15140);
#5249=VERTEX_POINT('',#15142);
#5250=VERTEX_POINT('',#15144);
#5251=VERTEX_POINT('',#15146);
#5252=VERTEX_POINT('',#15148);
#5253=VERTEX_POINT('',#15150);
#5254=VERTEX_POINT('',#15152);
#5255=VERTEX_POINT('',#15154);
#5256=VERTEX_POINT('',#15156);
#5257=VERTEX_POINT('',#15158);
#5258=VERTEX_POINT('',#15160);
#5259=VERTEX_POINT('',#15162);
#5260=VERTEX_POINT('',#15166);
#5261=VERTEX_POINT('',#15167);
#5262=VERTEX_POINT('',#15169);
#5263=VERTEX_POINT('',#15171);
#5264=VERTEX_POINT('',#15173);
#5265=VERTEX_POINT('',#15175);
#5266=VERTEX_POINT('',#15177);
#5267=VERTEX_POINT('',#15179);
#5268=VERTEX_POINT('',#15181);
#5269=VERTEX_POINT('',#15183);
#5270=VERTEX_POINT('',#15185);
#5271=VERTEX_POINT('',#15187);
#5272=VERTEX_POINT('',#15189);
#5273=VERTEX_POINT('',#15191);
#5274=VERTEX_POINT('',#15193);
#5275=VERTEX_POINT('',#15195);
#5276=VERTEX_POINT('',#15197);
#5277=VERTEX_POINT('',#15199);
#5278=VERTEX_POINT('',#15201);
#5279=VERTEX_POINT('',#15203);
#5280=VERTEX_POINT('',#15207);
#5281=VERTEX_POINT('',#15208);
#5282=VERTEX_POINT('',#15210);
#5283=VERTEX_POINT('',#15212);
#5284=VERTEX_POINT('',#15214);
#5285=VERTEX_POINT('',#15216);
#5286=VERTEX_POINT('',#15218);
#5287=VERTEX_POINT('',#15220);
#5288=VERTEX_POINT('',#15222);
#5289=VERTEX_POINT('',#15224);
#5290=VERTEX_POINT('',#15228);
#5291=VERTEX_POINT('',#15230);
#5292=VERTEX_POINT('',#15234);
#5293=VERTEX_POINT('',#15238);
#5294=VERTEX_POINT('',#15244);
#5295=VERTEX_POINT('',#15245);
#5296=VERTEX_POINT('',#15247);
#5297=VERTEX_POINT('',#15249);
#5298=VERTEX_POINT('',#15252);
#5299=VERTEX_POINT('',#15253);
#5300=VERTEX_POINT('',#15255);
#5301=VERTEX_POINT('',#15257);
#5302=VERTEX_POINT('',#15261);
#5303=VERTEX_POINT('',#15265);
#5304=VERTEX_POINT('',#15269);
#5305=VERTEX_POINT('',#15271);
#5306=VERTEX_POINT('',#15274);
#5307=VERTEX_POINT('',#15275);
#5308=VERTEX_POINT('',#15277);
#5309=VERTEX_POINT('',#15279);
#5310=VERTEX_POINT('',#15296);
#5311=VERTEX_POINT('',#15297);
#5312=VERTEX_POINT('',#15299);
#5313=VERTEX_POINT('',#15301);
#5314=VERTEX_POINT('',#15305);
#5315=VERTEX_POINT('',#15307);
#5316=VERTEX_POINT('',#15309);
#5317=VERTEX_POINT('',#15311);
#5318=VERTEX_POINT('',#15313);
#5319=VERTEX_POINT('',#15315);
#5320=VERTEX_POINT('',#15319);
#5321=VERTEX_POINT('',#15321);
#5322=VERTEX_POINT('',#15325);
#5323=VERTEX_POINT('',#15327);
#5324=VERTEX_POINT('',#15331);
#5325=VERTEX_POINT('',#15332);
#5326=VERTEX_POINT('',#15334);
#5327=VERTEX_POINT('',#15336);
#5328=VERTEX_POINT('',#15338);
#5329=VERTEX_POINT('',#15340);
#5330=VERTEX_POINT('',#15346);
#5331=VERTEX_POINT('',#15347);
#5332=VERTEX_POINT('',#15349);
#5333=VERTEX_POINT('',#15351);
#5334=VERTEX_POINT('',#15354);
#5335=VERTEX_POINT('',#15355);
#5336=VERTEX_POINT('',#15357);
#5337=VERTEX_POINT('',#15359);
#5338=VERTEX_POINT('',#15362);
#5339=VERTEX_POINT('',#15363);
#5340=VERTEX_POINT('',#15365);
#5341=VERTEX_POINT('',#15367);
#5342=VERTEX_POINT('',#15373);
#5343=VERTEX_POINT('',#15374);
#5344=VERTEX_POINT('',#15376);
#5345=VERTEX_POINT('',#15378);
#5346=VERTEX_POINT('',#15382);
#5347=VERTEX_POINT('',#15384);
#5348=VERTEX_POINT('',#15388);
#5349=VERTEX_POINT('',#15389);
#5350=VERTEX_POINT('',#15391);
#5351=VERTEX_POINT('',#15393);
#5352=VERTEX_POINT('',#15397);
#5353=VERTEX_POINT('',#15398);
#5354=VERTEX_POINT('',#15400);
#5355=VERTEX_POINT('',#15402);
#5356=VERTEX_POINT('',#15404);
#5357=VERTEX_POINT('',#15406);
#5358=VERTEX_POINT('',#15410);
#5359=VERTEX_POINT('',#15412);
#5360=VERTEX_POINT('',#15414);
#5361=VERTEX_POINT('',#15416);
#5362=VERTEX_POINT('',#15418);
#5363=VERTEX_POINT('',#15420);
#5364=VERTEX_POINT('',#15424);
#5365=VERTEX_POINT('',#15426);
#5366=VERTEX_POINT('',#15430);
#5367=VERTEX_POINT('',#15432);
#5368=VERTEX_POINT('',#15434);
#5369=VERTEX_POINT('',#15436);
#5370=VERTEX_POINT('',#15438);
#5371=VERTEX_POINT('',#15442);
#5372=VERTEX_POINT('',#15444);
#5373=VERTEX_POINT('',#15446);
#5374=VERTEX_POINT('',#15448);
#5375=VERTEX_POINT('',#15450);
#5376=VERTEX_POINT('',#15465);
#5377=VERTEX_POINT('',#15467);
#5378=VERTEX_POINT('',#15471);
#5379=VERTEX_POINT('',#15473);
#5380=VERTEX_POINT('',#15478);
#5381=VERTEX_POINT('',#15480);
#5382=VERTEX_POINT('',#15485);
#5383=VERTEX_POINT('',#15486);
#5384=VERTEX_POINT('',#15488);
#5385=VERTEX_POINT('',#15490);
#5386=VERTEX_POINT('',#15494);
#5387=VERTEX_POINT('',#15495);
#5388=VERTEX_POINT('',#15498);
#5389=VERTEX_POINT('',#15500);
#5390=VERTEX_POINT('',#15504);
#5391=VERTEX_POINT('',#15506);
#5392=VERTEX_POINT('',#15509);
#5393=VERTEX_POINT('',#15510);
#5394=VERTEX_POINT('',#15512);
#5395=VERTEX_POINT('',#15514);
#5396=VERTEX_POINT('',#15518);
#5397=VERTEX_POINT('',#15519);
#5398=VERTEX_POINT('',#15524);
#5399=VERTEX_POINT('',#15528);
#5400=VERTEX_POINT('',#15532);
#5401=VERTEX_POINT('',#15534);
#5402=VERTEX_POINT('',#15538);
#5403=VERTEX_POINT('',#15539);
#5404=VERTEX_POINT('',#15541);
#5405=VERTEX_POINT('',#15543);
#5406=VERTEX_POINT('',#15561);
#5407=VERTEX_POINT('',#15563);
#5408=VERTEX_POINT('',#15589);
#5409=VERTEX_POINT('',#15591);
#5410=VERTEX_POINT('',#15594);
#5411=VERTEX_POINT('',#15596);
#5412=VERTEX_POINT('',#15600);
#5413=VERTEX_POINT('',#15604);
#5414=VERTEX_POINT('',#15610);
#5415=VERTEX_POINT('',#15612);
#5416=VERTEX_POINT('',#15621);
#5417=VERTEX_POINT('',#15623);
#5418=VERTEX_POINT('',#15626);
#5419=VERTEX_POINT('',#15628);
#5420=VERTEX_POINT('',#15632);
#5421=VERTEX_POINT('',#15636);
#5422=VERTEX_POINT('',#15642);
#5423=VERTEX_POINT('',#15644);
#5424=VERTEX_POINT('',#15653);
#5425=VERTEX_POINT('',#15655);
#5426=VERTEX_POINT('',#15658);
#5427=VERTEX_POINT('',#15660);
#5428=VERTEX_POINT('',#15664);
#5429=VERTEX_POINT('',#15668);
#5430=VERTEX_POINT('',#15674);
#5431=VERTEX_POINT('',#15676);
#5432=VERTEX_POINT('',#15693);
#5433=VERTEX_POINT('',#15697);
#5434=VERTEX_POINT('',#15701);
#5435=VERTEX_POINT('',#15705);
#5436=VERTEX_POINT('',#15709);
#5437=VERTEX_POINT('',#15713);
#5438=VERTEX_POINT('',#15717);
#5439=VERTEX_POINT('',#15723);
#5440=VERTEX_POINT('',#15727);
#5441=VERTEX_POINT('',#15731);
#5442=VERTEX_POINT('',#15735);
#5443=VERTEX_POINT('',#15739);
#5444=VERTEX_POINT('',#15743);
#5445=VERTEX_POINT('',#15747);
#5446=VERTEX_POINT('',#15751);
#5447=VERTEX_POINT('',#15755);
#5448=VERTEX_POINT('',#15759);
#5449=VERTEX_POINT('',#15763);
#5450=VERTEX_POINT('',#15767);
#5451=VERTEX_POINT('',#15771);
#5452=VERTEX_POINT('',#15775);
#5453=VERTEX_POINT('',#15779);
#5454=VERTEX_POINT('',#15783);
#5455=VERTEX_POINT('',#15787);
#5456=VERTEX_POINT('',#15791);
#5457=VERTEX_POINT('',#15795);
#5458=VERTEX_POINT('',#15799);
#5459=VERTEX_POINT('',#15803);
#5460=VERTEX_POINT('',#15807);
#5461=VERTEX_POINT('',#15811);
#5462=VERTEX_POINT('',#15815);
#5463=VERTEX_POINT('',#15819);
#5464=VERTEX_POINT('',#15823);
#5465=VERTEX_POINT('',#15827);
#5466=VERTEX_POINT('',#15831);
#5467=VERTEX_POINT('',#15835);
#5468=VERTEX_POINT('',#15839);
#5469=VERTEX_POINT('',#15843);
#5470=VERTEX_POINT('',#15847);
#5471=VERTEX_POINT('',#15851);
#5472=VERTEX_POINT('',#15855);
#5473=VERTEX_POINT('',#15862);
#5474=VERTEX_POINT('',#15863);
#5475=VERTEX_POINT('',#15865);
#5476=VERTEX_POINT('',#15867);
#5477=VERTEX_POINT('',#15871);
#5478=VERTEX_POINT('',#15872);
#5479=VERTEX_POINT('',#15874);
#5480=VERTEX_POINT('',#15876);
#5481=VERTEX_POINT('',#15878);
#5482=VERTEX_POINT('',#15880);
#5483=VERTEX_POINT('',#15882);
#5484=VERTEX_POINT('',#15884);
#5485=VERTEX_POINT('',#15886);
#5486=VERTEX_POINT('',#15888);
#5487=VERTEX_POINT('',#15890);
#5488=VERTEX_POINT('',#15892);
#5489=VERTEX_POINT('',#15894);
#5490=VERTEX_POINT('',#15896);
#5491=VERTEX_POINT('',#15898);
#5492=VERTEX_POINT('',#15900);
#5493=VERTEX_POINT('',#15902);
#5494=VERTEX_POINT('',#15904);
#5495=VERTEX_POINT('',#15906);
#5496=VERTEX_POINT('',#15908);
#5497=VERTEX_POINT('',#15910);
#5498=VERTEX_POINT('',#15912);
#5499=VERTEX_POINT('',#15914);
#5500=VERTEX_POINT('',#15916);
#5501=VERTEX_POINT('',#15918);
#5502=VERTEX_POINT('',#15920);
#5503=VERTEX_POINT('',#15922);
#5504=VERTEX_POINT('',#15924);
#5505=VERTEX_POINT('',#15926);
#5506=VERTEX_POINT('',#15928);
#5507=VERTEX_POINT('',#15930);
#5508=VERTEX_POINT('',#15932);
#5509=VERTEX_POINT('',#15934);
#5510=VERTEX_POINT('',#15936);
#5511=VERTEX_POINT('',#15938);
#5512=VERTEX_POINT('',#15940);
#5513=VERTEX_POINT('',#15942);
#5514=VERTEX_POINT('',#15944);
#5515=VERTEX_POINT('',#15946);
#5516=VERTEX_POINT('',#15948);
#5517=VERTEX_POINT('',#15950);
#5518=VERTEX_POINT('',#15952);
#5519=VERTEX_POINT('',#15954);
#5520=VERTEX_POINT('',#15956);
#5521=VERTEX_POINT('',#15958);
#5522=VERTEX_POINT('',#15960);
#5523=VERTEX_POINT('',#15962);
#5524=VERTEX_POINT('',#15964);
#5525=VERTEX_POINT('',#15966);
#5526=VERTEX_POINT('',#15968);
#5527=VERTEX_POINT('',#15970);
#5528=VERTEX_POINT('',#15972);
#5529=VERTEX_POINT('',#15974);
#5530=VERTEX_POINT('',#15976);
#5531=VERTEX_POINT('',#15980);
#5532=VERTEX_POINT('',#15981);
#5533=VERTEX_POINT('',#15983);
#5534=VERTEX_POINT('',#15985);
#5535=VERTEX_POINT('',#15987);
#5536=VERTEX_POINT('',#15989);
#5537=VERTEX_POINT('',#15991);
#5538=VERTEX_POINT('',#15993);
#5539=VERTEX_POINT('',#15995);
#5540=VERTEX_POINT('',#15997);
#5541=VERTEX_POINT('',#15999);
#5542=VERTEX_POINT('',#16001);
#5543=VERTEX_POINT('',#16003);
#5544=VERTEX_POINT('',#16007);
#5545=VERTEX_POINT('',#16008);
#5546=VERTEX_POINT('',#16010);
#5547=VERTEX_POINT('',#16012);
#5548=VERTEX_POINT('',#16016);
#5549=VERTEX_POINT('',#16017);
#5550=VERTEX_POINT('',#16019);
#5551=VERTEX_POINT('',#16021);
#5552=VERTEX_POINT('',#16023);
#5553=VERTEX_POINT('',#16025);
#5554=VERTEX_POINT('',#16027);
#5555=VERTEX_POINT('',#16029);
#5556=VERTEX_POINT('',#16033);
#5557=VERTEX_POINT('',#16034);
#5558=VERTEX_POINT('',#16036);
#5559=VERTEX_POINT('',#16038);
#5560=VERTEX_POINT('',#16040);
#5561=VERTEX_POINT('',#16042);
#5562=VERTEX_POINT('',#16044);
#5563=VERTEX_POINT('',#16046);
#5564=VERTEX_POINT('',#16048);
#5565=VERTEX_POINT('',#16050);
#5566=VERTEX_POINT('',#16052);
#5567=VERTEX_POINT('',#16054);
#5568=VERTEX_POINT('',#16056);
#5569=VERTEX_POINT('',#16058);
#5570=VERTEX_POINT('',#16060);
#5571=VERTEX_POINT('',#16062);
#5572=VERTEX_POINT('',#16064);
#5573=VERTEX_POINT('',#16066);
#5574=VERTEX_POINT('',#16068);
#5575=VERTEX_POINT('',#16070);
#5576=VERTEX_POINT('',#16072);
#5577=VERTEX_POINT('',#16074);
#5578=VERTEX_POINT('',#16076);
#5579=VERTEX_POINT('',#16078);
#5580=VERTEX_POINT('',#16080);
#5581=VERTEX_POINT('',#16082);
#5582=VERTEX_POINT('',#16084);
#5583=VERTEX_POINT('',#16086);
#5584=VERTEX_POINT('',#16088);
#5585=VERTEX_POINT('',#16090);
#5586=VERTEX_POINT('',#16092);
#5587=VERTEX_POINT('',#16094);
#5588=VERTEX_POINT('',#16096);
#5589=VERTEX_POINT('',#16098);
#5590=VERTEX_POINT('',#16100);
#5591=VERTEX_POINT('',#16102);
#5592=VERTEX_POINT('',#16104);
#5593=VERTEX_POINT('',#16106);
#5594=VERTEX_POINT('',#16108);
#5595=VERTEX_POINT('',#16110);
#5596=VERTEX_POINT('',#16114);
#5597=VERTEX_POINT('',#16115);
#5598=VERTEX_POINT('',#16117);
#5599=VERTEX_POINT('',#16119);
#5600=VERTEX_POINT('',#16121);
#5601=VERTEX_POINT('',#16123);
#5602=VERTEX_POINT('',#16125);
#5603=VERTEX_POINT('',#16127);
#5604=VERTEX_POINT('',#16129);
#5605=VERTEX_POINT('',#16131);
#5606=VERTEX_POINT('',#16133);
#5607=VERTEX_POINT('',#16135);
#5608=VERTEX_POINT('',#16139);
#5609=VERTEX_POINT('',#16140);
#5610=VERTEX_POINT('',#16142);
#5611=VERTEX_POINT('',#16144);
#5612=VERTEX_POINT('',#16146);
#5613=VERTEX_POINT('',#16148);
#5614=VERTEX_POINT('',#16150);
#5615=VERTEX_POINT('',#16152);
#5616=VERTEX_POINT('',#16154);
#5617=VERTEX_POINT('',#16156);
#5618=VERTEX_POINT('',#16158);
#5619=VERTEX_POINT('',#16160);
#5620=VERTEX_POINT('',#16162);
#5621=VERTEX_POINT('',#16164);
#5622=VERTEX_POINT('',#16166);
#5623=VERTEX_POINT('',#16168);
#5624=VERTEX_POINT('',#16170);
#5625=VERTEX_POINT('',#16172);
#5626=VERTEX_POINT('',#16174);
#5627=VERTEX_POINT('',#16176);
#5628=VERTEX_POINT('',#16178);
#5629=VERTEX_POINT('',#16180);
#5630=VERTEX_POINT('',#16182);
#5631=VERTEX_POINT('',#16184);
#5632=VERTEX_POINT('',#16186);
#5633=VERTEX_POINT('',#16188);
#5634=VERTEX_POINT('',#16190);
#5635=VERTEX_POINT('',#16192);
#5636=VERTEX_POINT('',#16194);
#5637=VERTEX_POINT('',#16196);
#5638=VERTEX_POINT('',#16198);
#5639=VERTEX_POINT('',#16200);
#5640=VERTEX_POINT('',#16202);
#5641=VERTEX_POINT('',#16204);
#5642=VERTEX_POINT('',#16206);
#5643=VERTEX_POINT('',#16208);
#5644=VERTEX_POINT('',#16210);
#5645=VERTEX_POINT('',#16212);
#5646=VERTEX_POINT('',#16214);
#5647=VERTEX_POINT('',#16216);
#5648=VERTEX_POINT('',#16220);
#5649=VERTEX_POINT('',#16221);
#5650=VERTEX_POINT('',#16223);
#5651=VERTEX_POINT('',#16226);
#5652=VERTEX_POINT('',#16228);
#5653=VERTEX_POINT('',#16230);
#5654=VERTEX_POINT('',#16232);
#5655=VERTEX_POINT('',#16234);
#5656=VERTEX_POINT('',#16236);
#5657=VERTEX_POINT('',#16238);
#5658=VERTEX_POINT('',#16240);
#5659=VERTEX_POINT('',#16242);
#5660=VERTEX_POINT('',#16244);
#5661=VERTEX_POINT('',#16246);
#5662=VERTEX_POINT('',#16248);
#5663=VERTEX_POINT('',#16250);
#5664=VERTEX_POINT('',#16252);
#5665=VERTEX_POINT('',#16254);
#5666=VERTEX_POINT('',#16256);
#5667=VERTEX_POINT('',#16258);
#5668=VERTEX_POINT('',#16260);
#5669=VERTEX_POINT('',#16262);
#5670=VERTEX_POINT('',#16265);
#5671=VERTEX_POINT('',#16266);
#5672=VERTEX_POINT('',#16268);
#5673=VERTEX_POINT('',#16270);
#5674=VERTEX_POINT('',#16272);
#5675=VERTEX_POINT('',#16274);
#5676=VERTEX_POINT('',#16276);
#5677=VERTEX_POINT('',#16278);
#5678=VERTEX_POINT('',#16280);
#5679=VERTEX_POINT('',#16282);
#5680=VERTEX_POINT('',#16284);
#5681=VERTEX_POINT('',#16286);
#5682=VERTEX_POINT('',#16288);
#5683=VERTEX_POINT('',#16290);
#5684=VERTEX_POINT('',#16292);
#5685=VERTEX_POINT('',#16294);
#5686=VERTEX_POINT('',#16296);
#5687=VERTEX_POINT('',#16298);
#5688=VERTEX_POINT('',#16300);
#5689=VERTEX_POINT('',#16302);
#5690=VERTEX_POINT('',#16306);
#5691=VERTEX_POINT('',#16307);
#5692=VERTEX_POINT('',#16309);
#5693=VERTEX_POINT('',#16311);
#5694=VERTEX_POINT('',#16313);
#5695=VERTEX_POINT('',#16315);
#5696=VERTEX_POINT('',#16317);
#5697=VERTEX_POINT('',#16319);
#5698=VERTEX_POINT('',#16321);
#5699=VERTEX_POINT('',#16323);
#5700=VERTEX_POINT('',#16327);
#5701=VERTEX_POINT('',#16328);
#5702=VERTEX_POINT('',#16330);
#5703=VERTEX_POINT('',#16332);
#5704=VERTEX_POINT('',#16334);
#5705=VERTEX_POINT('',#16336);
#5706=VERTEX_POINT('',#16338);
#5707=VERTEX_POINT('',#16340);
#5708=VERTEX_POINT('',#16342);
#5709=VERTEX_POINT('',#16344);
#5710=VERTEX_POINT('',#16348);
#5711=VERTEX_POINT('',#16349);
#5712=VERTEX_POINT('',#16351);
#5713=VERTEX_POINT('',#16353);
#5714=VERTEX_POINT('',#16355);
#5715=VERTEX_POINT('',#16357);
#5716=VERTEX_POINT('',#16359);
#5717=VERTEX_POINT('',#16361);
#5718=VERTEX_POINT('',#16363);
#5719=VERTEX_POINT('',#16365);
#5720=VERTEX_POINT('',#16367);
#5721=VERTEX_POINT('',#16369);
#5722=VERTEX_POINT('',#16373);
#5723=VERTEX_POINT('',#16374);
#5724=VERTEX_POINT('',#16376);
#5725=VERTEX_POINT('',#16378);
#5726=VERTEX_POINT('',#16380);
#5727=VERTEX_POINT('',#16382);
#5728=VERTEX_POINT('',#16384);
#5729=VERTEX_POINT('',#16386);
#5730=VERTEX_POINT('',#16388);
#5731=VERTEX_POINT('',#16390);
#5732=VERTEX_POINT('',#16392);
#5733=VERTEX_POINT('',#16394);
#5734=VERTEX_POINT('',#16396);
#5735=VERTEX_POINT('',#16398);
#5736=VERTEX_POINT('',#16400);
#5737=VERTEX_POINT('',#16402);
#5738=VERTEX_POINT('',#16404);
#5739=VERTEX_POINT('',#16406);
#5740=VERTEX_POINT('',#16408);
#5741=VERTEX_POINT('',#16410);
#5742=VERTEX_POINT('',#16412);
#5743=VERTEX_POINT('',#16414);
#5744=VERTEX_POINT('',#16416);
#5745=VERTEX_POINT('',#16418);
#5746=VERTEX_POINT('',#16420);
#5747=VERTEX_POINT('',#16422);
#5748=VERTEX_POINT('',#16424);
#5749=VERTEX_POINT('',#16426);
#5750=VERTEX_POINT('',#16428);
#5751=VERTEX_POINT('',#16430);
#5752=VERTEX_POINT('',#16432);
#5753=VERTEX_POINT('',#16434);
#5754=VERTEX_POINT('',#16436);
#5755=VERTEX_POINT('',#16438);
#5756=VERTEX_POINT('',#16440);
#5757=VERTEX_POINT('',#16442);
#5758=VERTEX_POINT('',#16444);
#5759=VERTEX_POINT('',#16446);
#5760=VERTEX_POINT('',#16448);
#5761=VERTEX_POINT('',#16450);
#5762=VERTEX_POINT('',#16454);
#5763=VERTEX_POINT('',#16455);
#5764=VERTEX_POINT('',#16457);
#5765=VERTEX_POINT('',#16459);
#5766=VERTEX_POINT('',#16461);
#5767=VERTEX_POINT('',#16463);
#5768=VERTEX_POINT('',#16465);
#5769=VERTEX_POINT('',#16467);
#5770=VERTEX_POINT('',#16471);
#5771=VERTEX_POINT('',#16472);
#5772=VERTEX_POINT('',#16474);
#5773=VERTEX_POINT('',#16476);
#5774=VERTEX_POINT('',#16478);
#5775=VERTEX_POINT('',#16480);
#5776=VERTEX_POINT('',#16482);
#5777=VERTEX_POINT('',#16484);
#5778=VERTEX_POINT('',#16486);
#5779=VERTEX_POINT('',#16488);
#5780=VERTEX_POINT('',#16490);
#5781=VERTEX_POINT('',#16492);
#5782=VERTEX_POINT('',#16494);
#5783=VERTEX_POINT('',#16496);
#5784=VERTEX_POINT('',#16498);
#5785=VERTEX_POINT('',#16500);
#5786=VERTEX_POINT('',#16502);
#5787=VERTEX_POINT('',#16504);
#5788=VERTEX_POINT('',#16506);
#5789=VERTEX_POINT('',#16508);
#5790=VERTEX_POINT('',#16510);
#5791=VERTEX_POINT('',#16512);
#5792=VERTEX_POINT('',#16514);
#5793=VERTEX_POINT('',#16516);
#5794=VERTEX_POINT('',#16519);
#5795=VERTEX_POINT('',#16520);
#5796=VERTEX_POINT('',#16522);
#5797=VERTEX_POINT('',#16524);
#5798=VERTEX_POINT('',#16526);
#5799=VERTEX_POINT('',#16528);
#5800=VERTEX_POINT('',#16530);
#5801=VERTEX_POINT('',#16532);
#5802=VERTEX_POINT('',#16534);
#5803=VERTEX_POINT('',#16536);
#5804=VERTEX_POINT('',#16538);
#5805=VERTEX_POINT('',#16540);
#5806=VERTEX_POINT('',#16542);
#5807=VERTEX_POINT('',#16544);
#5808=VERTEX_POINT('',#16546);
#5809=VERTEX_POINT('',#16548);
#5810=VERTEX_POINT('',#16550);
#5811=VERTEX_POINT('',#16552);
#5812=VERTEX_POINT('',#16554);
#5813=VERTEX_POINT('',#16556);
#5814=VERTEX_POINT('',#16560);
#5815=VERTEX_POINT('',#16561);
#5816=VERTEX_POINT('',#16563);
#5817=VERTEX_POINT('',#16565);
#5818=VERTEX_POINT('',#16567);
#5819=VERTEX_POINT('',#16569);
#5820=VERTEX_POINT('',#16571);
#5821=VERTEX_POINT('',#16573);
#5822=VERTEX_POINT('',#16575);
#5823=VERTEX_POINT('',#16577);
#5824=VERTEX_POINT('',#16579);
#5825=VERTEX_POINT('',#16581);
#5826=VERTEX_POINT('',#16583);
#5827=VERTEX_POINT('',#16585);
#5828=VERTEX_POINT('',#16587);
#5829=VERTEX_POINT('',#16589);
#5830=VERTEX_POINT('',#16592);
#5831=VERTEX_POINT('',#16593);
#5832=VERTEX_POINT('',#16595);
#5833=VERTEX_POINT('',#16597);
#5834=VERTEX_POINT('',#16599);
#5835=VERTEX_POINT('',#16601);
#5836=VERTEX_POINT('',#16603);
#5837=VERTEX_POINT('',#16605);
#5838=VERTEX_POINT('',#16607);
#5839=VERTEX_POINT('',#16609);
#5840=VERTEX_POINT('',#17348);
#5841=VERTEX_POINT('',#17349);
#5842=VERTEX_POINT('',#17351);
#5843=VERTEX_POINT('',#17353);
#5844=VERTEX_POINT('',#17357);
#5845=VERTEX_POINT('',#17359);
#5846=VERTEX_POINT('',#17363);
#5847=VERTEX_POINT('',#17367);
#5848=VERTEX_POINT('',#17374);
#5849=VERTEX_POINT('',#17375);
#5850=VERTEX_POINT('',#17377);
#5851=VERTEX_POINT('',#17379);
#5852=VERTEX_POINT('',#17383);
#5853=VERTEX_POINT('',#17385);
#5854=VERTEX_POINT('',#17389);
#5855=VERTEX_POINT('',#17393);
#5856=VERTEX_POINT('',#17400);
#5857=VERTEX_POINT('',#17401);
#5858=VERTEX_POINT('',#17403);
#5859=VERTEX_POINT('',#17405);
#5860=VERTEX_POINT('',#17409);
#5861=VERTEX_POINT('',#17410);
#5862=VERTEX_POINT('',#17415);
#5863=VERTEX_POINT('',#17419);
#5864=EDGE_CURVE('',#4838,#4839,#4812,.T.);
#5865=EDGE_CURVE('',#4839,#4840,#1782,.T.);
#5866=EDGE_CURVE('',#4841,#4840,#4813,.T.);
#5867=EDGE_CURVE('',#4838,#4841,#1783,.T.);
#5868=EDGE_CURVE('',#4842,#4843,#4814,.T.);
#5869=EDGE_CURVE('',#4844,#4842,#1784,.T.);
#5870=EDGE_CURVE('',#4845,#4844,#4815,.T.);
#5871=EDGE_CURVE('',#4845,#4843,#1785,.T.);
#5872=EDGE_CURVE('',#4846,#4847,#4816,.T.);
#5873=EDGE_CURVE('',#4846,#4848,#1786,.T.);
#5874=EDGE_CURVE('',#4849,#4848,#4817,.T.);
#5875=EDGE_CURVE('',#4847,#4849,#1787,.T.);
#5876=EDGE_CURVE('',#4850,#4851,#4818,.T.);
#5877=EDGE_CURVE('',#4850,#4852,#1788,.T.);
#5878=EDGE_CURVE('',#4853,#4852,#4819,.T.);
#5879=EDGE_CURVE('',#4851,#4853,#1789,.T.);
#5880=EDGE_CURVE('',#4854,#4855,#4820,.T.);
#5881=EDGE_CURVE('',#4854,#4856,#1790,.T.);
#5882=EDGE_CURVE('',#4857,#4856,#4821,.T.);
#5883=EDGE_CURVE('',#4855,#4857,#1791,.T.);
#5884=EDGE_CURVE('',#4858,#4859,#1792,.T.);
#5885=EDGE_CURVE('',#4860,#4859,#1793,.T.);
#5886=EDGE_CURVE('',#4861,#4860,#1794,.T.);
#5887=EDGE_CURVE('',#4861,#4858,#1795,.T.);
#5888=EDGE_CURVE('',#4862,#4863,#1796,.T.);
#5889=EDGE_CURVE('',#4862,#4864,#1797,.T.);
#5890=EDGE_CURVE('',#4864,#4865,#4822,.T.);
#5891=EDGE_CURVE('',#4863,#4865,#1798,.T.);
#5892=EDGE_CURVE('',#4866,#4867,#1799,.T.);
#5893=EDGE_CURVE('',#4866,#4868,#1800,.T.);
#5894=EDGE_CURVE('',#4868,#4869,#1801,.T.);
#5895=EDGE_CURVE('',#4870,#4869,#4823,.T.);
#5896=EDGE_CURVE('',#4871,#4870,#1802,.T.);
#5897=EDGE_CURVE('',#4871,#4872,#1803,.T.);
#5898=EDGE_CURVE('',#4872,#4873,#1804,.T.);
#5899=EDGE_CURVE('',#4867,#4873,#1805,.T.);
#5900=EDGE_CURVE('',#4874,#4875,#1806,.T.);
#5901=EDGE_CURVE('',#4876,#4874,#1807,.T.);
#5902=EDGE_CURVE('',#4877,#4876,#1808,.T.);
#5903=EDGE_CURVE('',#4875,#4877,#1809,.T.);
#5904=EDGE_CURVE('',#4878,#4879,#1810,.T.);
#5905=EDGE_CURVE('',#4879,#4880,#1811,.T.);
#5906=EDGE_CURVE('',#4880,#4881,#1812,.T.);
#5907=EDGE_CURVE('',#4881,#4878,#1813,.T.);
#5908=EDGE_CURVE('',#4882,#4844,#1814,.T.);
#5909=EDGE_CURVE('',#4883,#4882,#1815,.T.);
#5910=EDGE_CURVE('',#4884,#4883,#1816,.T.);
#5911=EDGE_CURVE('',#4884,#4885,#4824,.T.);
#5912=EDGE_CURVE('',#4886,#4885,#1817,.T.);
#5913=EDGE_CURVE('',#4887,#4886,#1818,.T.);
#5914=EDGE_CURVE('',#4888,#4887,#1819,.T.);
#5915=EDGE_CURVE('',#4839,#4888,#1820,.T.);
#5916=EDGE_CURVE('',#4889,#4838,#1821,.T.);
#5917=EDGE_CURVE('',#4890,#4889,#1822,.T.);
#5918=EDGE_CURVE('',#4891,#4890,#1823,.T.);
#5919=EDGE_CURVE('',#4892,#4891,#1824,.T.);
#5920=EDGE_CURVE('',#4893,#4892,#4825,.T.);
#5921=EDGE_CURVE('',#4894,#4893,#1825,.T.);
#5922=EDGE_CURVE('',#4895,#4894,#1826,.T.);
#5923=EDGE_CURVE('',#4896,#4895,#1827,.T.);
#5924=EDGE_CURVE('',#4897,#4896,#1828,.T.);
#5925=EDGE_CURVE('',#4898,#4897,#1829,.T.);
#5926=EDGE_CURVE('',#4899,#4898,#1830,.T.);
#5927=EDGE_CURVE('',#4900,#4899,#1831,.T.);
#5928=EDGE_CURVE('',#4901,#4900,#1832,.T.);
#5929=EDGE_CURVE('',#4902,#4901,#1833,.T.);
#5930=EDGE_CURVE('',#4903,#4902,#1834,.T.);
#5931=EDGE_CURVE('',#4904,#4903,#1835,.T.);
#5932=EDGE_CURVE('',#4905,#4904,#1836,.T.);
#5933=EDGE_CURVE('',#4906,#4905,#1837,.T.);
#5934=EDGE_CURVE('',#4907,#4906,#1838,.T.);
#5935=EDGE_CURVE('',#4908,#4907,#1839,.T.);
#5936=EDGE_CURVE('',#4909,#4908,#1840,.T.);
#5937=EDGE_CURVE('',#4910,#4909,#1841,.T.);
#5938=EDGE_CURVE('',#4911,#4910,#1842,.T.);
#5939=EDGE_CURVE('',#4912,#4911,#1843,.T.);
#5940=EDGE_CURVE('',#4913,#4912,#1844,.T.);
#5941=EDGE_CURVE('',#4914,#4913,#1845,.T.);
#5942=EDGE_CURVE('',#4915,#4914,#1846,.T.);
#5943=EDGE_CURVE('',#4916,#4915,#1847,.T.);
#5944=EDGE_CURVE('',#4917,#4916,#1848,.T.);
#5945=EDGE_CURVE('',#4918,#4917,#1849,.T.);
#5946=EDGE_CURVE('',#4919,#4918,#1850,.T.);
#5947=EDGE_CURVE('',#4920,#4919,#1851,.T.);
#5948=EDGE_CURVE('',#4921,#4920,#1852,.T.);
#5949=EDGE_CURVE('',#4922,#4921,#1853,.T.);
#5950=EDGE_CURVE('',#4845,#4922,#1854,.T.);
#5951=EDGE_CURVE('',#4923,#4924,#1855,.T.);
#5952=EDGE_CURVE('',#4925,#4923,#1856,.T.);
#5953=EDGE_CURVE('',#4926,#4925,#1857,.T.);
#5954=EDGE_CURVE('',#4924,#4926,#1858,.T.);
#5955=EDGE_CURVE('',#4927,#4928,#1859,.T.);
#5956=EDGE_CURVE('',#4929,#4927,#1860,.T.);
#5957=EDGE_CURVE('',#4930,#4929,#1861,.T.);
#5958=EDGE_CURVE('',#4931,#4930,#1862,.T.);
#5959=EDGE_CURVE('',#4932,#4931,#1863,.T.);
#5960=EDGE_CURVE('',#4933,#4932,#1864,.T.);
#5961=EDGE_CURVE('',#4934,#4933,#1865,.T.);
#5962=EDGE_CURVE('',#4935,#4934,#1866,.T.);
#5963=EDGE_CURVE('',#4936,#4935,#1867,.T.);
#5964=EDGE_CURVE('',#4937,#4936,#1868,.T.);
#5965=EDGE_CURVE('',#4938,#4937,#1869,.T.);
#5966=EDGE_CURVE('',#4939,#4938,#1870,.T.);
#5967=EDGE_CURVE('',#4940,#4939,#1871,.T.);
#5968=EDGE_CURVE('',#4941,#4940,#1872,.T.);
#5969=EDGE_CURVE('',#4942,#4941,#1873,.T.);
#5970=EDGE_CURVE('',#4943,#4942,#1874,.T.);
#5971=EDGE_CURVE('',#4944,#4943,#1875,.T.);
#5972=EDGE_CURVE('',#4945,#4944,#1876,.T.);
#5973=EDGE_CURVE('',#4946,#4945,#1877,.T.);
#5974=EDGE_CURVE('',#4947,#4946,#1878,.T.);
#5975=EDGE_CURVE('',#4948,#4947,#1879,.T.);
#5976=EDGE_CURVE('',#4949,#4948,#1880,.T.);
#5977=EDGE_CURVE('',#4950,#4949,#1881,.T.);
#5978=EDGE_CURVE('',#4951,#4950,#1882,.T.);
#5979=EDGE_CURVE('',#4952,#4951,#1883,.T.);
#5980=EDGE_CURVE('',#4953,#4952,#1884,.T.);
#5981=EDGE_CURVE('',#4954,#4953,#1885,.T.);
#5982=EDGE_CURVE('',#4955,#4954,#1886,.T.);
#5983=EDGE_CURVE('',#4956,#4955,#1887,.T.);
#5984=EDGE_CURVE('',#4957,#4956,#1888,.T.);
#5985=EDGE_CURVE('',#4958,#4957,#1889,.T.);
#5986=EDGE_CURVE('',#4959,#4958,#1890,.T.);
#5987=EDGE_CURVE('',#4960,#4959,#1891,.T.);
#5988=EDGE_CURVE('',#4961,#4960,#1892,.T.);
#5989=EDGE_CURVE('',#4962,#4961,#1893,.T.);
#5990=EDGE_CURVE('',#4963,#4962,#1894,.T.);
#5991=EDGE_CURVE('',#4964,#4963,#1895,.T.);
#5992=EDGE_CURVE('',#4965,#4964,#1896,.T.);
#5993=EDGE_CURVE('',#4966,#4965,#1897,.T.);
#5994=EDGE_CURVE('',#4967,#4966,#1898,.T.);
#5995=EDGE_CURVE('',#4968,#4967,#1899,.T.);
#5996=EDGE_CURVE('',#4969,#4968,#1900,.T.);
#5997=EDGE_CURVE('',#4970,#4969,#1901,.T.);
#5998=EDGE_CURVE('',#4971,#4970,#1902,.T.);
#5999=EDGE_CURVE('',#4972,#4971,#1903,.T.);
#6000=EDGE_CURVE('',#4973,#4972,#1904,.T.);
#6001=EDGE_CURVE('',#4974,#4973,#1905,.T.);
#6002=EDGE_CURVE('',#4975,#4974,#1906,.T.);
#6003=EDGE_CURVE('',#4976,#4975,#1907,.T.);
#6004=EDGE_CURVE('',#4977,#4976,#1908,.T.);
#6005=EDGE_CURVE('',#4978,#4977,#1909,.T.);
#6006=EDGE_CURVE('',#4979,#4978,#1910,.T.);
#6007=EDGE_CURVE('',#4980,#4979,#1911,.T.);
#6008=EDGE_CURVE('',#4928,#4980,#1912,.T.);
#6009=EDGE_CURVE('',#4981,#4982,#1913,.T.);
#6010=EDGE_CURVE('',#4983,#4981,#1914,.T.);
#6011=EDGE_CURVE('',#4984,#4983,#1915,.T.);
#6012=EDGE_CURVE('',#4985,#4984,#1916,.T.);
#6013=EDGE_CURVE('',#4986,#4985,#1917,.T.);
#6014=EDGE_CURVE('',#4987,#4986,#1918,.T.);
#6015=EDGE_CURVE('',#4988,#4987,#1919,.T.);
#6016=EDGE_CURVE('',#4989,#4988,#1920,.T.);
#6017=EDGE_CURVE('',#4990,#4989,#1921,.T.);
#6018=EDGE_CURVE('',#4991,#4990,#1922,.T.);
#6019=EDGE_CURVE('',#4992,#4991,#1923,.T.);
#6020=EDGE_CURVE('',#4993,#4992,#1924,.T.);
#6021=EDGE_CURVE('',#4982,#4993,#1925,.T.);
#6022=EDGE_CURVE('',#4994,#4995,#1926,.T.);
#6023=EDGE_CURVE('',#4996,#4994,#1927,.T.);
#6024=EDGE_CURVE('',#4997,#4996,#1928,.T.);
#6025=EDGE_CURVE('',#4995,#4997,#1929,.T.);
#6026=EDGE_CURVE('',#4998,#4999,#1930,.T.);
#6027=EDGE_CURVE('',#5000,#4998,#1931,.T.);
#6028=EDGE_CURVE('',#5001,#5000,#1932,.T.);
#6029=EDGE_CURVE('',#5002,#5001,#1933,.T.);
#6030=EDGE_CURVE('',#5003,#5002,#1934,.T.);
#6031=EDGE_CURVE('',#5004,#5003,#1935,.T.);
#6032=EDGE_CURVE('',#5005,#5004,#1936,.T.);
#6033=EDGE_CURVE('',#4999,#5005,#1937,.T.);
#6034=EDGE_CURVE('',#5006,#5007,#1938,.T.);
#6035=EDGE_CURVE('',#5008,#5006,#1939,.T.);
#6036=EDGE_CURVE('',#5009,#5008,#1940,.T.);
#6037=EDGE_CURVE('',#5010,#5009,#1941,.T.);
#6038=EDGE_CURVE('',#5011,#5010,#1942,.T.);
#6039=EDGE_CURVE('',#5012,#5011,#1943,.T.);
#6040=EDGE_CURVE('',#5013,#5012,#1944,.T.);
#6041=EDGE_CURVE('',#5014,#5013,#1945,.T.);
#6042=EDGE_CURVE('',#5015,#5014,#1946,.T.);
#6043=EDGE_CURVE('',#5016,#5015,#1947,.T.);
#6044=EDGE_CURVE('',#5017,#5016,#1948,.T.);
#6045=EDGE_CURVE('',#5018,#5017,#1949,.T.);
#6046=EDGE_CURVE('',#5019,#5018,#1950,.T.);
#6047=EDGE_CURVE('',#5020,#5019,#1951,.T.);
#6048=EDGE_CURVE('',#5021,#5020,#1952,.T.);
#6049=EDGE_CURVE('',#5022,#5021,#1953,.T.);
#6050=EDGE_CURVE('',#5023,#5022,#1954,.T.);
#6051=EDGE_CURVE('',#5024,#5023,#1955,.T.);
#6052=EDGE_CURVE('',#5025,#5024,#1956,.T.);
#6053=EDGE_CURVE('',#5026,#5025,#1957,.T.);
#6054=EDGE_CURVE('',#5027,#5026,#1958,.T.);
#6055=EDGE_CURVE('',#5028,#5027,#1959,.T.);
#6056=EDGE_CURVE('',#5029,#5028,#1960,.T.);
#6057=EDGE_CURVE('',#5030,#5029,#1961,.T.);
#6058=EDGE_CURVE('',#5031,#5030,#1962,.T.);
#6059=EDGE_CURVE('',#5032,#5031,#1963,.T.);
#6060=EDGE_CURVE('',#5033,#5032,#1964,.T.);
#6061=EDGE_CURVE('',#5034,#5033,#1965,.T.);
#6062=EDGE_CURVE('',#5035,#5034,#1966,.T.);
#6063=EDGE_CURVE('',#5036,#5035,#1967,.T.);
#6064=EDGE_CURVE('',#5037,#5036,#1968,.T.);
#6065=EDGE_CURVE('',#5038,#5037,#1969,.T.);
#6066=EDGE_CURVE('',#5039,#5038,#1970,.T.);
#6067=EDGE_CURVE('',#5040,#5039,#1971,.T.);
#6068=EDGE_CURVE('',#5041,#5040,#1972,.T.);
#6069=EDGE_CURVE('',#5042,#5041,#1973,.T.);
#6070=EDGE_CURVE('',#5043,#5042,#1974,.T.);
#6071=EDGE_CURVE('',#5044,#5043,#1975,.T.);
#6072=EDGE_CURVE('',#5045,#5044,#1976,.T.);
#6073=EDGE_CURVE('',#5007,#5045,#1977,.T.);
#6074=EDGE_CURVE('',#5046,#5047,#1978,.T.);
#6075=EDGE_CURVE('',#5048,#5046,#1979,.T.);
#6076=EDGE_CURVE('',#5049,#5048,#1980,.T.);
#6077=EDGE_CURVE('',#5050,#5049,#1981,.T.);
#6078=EDGE_CURVE('',#5051,#5050,#1982,.T.);
#6079=EDGE_CURVE('',#5052,#5051,#1983,.T.);
#6080=EDGE_CURVE('',#5053,#5052,#1984,.T.);
#6081=EDGE_CURVE('',#5054,#5053,#1985,.T.);
#6082=EDGE_CURVE('',#5055,#5054,#1986,.T.);
#6083=EDGE_CURVE('',#5056,#5055,#1987,.T.);
#6084=EDGE_CURVE('',#5057,#5056,#1988,.T.);
#6085=EDGE_CURVE('',#5047,#5057,#1989,.T.);
#6086=EDGE_CURVE('',#5058,#5059,#1990,.T.);
#6087=EDGE_CURVE('',#5060,#5058,#1991,.T.);
#6088=EDGE_CURVE('',#5061,#5060,#1992,.T.);
#6089=EDGE_CURVE('',#5062,#5061,#1993,.T.);
#6090=EDGE_CURVE('',#5063,#5062,#1994,.T.);
#6091=EDGE_CURVE('',#5064,#5063,#1995,.T.);
#6092=EDGE_CURVE('',#5065,#5064,#1996,.T.);
#6093=EDGE_CURVE('',#5066,#5065,#1997,.T.);
#6094=EDGE_CURVE('',#5067,#5066,#1998,.T.);
#6095=EDGE_CURVE('',#5068,#5067,#1999,.T.);
#6096=EDGE_CURVE('',#5069,#5068,#2000,.T.);
#6097=EDGE_CURVE('',#5070,#5069,#2001,.T.);
#6098=EDGE_CURVE('',#5071,#5070,#2002,.T.);
#6099=EDGE_CURVE('',#5072,#5071,#2003,.T.);
#6100=EDGE_CURVE('',#5073,#5072,#2004,.T.);
#6101=EDGE_CURVE('',#5074,#5073,#2005,.T.);
#6102=EDGE_CURVE('',#5075,#5074,#2006,.T.);
#6103=EDGE_CURVE('',#5076,#5075,#2007,.T.);
#6104=EDGE_CURVE('',#5077,#5076,#2008,.T.);
#6105=EDGE_CURVE('',#5078,#5077,#2009,.T.);
#6106=EDGE_CURVE('',#5079,#5078,#2010,.T.);
#6107=EDGE_CURVE('',#5080,#5079,#2011,.T.);
#6108=EDGE_CURVE('',#5081,#5080,#2012,.T.);
#6109=EDGE_CURVE('',#5082,#5081,#2013,.T.);
#6110=EDGE_CURVE('',#5083,#5082,#2014,.T.);
#6111=EDGE_CURVE('',#5084,#5083,#2015,.T.);
#6112=EDGE_CURVE('',#5085,#5084,#2016,.T.);
#6113=EDGE_CURVE('',#5086,#5085,#2017,.T.);
#6114=EDGE_CURVE('',#5087,#5086,#2018,.T.);
#6115=EDGE_CURVE('',#5088,#5087,#2019,.T.);
#6116=EDGE_CURVE('',#5089,#5088,#2020,.T.);
#6117=EDGE_CURVE('',#5090,#5089,#2021,.T.);
#6118=EDGE_CURVE('',#5091,#5090,#2022,.T.);
#6119=EDGE_CURVE('',#5092,#5091,#2023,.T.);
#6120=EDGE_CURVE('',#5093,#5092,#2024,.T.);
#6121=EDGE_CURVE('',#5094,#5093,#2025,.T.);
#6122=EDGE_CURVE('',#5095,#5094,#2026,.T.);
#6123=EDGE_CURVE('',#5096,#5095,#2027,.T.);
#6124=EDGE_CURVE('',#5097,#5096,#2028,.T.);
#6125=EDGE_CURVE('',#5059,#5097,#2029,.T.);
#6126=EDGE_CURVE('',#5098,#5099,#2030,.T.);
#6127=EDGE_CURVE('',#5100,#5098,#2031,.T.);
#6128=EDGE_CURVE('',#5101,#5100,#2032,.T.);
#6129=EDGE_CURVE('',#5102,#5101,#2033,.T.);
#6130=EDGE_CURVE('',#5103,#5102,#2034,.T.);
#6131=EDGE_CURVE('',#5104,#5103,#2035,.T.);
#6132=EDGE_CURVE('',#5105,#5104,#2036,.T.);
#6133=EDGE_CURVE('',#5106,#5105,#2037,.T.);
#6134=EDGE_CURVE('',#5107,#5106,#2038,.T.);
#6135=EDGE_CURVE('',#5108,#5107,#2039,.T.);
#6136=EDGE_CURVE('',#5109,#5108,#2040,.T.);
#6137=EDGE_CURVE('',#5110,#5109,#2041,.T.);
#6138=EDGE_CURVE('',#5111,#5110,#2042,.T.);
#6139=EDGE_CURVE('',#5112,#5111,#2043,.T.);
#6140=EDGE_CURVE('',#5113,#5112,#2044,.T.);
#6141=EDGE_CURVE('',#5114,#5113,#2045,.T.);
#6142=EDGE_CURVE('',#5115,#5114,#2046,.T.);
#6143=EDGE_CURVE('',#5116,#5115,#2047,.T.);
#6144=EDGE_CURVE('',#4858,#5116,#2048,.T.);
#6145=EDGE_CURVE('',#5117,#4861,#2049,.T.);
#6146=EDGE_CURVE('',#5118,#5117,#2050,.T.);
#6147=EDGE_CURVE('',#5119,#5118,#2051,.T.);
#6148=EDGE_CURVE('',#5099,#5119,#2052,.T.);
#6149=EDGE_CURVE('',#5120,#5121,#2053,.T.);
#6150=EDGE_CURVE('',#5122,#5120,#2054,.T.);
#6151=EDGE_CURVE('',#5123,#5122,#2055,.T.);
#6152=EDGE_CURVE('',#5124,#5123,#2056,.T.);
#6153=EDGE_CURVE('',#5125,#5124,#2057,.T.);
#6154=EDGE_CURVE('',#5126,#5125,#2058,.T.);
#6155=EDGE_CURVE('',#5127,#5126,#2059,.T.);
#6156=EDGE_CURVE('',#5128,#5127,#2060,.T.);
#6157=EDGE_CURVE('',#5129,#5128,#2061,.T.);
#6158=EDGE_CURVE('',#5121,#5129,#2062,.T.);
#6159=EDGE_CURVE('',#5130,#5131,#2063,.T.);
#6160=EDGE_CURVE('',#5132,#5130,#2064,.T.);
#6161=EDGE_CURVE('',#5133,#5132,#2065,.T.);
#6162=EDGE_CURVE('',#5134,#5133,#2066,.T.);
#6163=EDGE_CURVE('',#5135,#5134,#2067,.T.);
#6164=EDGE_CURVE('',#5136,#5135,#2068,.T.);
#6165=EDGE_CURVE('',#5137,#5136,#2069,.T.);
#6166=EDGE_CURVE('',#5138,#5137,#2070,.T.);
#6167=EDGE_CURVE('',#5139,#5138,#2071,.T.);
#6168=EDGE_CURVE('',#5131,#5139,#2072,.T.);
#6169=EDGE_CURVE('',#5140,#5141,#2073,.T.);
#6170=EDGE_CURVE('',#5142,#5140,#2074,.T.);
#6171=EDGE_CURVE('',#5143,#5142,#2075,.T.);
#6172=EDGE_CURVE('',#5144,#5143,#2076,.T.);
#6173=EDGE_CURVE('',#5145,#5144,#2077,.T.);
#6174=EDGE_CURVE('',#5146,#5145,#2078,.T.);
#6175=EDGE_CURVE('',#5147,#5146,#2079,.T.);
#6176=EDGE_CURVE('',#5148,#5147,#2080,.T.);
#6177=EDGE_CURVE('',#5149,#5148,#2081,.T.);
#6178=EDGE_CURVE('',#5150,#5149,#2082,.T.);
#6179=EDGE_CURVE('',#5151,#5150,#2083,.T.);
#6180=EDGE_CURVE('',#5141,#5151,#2084,.T.);
#6181=EDGE_CURVE('',#5152,#5153,#2085,.T.);
#6182=EDGE_CURVE('',#5154,#5152,#2086,.T.);
#6183=EDGE_CURVE('',#5155,#5154,#2087,.T.);
#6184=EDGE_CURVE('',#5156,#5155,#2088,.T.);
#6185=EDGE_CURVE('',#5157,#5156,#2089,.T.);
#6186=EDGE_CURVE('',#5158,#5157,#2090,.T.);
#6187=EDGE_CURVE('',#5159,#5158,#2091,.T.);
#6188=EDGE_CURVE('',#5160,#5159,#2092,.T.);
#6189=EDGE_CURVE('',#5161,#5160,#2093,.T.);
#6190=EDGE_CURVE('',#5162,#5161,#2094,.T.);
#6191=EDGE_CURVE('',#5163,#5162,#2095,.T.);
#6192=EDGE_CURVE('',#5164,#5163,#2096,.T.);
#6193=EDGE_CURVE('',#5165,#5164,#2097,.T.);
#6194=EDGE_CURVE('',#5166,#5165,#2098,.T.);
#6195=EDGE_CURVE('',#5167,#5166,#2099,.T.);
#6196=EDGE_CURVE('',#5168,#5167,#2100,.T.);
#6197=EDGE_CURVE('',#5169,#5168,#2101,.T.);
#6198=EDGE_CURVE('',#5170,#5169,#2102,.T.);
#6199=EDGE_CURVE('',#5171,#5170,#2103,.T.);
#6200=EDGE_CURVE('',#5172,#5171,#2104,.T.);
#6201=EDGE_CURVE('',#5173,#5172,#2105,.T.);
#6202=EDGE_CURVE('',#5174,#5173,#2106,.T.);
#6203=EDGE_CURVE('',#5175,#5174,#2107,.T.);
#6204=EDGE_CURVE('',#5176,#5175,#2108,.T.);
#6205=EDGE_CURVE('',#5177,#5176,#2109,.T.);
#6206=EDGE_CURVE('',#5178,#5177,#2110,.T.);
#6207=EDGE_CURVE('',#5179,#5178,#2111,.T.);
#6208=EDGE_CURVE('',#5180,#5179,#2112,.T.);
#6209=EDGE_CURVE('',#5181,#5180,#2113,.T.);
#6210=EDGE_CURVE('',#5182,#5181,#2114,.T.);
#6211=EDGE_CURVE('',#5183,#5182,#2115,.T.);
#6212=EDGE_CURVE('',#5184,#5183,#2116,.T.);
#6213=EDGE_CURVE('',#5185,#5184,#2117,.T.);
#6214=EDGE_CURVE('',#5186,#5185,#2118,.T.);
#6215=EDGE_CURVE('',#5187,#5186,#2119,.T.);
#6216=EDGE_CURVE('',#5188,#5187,#2120,.T.);
#6217=EDGE_CURVE('',#5189,#5188,#2121,.T.);
#6218=EDGE_CURVE('',#5190,#5189,#2122,.T.);
#6219=EDGE_CURVE('',#5191,#5190,#2123,.T.);
#6220=EDGE_CURVE('',#5153,#5191,#2124,.T.);
#6221=EDGE_CURVE('',#5192,#5193,#2125,.T.);
#6222=EDGE_CURVE('',#5194,#5192,#2126,.T.);
#6223=EDGE_CURVE('',#5195,#5194,#2127,.T.);
#6224=EDGE_CURVE('',#5196,#5195,#2128,.T.);
#6225=EDGE_CURVE('',#5197,#5196,#2129,.T.);
#6226=EDGE_CURVE('',#5198,#5197,#2130,.T.);
#6227=EDGE_CURVE('',#5199,#5198,#2131,.T.);
#6228=EDGE_CURVE('',#5193,#5199,#2132,.T.);
#6229=EDGE_CURVE('',#5200,#5201,#2133,.T.);
#6230=EDGE_CURVE('',#5202,#5200,#2134,.T.);
#6231=EDGE_CURVE('',#5203,#5202,#2135,.T.);
#6232=EDGE_CURVE('',#5204,#5203,#2136,.T.);
#6233=EDGE_CURVE('',#5205,#5204,#2137,.T.);
#6234=EDGE_CURVE('',#5206,#5205,#2138,.T.);
#6235=EDGE_CURVE('',#5207,#5206,#2139,.T.);
#6236=EDGE_CURVE('',#5208,#5207,#2140,.T.);
#6237=EDGE_CURVE('',#5209,#5208,#2141,.T.);
#6238=EDGE_CURVE('',#5210,#5209,#2142,.T.);
#6239=EDGE_CURVE('',#5211,#5210,#2143,.T.);
#6240=EDGE_CURVE('',#5212,#5211,#2144,.T.);
#6241=EDGE_CURVE('',#5213,#5212,#2145,.T.);
#6242=EDGE_CURVE('',#5214,#5213,#2146,.T.);
#6243=EDGE_CURVE('',#5215,#5214,#2147,.T.);
#6244=EDGE_CURVE('',#5216,#5215,#2148,.T.);
#6245=EDGE_CURVE('',#5217,#5216,#2149,.T.);
#6246=EDGE_CURVE('',#5218,#5217,#2150,.T.);
#6247=EDGE_CURVE('',#5219,#5218,#2151,.T.);
#6248=EDGE_CURVE('',#5220,#5219,#2152,.T.);
#6249=EDGE_CURVE('',#5221,#5220,#2153,.T.);
#6250=EDGE_CURVE('',#5222,#5221,#2154,.T.);
#6251=EDGE_CURVE('',#5223,#5222,#2155,.T.);
#6252=EDGE_CURVE('',#5201,#5223,#2156,.T.);
#6253=EDGE_CURVE('',#5224,#5225,#2157,.T.);
#6254=EDGE_CURVE('',#5226,#5224,#2158,.T.);
#6255=EDGE_CURVE('',#5227,#5226,#2159,.T.);
#6256=EDGE_CURVE('',#5228,#5227,#2160,.T.);
#6257=EDGE_CURVE('',#5229,#5228,#2161,.T.);
#6258=EDGE_CURVE('',#5230,#5229,#2162,.T.);
#6259=EDGE_CURVE('',#5231,#5230,#2163,.T.);
#6260=EDGE_CURVE('',#5232,#5231,#2164,.T.);
#6261=EDGE_CURVE('',#5233,#5232,#2165,.T.);
#6262=EDGE_CURVE('',#5234,#5233,#2166,.T.);
#6263=EDGE_CURVE('',#5235,#5234,#2167,.T.);
#6264=EDGE_CURVE('',#5236,#5235,#2168,.T.);
#6265=EDGE_CURVE('',#5237,#5236,#2169,.T.);
#6266=EDGE_CURVE('',#5238,#5237,#2170,.T.);
#6267=EDGE_CURVE('',#5239,#5238,#2171,.T.);
#6268=EDGE_CURVE('',#5225,#5239,#2172,.T.);
#6269=EDGE_CURVE('',#5240,#5241,#2173,.T.);
#6270=EDGE_CURVE('',#5242,#5240,#2174,.T.);
#6271=EDGE_CURVE('',#5243,#5242,#2175,.T.);
#6272=EDGE_CURVE('',#5244,#5243,#2176,.T.);
#6273=EDGE_CURVE('',#5245,#5244,#2177,.T.);
#6274=EDGE_CURVE('',#5246,#5245,#2178,.T.);
#6275=EDGE_CURVE('',#5247,#5246,#2179,.T.);
#6276=EDGE_CURVE('',#5248,#5247,#2180,.T.);
#6277=EDGE_CURVE('',#5249,#5248,#2181,.T.);
#6278=EDGE_CURVE('',#5250,#5249,#2182,.T.);
#6279=EDGE_CURVE('',#5251,#5250,#2183,.T.);
#6280=EDGE_CURVE('',#5252,#5251,#2184,.T.);
#6281=EDGE_CURVE('',#5253,#5252,#2185,.T.);
#6282=EDGE_CURVE('',#5254,#5253,#2186,.T.);
#6283=EDGE_CURVE('',#5255,#5254,#2187,.T.);
#6284=EDGE_CURVE('',#5256,#5255,#2188,.T.);
#6285=EDGE_CURVE('',#5257,#5256,#2189,.T.);
#6286=EDGE_CURVE('',#5258,#5257,#2190,.T.);
#6287=EDGE_CURVE('',#5259,#5258,#2191,.T.);
#6288=EDGE_CURVE('',#5241,#5259,#2192,.T.);
#6289=EDGE_CURVE('',#5260,#5261,#2193,.T.);
#6290=EDGE_CURVE('',#5262,#5260,#2194,.T.);
#6291=EDGE_CURVE('',#5263,#5262,#2195,.T.);
#6292=EDGE_CURVE('',#5264,#5263,#2196,.T.);
#6293=EDGE_CURVE('',#5265,#5264,#2197,.T.);
#6294=EDGE_CURVE('',#5266,#5265,#2198,.T.);
#6295=EDGE_CURVE('',#5267,#5266,#2199,.T.);
#6296=EDGE_CURVE('',#5268,#5267,#2200,.T.);
#6297=EDGE_CURVE('',#5269,#5268,#2201,.T.);
#6298=EDGE_CURVE('',#5270,#5269,#2202,.T.);
#6299=EDGE_CURVE('',#5271,#5270,#2203,.T.);
#6300=EDGE_CURVE('',#5272,#5271,#2204,.T.);
#6301=EDGE_CURVE('',#5273,#5272,#2205,.T.);
#6302=EDGE_CURVE('',#5274,#5273,#2206,.T.);
#6303=EDGE_CURVE('',#5275,#5274,#2207,.T.);
#6304=EDGE_CURVE('',#5276,#5275,#2208,.T.);
#6305=EDGE_CURVE('',#5277,#5276,#2209,.T.);
#6306=EDGE_CURVE('',#5278,#5277,#2210,.T.);
#6307=EDGE_CURVE('',#5279,#5278,#2211,.T.);
#6308=EDGE_CURVE('',#5261,#5279,#2212,.T.);
#6309=EDGE_CURVE('',#5280,#5281,#2213,.T.);
#6310=EDGE_CURVE('',#5282,#5280,#2214,.T.);
#6311=EDGE_CURVE('',#5283,#5282,#2215,.T.);
#6312=EDGE_CURVE('',#5284,#5283,#2216,.T.);
#6313=EDGE_CURVE('',#5285,#5284,#2217,.T.);
#6314=EDGE_CURVE('',#5286,#5285,#2218,.T.);
#6315=EDGE_CURVE('',#5287,#5286,#2219,.T.);
#6316=EDGE_CURVE('',#5288,#5287,#2220,.T.);
#6317=EDGE_CURVE('',#5289,#5288,#2221,.T.);
#6318=EDGE_CURVE('',#5281,#5289,#2222,.T.);
#6319=EDGE_CURVE('',#4877,#5290,#2223,.T.);
#6320=EDGE_CURVE('',#5291,#5290,#2224,.T.);
#6321=EDGE_CURVE('',#4875,#5291,#2225,.T.);
#6322=EDGE_CURVE('',#5292,#5291,#2226,.T.);
#6323=EDGE_CURVE('',#4874,#5292,#2227,.T.);
#6324=EDGE_CURVE('',#5293,#5292,#2228,.T.);
#6325=EDGE_CURVE('',#4876,#5293,#2229,.T.);
#6326=EDGE_CURVE('',#5290,#5293,#2230,.T.);
#6327=EDGE_CURVE('',#5294,#5295,#2231,.T.);
#6328=EDGE_CURVE('',#5296,#5294,#2232,.T.);
#6329=EDGE_CURVE('',#5297,#5296,#2233,.T.);
#6330=EDGE_CURVE('',#5295,#5297,#2234,.T.);
#6331=EDGE_CURVE('',#5298,#5299,#2235,.T.);
#6332=EDGE_CURVE('',#5300,#5298,#2236,.T.);
#6333=EDGE_CURVE('',#5301,#5300,#2237,.T.);
#6334=EDGE_CURVE('',#5299,#5301,#2238,.T.);
#6335=EDGE_CURVE('',#4868,#5302,#2239,.T.);
#6336=EDGE_CURVE('',#4866,#5295,#2240,.T.);
#6337=EDGE_CURVE('',#4872,#5297,#2241,.T.);
#6338=EDGE_CURVE('',#4871,#5303,#2242,.T.);
#6339=EDGE_CURVE('',#5302,#5303,#2243,.T.);
#6340=EDGE_CURVE('',#5303,#5304,#2244,.T.);
#6341=EDGE_CURVE('',#5304,#5305,#4826,.T.);
#6342=EDGE_CURVE('',#5305,#5302,#2245,.T.);
#6343=EDGE_CURVE('',#5306,#5307,#4827,.T.);
#6344=EDGE_CURVE('',#5307,#5308,#2246,.T.);
#6345=EDGE_CURVE('',#5308,#5309,#2247,.T.);
#6346=EDGE_CURVE('',#5309,#5306,#2248,.T.);
#6347=EDGE_CURVE('',#4865,#5306,#2249,.T.);
#6348=EDGE_CURVE('',#4863,#5309,#2250,.T.);
#6349=EDGE_CURVE('',#4862,#5308,#2251,.T.);
#6350=EDGE_CURVE('',#4864,#5307,#2252,.T.);
#6351=EDGE_CURVE('',#4869,#5305,#2253,.T.);
#6352=EDGE_CURVE('',#4870,#5304,#2254,.T.);
#6353=EDGE_CURVE('',#5310,#5311,#2255,.T.);
#6354=EDGE_CURVE('',#5311,#5312,#2256,.T.);
#6355=EDGE_CURVE('',#5313,#5312,#2257,.T.);
#6356=EDGE_CURVE('',#5313,#5310,#2258,.T.);
#6357=EDGE_CURVE('',#5314,#5296,#2259,.T.);
#6358=EDGE_CURVE('',#5314,#5315,#2260,.T.);
#6359=EDGE_CURVE('',#5316,#5315,#2261,.T.);
#6360=EDGE_CURVE('',#5316,#5317,#2262,.T.);
#6361=EDGE_CURVE('',#5317,#5318,#4828,.T.);
#6362=EDGE_CURVE('',#5319,#5318,#2263,.T.);
#6363=EDGE_CURVE('',#5319,#4873,#4829,.T.);
#6364=EDGE_CURVE('',#5320,#5310,#2264,.T.);
#6365=EDGE_CURVE('',#5313,#5321,#2265,.T.);
#6366=EDGE_CURVE('',#5320,#5321,#2266,.T.);
#6367=EDGE_CURVE('',#5321,#5322,#2267,.T.);
#6368=EDGE_CURVE('',#5322,#5323,#2268,.T.);
#6369=EDGE_CURVE('',#5323,#5320,#2269,.T.);
#6370=EDGE_CURVE('',#5324,#5325,#2270,.T.);
#6371=EDGE_CURVE('',#5324,#5326,#4830,.T.);
#6372=EDGE_CURVE('',#5327,#5326,#2271,.T.);
#6373=EDGE_CURVE('',#5327,#5328,#2272,.T.);
#6374=EDGE_CURVE('',#5328,#5329,#2273,.T.);
#6375=EDGE_CURVE('',#5329,#5294,#2274,.T.);
#6376=EDGE_CURVE('',#4867,#5325,#4831,.T.);
#6377=EDGE_CURVE('',#5323,#5311,#2275,.T.);
#6378=EDGE_CURVE('',#5330,#5331,#2276,.T.);
#6379=EDGE_CURVE('',#5331,#5332,#2277,.T.);
#6380=EDGE_CURVE('',#5333,#5332,#2278,.T.);
#6381=EDGE_CURVE('',#5330,#5333,#2279,.T.);
#6382=EDGE_CURVE('',#5334,#5335,#2280,.T.);
#6383=EDGE_CURVE('',#5335,#5336,#2281,.T.);
#6384=EDGE_CURVE('',#5337,#5336,#2282,.T.);
#6385=EDGE_CURVE('',#5334,#5337,#2283,.T.);
#6386=EDGE_CURVE('',#5338,#5339,#2284,.T.);
#6387=EDGE_CURVE('',#5339,#5340,#2285,.T.);
#6388=EDGE_CURVE('',#5341,#5340,#2286,.T.);
#6389=EDGE_CURVE('',#5338,#5341,#2287,.T.);
#6390=EDGE_CURVE('',#5312,#5322,#2288,.T.);
#6391=EDGE_CURVE('',#5342,#5343,#2289,.T.);
#6392=EDGE_CURVE('',#5344,#5342,#2290,.T.);
#6393=EDGE_CURVE('',#5345,#5344,#2291,.T.);
#6394=EDGE_CURVE('',#5343,#5345,#2292,.T.);
#6395=EDGE_CURVE('',#5345,#5346,#2293,.T.);
#6396=EDGE_CURVE('',#5347,#5346,#2294,.T.);
#6397=EDGE_CURVE('',#5343,#5347,#2295,.T.);
#6398=EDGE_CURVE('',#5348,#5349,#2296,.T.);
#6399=EDGE_CURVE('',#5348,#5350,#2297,.T.);
#6400=EDGE_CURVE('',#5350,#5351,#2298,.T.);
#6401=EDGE_CURVE('',#5349,#5351,#2299,.T.);
#6402=EDGE_CURVE('',#5352,#5353,#2300,.T.);
#6403=EDGE_CURVE('',#5353,#5354,#2301,.T.);
#6404=EDGE_CURVE('',#5354,#5355,#2302,.T.);
#6405=EDGE_CURVE('',#5355,#5356,#2303,.T.);
#6406=EDGE_CURVE('',#5356,#5357,#2304,.T.);
#6407=EDGE_CURVE('',#5342,#5357,#2305,.T.);
#6408=EDGE_CURVE('',#5347,#5348,#2306,.T.);
#6409=EDGE_CURVE('',#5349,#5358,#2307,.T.);
#6410=EDGE_CURVE('',#5358,#5359,#2308,.T.);
#6411=EDGE_CURVE('',#5359,#5360,#2309,.T.);
#6412=EDGE_CURVE('',#5360,#5361,#2310,.T.);
#6413=EDGE_CURVE('',#5361,#5362,#2311,.T.);
#6414=EDGE_CURVE('',#5362,#5363,#2312,.T.);
#6415=EDGE_CURVE('',#5363,#5352,#2313,.T.);
#6416=EDGE_CURVE('',#5364,#5352,#2314,.T.);
#6417=EDGE_CURVE('',#5365,#5363,#2315,.T.);
#6418=EDGE_CURVE('',#5365,#5364,#2316,.T.);
#6419=EDGE_CURVE('',#5366,#5365,#2317,.T.);
#6420=EDGE_CURVE('',#5367,#5366,#2318,.T.);
#6421=EDGE_CURVE('',#5368,#5367,#2319,.T.);
#6422=EDGE_CURVE('',#5369,#5368,#2320,.T.);
#6423=EDGE_CURVE('',#5370,#5369,#2321,.T.);
#6424=EDGE_CURVE('',#5351,#5370,#2322,.T.);
#6425=EDGE_CURVE('',#5346,#5350,#2323,.T.);
#6426=EDGE_CURVE('',#5344,#5371,#2324,.T.);
#6427=EDGE_CURVE('',#5372,#5371,#2325,.T.);
#6428=EDGE_CURVE('',#5373,#5372,#2326,.T.);
#6429=EDGE_CURVE('',#5374,#5373,#2327,.T.);
#6430=EDGE_CURVE('',#5375,#5374,#2328,.T.);
#6431=EDGE_CURVE('',#5364,#5375,#2329,.T.);
#6432=EDGE_CURVE('',#5375,#5353,#2330,.T.);
#6433=EDGE_CURVE('',#5374,#5354,#2331,.T.);
#6434=EDGE_CURVE('',#5373,#5355,#2332,.T.);
#6435=EDGE_CURVE('',#5372,#5356,#2333,.T.);
#6436=EDGE_CURVE('',#5371,#5357,#2334,.T.);
#6437=EDGE_CURVE('',#5350,#5376,#2335,.T.);
#6438=EDGE_CURVE('',#5376,#5377,#2336,.T.);
#6439=EDGE_CURVE('',#5346,#5377,#2337,.T.);
#6440=EDGE_CURVE('',#5378,#5347,#2338,.T.);
#6441=EDGE_CURVE('',#5379,#5378,#2339,.T.);
#6442=EDGE_CURVE('',#5379,#5348,#2340,.T.);
#6443=EDGE_CURVE('',#5314,#5329,#2341,.T.);
#6444=EDGE_CURVE('',#5377,#5380,#2342,.T.);
#6445=EDGE_CURVE('',#5380,#5381,#2343,.T.);
#6446=EDGE_CURVE('',#5381,#5378,#2344,.T.);
#6447=EDGE_CURVE('',#5328,#5315,#2345,.T.);
#6448=EDGE_CURVE('',#5382,#5383,#2346,.T.);
#6449=EDGE_CURVE('',#5384,#5382,#2347,.T.);
#6450=EDGE_CURVE('',#5385,#5384,#2348,.T.);
#6451=EDGE_CURVE('',#5383,#5385,#2349,.T.);
#6452=EDGE_CURVE('',#5386,#5387,#2350,.T.);
#6453=EDGE_CURVE('',#5316,#5386,#2351,.T.);
#6454=EDGE_CURVE('',#5388,#5327,#2352,.T.);
#6455=EDGE_CURVE('',#5388,#5389,#2353,.T.);
#6456=EDGE_CURVE('',#5389,#5387,#2354,.T.);
#6457=EDGE_CURVE('',#5390,#5389,#2355,.T.);
#6458=EDGE_CURVE('',#5391,#5390,#4832,.T.);
#6459=EDGE_CURVE('',#5387,#5391,#2356,.T.);
#6460=EDGE_CURVE('',#5392,#5393,#2357,.T.);
#6461=EDGE_CURVE('',#5394,#5392,#2358,.T.);
#6462=EDGE_CURVE('',#5395,#5394,#4833,.T.);
#6463=EDGE_CURVE('',#5393,#5395,#2359,.T.);
#6464=EDGE_CURVE('',#5396,#5397,#2360,.T.);
#6465=EDGE_CURVE('',#5396,#5393,#2361,.T.);
#6466=EDGE_CURVE('',#5397,#5395,#2362,.T.);
#6467=EDGE_CURVE('',#5398,#5394,#2363,.T.);
#6468=EDGE_CURVE('',#5398,#5397,#4834,.T.);
#6469=EDGE_CURVE('',#5398,#5399,#2364,.T.);
#6470=EDGE_CURVE('',#5399,#5396,#2365,.T.);
#6471=EDGE_CURVE('',#5386,#5400,#2366,.T.);
#6472=EDGE_CURVE('',#5400,#5401,#4835,.T.);
#6473=EDGE_CURVE('',#5388,#5401,#2367,.T.);
#6474=EDGE_CURVE('',#5317,#5326,#2368,.T.);
#6475=EDGE_CURVE('',#5402,#5403,#2369,.T.);
#6476=EDGE_CURVE('',#5403,#5404,#2370,.T.);
#6477=EDGE_CURVE('',#5404,#5405,#2371,.T.);
#6478=EDGE_CURVE('',#5405,#5402,#2372,.T.);
#6479=EDGE_CURVE('',#5399,#5392,#2373,.T.);
#6480=EDGE_CURVE('',#5402,#5385,#2374,.T.);
#6481=EDGE_CURVE('',#5405,#5383,#2375,.T.);
#6482=EDGE_CURVE('',#5404,#5382,#2376,.T.);
#6483=EDGE_CURVE('',#5403,#5384,#2377,.T.);
#6484=EDGE_CURVE('',#5318,#5324,#2378,.T.);
#6485=EDGE_CURVE('',#5325,#5319,#2379,.T.);
#6486=EDGE_CURVE('',#5406,#5379,#2380,.T.);
#6487=EDGE_CURVE('',#5407,#5406,#2381,.T.);
#6488=EDGE_CURVE('',#5376,#5407,#2382,.T.);
#6489=EDGE_CURVE('',#5407,#5380,#2383,.T.);
#6490=EDGE_CURVE('',#5406,#5381,#2384,.T.);
#6491=EDGE_CURVE('',#5401,#5390,#2385,.T.);
#6492=EDGE_CURVE('',#5400,#5391,#2386,.T.);
#6493=EDGE_CURVE('',#5370,#5358,#2387,.T.);
#6494=EDGE_CURVE('',#5369,#5359,#2388,.T.);
#6495=EDGE_CURVE('',#5368,#5360,#2389,.T.);
#6496=EDGE_CURVE('',#5367,#5361,#2390,.T.);
#6497=EDGE_CURVE('',#5366,#5362,#2391,.T.);
#6498=EDGE_CURVE('',#5408,#4856,#2392,.T.);
#6499=EDGE_CURVE('',#5409,#5408,#2393,.T.);
#6500=EDGE_CURVE('',#5330,#5409,#2394,.T.);
#6501=EDGE_CURVE('',#5410,#5333,#2395,.T.);
#6502=EDGE_CURVE('',#5411,#5410,#2396,.T.);
#6503=EDGE_CURVE('',#4857,#5411,#2397,.T.);
#6504=EDGE_CURVE('',#5412,#4854,#2398,.T.);
#6505=EDGE_CURVE('',#5408,#5412,#2399,.T.);
#6506=EDGE_CURVE('',#5413,#5412,#2400,.T.);
#6507=EDGE_CURVE('',#5409,#5413,#2401,.T.);
#6508=EDGE_CURVE('',#5331,#5413,#2402,.T.);
#6509=EDGE_CURVE('',#4855,#5414,#2403,.T.);
#6510=EDGE_CURVE('',#5414,#5415,#2404,.T.);
#6511=EDGE_CURVE('',#5415,#5332,#2405,.T.);
#6512=EDGE_CURVE('',#5410,#5415,#2406,.T.);
#6513=EDGE_CURVE('',#5411,#5414,#2407,.T.);
#6514=EDGE_CURVE('',#5416,#4852,#2408,.T.);
#6515=EDGE_CURVE('',#5417,#5416,#2409,.T.);
#6516=EDGE_CURVE('',#5334,#5417,#2410,.T.);
#6517=EDGE_CURVE('',#5418,#5337,#2411,.T.);
#6518=EDGE_CURVE('',#5419,#5418,#2412,.T.);
#6519=EDGE_CURVE('',#4853,#5419,#2413,.T.);
#6520=EDGE_CURVE('',#5420,#4850,#2414,.T.);
#6521=EDGE_CURVE('',#5416,#5420,#2415,.T.);
#6522=EDGE_CURVE('',#5421,#5420,#2416,.T.);
#6523=EDGE_CURVE('',#5417,#5421,#2417,.T.);
#6524=EDGE_CURVE('',#5335,#5421,#2418,.T.);
#6525=EDGE_CURVE('',#4851,#5422,#2419,.T.);
#6526=EDGE_CURVE('',#5422,#5423,#2420,.T.);
#6527=EDGE_CURVE('',#5423,#5336,#2421,.T.);
#6528=EDGE_CURVE('',#5418,#5423,#2422,.T.);
#6529=EDGE_CURVE('',#5419,#5422,#2423,.T.);
#6530=EDGE_CURVE('',#5424,#4848,#2424,.T.);
#6531=EDGE_CURVE('',#5425,#5424,#2425,.T.);
#6532=EDGE_CURVE('',#5338,#5425,#2426,.T.);
#6533=EDGE_CURVE('',#5426,#5341,#2427,.T.);
#6534=EDGE_CURVE('',#5427,#5426,#2428,.T.);
#6535=EDGE_CURVE('',#4849,#5427,#2429,.T.);
#6536=EDGE_CURVE('',#5428,#4846,#2430,.T.);
#6537=EDGE_CURVE('',#5424,#5428,#2431,.T.);
#6538=EDGE_CURVE('',#5429,#5428,#2432,.T.);
#6539=EDGE_CURVE('',#5425,#5429,#2433,.T.);
#6540=EDGE_CURVE('',#5339,#5429,#2434,.T.);
#6541=EDGE_CURVE('',#4847,#5430,#2435,.T.);
#6542=EDGE_CURVE('',#5430,#5431,#2436,.T.);
#6543=EDGE_CURVE('',#5431,#5340,#2437,.T.);
#6544=EDGE_CURVE('',#5426,#5431,#2438,.T.);
#6545=EDGE_CURVE('',#5427,#5430,#2439,.T.);
#6546=EDGE_CURVE('',#4878,#5301,#2440,.T.);
#6547=EDGE_CURVE('',#4881,#5299,#2441,.T.);
#6548=EDGE_CURVE('',#4880,#5298,#2442,.T.);
#6549=EDGE_CURVE('',#4879,#5300,#2443,.T.);
#6550=EDGE_CURVE('',#5432,#4842,#2444,.T.);
#6551=EDGE_CURVE('',#4882,#5432,#2445,.T.);
#6552=EDGE_CURVE('',#5433,#5432,#2446,.T.);
#6553=EDGE_CURVE('',#4883,#5433,#2447,.T.);
#6554=EDGE_CURVE('',#5434,#5433,#2448,.T.);
#6555=EDGE_CURVE('',#4884,#5434,#2449,.T.);
#6556=EDGE_CURVE('',#5435,#5434,#4836,.T.);
#6557=EDGE_CURVE('',#4885,#5435,#2450,.T.);
#6558=EDGE_CURVE('',#5436,#5435,#2451,.T.);
#6559=EDGE_CURVE('',#4886,#5436,#2452,.T.);
#6560=EDGE_CURVE('',#5437,#5436,#2453,.T.);
#6561=EDGE_CURVE('',#4887,#5437,#2454,.T.);
#6562=EDGE_CURVE('',#5438,#5437,#2455,.T.);
#6563=EDGE_CURVE('',#4888,#5438,#2456,.T.);
#6564=EDGE_CURVE('',#4840,#5438,#2457,.T.);
#6565=EDGE_CURVE('',#5439,#4841,#2458,.T.);
#6566=EDGE_CURVE('',#4889,#5439,#2459,.T.);
#6567=EDGE_CURVE('',#5440,#5439,#2460,.T.);
#6568=EDGE_CURVE('',#4890,#5440,#2461,.T.);
#6569=EDGE_CURVE('',#5441,#5440,#2462,.T.);
#6570=EDGE_CURVE('',#4891,#5441,#2463,.T.);
#6571=EDGE_CURVE('',#5442,#5441,#2464,.T.);
#6572=EDGE_CURVE('',#4892,#5442,#2465,.T.);
#6573=EDGE_CURVE('',#5443,#5442,#4837,.T.);
#6574=EDGE_CURVE('',#4893,#5443,#2466,.T.);
#6575=EDGE_CURVE('',#5444,#5443,#2467,.T.);
#6576=EDGE_CURVE('',#4894,#5444,#2468,.T.);
#6577=EDGE_CURVE('',#5445,#5444,#2469,.T.);
#6578=EDGE_CURVE('',#4895,#5445,#2470,.T.);
#6579=EDGE_CURVE('',#5446,#5445,#2471,.T.);
#6580=EDGE_CURVE('',#4896,#5446,#2472,.T.);
#6581=EDGE_CURVE('',#5447,#5446,#2473,.T.);
#6582=EDGE_CURVE('',#4897,#5447,#2474,.T.);
#6583=EDGE_CURVE('',#5448,#5447,#2475,.T.);
#6584=EDGE_CURVE('',#4898,#5448,#2476,.T.);
#6585=EDGE_CURVE('',#5449,#5448,#2477,.T.);
#6586=EDGE_CURVE('',#4899,#5449,#2478,.T.);
#6587=EDGE_CURVE('',#5450,#5449,#2479,.T.);
#6588=EDGE_CURVE('',#4900,#5450,#2480,.T.);
#6589=EDGE_CURVE('',#5451,#5450,#2481,.T.);
#6590=EDGE_CURVE('',#4901,#5451,#2482,.T.);
#6591=EDGE_CURVE('',#5452,#5451,#2483,.T.);
#6592=EDGE_CURVE('',#4902,#5452,#2484,.T.);
#6593=EDGE_CURVE('',#5453,#5452,#2485,.T.);
#6594=EDGE_CURVE('',#4903,#5453,#2486,.T.);
#6595=EDGE_CURVE('',#5454,#5453,#2487,.T.);
#6596=EDGE_CURVE('',#4904,#5454,#2488,.T.);
#6597=EDGE_CURVE('',#5455,#5454,#2489,.T.);
#6598=EDGE_CURVE('',#4905,#5455,#2490,.T.);
#6599=EDGE_CURVE('',#5456,#5455,#2491,.T.);
#6600=EDGE_CURVE('',#4906,#5456,#2492,.T.);
#6601=EDGE_CURVE('',#5457,#5456,#2493,.T.);
#6602=EDGE_CURVE('',#4907,#5457,#2494,.T.);
#6603=EDGE_CURVE('',#5458,#5457,#2495,.T.);
#6604=EDGE_CURVE('',#4908,#5458,#2496,.T.);
#6605=EDGE_CURVE('',#5459,#5458,#2497,.T.);
#6606=EDGE_CURVE('',#4909,#5459,#2498,.T.);
#6607=EDGE_CURVE('',#5460,#5459,#2499,.T.);
#6608=EDGE_CURVE('',#4910,#5460,#2500,.T.);
#6609=EDGE_CURVE('',#5461,#5460,#2501,.T.);
#6610=EDGE_CURVE('',#4911,#5461,#2502,.T.);
#6611=EDGE_CURVE('',#5462,#5461,#2503,.T.);
#6612=EDGE_CURVE('',#4912,#5462,#2504,.T.);
#6613=EDGE_CURVE('',#5463,#5462,#2505,.T.);
#6614=EDGE_CURVE('',#4913,#5463,#2506,.T.);
#6615=EDGE_CURVE('',#5464,#5463,#2507,.T.);
#6616=EDGE_CURVE('',#4914,#5464,#2508,.T.);
#6617=EDGE_CURVE('',#5465,#5464,#2509,.T.);
#6618=EDGE_CURVE('',#4915,#5465,#2510,.T.);
#6619=EDGE_CURVE('',#5466,#5465,#2511,.T.);
#6620=EDGE_CURVE('',#4916,#5466,#2512,.T.);
#6621=EDGE_CURVE('',#5467,#5466,#2513,.T.);
#6622=EDGE_CURVE('',#4917,#5467,#2514,.T.);
#6623=EDGE_CURVE('',#5468,#5467,#2515,.T.);
#6624=EDGE_CURVE('',#4918,#5468,#2516,.T.);
#6625=EDGE_CURVE('',#5469,#5468,#2517,.T.);
#6626=EDGE_CURVE('',#4919,#5469,#2518,.T.);
#6627=EDGE_CURVE('',#5470,#5469,#2519,.T.);
#6628=EDGE_CURVE('',#4920,#5470,#2520,.T.);
#6629=EDGE_CURVE('',#5471,#5470,#2521,.T.);
#6630=EDGE_CURVE('',#4921,#5471,#2522,.T.);
#6631=EDGE_CURVE('',#5472,#5471,#2523,.T.);
#6632=EDGE_CURVE('',#4922,#5472,#2524,.T.);
#6633=EDGE_CURVE('',#4843,#5472,#2525,.T.);
#6634=EDGE_CURVE('',#5473,#5474,#2526,.T.);
#6635=EDGE_CURVE('',#5474,#5475,#2527,.T.);
#6636=EDGE_CURVE('',#5475,#5476,#2528,.T.);
#6637=EDGE_CURVE('',#5476,#5473,#2529,.T.);
#6638=EDGE_CURVE('',#5477,#5478,#2530,.T.);
#6639=EDGE_CURVE('',#5478,#5479,#2531,.T.);
#6640=EDGE_CURVE('',#5479,#5480,#2532,.T.);
#6641=EDGE_CURVE('',#5480,#5481,#2533,.T.);
#6642=EDGE_CURVE('',#5481,#5482,#2534,.T.);
#6643=EDGE_CURVE('',#5482,#5483,#2535,.T.);
#6644=EDGE_CURVE('',#5483,#5484,#2536,.T.);
#6645=EDGE_CURVE('',#5484,#5485,#2537,.T.);
#6646=EDGE_CURVE('',#5485,#5486,#2538,.T.);
#6647=EDGE_CURVE('',#5486,#5487,#2539,.T.);
#6648=EDGE_CURVE('',#5487,#5488,#2540,.T.);
#6649=EDGE_CURVE('',#5488,#5489,#2541,.T.);
#6650=EDGE_CURVE('',#5489,#5490,#2542,.T.);
#6651=EDGE_CURVE('',#5490,#5491,#2543,.T.);
#6652=EDGE_CURVE('',#5491,#5492,#2544,.T.);
#6653=EDGE_CURVE('',#5492,#5493,#2545,.T.);
#6654=EDGE_CURVE('',#5493,#5494,#2546,.T.);
#6655=EDGE_CURVE('',#5494,#5495,#2547,.T.);
#6656=EDGE_CURVE('',#5495,#5496,#2548,.T.);
#6657=EDGE_CURVE('',#5496,#5497,#2549,.T.);
#6658=EDGE_CURVE('',#5497,#5498,#2550,.T.);
#6659=EDGE_CURVE('',#5498,#5499,#2551,.T.);
#6660=EDGE_CURVE('',#5499,#5500,#2552,.T.);
#6661=EDGE_CURVE('',#5500,#5501,#2553,.T.);
#6662=EDGE_CURVE('',#5501,#5502,#2554,.T.);
#6663=EDGE_CURVE('',#5502,#5503,#2555,.T.);
#6664=EDGE_CURVE('',#5503,#5504,#2556,.T.);
#6665=EDGE_CURVE('',#5504,#5505,#2557,.T.);
#6666=EDGE_CURVE('',#5505,#5506,#2558,.T.);
#6667=EDGE_CURVE('',#5506,#5507,#2559,.T.);
#6668=EDGE_CURVE('',#5507,#5508,#2560,.T.);
#6669=EDGE_CURVE('',#5508,#5509,#2561,.T.);
#6670=EDGE_CURVE('',#5509,#5510,#2562,.T.);
#6671=EDGE_CURVE('',#5510,#5511,#2563,.T.);
#6672=EDGE_CURVE('',#5511,#5512,#2564,.T.);
#6673=EDGE_CURVE('',#5512,#5513,#2565,.T.);
#6674=EDGE_CURVE('',#5513,#5514,#2566,.T.);
#6675=EDGE_CURVE('',#5514,#5515,#2567,.T.);
#6676=EDGE_CURVE('',#5515,#5516,#2568,.T.);
#6677=EDGE_CURVE('',#5516,#5517,#2569,.T.);
#6678=EDGE_CURVE('',#5517,#5518,#2570,.T.);
#6679=EDGE_CURVE('',#5518,#5519,#2571,.T.);
#6680=EDGE_CURVE('',#5519,#5520,#2572,.T.);
#6681=EDGE_CURVE('',#5520,#5521,#2573,.T.);
#6682=EDGE_CURVE('',#5521,#5522,#2574,.T.);
#6683=EDGE_CURVE('',#5522,#5523,#2575,.T.);
#6684=EDGE_CURVE('',#5523,#5524,#2576,.T.);
#6685=EDGE_CURVE('',#5524,#5525,#2577,.T.);
#6686=EDGE_CURVE('',#5525,#5526,#2578,.T.);
#6687=EDGE_CURVE('',#5526,#5527,#2579,.T.);
#6688=EDGE_CURVE('',#5527,#5528,#2580,.T.);
#6689=EDGE_CURVE('',#5528,#5529,#2581,.T.);
#6690=EDGE_CURVE('',#5529,#5530,#2582,.T.);
#6691=EDGE_CURVE('',#5530,#5477,#2583,.T.);
#6692=EDGE_CURVE('',#5531,#5532,#2584,.T.);
#6693=EDGE_CURVE('',#5532,#5533,#2585,.T.);
#6694=EDGE_CURVE('',#5533,#5534,#2586,.T.);
#6695=EDGE_CURVE('',#5534,#5535,#2587,.T.);
#6696=EDGE_CURVE('',#5535,#5536,#2588,.T.);
#6697=EDGE_CURVE('',#5536,#5537,#2589,.T.);
#6698=EDGE_CURVE('',#5537,#5538,#2590,.T.);
#6699=EDGE_CURVE('',#5538,#5539,#2591,.T.);
#6700=EDGE_CURVE('',#5539,#5540,#2592,.T.);
#6701=EDGE_CURVE('',#5540,#5541,#2593,.T.);
#6702=EDGE_CURVE('',#5541,#5542,#2594,.T.);
#6703=EDGE_CURVE('',#5542,#5543,#2595,.T.);
#6704=EDGE_CURVE('',#5543,#5531,#2596,.T.);
#6705=EDGE_CURVE('',#5544,#5545,#2597,.T.);
#6706=EDGE_CURVE('',#5545,#5546,#2598,.T.);
#6707=EDGE_CURVE('',#5546,#5547,#2599,.T.);
#6708=EDGE_CURVE('',#5547,#5544,#2600,.T.);
#6709=EDGE_CURVE('',#5548,#5549,#2601,.T.);
#6710=EDGE_CURVE('',#5549,#5550,#2602,.T.);
#6711=EDGE_CURVE('',#5550,#5551,#2603,.T.);
#6712=EDGE_CURVE('',#5551,#5552,#2604,.T.);
#6713=EDGE_CURVE('',#5552,#5553,#2605,.T.);
#6714=EDGE_CURVE('',#5553,#5554,#2606,.T.);
#6715=EDGE_CURVE('',#5554,#5555,#2607,.T.);
#6716=EDGE_CURVE('',#5555,#5548,#2608,.T.);
#6717=EDGE_CURVE('',#5556,#5557,#2609,.T.);
#6718=EDGE_CURVE('',#5557,#5558,#2610,.T.);
#6719=EDGE_CURVE('',#5558,#5559,#2611,.T.);
#6720=EDGE_CURVE('',#5559,#5560,#2612,.T.);
#6721=EDGE_CURVE('',#5560,#5561,#2613,.T.);
#6722=EDGE_CURVE('',#5561,#5562,#2614,.T.);
#6723=EDGE_CURVE('',#5562,#5563,#2615,.T.);
#6724=EDGE_CURVE('',#5563,#5564,#2616,.T.);
#6725=EDGE_CURVE('',#5564,#5565,#2617,.T.);
#6726=EDGE_CURVE('',#5565,#5566,#2618,.T.);
#6727=EDGE_CURVE('',#5566,#5567,#2619,.T.);
#6728=EDGE_CURVE('',#5567,#5568,#2620,.T.);
#6729=EDGE_CURVE('',#5568,#5569,#2621,.T.);
#6730=EDGE_CURVE('',#5569,#5570,#2622,.T.);
#6731=EDGE_CURVE('',#5570,#5571,#2623,.T.);
#6732=EDGE_CURVE('',#5571,#5572,#2624,.T.);
#6733=EDGE_CURVE('',#5572,#5573,#2625,.T.);
#6734=EDGE_CURVE('',#5573,#5574,#2626,.T.);
#6735=EDGE_CURVE('',#5574,#5575,#2627,.T.);
#6736=EDGE_CURVE('',#5575,#5576,#2628,.T.);
#6737=EDGE_CURVE('',#5576,#5577,#2629,.T.);
#6738=EDGE_CURVE('',#5577,#5578,#2630,.T.);
#6739=EDGE_CURVE('',#5578,#5579,#2631,.T.);
#6740=EDGE_CURVE('',#5579,#5580,#2632,.T.);
#6741=EDGE_CURVE('',#5580,#5581,#2633,.T.);
#6742=EDGE_CURVE('',#5581,#5582,#2634,.T.);
#6743=EDGE_CURVE('',#5582,#5583,#2635,.T.);
#6744=EDGE_CURVE('',#5583,#5584,#2636,.T.);
#6745=EDGE_CURVE('',#5584,#5585,#2637,.T.);
#6746=EDGE_CURVE('',#5585,#5586,#2638,.T.);
#6747=EDGE_CURVE('',#5586,#5587,#2639,.T.);
#6748=EDGE_CURVE('',#5587,#5588,#2640,.T.);
#6749=EDGE_CURVE('',#5588,#5589,#2641,.T.);
#6750=EDGE_CURVE('',#5589,#5590,#2642,.T.);
#6751=EDGE_CURVE('',#5590,#5591,#2643,.T.);
#6752=EDGE_CURVE('',#5591,#5592,#2644,.T.);
#6753=EDGE_CURVE('',#5592,#5593,#2645,.T.);
#6754=EDGE_CURVE('',#5593,#5594,#2646,.T.);
#6755=EDGE_CURVE('',#5594,#5595,#2647,.T.);
#6756=EDGE_CURVE('',#5595,#5556,#2648,.T.);
#6757=EDGE_CURVE('',#5596,#5597,#2649,.T.);
#6758=EDGE_CURVE('',#5597,#5598,#2650,.T.);
#6759=EDGE_CURVE('',#5598,#5599,#2651,.T.);
#6760=EDGE_CURVE('',#5599,#5600,#2652,.T.);
#6761=EDGE_CURVE('',#5600,#5601,#2653,.T.);
#6762=EDGE_CURVE('',#5601,#5602,#2654,.T.);
#6763=EDGE_CURVE('',#5602,#5603,#2655,.T.);
#6764=EDGE_CURVE('',#5603,#5604,#2656,.T.);
#6765=EDGE_CURVE('',#5604,#5605,#2657,.T.);
#6766=EDGE_CURVE('',#5605,#5606,#2658,.T.);
#6767=EDGE_CURVE('',#5606,#5607,#2659,.T.);
#6768=EDGE_CURVE('',#5607,#5596,#2660,.T.);
#6769=EDGE_CURVE('',#5608,#5609,#2661,.T.);
#6770=EDGE_CURVE('',#5609,#5610,#2662,.T.);
#6771=EDGE_CURVE('',#5610,#5611,#2663,.T.);
#6772=EDGE_CURVE('',#5611,#5612,#2664,.T.);
#6773=EDGE_CURVE('',#5612,#5613,#2665,.T.);
#6774=EDGE_CURVE('',#5613,#5614,#2666,.T.);
#6775=EDGE_CURVE('',#5614,#5615,#2667,.T.);
#6776=EDGE_CURVE('',#5615,#5616,#2668,.T.);
#6777=EDGE_CURVE('',#5616,#5617,#2669,.T.);
#6778=EDGE_CURVE('',#5617,#5618,#2670,.T.);
#6779=EDGE_CURVE('',#5618,#5619,#2671,.T.);
#6780=EDGE_CURVE('',#5619,#5620,#2672,.T.);
#6781=EDGE_CURVE('',#5620,#5621,#2673,.T.);
#6782=EDGE_CURVE('',#5621,#5622,#2674,.T.);
#6783=EDGE_CURVE('',#5622,#5623,#2675,.T.);
#6784=EDGE_CURVE('',#5623,#5624,#2676,.T.);
#6785=EDGE_CURVE('',#5624,#5625,#2677,.T.);
#6786=EDGE_CURVE('',#5625,#5626,#2678,.T.);
#6787=EDGE_CURVE('',#5626,#5627,#2679,.T.);
#6788=EDGE_CURVE('',#5627,#5628,#2680,.T.);
#6789=EDGE_CURVE('',#5628,#5629,#2681,.T.);
#6790=EDGE_CURVE('',#5629,#5630,#2682,.T.);
#6791=EDGE_CURVE('',#5630,#5631,#2683,.T.);
#6792=EDGE_CURVE('',#5631,#5632,#2684,.T.);
#6793=EDGE_CURVE('',#5632,#5633,#2685,.T.);
#6794=EDGE_CURVE('',#5633,#5634,#2686,.T.);
#6795=EDGE_CURVE('',#5634,#5635,#2687,.T.);
#6796=EDGE_CURVE('',#5635,#5636,#2688,.T.);
#6797=EDGE_CURVE('',#5636,#5637,#2689,.T.);
#6798=EDGE_CURVE('',#5637,#5638,#2690,.T.);
#6799=EDGE_CURVE('',#5638,#5639,#2691,.T.);
#6800=EDGE_CURVE('',#5639,#5640,#2692,.T.);
#6801=EDGE_CURVE('',#5640,#5641,#2693,.T.);
#6802=EDGE_CURVE('',#5641,#5642,#2694,.T.);
#6803=EDGE_CURVE('',#5642,#5643,#2695,.T.);
#6804=EDGE_CURVE('',#5643,#5644,#2696,.T.);
#6805=EDGE_CURVE('',#5644,#5645,#2697,.T.);
#6806=EDGE_CURVE('',#5645,#5646,#2698,.T.);
#6807=EDGE_CURVE('',#5646,#5647,#2699,.T.);
#6808=EDGE_CURVE('',#5647,#5608,#2700,.T.);
#6809=EDGE_CURVE('',#5648,#5649,#2701,.T.);
#6810=EDGE_CURVE('',#5649,#5650,#2702,.T.);
#6811=EDGE_CURVE('',#5650,#4860,#2703,.T.);
#6812=EDGE_CURVE('',#4859,#5651,#2704,.T.);
#6813=EDGE_CURVE('',#5651,#5652,#2705,.T.);
#6814=EDGE_CURVE('',#5652,#5653,#2706,.T.);
#6815=EDGE_CURVE('',#5653,#5654,#2707,.T.);
#6816=EDGE_CURVE('',#5654,#5655,#2708,.T.);
#6817=EDGE_CURVE('',#5655,#5656,#2709,.T.);
#6818=EDGE_CURVE('',#5656,#5657,#2710,.T.);
#6819=EDGE_CURVE('',#5657,#5658,#2711,.T.);
#6820=EDGE_CURVE('',#5658,#5659,#2712,.T.);
#6821=EDGE_CURVE('',#5659,#5660,#2713,.T.);
#6822=EDGE_CURVE('',#5660,#5661,#2714,.T.);
#6823=EDGE_CURVE('',#5661,#5662,#2715,.T.);
#6824=EDGE_CURVE('',#5662,#5663,#2716,.T.);
#6825=EDGE_CURVE('',#5663,#5664,#2717,.T.);
#6826=EDGE_CURVE('',#5664,#5665,#2718,.T.);
#6827=EDGE_CURVE('',#5665,#5666,#2719,.T.);
#6828=EDGE_CURVE('',#5666,#5667,#2720,.T.);
#6829=EDGE_CURVE('',#5667,#5668,#2721,.T.);
#6830=EDGE_CURVE('',#5668,#5669,#2722,.T.);
#6831=EDGE_CURVE('',#5669,#5648,#2723,.T.);
#6832=EDGE_CURVE('',#5670,#5671,#2724,.T.);
#6833=EDGE_CURVE('',#5671,#5672,#2725,.T.);
#6834=EDGE_CURVE('',#5672,#5673,#2726,.T.);
#6835=EDGE_CURVE('',#5673,#5674,#2727,.T.);
#6836=EDGE_CURVE('',#5674,#5675,#2728,.T.);
#6837=EDGE_CURVE('',#5675,#5676,#2729,.T.);
#6838=EDGE_CURVE('',#5676,#5677,#2730,.T.);
#6839=EDGE_CURVE('',#5677,#5678,#2731,.T.);
#6840=EDGE_CURVE('',#5678,#5679,#2732,.T.);
#6841=EDGE_CURVE('',#5679,#5680,#2733,.T.);
#6842=EDGE_CURVE('',#5680,#5681,#2734,.T.);
#6843=EDGE_CURVE('',#5681,#5682,#2735,.T.);
#6844=EDGE_CURVE('',#5682,#5683,#2736,.T.);
#6845=EDGE_CURVE('',#5683,#5684,#2737,.T.);
#6846=EDGE_CURVE('',#5684,#5685,#2738,.T.);
#6847=EDGE_CURVE('',#5685,#5686,#2739,.T.);
#6848=EDGE_CURVE('',#5686,#5687,#2740,.T.);
#6849=EDGE_CURVE('',#5687,#5688,#2741,.T.);
#6850=EDGE_CURVE('',#5688,#5689,#2742,.T.);
#6851=EDGE_CURVE('',#5689,#5670,#2743,.T.);
#6852=EDGE_CURVE('',#5690,#5691,#2744,.T.);
#6853=EDGE_CURVE('',#5691,#5692,#2745,.T.);
#6854=EDGE_CURVE('',#5692,#5693,#2746,.T.);
#6855=EDGE_CURVE('',#5693,#5694,#2747,.T.);
#6856=EDGE_CURVE('',#5694,#5695,#2748,.T.);
#6857=EDGE_CURVE('',#5695,#5696,#2749,.T.);
#6858=EDGE_CURVE('',#5696,#5697,#2750,.T.);
#6859=EDGE_CURVE('',#5697,#5698,#2751,.T.);
#6860=EDGE_CURVE('',#5698,#5699,#2752,.T.);
#6861=EDGE_CURVE('',#5699,#5690,#2753,.T.);
#6862=EDGE_CURVE('',#5700,#5701,#2754,.T.);
#6863=EDGE_CURVE('',#5701,#5702,#2755,.T.);
#6864=EDGE_CURVE('',#5702,#5703,#2756,.T.);
#6865=EDGE_CURVE('',#5703,#5704,#2757,.T.);
#6866=EDGE_CURVE('',#5704,#5705,#2758,.T.);
#6867=EDGE_CURVE('',#5705,#5706,#2759,.T.);
#6868=EDGE_CURVE('',#5706,#5707,#2760,.T.);
#6869=EDGE_CURVE('',#5707,#5708,#2761,.T.);
#6870=EDGE_CURVE('',#5708,#5709,#2762,.T.);
#6871=EDGE_CURVE('',#5709,#5700,#2763,.T.);
#6872=EDGE_CURVE('',#5710,#5711,#2764,.T.);
#6873=EDGE_CURVE('',#5711,#5712,#2765,.T.);
#6874=EDGE_CURVE('',#5712,#5713,#2766,.T.);
#6875=EDGE_CURVE('',#5713,#5714,#2767,.T.);
#6876=EDGE_CURVE('',#5714,#5715,#2768,.T.);
#6877=EDGE_CURVE('',#5715,#5716,#2769,.T.);
#6878=EDGE_CURVE('',#5716,#5717,#2770,.T.);
#6879=EDGE_CURVE('',#5717,#5718,#2771,.T.);
#6880=EDGE_CURVE('',#5718,#5719,#2772,.T.);
#6881=EDGE_CURVE('',#5719,#5720,#2773,.T.);
#6882=EDGE_CURVE('',#5720,#5721,#2774,.T.);
#6883=EDGE_CURVE('',#5721,#5710,#2775,.T.);
#6884=EDGE_CURVE('',#5722,#5723,#2776,.T.);
#6885=EDGE_CURVE('',#5723,#5724,#2777,.T.);
#6886=EDGE_CURVE('',#5724,#5725,#2778,.T.);
#6887=EDGE_CURVE('',#5725,#5726,#2779,.T.);
#6888=EDGE_CURVE('',#5726,#5727,#2780,.T.);
#6889=EDGE_CURVE('',#5727,#5728,#2781,.T.);
#6890=EDGE_CURVE('',#5728,#5729,#2782,.T.);
#6891=EDGE_CURVE('',#5729,#5730,#2783,.T.);
#6892=EDGE_CURVE('',#5730,#5731,#2784,.T.);
#6893=EDGE_CURVE('',#5731,#5732,#2785,.T.);
#6894=EDGE_CURVE('',#5732,#5733,#2786,.T.);
#6895=EDGE_CURVE('',#5733,#5734,#2787,.T.);
#6896=EDGE_CURVE('',#5734,#5735,#2788,.T.);
#6897=EDGE_CURVE('',#5735,#5736,#2789,.T.);
#6898=EDGE_CURVE('',#5736,#5737,#2790,.T.);
#6899=EDGE_CURVE('',#5737,#5738,#2791,.T.);
#6900=EDGE_CURVE('',#5738,#5739,#2792,.T.);
#6901=EDGE_CURVE('',#5739,#5740,#2793,.T.);
#6902=EDGE_CURVE('',#5740,#5741,#2794,.T.);
#6903=EDGE_CURVE('',#5741,#5742,#2795,.T.);
#6904=EDGE_CURVE('',#5742,#5743,#2796,.T.);
#6905=EDGE_CURVE('',#5743,#5744,#2797,.T.);
#6906=EDGE_CURVE('',#5744,#5745,#2798,.T.);
#6907=EDGE_CURVE('',#5745,#5746,#2799,.T.);
#6908=EDGE_CURVE('',#5746,#5747,#2800,.T.);
#6909=EDGE_CURVE('',#5747,#5748,#2801,.T.);
#6910=EDGE_CURVE('',#5748,#5749,#2802,.T.);
#6911=EDGE_CURVE('',#5749,#5750,#2803,.T.);
#6912=EDGE_CURVE('',#5750,#5751,#2804,.T.);
#6913=EDGE_CURVE('',#5751,#5752,#2805,.T.);
#6914=EDGE_CURVE('',#5752,#5753,#2806,.T.);
#6915=EDGE_CURVE('',#5753,#5754,#2807,.T.);
#6916=EDGE_CURVE('',#5754,#5755,#2808,.T.);
#6917=EDGE_CURVE('',#5755,#5756,#2809,.T.);
#6918=EDGE_CURVE('',#5756,#5757,#2810,.T.);
#6919=EDGE_CURVE('',#5757,#5758,#2811,.T.);
#6920=EDGE_CURVE('',#5758,#5759,#2812,.T.);
#6921=EDGE_CURVE('',#5759,#5760,#2813,.T.);
#6922=EDGE_CURVE('',#5760,#5761,#2814,.T.);
#6923=EDGE_CURVE('',#5761,#5722,#2815,.T.);
#6924=EDGE_CURVE('',#5762,#5763,#2816,.T.);
#6925=EDGE_CURVE('',#5763,#5764,#2817,.T.);
#6926=EDGE_CURVE('',#5764,#5765,#2818,.T.);
#6927=EDGE_CURVE('',#5765,#5766,#2819,.T.);
#6928=EDGE_CURVE('',#5766,#5767,#2820,.T.);
#6929=EDGE_CURVE('',#5767,#5768,#2821,.T.);
#6930=EDGE_CURVE('',#5768,#5769,#2822,.T.);
#6931=EDGE_CURVE('',#5769,#5762,#2823,.T.);
#6932=EDGE_CURVE('',#5770,#5771,#2824,.T.);
#6933=EDGE_CURVE('',#5771,#5772,#2825,.T.);
#6934=EDGE_CURVE('',#5772,#5773,#2826,.T.);
#6935=EDGE_CURVE('',#5773,#5774,#2827,.T.);
#6936=EDGE_CURVE('',#5774,#5775,#2828,.T.);
#6937=EDGE_CURVE('',#5775,#5776,#2829,.T.);
#6938=EDGE_CURVE('',#5776,#5777,#2830,.T.);
#6939=EDGE_CURVE('',#5777,#5778,#2831,.T.);
#6940=EDGE_CURVE('',#5778,#5779,#2832,.T.);
#6941=EDGE_CURVE('',#5779,#5780,#2833,.T.);
#6942=EDGE_CURVE('',#5780,#5781,#2834,.T.);
#6943=EDGE_CURVE('',#5781,#5782,#2835,.T.);
#6944=EDGE_CURVE('',#5782,#5783,#2836,.T.);
#6945=EDGE_CURVE('',#5783,#5784,#2837,.T.);
#6946=EDGE_CURVE('',#5784,#5785,#2838,.T.);
#6947=EDGE_CURVE('',#5785,#5786,#2839,.T.);
#6948=EDGE_CURVE('',#5786,#5787,#2840,.T.);
#6949=EDGE_CURVE('',#5787,#5788,#2841,.T.);
#6950=EDGE_CURVE('',#5788,#5789,#2842,.T.);
#6951=EDGE_CURVE('',#5789,#5790,#2843,.T.);
#6952=EDGE_CURVE('',#5790,#5791,#2844,.T.);
#6953=EDGE_CURVE('',#5791,#5792,#2845,.T.);
#6954=EDGE_CURVE('',#5792,#5793,#2846,.T.);
#6955=EDGE_CURVE('',#5793,#5770,#2847,.T.);
#6956=EDGE_CURVE('',#5794,#5795,#2848,.T.);
#6957=EDGE_CURVE('',#5795,#5796,#2849,.T.);
#6958=EDGE_CURVE('',#5796,#5797,#2850,.T.);
#6959=EDGE_CURVE('',#5797,#5798,#2851,.T.);
#6960=EDGE_CURVE('',#5798,#5799,#2852,.T.);
#6961=EDGE_CURVE('',#5799,#5800,#2853,.T.);
#6962=EDGE_CURVE('',#5800,#5801,#2854,.T.);
#6963=EDGE_CURVE('',#5801,#5802,#2855,.T.);
#6964=EDGE_CURVE('',#5802,#5803,#2856,.T.);
#6965=EDGE_CURVE('',#5803,#5804,#2857,.T.);
#6966=EDGE_CURVE('',#5804,#5805,#2858,.T.);
#6967=EDGE_CURVE('',#5805,#5806,#2859,.T.);
#6968=EDGE_CURVE('',#5806,#5807,#2860,.T.);
#6969=EDGE_CURVE('',#5807,#5808,#2861,.T.);
#6970=EDGE_CURVE('',#5808,#5809,#2862,.T.);
#6971=EDGE_CURVE('',#5809,#5810,#2863,.T.);
#6972=EDGE_CURVE('',#5810,#5811,#2864,.T.);
#6973=EDGE_CURVE('',#5811,#5812,#2865,.T.);
#6974=EDGE_CURVE('',#5812,#5813,#2866,.T.);
#6975=EDGE_CURVE('',#5813,#5794,#2867,.T.);
#6976=EDGE_CURVE('',#5814,#5815,#2868,.T.);
#6977=EDGE_CURVE('',#5815,#5816,#2869,.T.);
#6978=EDGE_CURVE('',#5816,#5817,#2870,.T.);
#6979=EDGE_CURVE('',#5817,#5818,#2871,.T.);
#6980=EDGE_CURVE('',#5818,#5819,#2872,.T.);
#6981=EDGE_CURVE('',#5819,#5820,#2873,.T.);
#6982=EDGE_CURVE('',#5820,#5821,#2874,.T.);
#6983=EDGE_CURVE('',#5821,#5822,#2875,.T.);
#6984=EDGE_CURVE('',#5822,#5823,#2876,.T.);
#6985=EDGE_CURVE('',#5823,#5824,#2877,.T.);
#6986=EDGE_CURVE('',#5824,#5825,#2878,.T.);
#6987=EDGE_CURVE('',#5825,#5826,#2879,.T.);
#6988=EDGE_CURVE('',#5826,#5827,#2880,.T.);
#6989=EDGE_CURVE('',#5827,#5828,#2881,.T.);
#6990=EDGE_CURVE('',#5828,#5829,#2882,.T.);
#6991=EDGE_CURVE('',#5829,#5814,#2883,.T.);
#6992=EDGE_CURVE('',#5830,#5831,#2884,.T.);
#6993=EDGE_CURVE('',#5831,#5832,#2885,.T.);
#6994=EDGE_CURVE('',#5832,#5833,#2886,.T.);
#6995=EDGE_CURVE('',#5833,#5834,#2887,.T.);
#6996=EDGE_CURVE('',#5834,#5835,#2888,.T.);
#6997=EDGE_CURVE('',#5835,#5836,#2889,.T.);
#6998=EDGE_CURVE('',#5836,#5837,#2890,.T.);
#6999=EDGE_CURVE('',#5837,#5838,#2891,.T.);
#7000=EDGE_CURVE('',#5838,#5839,#2892,.T.);
#7001=EDGE_CURVE('',#5839,#5830,#2893,.T.);
#7002=EDGE_CURVE('',#4926,#5473,#2894,.T.);
#7003=EDGE_CURVE('',#4924,#5476,#2895,.T.);
#7004=EDGE_CURVE('',#4923,#5475,#2896,.T.);
#7005=EDGE_CURVE('',#4925,#5474,#2897,.T.);
#7006=EDGE_CURVE('',#4980,#5477,#2898,.T.);
#7007=EDGE_CURVE('',#4928,#5530,#2899,.T.);
#7008=EDGE_CURVE('',#4927,#5529,#2900,.T.);
#7009=EDGE_CURVE('',#4929,#5528,#2901,.T.);
#7010=EDGE_CURVE('',#4930,#5527,#2902,.T.);
#7011=EDGE_CURVE('',#4931,#5526,#2903,.T.);
#7012=EDGE_CURVE('',#4932,#5525,#2904,.T.);
#7013=EDGE_CURVE('',#4933,#5524,#2905,.T.);
#7014=EDGE_CURVE('',#4934,#5523,#2906,.T.);
#7015=EDGE_CURVE('',#4935,#5522,#2907,.T.);
#7016=EDGE_CURVE('',#4936,#5521,#2908,.T.);
#7017=EDGE_CURVE('',#4937,#5520,#2909,.T.);
#7018=EDGE_CURVE('',#4938,#5519,#2910,.T.);
#7019=EDGE_CURVE('',#4939,#5518,#2911,.T.);
#7020=EDGE_CURVE('',#4940,#5517,#2912,.T.);
#7021=EDGE_CURVE('',#4941,#5516,#2913,.T.);
#7022=EDGE_CURVE('',#4942,#5515,#2914,.T.);
#7023=EDGE_CURVE('',#4943,#5514,#2915,.T.);
#7024=EDGE_CURVE('',#4944,#5513,#2916,.T.);
#7025=EDGE_CURVE('',#4945,#5512,#2917,.T.);
#7026=EDGE_CURVE('',#4946,#5511,#2918,.T.);
#7027=EDGE_CURVE('',#4947,#5510,#2919,.T.);
#7028=EDGE_CURVE('',#4948,#5509,#2920,.T.);
#7029=EDGE_CURVE('',#4949,#5508,#2921,.T.);
#7030=EDGE_CURVE('',#4950,#5507,#2922,.T.);
#7031=EDGE_CURVE('',#4951,#5506,#2923,.T.);
#7032=EDGE_CURVE('',#4952,#5505,#2924,.T.);
#7033=EDGE_CURVE('',#4953,#5504,#2925,.T.);
#7034=EDGE_CURVE('',#4954,#5503,#2926,.T.);
#7035=EDGE_CURVE('',#4955,#5502,#2927,.T.);
#7036=EDGE_CURVE('',#4956,#5501,#2928,.T.);
#7037=EDGE_CURVE('',#4957,#5500,#2929,.T.);
#7038=EDGE_CURVE('',#4958,#5499,#2930,.T.);
#7039=EDGE_CURVE('',#4959,#5498,#2931,.T.);
#7040=EDGE_CURVE('',#4960,#5497,#2932,.T.);
#7041=EDGE_CURVE('',#4961,#5496,#2933,.T.);
#7042=EDGE_CURVE('',#4962,#5495,#2934,.T.);
#7043=EDGE_CURVE('',#4963,#5494,#2935,.T.);
#7044=EDGE_CURVE('',#4964,#5493,#2936,.T.);
#7045=EDGE_CURVE('',#4965,#5492,#2937,.T.);
#7046=EDGE_CURVE('',#4966,#5491,#2938,.T.);
#7047=EDGE_CURVE('',#4967,#5490,#2939,.T.);
#7048=EDGE_CURVE('',#4968,#5489,#2940,.T.);
#7049=EDGE_CURVE('',#4969,#5488,#2941,.T.);
#7050=EDGE_CURVE('',#4970,#5487,#2942,.T.);
#7051=EDGE_CURVE('',#4971,#5486,#2943,.T.);
#7052=EDGE_CURVE('',#4972,#5485,#2944,.T.);
#7053=EDGE_CURVE('',#4973,#5484,#2945,.T.);
#7054=EDGE_CURVE('',#4974,#5483,#2946,.T.);
#7055=EDGE_CURVE('',#4975,#5482,#2947,.T.);
#7056=EDGE_CURVE('',#4976,#5481,#2948,.T.);
#7057=EDGE_CURVE('',#4977,#5480,#2949,.T.);
#7058=EDGE_CURVE('',#4978,#5479,#2950,.T.);
#7059=EDGE_CURVE('',#4979,#5478,#2951,.T.);
#7060=EDGE_CURVE('',#4993,#5531,#2952,.T.);
#7061=EDGE_CURVE('',#4982,#5543,#2953,.T.);
#7062=EDGE_CURVE('',#4981,#5542,#2954,.T.);
#7063=EDGE_CURVE('',#4983,#5541,#2955,.T.);
#7064=EDGE_CURVE('',#4984,#5540,#2956,.T.);
#7065=EDGE_CURVE('',#4985,#5539,#2957,.T.);
#7066=EDGE_CURVE('',#4986,#5538,#2958,.T.);
#7067=EDGE_CURVE('',#4987,#5537,#2959,.T.);
#7068=EDGE_CURVE('',#4988,#5536,#2960,.T.);
#7069=EDGE_CURVE('',#4989,#5535,#2961,.T.);
#7070=EDGE_CURVE('',#4990,#5534,#2962,.T.);
#7071=EDGE_CURVE('',#4991,#5533,#2963,.T.);
#7072=EDGE_CURVE('',#4992,#5532,#2964,.T.);
#7073=EDGE_CURVE('',#4997,#5544,#2965,.T.);
#7074=EDGE_CURVE('',#4995,#5547,#2966,.T.);
#7075=EDGE_CURVE('',#4994,#5546,#2967,.T.);
#7076=EDGE_CURVE('',#4996,#5545,#2968,.T.);
#7077=EDGE_CURVE('',#5005,#5548,#2969,.T.);
#7078=EDGE_CURVE('',#4999,#5555,#2970,.T.);
#7079=EDGE_CURVE('',#4998,#5554,#2971,.T.);
#7080=EDGE_CURVE('',#5000,#5553,#2972,.T.);
#7081=EDGE_CURVE('',#5001,#5552,#2973,.T.);
#7082=EDGE_CURVE('',#5002,#5551,#2974,.T.);
#7083=EDGE_CURVE('',#5003,#5550,#2975,.T.);
#7084=EDGE_CURVE('',#5004,#5549,#2976,.T.);
#7085=EDGE_CURVE('',#5045,#5556,#2977,.T.);
#7086=EDGE_CURVE('',#5007,#5595,#2978,.T.);
#7087=EDGE_CURVE('',#5006,#5594,#2979,.T.);
#7088=EDGE_CURVE('',#5008,#5593,#2980,.T.);
#7089=EDGE_CURVE('',#5009,#5592,#2981,.T.);
#7090=EDGE_CURVE('',#5010,#5591,#2982,.T.);
#7091=EDGE_CURVE('',#5011,#5590,#2983,.T.);
#7092=EDGE_CURVE('',#5012,#5589,#2984,.T.);
#7093=EDGE_CURVE('',#5013,#5588,#2985,.T.);
#7094=EDGE_CURVE('',#5014,#5587,#2986,.T.);
#7095=EDGE_CURVE('',#5015,#5586,#2987,.T.);
#7096=EDGE_CURVE('',#5016,#5585,#2988,.T.);
#7097=EDGE_CURVE('',#5017,#5584,#2989,.T.);
#7098=EDGE_CURVE('',#5018,#5583,#2990,.T.);
#7099=EDGE_CURVE('',#5019,#5582,#2991,.T.);
#7100=EDGE_CURVE('',#5020,#5581,#2992,.T.);
#7101=EDGE_CURVE('',#5021,#5580,#2993,.T.);
#7102=EDGE_CURVE('',#5022,#5579,#2994,.T.);
#7103=EDGE_CURVE('',#5023,#5578,#2995,.T.);
#7104=EDGE_CURVE('',#5024,#5577,#2996,.T.);
#7105=EDGE_CURVE('',#5025,#5576,#2997,.T.);
#7106=EDGE_CURVE('',#5026,#5575,#2998,.T.);
#7107=EDGE_CURVE('',#5027,#5574,#2999,.T.);
#7108=EDGE_CURVE('',#5028,#5573,#3000,.T.);
#7109=EDGE_CURVE('',#5029,#5572,#3001,.T.);
#7110=EDGE_CURVE('',#5030,#5571,#3002,.T.);
#7111=EDGE_CURVE('',#5031,#5570,#3003,.T.);
#7112=EDGE_CURVE('',#5032,#5569,#3004,.T.);
#7113=EDGE_CURVE('',#5033,#5568,#3005,.T.);
#7114=EDGE_CURVE('',#5034,#5567,#3006,.T.);
#7115=EDGE_CURVE('',#5035,#5566,#3007,.T.);
#7116=EDGE_CURVE('',#5036,#5565,#3008,.T.);
#7117=EDGE_CURVE('',#5037,#5564,#3009,.T.);
#7118=EDGE_CURVE('',#5038,#5563,#3010,.T.);
#7119=EDGE_CURVE('',#5039,#5562,#3011,.T.);
#7120=EDGE_CURVE('',#5040,#5561,#3012,.T.);
#7121=EDGE_CURVE('',#5041,#5560,#3013,.T.);
#7122=EDGE_CURVE('',#5042,#5559,#3014,.T.);
#7123=EDGE_CURVE('',#5043,#5558,#3015,.T.);
#7124=EDGE_CURVE('',#5044,#5557,#3016,.T.);
#7125=EDGE_CURVE('',#5057,#5596,#3017,.T.);
#7126=EDGE_CURVE('',#5047,#5607,#3018,.T.);
#7127=EDGE_CURVE('',#5046,#5606,#3019,.T.);
#7128=EDGE_CURVE('',#5048,#5605,#3020,.T.);
#7129=EDGE_CURVE('',#5049,#5604,#3021,.T.);
#7130=EDGE_CURVE('',#5050,#5603,#3022,.T.);
#7131=EDGE_CURVE('',#5051,#5602,#3023,.T.);
#7132=EDGE_CURVE('',#5052,#5601,#3024,.T.);
#7133=EDGE_CURVE('',#5053,#5600,#3025,.T.);
#7134=EDGE_CURVE('',#5054,#5599,#3026,.T.);
#7135=EDGE_CURVE('',#5055,#5598,#3027,.T.);
#7136=EDGE_CURVE('',#5056,#5597,#3028,.T.);
#7137=EDGE_CURVE('',#5097,#5608,#3029,.T.);
#7138=EDGE_CURVE('',#5059,#5647,#3030,.T.);
#7139=EDGE_CURVE('',#5058,#5646,#3031,.T.);
#7140=EDGE_CURVE('',#5060,#5645,#3032,.T.);
#7141=EDGE_CURVE('',#5061,#5644,#3033,.T.);
#7142=EDGE_CURVE('',#5062,#5643,#3034,.T.);
#7143=EDGE_CURVE('',#5063,#5642,#3035,.T.);
#7144=EDGE_CURVE('',#5064,#5641,#3036,.T.);
#7145=EDGE_CURVE('',#5065,#5640,#3037,.T.);
#7146=EDGE_CURVE('',#5066,#5639,#3038,.T.);
#7147=EDGE_CURVE('',#5067,#5638,#3039,.T.);
#7148=EDGE_CURVE('',#5068,#5637,#3040,.T.);
#7149=EDGE_CURVE('',#5069,#5636,#3041,.T.);
#7150=EDGE_CURVE('',#5070,#5635,#3042,.T.);
#7151=EDGE_CURVE('',#5071,#5634,#3043,.T.);
#7152=EDGE_CURVE('',#5072,#5633,#3044,.T.);
#7153=EDGE_CURVE('',#5073,#5632,#3045,.T.);
#7154=EDGE_CURVE('',#5074,#5631,#3046,.T.);
#7155=EDGE_CURVE('',#5075,#5630,#3047,.T.);
#7156=EDGE_CURVE('',#5076,#5629,#3048,.T.);
#7157=EDGE_CURVE('',#5077,#5628,#3049,.T.);
#7158=EDGE_CURVE('',#5078,#5627,#3050,.T.);
#7159=EDGE_CURVE('',#5079,#5626,#3051,.T.);
#7160=EDGE_CURVE('',#5080,#5625,#3052,.T.);
#7161=EDGE_CURVE('',#5081,#5624,#3053,.T.);
#7162=EDGE_CURVE('',#5082,#5623,#3054,.T.);
#7163=EDGE_CURVE('',#5083,#5622,#3055,.T.);
#7164=EDGE_CURVE('',#5084,#5621,#3056,.T.);
#7165=EDGE_CURVE('',#5085,#5620,#3057,.T.);
#7166=EDGE_CURVE('',#5086,#5619,#3058,.T.);
#7167=EDGE_CURVE('',#5087,#5618,#3059,.T.);
#7168=EDGE_CURVE('',#5088,#5617,#3060,.T.);
#7169=EDGE_CURVE('',#5089,#5616,#3061,.T.);
#7170=EDGE_CURVE('',#5090,#5615,#3062,.T.);
#7171=EDGE_CURVE('',#5091,#5614,#3063,.T.);
#7172=EDGE_CURVE('',#5092,#5613,#3064,.T.);
#7173=EDGE_CURVE('',#5093,#5612,#3065,.T.);
#7174=EDGE_CURVE('',#5094,#5611,#3066,.T.);
#7175=EDGE_CURVE('',#5095,#5610,#3067,.T.);
#7176=EDGE_CURVE('',#5096,#5609,#3068,.T.);
#7177=EDGE_CURVE('',#5259,#5670,#3069,.T.);
#7178=EDGE_CURVE('',#5241,#5689,#3070,.T.);
#7179=EDGE_CURVE('',#5240,#5688,#3071,.T.);
#7180=EDGE_CURVE('',#5242,#5687,#3072,.T.);
#7181=EDGE_CURVE('',#5243,#5686,#3073,.T.);
#7182=EDGE_CURVE('',#5244,#5685,#3074,.T.);
#7183=EDGE_CURVE('',#5245,#5684,#3075,.T.);
#7184=EDGE_CURVE('',#5246,#5683,#3076,.T.);
#7185=EDGE_CURVE('',#5247,#5682,#3077,.T.);
#7186=EDGE_CURVE('',#5248,#5681,#3078,.T.);
#7187=EDGE_CURVE('',#5249,#5680,#3079,.T.);
#7188=EDGE_CURVE('',#5250,#5679,#3080,.T.);
#7189=EDGE_CURVE('',#5251,#5678,#3081,.T.);
#7190=EDGE_CURVE('',#5252,#5677,#3082,.T.);
#7191=EDGE_CURVE('',#5253,#5676,#3083,.T.);
#7192=EDGE_CURVE('',#5254,#5675,#3084,.T.);
#7193=EDGE_CURVE('',#5255,#5674,#3085,.T.);
#7194=EDGE_CURVE('',#5256,#5673,#3086,.T.);
#7195=EDGE_CURVE('',#5257,#5672,#3087,.T.);
#7196=EDGE_CURVE('',#5258,#5671,#3088,.T.);
#7197=EDGE_CURVE('',#5119,#5648,#3089,.T.);
#7198=EDGE_CURVE('',#5099,#5669,#3090,.T.);
#7199=EDGE_CURVE('',#5098,#5668,#3091,.T.);
#7200=EDGE_CURVE('',#5100,#5667,#3092,.T.);
#7201=EDGE_CURVE('',#5101,#5666,#3093,.T.);
#7202=EDGE_CURVE('',#5102,#5665,#3094,.T.);
#7203=EDGE_CURVE('',#5103,#5664,#3095,.T.);
#7204=EDGE_CURVE('',#5104,#5663,#3096,.T.);
#7205=EDGE_CURVE('',#5105,#5662,#3097,.T.);
#7206=EDGE_CURVE('',#5106,#5661,#3098,.T.);
#7207=EDGE_CURVE('',#5107,#5660,#3099,.T.);
#7208=EDGE_CURVE('',#5108,#5659,#3100,.T.);
#7209=EDGE_CURVE('',#5109,#5658,#3101,.T.);
#7210=EDGE_CURVE('',#5110,#5657,#3102,.T.);
#7211=EDGE_CURVE('',#5111,#5656,#3103,.T.);
#7212=EDGE_CURVE('',#5112,#5655,#3104,.T.);
#7213=EDGE_CURVE('',#5113,#5654,#3105,.T.);
#7214=EDGE_CURVE('',#5114,#5653,#3106,.T.);
#7215=EDGE_CURVE('',#5115,#5652,#3107,.T.);
#7216=EDGE_CURVE('',#5116,#5651,#3108,.T.);
#7217=EDGE_CURVE('',#5118,#5649,#3109,.T.);
#7218=EDGE_CURVE('',#5117,#5650,#3110,.T.);
#7219=EDGE_CURVE('',#5129,#5690,#3111,.T.);
#7220=EDGE_CURVE('',#5121,#5699,#3112,.T.);
#7221=EDGE_CURVE('',#5120,#5698,#3113,.T.);
#7222=EDGE_CURVE('',#5122,#5697,#3114,.T.);
#7223=EDGE_CURVE('',#5123,#5696,#3115,.T.);
#7224=EDGE_CURVE('',#5124,#5695,#3116,.T.);
#7225=EDGE_CURVE('',#5125,#5694,#3117,.T.);
#7226=EDGE_CURVE('',#5126,#5693,#3118,.T.);
#7227=EDGE_CURVE('',#5127,#5692,#3119,.T.);
#7228=EDGE_CURVE('',#5128,#5691,#3120,.T.);
#7229=EDGE_CURVE('',#5139,#5700,#3121,.T.);
#7230=EDGE_CURVE('',#5131,#5709,#3122,.T.);
#7231=EDGE_CURVE('',#5130,#5708,#3123,.T.);
#7232=EDGE_CURVE('',#5132,#5707,#3124,.T.);
#7233=EDGE_CURVE('',#5133,#5706,#3125,.T.);
#7234=EDGE_CURVE('',#5134,#5705,#3126,.T.);
#7235=EDGE_CURVE('',#5135,#5704,#3127,.T.);
#7236=EDGE_CURVE('',#5136,#5703,#3128,.T.);
#7237=EDGE_CURVE('',#5137,#5702,#3129,.T.);
#7238=EDGE_CURVE('',#5138,#5701,#3130,.T.);
#7239=EDGE_CURVE('',#5151,#5710,#3131,.T.);
#7240=EDGE_CURVE('',#5141,#5721,#3132,.T.);
#7241=EDGE_CURVE('',#5140,#5720,#3133,.T.);
#7242=EDGE_CURVE('',#5142,#5719,#3134,.T.);
#7243=EDGE_CURVE('',#5143,#5718,#3135,.T.);
#7244=EDGE_CURVE('',#5144,#5717,#3136,.T.);
#7245=EDGE_CURVE('',#5145,#5716,#3137,.T.);
#7246=EDGE_CURVE('',#5146,#5715,#3138,.T.);
#7247=EDGE_CURVE('',#5147,#5714,#3139,.T.);
#7248=EDGE_CURVE('',#5148,#5713,#3140,.T.);
#7249=EDGE_CURVE('',#5149,#5712,#3141,.T.);
#7250=EDGE_CURVE('',#5150,#5711,#3142,.T.);
#7251=EDGE_CURVE('',#5191,#5722,#3143,.T.);
#7252=EDGE_CURVE('',#5153,#5761,#3144,.T.);
#7253=EDGE_CURVE('',#5152,#5760,#3145,.T.);
#7254=EDGE_CURVE('',#5154,#5759,#3146,.T.);
#7255=EDGE_CURVE('',#5155,#5758,#3147,.T.);
#7256=EDGE_CURVE('',#5156,#5757,#3148,.T.);
#7257=EDGE_CURVE('',#5157,#5756,#3149,.T.);
#7258=EDGE_CURVE('',#5158,#5755,#3150,.T.);
#7259=EDGE_CURVE('',#5159,#5754,#3151,.T.);
#7260=EDGE_CURVE('',#5160,#5753,#3152,.T.);
#7261=EDGE_CURVE('',#5161,#5752,#3153,.T.);
#7262=EDGE_CURVE('',#5162,#5751,#3154,.T.);
#7263=EDGE_CURVE('',#5163,#5750,#3155,.T.);
#7264=EDGE_CURVE('',#5164,#5749,#3156,.T.);
#7265=EDGE_CURVE('',#5165,#5748,#3157,.T.);
#7266=EDGE_CURVE('',#5166,#5747,#3158,.T.);
#7267=EDGE_CURVE('',#5167,#5746,#3159,.T.);
#7268=EDGE_CURVE('',#5168,#5745,#3160,.T.);
#7269=EDGE_CURVE('',#5169,#5744,#3161,.T.);
#7270=EDGE_CURVE('',#5170,#5743,#3162,.T.);
#7271=EDGE_CURVE('',#5171,#5742,#3163,.T.);
#7272=EDGE_CURVE('',#5172,#5741,#3164,.T.);
#7273=EDGE_CURVE('',#5173,#5740,#3165,.T.);
#7274=EDGE_CURVE('',#5174,#5739,#3166,.T.);
#7275=EDGE_CURVE('',#5175,#5738,#3167,.T.);
#7276=EDGE_CURVE('',#5176,#5737,#3168,.T.);
#7277=EDGE_CURVE('',#5177,#5736,#3169,.T.);
#7278=EDGE_CURVE('',#5178,#5735,#3170,.T.);
#7279=EDGE_CURVE('',#5179,#5734,#3171,.T.);
#7280=EDGE_CURVE('',#5180,#5733,#3172,.T.);
#7281=EDGE_CURVE('',#5181,#5732,#3173,.T.);
#7282=EDGE_CURVE('',#5182,#5731,#3174,.T.);
#7283=EDGE_CURVE('',#5183,#5730,#3175,.T.);
#7284=EDGE_CURVE('',#5184,#5729,#3176,.T.);
#7285=EDGE_CURVE('',#5185,#5728,#3177,.T.);
#7286=EDGE_CURVE('',#5186,#5727,#3178,.T.);
#7287=EDGE_CURVE('',#5187,#5726,#3179,.T.);
#7288=EDGE_CURVE('',#5188,#5725,#3180,.T.);
#7289=EDGE_CURVE('',#5189,#5724,#3181,.T.);
#7290=EDGE_CURVE('',#5190,#5723,#3182,.T.);
#7291=EDGE_CURVE('',#5199,#5762,#3183,.T.);
#7292=EDGE_CURVE('',#5193,#5769,#3184,.T.);
#7293=EDGE_CURVE('',#5192,#5768,#3185,.T.);
#7294=EDGE_CURVE('',#5194,#5767,#3186,.T.);
#7295=EDGE_CURVE('',#5195,#5766,#3187,.T.);
#7296=EDGE_CURVE('',#5196,#5765,#3188,.T.);
#7297=EDGE_CURVE('',#5197,#5764,#3189,.T.);
#7298=EDGE_CURVE('',#5198,#5763,#3190,.T.);
#7299=EDGE_CURVE('',#5279,#5794,#3191,.T.);
#7300=EDGE_CURVE('',#5261,#5813,#3192,.T.);
#7301=EDGE_CURVE('',#5260,#5812,#3193,.T.);
#7302=EDGE_CURVE('',#5262,#5811,#3194,.T.);
#7303=EDGE_CURVE('',#5263,#5810,#3195,.T.);
#7304=EDGE_CURVE('',#5264,#5809,#3196,.T.);
#7305=EDGE_CURVE('',#5265,#5808,#3197,.T.);
#7306=EDGE_CURVE('',#5266,#5807,#3198,.T.);
#7307=EDGE_CURVE('',#5267,#5806,#3199,.T.);
#7308=EDGE_CURVE('',#5268,#5805,#3200,.T.);
#7309=EDGE_CURVE('',#5269,#5804,#3201,.T.);
#7310=EDGE_CURVE('',#5270,#5803,#3202,.T.);
#7311=EDGE_CURVE('',#5271,#5802,#3203,.T.);
#7312=EDGE_CURVE('',#5272,#5801,#3204,.T.);
#7313=EDGE_CURVE('',#5273,#5800,#3205,.T.);
#7314=EDGE_CURVE('',#5274,#5799,#3206,.T.);
#7315=EDGE_CURVE('',#5275,#5798,#3207,.T.);
#7316=EDGE_CURVE('',#5276,#5797,#3208,.T.);
#7317=EDGE_CURVE('',#5277,#5796,#3209,.T.);
#7318=EDGE_CURVE('',#5278,#5795,#3210,.T.);
#7319=EDGE_CURVE('',#5223,#5770,#3211,.T.);
#7320=EDGE_CURVE('',#5201,#5793,#3212,.T.);
#7321=EDGE_CURVE('',#5200,#5792,#3213,.T.);
#7322=EDGE_CURVE('',#5202,#5791,#3214,.T.);
#7323=EDGE_CURVE('',#5203,#5790,#3215,.T.);
#7324=EDGE_CURVE('',#5204,#5789,#3216,.T.);
#7325=EDGE_CURVE('',#5205,#5788,#3217,.T.);
#7326=EDGE_CURVE('',#5206,#5787,#3218,.T.);
#7327=EDGE_CURVE('',#5207,#5786,#3219,.T.);
#7328=EDGE_CURVE('',#5208,#5785,#3220,.T.);
#7329=EDGE_CURVE('',#5209,#5784,#3221,.T.);
#7330=EDGE_CURVE('',#5210,#5783,#3222,.T.);
#7331=EDGE_CURVE('',#5211,#5782,#3223,.T.);
#7332=EDGE_CURVE('',#5212,#5781,#3224,.T.);
#7333=EDGE_CURVE('',#5213,#5780,#3225,.T.);
#7334=EDGE_CURVE('',#5214,#5779,#3226,.T.);
#7335=EDGE_CURVE('',#5215,#5778,#3227,.T.);
#7336=EDGE_CURVE('',#5216,#5777,#3228,.T.);
#7337=EDGE_CURVE('',#5217,#5776,#3229,.T.);
#7338=EDGE_CURVE('',#5218,#5775,#3230,.T.);
#7339=EDGE_CURVE('',#5219,#5774,#3231,.T.);
#7340=EDGE_CURVE('',#5220,#5773,#3232,.T.);
#7341=EDGE_CURVE('',#5221,#5772,#3233,.T.);
#7342=EDGE_CURVE('',#5222,#5771,#3234,.T.);
#7343=EDGE_CURVE('',#5239,#5814,#3235,.T.);
#7344=EDGE_CURVE('',#5225,#5829,#3236,.T.);
#7345=EDGE_CURVE('',#5224,#5828,#3237,.T.);
#7346=EDGE_CURVE('',#5226,#5827,#3238,.T.);
#7347=EDGE_CURVE('',#5227,#5826,#3239,.T.);
#7348=EDGE_CURVE('',#5228,#5825,#3240,.T.);
#7349=EDGE_CURVE('',#5229,#5824,#3241,.T.);
#7350=EDGE_CURVE('',#5230,#5823,#3242,.T.);
#7351=EDGE_CURVE('',#5231,#5822,#3243,.T.);
#7352=EDGE_CURVE('',#5232,#5821,#3244,.T.);
#7353=EDGE_CURVE('',#5233,#5820,#3245,.T.);
#7354=EDGE_CURVE('',#5234,#5819,#3246,.T.);
#7355=EDGE_CURVE('',#5235,#5818,#3247,.T.);
#7356=EDGE_CURVE('',#5236,#5817,#3248,.T.);
#7357=EDGE_CURVE('',#5237,#5816,#3249,.T.);
#7358=EDGE_CURVE('',#5238,#5815,#3250,.T.);
#7359=EDGE_CURVE('',#5289,#5830,#3251,.T.);
#7360=EDGE_CURVE('',#5281,#5839,#3252,.T.);
#7361=EDGE_CURVE('',#5280,#5838,#3253,.T.);
#7362=EDGE_CURVE('',#5282,#5837,#3254,.T.);
#7363=EDGE_CURVE('',#5283,#5836,#3255,.T.);
#7364=EDGE_CURVE('',#5284,#5835,#3256,.T.);
#7365=EDGE_CURVE('',#5285,#5834,#3257,.T.);
#7366=EDGE_CURVE('',#5286,#5833,#3258,.T.);
#7367=EDGE_CURVE('',#5287,#5832,#3259,.T.);
#7368=EDGE_CURVE('',#5288,#5831,#3260,.T.);
#7369=EDGE_CURVE('',#5840,#5841,#3261,.T.);
#7370=EDGE_CURVE('',#5842,#5840,#3262,.T.);
#7371=EDGE_CURVE('',#5843,#5842,#3263,.T.);
#7372=EDGE_CURVE('',#5841,#5843,#3264,.T.);
#7373=EDGE_CURVE('',#5843,#5844,#3265,.T.);
#7374=EDGE_CURVE('',#5845,#5844,#3266,.T.);
#7375=EDGE_CURVE('',#5841,#5845,#3267,.T.);
#7376=EDGE_CURVE('',#5846,#5845,#3268,.T.);
#7377=EDGE_CURVE('',#5840,#5846,#3269,.T.);
#7378=EDGE_CURVE('',#5847,#5846,#3270,.T.);
#7379=EDGE_CURVE('',#5842,#5847,#3271,.T.);
#7380=EDGE_CURVE('',#5844,#5847,#3272,.T.);
#7381=EDGE_CURVE('',#5848,#5849,#3273,.T.);
#7382=EDGE_CURVE('',#5850,#5849,#3274,.T.);
#7383=EDGE_CURVE('',#5851,#5850,#3275,.T.);
#7384=EDGE_CURVE('',#5851,#5848,#3276,.T.);
#7385=EDGE_CURVE('',#5852,#5851,#3277,.T.);
#7386=EDGE_CURVE('',#5852,#5853,#3278,.T.);
#7387=EDGE_CURVE('',#5853,#5848,#3279,.T.);
#7388=EDGE_CURVE('',#5854,#5853,#3280,.T.);
#7389=EDGE_CURVE('',#5849,#5854,#3281,.T.);
#7390=EDGE_CURVE('',#5855,#5854,#3282,.T.);
#7391=EDGE_CURVE('',#5850,#5855,#3283,.T.);
#7392=EDGE_CURVE('',#5855,#5852,#3284,.T.);
#7393=EDGE_CURVE('',#5856,#5857,#3285,.T.);
#7394=EDGE_CURVE('',#5857,#5858,#3286,.T.);
#7395=EDGE_CURVE('',#5858,#5859,#3287,.T.);
#7396=EDGE_CURVE('',#5859,#5856,#3288,.T.);
#7397=EDGE_CURVE('',#5860,#5861,#3289,.T.);
#7398=EDGE_CURVE('',#5856,#5861,#3290,.T.);
#7399=EDGE_CURVE('',#5859,#5860,#3291,.T.);
#7400=EDGE_CURVE('',#5858,#5862,#3292,.T.);
#7401=EDGE_CURVE('',#5862,#5860,#3293,.T.);
#7402=EDGE_CURVE('',#5863,#5862,#3294,.T.);
#7403=EDGE_CURVE('',#5861,#5863,#3295,.T.);
#7404=EDGE_CURVE('',#5857,#5863,#3296,.T.);
#7405=ORIENTED_EDGE('',*,*,#5864,.T.);
#7406=ORIENTED_EDGE('',*,*,#5865,.T.);
#7407=ORIENTED_EDGE('',*,*,#5866,.F.);
#7408=ORIENTED_EDGE('',*,*,#5867,.F.);
#7409=ORIENTED_EDGE('',*,*,#5868,.F.);
#7410=ORIENTED_EDGE('',*,*,#5869,.F.);
#7411=ORIENTED_EDGE('',*,*,#5870,.F.);
#7412=ORIENTED_EDGE('',*,*,#5871,.T.);
#7413=ORIENTED_EDGE('',*,*,#5872,.F.);
#7414=ORIENTED_EDGE('',*,*,#5873,.T.);
#7415=ORIENTED_EDGE('',*,*,#5874,.F.);
#7416=ORIENTED_EDGE('',*,*,#5875,.F.);
#7417=ORIENTED_EDGE('',*,*,#5876,.F.);
#7418=ORIENTED_EDGE('',*,*,#5877,.T.);
#7419=ORIENTED_EDGE('',*,*,#5878,.F.);
#7420=ORIENTED_EDGE('',*,*,#5879,.F.);
#7421=ORIENTED_EDGE('',*,*,#5880,.F.);
#7422=ORIENTED_EDGE('',*,*,#5881,.T.);
#7423=ORIENTED_EDGE('',*,*,#5882,.F.);
#7424=ORIENTED_EDGE('',*,*,#5883,.F.);
#7425=ORIENTED_EDGE('',*,*,#5884,.T.);
#7426=ORIENTED_EDGE('',*,*,#5885,.F.);
#7427=ORIENTED_EDGE('',*,*,#5886,.F.);
#7428=ORIENTED_EDGE('',*,*,#5887,.T.);
#7429=ORIENTED_EDGE('',*,*,#5888,.F.);
#7430=ORIENTED_EDGE('',*,*,#5889,.T.);
#7431=ORIENTED_EDGE('',*,*,#5890,.T.);
#7432=ORIENTED_EDGE('',*,*,#5891,.F.);
#7433=ORIENTED_EDGE('',*,*,#5892,.F.);
#7434=ORIENTED_EDGE('',*,*,#5893,.T.);
#7435=ORIENTED_EDGE('',*,*,#5894,.T.);
#7436=ORIENTED_EDGE('',*,*,#5895,.F.);
#7437=ORIENTED_EDGE('',*,*,#5896,.F.);
#7438=ORIENTED_EDGE('',*,*,#5897,.T.);
#7439=ORIENTED_EDGE('',*,*,#5898,.T.);
#7440=ORIENTED_EDGE('',*,*,#5899,.F.);
#7441=ORIENTED_EDGE('',*,*,#5900,.F.);
#7442=ORIENTED_EDGE('',*,*,#5901,.F.);
#7443=ORIENTED_EDGE('',*,*,#5902,.F.);
#7444=ORIENTED_EDGE('',*,*,#5903,.F.);
#7445=ORIENTED_EDGE('',*,*,#5904,.T.);
#7446=ORIENTED_EDGE('',*,*,#5905,.T.);
#7447=ORIENTED_EDGE('',*,*,#5906,.T.);
#7448=ORIENTED_EDGE('',*,*,#5907,.T.);
#7449=ORIENTED_EDGE('',*,*,#5908,.F.);
#7450=ORIENTED_EDGE('',*,*,#5909,.F.);
#7451=ORIENTED_EDGE('',*,*,#5910,.F.);
#7452=ORIENTED_EDGE('',*,*,#5911,.T.);
#7453=ORIENTED_EDGE('',*,*,#5912,.F.);
#7454=ORIENTED_EDGE('',*,*,#5913,.F.);
#7455=ORIENTED_EDGE('',*,*,#5914,.F.);
#7456=ORIENTED_EDGE('',*,*,#5915,.F.);
#7457=ORIENTED_EDGE('',*,*,#5864,.F.);
#7458=ORIENTED_EDGE('',*,*,#5916,.F.);
#7459=ORIENTED_EDGE('',*,*,#5917,.F.);
#7460=ORIENTED_EDGE('',*,*,#5918,.F.);
#7461=ORIENTED_EDGE('',*,*,#5919,.F.);
#7462=ORIENTED_EDGE('',*,*,#5920,.F.);
#7463=ORIENTED_EDGE('',*,*,#5921,.F.);
#7464=ORIENTED_EDGE('',*,*,#5922,.F.);
#7465=ORIENTED_EDGE('',*,*,#5923,.F.);
#7466=ORIENTED_EDGE('',*,*,#5924,.F.);
#7467=ORIENTED_EDGE('',*,*,#5925,.F.);
#7468=ORIENTED_EDGE('',*,*,#5926,.F.);
#7469=ORIENTED_EDGE('',*,*,#5927,.F.);
#7470=ORIENTED_EDGE('',*,*,#5928,.F.);
#7471=ORIENTED_EDGE('',*,*,#5929,.F.);
#7472=ORIENTED_EDGE('',*,*,#5930,.F.);
#7473=ORIENTED_EDGE('',*,*,#5931,.F.);
#7474=ORIENTED_EDGE('',*,*,#5932,.F.);
#7475=ORIENTED_EDGE('',*,*,#5933,.F.);
#7476=ORIENTED_EDGE('',*,*,#5934,.F.);
#7477=ORIENTED_EDGE('',*,*,#5935,.F.);
#7478=ORIENTED_EDGE('',*,*,#5936,.F.);
#7479=ORIENTED_EDGE('',*,*,#5937,.F.);
#7480=ORIENTED_EDGE('',*,*,#5938,.F.);
#7481=ORIENTED_EDGE('',*,*,#5939,.F.);
#7482=ORIENTED_EDGE('',*,*,#5940,.F.);
#7483=ORIENTED_EDGE('',*,*,#5941,.F.);
#7484=ORIENTED_EDGE('',*,*,#5942,.F.);
#7485=ORIENTED_EDGE('',*,*,#5943,.F.);
#7486=ORIENTED_EDGE('',*,*,#5944,.F.);
#7487=ORIENTED_EDGE('',*,*,#5945,.F.);
#7488=ORIENTED_EDGE('',*,*,#5946,.F.);
#7489=ORIENTED_EDGE('',*,*,#5947,.F.);
#7490=ORIENTED_EDGE('',*,*,#5948,.F.);
#7491=ORIENTED_EDGE('',*,*,#5949,.F.);
#7492=ORIENTED_EDGE('',*,*,#5950,.F.);
#7493=ORIENTED_EDGE('',*,*,#5870,.T.);
#7494=ORIENTED_EDGE('',*,*,#5951,.F.);
#7495=ORIENTED_EDGE('',*,*,#5952,.F.);
#7496=ORIENTED_EDGE('',*,*,#5953,.F.);
#7497=ORIENTED_EDGE('',*,*,#5954,.F.);
#7498=ORIENTED_EDGE('',*,*,#5955,.F.);
#7499=ORIENTED_EDGE('',*,*,#5956,.F.);
#7500=ORIENTED_EDGE('',*,*,#5957,.F.);
#7501=ORIENTED_EDGE('',*,*,#5958,.F.);
#7502=ORIENTED_EDGE('',*,*,#5959,.F.);
#7503=ORIENTED_EDGE('',*,*,#5960,.F.);
#7504=ORIENTED_EDGE('',*,*,#5961,.F.);
#7505=ORIENTED_EDGE('',*,*,#5962,.F.);
#7506=ORIENTED_EDGE('',*,*,#5963,.F.);
#7507=ORIENTED_EDGE('',*,*,#5964,.F.);
#7508=ORIENTED_EDGE('',*,*,#5965,.F.);
#7509=ORIENTED_EDGE('',*,*,#5966,.F.);
#7510=ORIENTED_EDGE('',*,*,#5967,.F.);
#7511=ORIENTED_EDGE('',*,*,#5968,.F.);
#7512=ORIENTED_EDGE('',*,*,#5969,.F.);
#7513=ORIENTED_EDGE('',*,*,#5970,.F.);
#7514=ORIENTED_EDGE('',*,*,#5971,.F.);
#7515=ORIENTED_EDGE('',*,*,#5972,.F.);
#7516=ORIENTED_EDGE('',*,*,#5973,.F.);
#7517=ORIENTED_EDGE('',*,*,#5974,.F.);
#7518=ORIENTED_EDGE('',*,*,#5975,.F.);
#7519=ORIENTED_EDGE('',*,*,#5976,.F.);
#7520=ORIENTED_EDGE('',*,*,#5977,.F.);
#7521=ORIENTED_EDGE('',*,*,#5978,.F.);
#7522=ORIENTED_EDGE('',*,*,#5979,.F.);
#7523=ORIENTED_EDGE('',*,*,#5980,.F.);
#7524=ORIENTED_EDGE('',*,*,#5981,.F.);
#7525=ORIENTED_EDGE('',*,*,#5982,.F.);
#7526=ORIENTED_EDGE('',*,*,#5983,.F.);
#7527=ORIENTED_EDGE('',*,*,#5984,.F.);
#7528=ORIENTED_EDGE('',*,*,#5985,.F.);
#7529=ORIENTED_EDGE('',*,*,#5986,.F.);
#7530=ORIENTED_EDGE('',*,*,#5987,.F.);
#7531=ORIENTED_EDGE('',*,*,#5988,.F.);
#7532=ORIENTED_EDGE('',*,*,#5989,.F.);
#7533=ORIENTED_EDGE('',*,*,#5990,.F.);
#7534=ORIENTED_EDGE('',*,*,#5991,.F.);
#7535=ORIENTED_EDGE('',*,*,#5992,.F.);
#7536=ORIENTED_EDGE('',*,*,#5993,.F.);
#7537=ORIENTED_EDGE('',*,*,#5994,.F.);
#7538=ORIENTED_EDGE('',*,*,#5995,.F.);
#7539=ORIENTED_EDGE('',*,*,#5996,.F.);
#7540=ORIENTED_EDGE('',*,*,#5997,.F.);
#7541=ORIENTED_EDGE('',*,*,#5998,.F.);
#7542=ORIENTED_EDGE('',*,*,#5999,.F.);
#7543=ORIENTED_EDGE('',*,*,#6000,.F.);
#7544=ORIENTED_EDGE('',*,*,#6001,.F.);
#7545=ORIENTED_EDGE('',*,*,#6002,.F.);
#7546=ORIENTED_EDGE('',*,*,#6003,.F.);
#7547=ORIENTED_EDGE('',*,*,#6004,.F.);
#7548=ORIENTED_EDGE('',*,*,#6005,.F.);
#7549=ORIENTED_EDGE('',*,*,#6006,.F.);
#7550=ORIENTED_EDGE('',*,*,#6007,.F.);
#7551=ORIENTED_EDGE('',*,*,#6008,.F.);
#7552=ORIENTED_EDGE('',*,*,#6009,.F.);
#7553=ORIENTED_EDGE('',*,*,#6010,.F.);
#7554=ORIENTED_EDGE('',*,*,#6011,.F.);
#7555=ORIENTED_EDGE('',*,*,#6012,.F.);
#7556=ORIENTED_EDGE('',*,*,#6013,.F.);
#7557=ORIENTED_EDGE('',*,*,#6014,.F.);
#7558=ORIENTED_EDGE('',*,*,#6015,.F.);
#7559=ORIENTED_EDGE('',*,*,#6016,.F.);
#7560=ORIENTED_EDGE('',*,*,#6017,.F.);
#7561=ORIENTED_EDGE('',*,*,#6018,.F.);
#7562=ORIENTED_EDGE('',*,*,#6019,.F.);
#7563=ORIENTED_EDGE('',*,*,#6020,.F.);
#7564=ORIENTED_EDGE('',*,*,#6021,.F.);
#7565=ORIENTED_EDGE('',*,*,#6022,.F.);
#7566=ORIENTED_EDGE('',*,*,#6023,.F.);
#7567=ORIENTED_EDGE('',*,*,#6024,.F.);
#7568=ORIENTED_EDGE('',*,*,#6025,.F.);
#7569=ORIENTED_EDGE('',*,*,#6026,.F.);
#7570=ORIENTED_EDGE('',*,*,#6027,.F.);
#7571=ORIENTED_EDGE('',*,*,#6028,.F.);
#7572=ORIENTED_EDGE('',*,*,#6029,.F.);
#7573=ORIENTED_EDGE('',*,*,#6030,.F.);
#7574=ORIENTED_EDGE('',*,*,#6031,.F.);
#7575=ORIENTED_EDGE('',*,*,#6032,.F.);
#7576=ORIENTED_EDGE('',*,*,#6033,.F.);
#7577=ORIENTED_EDGE('',*,*,#6034,.F.);
#7578=ORIENTED_EDGE('',*,*,#6035,.F.);
#7579=ORIENTED_EDGE('',*,*,#6036,.F.);
#7580=ORIENTED_EDGE('',*,*,#6037,.F.);
#7581=ORIENTED_EDGE('',*,*,#6038,.F.);
#7582=ORIENTED_EDGE('',*,*,#6039,.F.);
#7583=ORIENTED_EDGE('',*,*,#6040,.F.);
#7584=ORIENTED_EDGE('',*,*,#6041,.F.);
#7585=ORIENTED_EDGE('',*,*,#6042,.F.);
#7586=ORIENTED_EDGE('',*,*,#6043,.F.);
#7587=ORIENTED_EDGE('',*,*,#6044,.F.);
#7588=ORIENTED_EDGE('',*,*,#6045,.F.);
#7589=ORIENTED_EDGE('',*,*,#6046,.F.);
#7590=ORIENTED_EDGE('',*,*,#6047,.F.);
#7591=ORIENTED_EDGE('',*,*,#6048,.F.);
#7592=ORIENTED_EDGE('',*,*,#6049,.F.);
#7593=ORIENTED_EDGE('',*,*,#6050,.F.);
#7594=ORIENTED_EDGE('',*,*,#6051,.F.);
#7595=ORIENTED_EDGE('',*,*,#6052,.F.);
#7596=ORIENTED_EDGE('',*,*,#6053,.F.);
#7597=ORIENTED_EDGE('',*,*,#6054,.F.);
#7598=ORIENTED_EDGE('',*,*,#6055,.F.);
#7599=ORIENTED_EDGE('',*,*,#6056,.F.);
#7600=ORIENTED_EDGE('',*,*,#6057,.F.);
#7601=ORIENTED_EDGE('',*,*,#6058,.F.);
#7602=ORIENTED_EDGE('',*,*,#6059,.F.);
#7603=ORIENTED_EDGE('',*,*,#6060,.F.);
#7604=ORIENTED_EDGE('',*,*,#6061,.F.);
#7605=ORIENTED_EDGE('',*,*,#6062,.F.);
#7606=ORIENTED_EDGE('',*,*,#6063,.F.);
#7607=ORIENTED_EDGE('',*,*,#6064,.F.);
#7608=ORIENTED_EDGE('',*,*,#6065,.F.);
#7609=ORIENTED_EDGE('',*,*,#6066,.F.);
#7610=ORIENTED_EDGE('',*,*,#6067,.F.);
#7611=ORIENTED_EDGE('',*,*,#6068,.F.);
#7612=ORIENTED_EDGE('',*,*,#6069,.F.);
#7613=ORIENTED_EDGE('',*,*,#6070,.F.);
#7614=ORIENTED_EDGE('',*,*,#6071,.F.);
#7615=ORIENTED_EDGE('',*,*,#6072,.F.);
#7616=ORIENTED_EDGE('',*,*,#6073,.F.);
#7617=ORIENTED_EDGE('',*,*,#6074,.F.);
#7618=ORIENTED_EDGE('',*,*,#6075,.F.);
#7619=ORIENTED_EDGE('',*,*,#6076,.F.);
#7620=ORIENTED_EDGE('',*,*,#6077,.F.);
#7621=ORIENTED_EDGE('',*,*,#6078,.F.);
#7622=ORIENTED_EDGE('',*,*,#6079,.F.);
#7623=ORIENTED_EDGE('',*,*,#6080,.F.);
#7624=ORIENTED_EDGE('',*,*,#6081,.F.);
#7625=ORIENTED_EDGE('',*,*,#6082,.F.);
#7626=ORIENTED_EDGE('',*,*,#6083,.F.);
#7627=ORIENTED_EDGE('',*,*,#6084,.F.);
#7628=ORIENTED_EDGE('',*,*,#6085,.F.);
#7629=ORIENTED_EDGE('',*,*,#6086,.F.);
#7630=ORIENTED_EDGE('',*,*,#6087,.F.);
#7631=ORIENTED_EDGE('',*,*,#6088,.F.);
#7632=ORIENTED_EDGE('',*,*,#6089,.F.);
#7633=ORIENTED_EDGE('',*,*,#6090,.F.);
#7634=ORIENTED_EDGE('',*,*,#6091,.F.);
#7635=ORIENTED_EDGE('',*,*,#6092,.F.);
#7636=ORIENTED_EDGE('',*,*,#6093,.F.);
#7637=ORIENTED_EDGE('',*,*,#6094,.F.);
#7638=ORIENTED_EDGE('',*,*,#6095,.F.);
#7639=ORIENTED_EDGE('',*,*,#6096,.F.);
#7640=ORIENTED_EDGE('',*,*,#6097,.F.);
#7641=ORIENTED_EDGE('',*,*,#6098,.F.);
#7642=ORIENTED_EDGE('',*,*,#6099,.F.);
#7643=ORIENTED_EDGE('',*,*,#6100,.F.);
#7644=ORIENTED_EDGE('',*,*,#6101,.F.);
#7645=ORIENTED_EDGE('',*,*,#6102,.F.);
#7646=ORIENTED_EDGE('',*,*,#6103,.F.);
#7647=ORIENTED_EDGE('',*,*,#6104,.F.);
#7648=ORIENTED_EDGE('',*,*,#6105,.F.);
#7649=ORIENTED_EDGE('',*,*,#6106,.F.);
#7650=ORIENTED_EDGE('',*,*,#6107,.F.);
#7651=ORIENTED_EDGE('',*,*,#6108,.F.);
#7652=ORIENTED_EDGE('',*,*,#6109,.F.);
#7653=ORIENTED_EDGE('',*,*,#6110,.F.);
#7654=ORIENTED_EDGE('',*,*,#6111,.F.);
#7655=ORIENTED_EDGE('',*,*,#6112,.F.);
#7656=ORIENTED_EDGE('',*,*,#6113,.F.);
#7657=ORIENTED_EDGE('',*,*,#6114,.F.);
#7658=ORIENTED_EDGE('',*,*,#6115,.F.);
#7659=ORIENTED_EDGE('',*,*,#6116,.F.);
#7660=ORIENTED_EDGE('',*,*,#6117,.F.);
#7661=ORIENTED_EDGE('',*,*,#6118,.F.);
#7662=ORIENTED_EDGE('',*,*,#6119,.F.);
#7663=ORIENTED_EDGE('',*,*,#6120,.F.);
#7664=ORIENTED_EDGE('',*,*,#6121,.F.);
#7665=ORIENTED_EDGE('',*,*,#6122,.F.);
#7666=ORIENTED_EDGE('',*,*,#6123,.F.);
#7667=ORIENTED_EDGE('',*,*,#6124,.F.);
#7668=ORIENTED_EDGE('',*,*,#6125,.F.);
#7669=ORIENTED_EDGE('',*,*,#6126,.F.);
#7670=ORIENTED_EDGE('',*,*,#6127,.F.);
#7671=ORIENTED_EDGE('',*,*,#6128,.F.);
#7672=ORIENTED_EDGE('',*,*,#6129,.F.);
#7673=ORIENTED_EDGE('',*,*,#6130,.F.);
#7674=ORIENTED_EDGE('',*,*,#6131,.F.);
#7675=ORIENTED_EDGE('',*,*,#6132,.F.);
#7676=ORIENTED_EDGE('',*,*,#6133,.F.);
#7677=ORIENTED_EDGE('',*,*,#6134,.F.);
#7678=ORIENTED_EDGE('',*,*,#6135,.F.);
#7679=ORIENTED_EDGE('',*,*,#6136,.F.);
#7680=ORIENTED_EDGE('',*,*,#6137,.F.);
#7681=ORIENTED_EDGE('',*,*,#6138,.F.);
#7682=ORIENTED_EDGE('',*,*,#6139,.F.);
#7683=ORIENTED_EDGE('',*,*,#6140,.F.);
#7684=ORIENTED_EDGE('',*,*,#6141,.F.);
#7685=ORIENTED_EDGE('',*,*,#6142,.F.);
#7686=ORIENTED_EDGE('',*,*,#6143,.F.);
#7687=ORIENTED_EDGE('',*,*,#6144,.F.);
#7688=ORIENTED_EDGE('',*,*,#5887,.F.);
#7689=ORIENTED_EDGE('',*,*,#6145,.F.);
#7690=ORIENTED_EDGE('',*,*,#6146,.F.);
#7691=ORIENTED_EDGE('',*,*,#6147,.F.);
#7692=ORIENTED_EDGE('',*,*,#6148,.F.);
#7693=ORIENTED_EDGE('',*,*,#6149,.F.);
#7694=ORIENTED_EDGE('',*,*,#6150,.F.);
#7695=ORIENTED_EDGE('',*,*,#6151,.F.);
#7696=ORIENTED_EDGE('',*,*,#6152,.F.);
#7697=ORIENTED_EDGE('',*,*,#6153,.F.);
#7698=ORIENTED_EDGE('',*,*,#6154,.F.);
#7699=ORIENTED_EDGE('',*,*,#6155,.F.);
#7700=ORIENTED_EDGE('',*,*,#6156,.F.);
#7701=ORIENTED_EDGE('',*,*,#6157,.F.);
#7702=ORIENTED_EDGE('',*,*,#6158,.F.);
#7703=ORIENTED_EDGE('',*,*,#6159,.F.);
#7704=ORIENTED_EDGE('',*,*,#6160,.F.);
#7705=ORIENTED_EDGE('',*,*,#6161,.F.);
#7706=ORIENTED_EDGE('',*,*,#6162,.F.);
#7707=ORIENTED_EDGE('',*,*,#6163,.F.);
#7708=ORIENTED_EDGE('',*,*,#6164,.F.);
#7709=ORIENTED_EDGE('',*,*,#6165,.F.);
#7710=ORIENTED_EDGE('',*,*,#6166,.F.);
#7711=ORIENTED_EDGE('',*,*,#6167,.F.);
#7712=ORIENTED_EDGE('',*,*,#6168,.F.);
#7713=ORIENTED_EDGE('',*,*,#6169,.F.);
#7714=ORIENTED_EDGE('',*,*,#6170,.F.);
#7715=ORIENTED_EDGE('',*,*,#6171,.F.);
#7716=ORIENTED_EDGE('',*,*,#6172,.F.);
#7717=ORIENTED_EDGE('',*,*,#6173,.F.);
#7718=ORIENTED_EDGE('',*,*,#6174,.F.);
#7719=ORIENTED_EDGE('',*,*,#6175,.F.);
#7720=ORIENTED_EDGE('',*,*,#6176,.F.);
#7721=ORIENTED_EDGE('',*,*,#6177,.F.);
#7722=ORIENTED_EDGE('',*,*,#6178,.F.);
#7723=ORIENTED_EDGE('',*,*,#6179,.F.);
#7724=ORIENTED_EDGE('',*,*,#6180,.F.);
#7725=ORIENTED_EDGE('',*,*,#6181,.F.);
#7726=ORIENTED_EDGE('',*,*,#6182,.F.);
#7727=ORIENTED_EDGE('',*,*,#6183,.F.);
#7728=ORIENTED_EDGE('',*,*,#6184,.F.);
#7729=ORIENTED_EDGE('',*,*,#6185,.F.);
#7730=ORIENTED_EDGE('',*,*,#6186,.F.);
#7731=ORIENTED_EDGE('',*,*,#6187,.F.);
#7732=ORIENTED_EDGE('',*,*,#6188,.F.);
#7733=ORIENTED_EDGE('',*,*,#6189,.F.);
#7734=ORIENTED_EDGE('',*,*,#6190,.F.);
#7735=ORIENTED_EDGE('',*,*,#6191,.F.);
#7736=ORIENTED_EDGE('',*,*,#6192,.F.);
#7737=ORIENTED_EDGE('',*,*,#6193,.F.);
#7738=ORIENTED_EDGE('',*,*,#6194,.F.);
#7739=ORIENTED_EDGE('',*,*,#6195,.F.);
#7740=ORIENTED_EDGE('',*,*,#6196,.F.);
#7741=ORIENTED_EDGE('',*,*,#6197,.F.);
#7742=ORIENTED_EDGE('',*,*,#6198,.F.);
#7743=ORIENTED_EDGE('',*,*,#6199,.F.);
#7744=ORIENTED_EDGE('',*,*,#6200,.F.);
#7745=ORIENTED_EDGE('',*,*,#6201,.F.);
#7746=ORIENTED_EDGE('',*,*,#6202,.F.);
#7747=ORIENTED_EDGE('',*,*,#6203,.F.);
#7748=ORIENTED_EDGE('',*,*,#6204,.F.);
#7749=ORIENTED_EDGE('',*,*,#6205,.F.);
#7750=ORIENTED_EDGE('',*,*,#6206,.F.);
#7751=ORIENTED_EDGE('',*,*,#6207,.F.);
#7752=ORIENTED_EDGE('',*,*,#6208,.F.);
#7753=ORIENTED_EDGE('',*,*,#6209,.F.);
#7754=ORIENTED_EDGE('',*,*,#6210,.F.);
#7755=ORIENTED_EDGE('',*,*,#6211,.F.);
#7756=ORIENTED_EDGE('',*,*,#6212,.F.);
#7757=ORIENTED_EDGE('',*,*,#6213,.F.);
#7758=ORIENTED_EDGE('',*,*,#6214,.F.);
#7759=ORIENTED_EDGE('',*,*,#6215,.F.);
#7760=ORIENTED_EDGE('',*,*,#6216,.F.);
#7761=ORIENTED_EDGE('',*,*,#6217,.F.);
#7762=ORIENTED_EDGE('',*,*,#6218,.F.);
#7763=ORIENTED_EDGE('',*,*,#6219,.F.);
#7764=ORIENTED_EDGE('',*,*,#6220,.F.);
#7765=ORIENTED_EDGE('',*,*,#6221,.F.);
#7766=ORIENTED_EDGE('',*,*,#6222,.F.);
#7767=ORIENTED_EDGE('',*,*,#6223,.F.);
#7768=ORIENTED_EDGE('',*,*,#6224,.F.);
#7769=ORIENTED_EDGE('',*,*,#6225,.F.);
#7770=ORIENTED_EDGE('',*,*,#6226,.F.);
#7771=ORIENTED_EDGE('',*,*,#6227,.F.);
#7772=ORIENTED_EDGE('',*,*,#6228,.F.);
#7773=ORIENTED_EDGE('',*,*,#6229,.F.);
#7774=ORIENTED_EDGE('',*,*,#6230,.F.);
#7775=ORIENTED_EDGE('',*,*,#6231,.F.);
#7776=ORIENTED_EDGE('',*,*,#6232,.F.);
#7777=ORIENTED_EDGE('',*,*,#6233,.F.);
#7778=ORIENTED_EDGE('',*,*,#6234,.F.);
#7779=ORIENTED_EDGE('',*,*,#6235,.F.);
#7780=ORIENTED_EDGE('',*,*,#6236,.F.);
#7781=ORIENTED_EDGE('',*,*,#6237,.F.);
#7782=ORIENTED_EDGE('',*,*,#6238,.F.);
#7783=ORIENTED_EDGE('',*,*,#6239,.F.);
#7784=ORIENTED_EDGE('',*,*,#6240,.F.);
#7785=ORIENTED_EDGE('',*,*,#6241,.F.);
#7786=ORIENTED_EDGE('',*,*,#6242,.F.);
#7787=ORIENTED_EDGE('',*,*,#6243,.F.);
#7788=ORIENTED_EDGE('',*,*,#6244,.F.);
#7789=ORIENTED_EDGE('',*,*,#6245,.F.);
#7790=ORIENTED_EDGE('',*,*,#6246,.F.);
#7791=ORIENTED_EDGE('',*,*,#6247,.F.);
#7792=ORIENTED_EDGE('',*,*,#6248,.F.);
#7793=ORIENTED_EDGE('',*,*,#6249,.F.);
#7794=ORIENTED_EDGE('',*,*,#6250,.F.);
#7795=ORIENTED_EDGE('',*,*,#6251,.F.);
#7796=ORIENTED_EDGE('',*,*,#6252,.F.);
#7797=ORIENTED_EDGE('',*,*,#6253,.F.);
#7798=ORIENTED_EDGE('',*,*,#6254,.F.);
#7799=ORIENTED_EDGE('',*,*,#6255,.F.);
#7800=ORIENTED_EDGE('',*,*,#6256,.F.);
#7801=ORIENTED_EDGE('',*,*,#6257,.F.);
#7802=ORIENTED_EDGE('',*,*,#6258,.F.);
#7803=ORIENTED_EDGE('',*,*,#6259,.F.);
#7804=ORIENTED_EDGE('',*,*,#6260,.F.);
#7805=ORIENTED_EDGE('',*,*,#6261,.F.);
#7806=ORIENTED_EDGE('',*,*,#6262,.F.);
#7807=ORIENTED_EDGE('',*,*,#6263,.F.);
#7808=ORIENTED_EDGE('',*,*,#6264,.F.);
#7809=ORIENTED_EDGE('',*,*,#6265,.F.);
#7810=ORIENTED_EDGE('',*,*,#6266,.F.);
#7811=ORIENTED_EDGE('',*,*,#6267,.F.);
#7812=ORIENTED_EDGE('',*,*,#6268,.F.);
#7813=ORIENTED_EDGE('',*,*,#6269,.F.);
#7814=ORIENTED_EDGE('',*,*,#6270,.F.);
#7815=ORIENTED_EDGE('',*,*,#6271,.F.);
#7816=ORIENTED_EDGE('',*,*,#6272,.F.);
#7817=ORIENTED_EDGE('',*,*,#6273,.F.);
#7818=ORIENTED_EDGE('',*,*,#6274,.F.);
#7819=ORIENTED_EDGE('',*,*,#6275,.F.);
#7820=ORIENTED_EDGE('',*,*,#6276,.F.);
#7821=ORIENTED_EDGE('',*,*,#6277,.F.);
#7822=ORIENTED_EDGE('',*,*,#6278,.F.);
#7823=ORIENTED_EDGE('',*,*,#6279,.F.);
#7824=ORIENTED_EDGE('',*,*,#6280,.F.);
#7825=ORIENTED_EDGE('',*,*,#6281,.F.);
#7826=ORIENTED_EDGE('',*,*,#6282,.F.);
#7827=ORIENTED_EDGE('',*,*,#6283,.F.);
#7828=ORIENTED_EDGE('',*,*,#6284,.F.);
#7829=ORIENTED_EDGE('',*,*,#6285,.F.);
#7830=ORIENTED_EDGE('',*,*,#6286,.F.);
#7831=ORIENTED_EDGE('',*,*,#6287,.F.);
#7832=ORIENTED_EDGE('',*,*,#6288,.F.);
#7833=ORIENTED_EDGE('',*,*,#6289,.F.);
#7834=ORIENTED_EDGE('',*,*,#6290,.F.);
#7835=ORIENTED_EDGE('',*,*,#6291,.F.);
#7836=ORIENTED_EDGE('',*,*,#6292,.F.);
#7837=ORIENTED_EDGE('',*,*,#6293,.F.);
#7838=ORIENTED_EDGE('',*,*,#6294,.F.);
#7839=ORIENTED_EDGE('',*,*,#6295,.F.);
#7840=ORIENTED_EDGE('',*,*,#6296,.F.);
#7841=ORIENTED_EDGE('',*,*,#6297,.F.);
#7842=ORIENTED_EDGE('',*,*,#6298,.F.);
#7843=ORIENTED_EDGE('',*,*,#6299,.F.);
#7844=ORIENTED_EDGE('',*,*,#6300,.F.);
#7845=ORIENTED_EDGE('',*,*,#6301,.F.);
#7846=ORIENTED_EDGE('',*,*,#6302,.F.);
#7847=ORIENTED_EDGE('',*,*,#6303,.F.);
#7848=ORIENTED_EDGE('',*,*,#6304,.F.);
#7849=ORIENTED_EDGE('',*,*,#6305,.F.);
#7850=ORIENTED_EDGE('',*,*,#6306,.F.);
#7851=ORIENTED_EDGE('',*,*,#6307,.F.);
#7852=ORIENTED_EDGE('',*,*,#6308,.F.);
#7853=ORIENTED_EDGE('',*,*,#6309,.F.);
#7854=ORIENTED_EDGE('',*,*,#6310,.F.);
#7855=ORIENTED_EDGE('',*,*,#6311,.F.);
#7856=ORIENTED_EDGE('',*,*,#6312,.F.);
#7857=ORIENTED_EDGE('',*,*,#6313,.F.);
#7858=ORIENTED_EDGE('',*,*,#6314,.F.);
#7859=ORIENTED_EDGE('',*,*,#6315,.F.);
#7860=ORIENTED_EDGE('',*,*,#6316,.F.);
#7861=ORIENTED_EDGE('',*,*,#6317,.F.);
#7862=ORIENTED_EDGE('',*,*,#6318,.F.);
#7863=ORIENTED_EDGE('',*,*,#6319,.T.);
#7864=ORIENTED_EDGE('',*,*,#6320,.F.);
#7865=ORIENTED_EDGE('',*,*,#6321,.F.);
#7866=ORIENTED_EDGE('',*,*,#5903,.T.);
#7867=ORIENTED_EDGE('',*,*,#6321,.T.);
#7868=ORIENTED_EDGE('',*,*,#6322,.F.);
#7869=ORIENTED_EDGE('',*,*,#6323,.F.);
#7870=ORIENTED_EDGE('',*,*,#5900,.T.);
#7871=ORIENTED_EDGE('',*,*,#6323,.T.);
#7872=ORIENTED_EDGE('',*,*,#6324,.F.);
#7873=ORIENTED_EDGE('',*,*,#6325,.F.);
#7874=ORIENTED_EDGE('',*,*,#5901,.T.);
#7875=ORIENTED_EDGE('',*,*,#6325,.T.);
#7876=ORIENTED_EDGE('',*,*,#6326,.F.);
#7877=ORIENTED_EDGE('',*,*,#6319,.F.);
#7878=ORIENTED_EDGE('',*,*,#5902,.T.);
#7879=ORIENTED_EDGE('',*,*,#6327,.F.);
#7880=ORIENTED_EDGE('',*,*,#6328,.F.);
#7881=ORIENTED_EDGE('',*,*,#6329,.F.);
#7882=ORIENTED_EDGE('',*,*,#6330,.F.);
#7883=ORIENTED_EDGE('',*,*,#6326,.T.);
#7884=ORIENTED_EDGE('',*,*,#6324,.T.);
#7885=ORIENTED_EDGE('',*,*,#6322,.T.);
#7886=ORIENTED_EDGE('',*,*,#6320,.T.);
#7887=ORIENTED_EDGE('',*,*,#6331,.F.);
#7888=ORIENTED_EDGE('',*,*,#6332,.F.);
#7889=ORIENTED_EDGE('',*,*,#6333,.F.);
#7890=ORIENTED_EDGE('',*,*,#6334,.F.);
#7891=ORIENTED_EDGE('',*,*,#6335,.F.);
#7892=ORIENTED_EDGE('',*,*,#5893,.F.);
#7893=ORIENTED_EDGE('',*,*,#6336,.T.);
#7894=ORIENTED_EDGE('',*,*,#6330,.T.);
#7895=ORIENTED_EDGE('',*,*,#6337,.F.);
#7896=ORIENTED_EDGE('',*,*,#5897,.F.);
#7897=ORIENTED_EDGE('',*,*,#6338,.T.);
#7898=ORIENTED_EDGE('',*,*,#6339,.F.);
#7899=ORIENTED_EDGE('',*,*,#6339,.T.);
#7900=ORIENTED_EDGE('',*,*,#6340,.T.);
#7901=ORIENTED_EDGE('',*,*,#6341,.T.);
#7902=ORIENTED_EDGE('',*,*,#6342,.T.);
#7903=ORIENTED_EDGE('',*,*,#6343,.T.);
#7904=ORIENTED_EDGE('',*,*,#6344,.T.);
#7905=ORIENTED_EDGE('',*,*,#6345,.T.);
#7906=ORIENTED_EDGE('',*,*,#6346,.T.);
#7907=ORIENTED_EDGE('',*,*,#6347,.T.);
#7908=ORIENTED_EDGE('',*,*,#6346,.F.);
#7909=ORIENTED_EDGE('',*,*,#6348,.F.);
#7910=ORIENTED_EDGE('',*,*,#5891,.T.);
#7911=ORIENTED_EDGE('',*,*,#6348,.T.);
#7912=ORIENTED_EDGE('',*,*,#6345,.F.);
#7913=ORIENTED_EDGE('',*,*,#6349,.F.);
#7914=ORIENTED_EDGE('',*,*,#5888,.T.);
#7915=ORIENTED_EDGE('',*,*,#6349,.T.);
#7916=ORIENTED_EDGE('',*,*,#6344,.F.);
#7917=ORIENTED_EDGE('',*,*,#6350,.F.);
#7918=ORIENTED_EDGE('',*,*,#5889,.F.);
#7919=ORIENTED_EDGE('',*,*,#6350,.T.);
#7920=ORIENTED_EDGE('',*,*,#6343,.F.);
#7921=ORIENTED_EDGE('',*,*,#6347,.F.);
#7922=ORIENTED_EDGE('',*,*,#5890,.F.);
#7923=ORIENTED_EDGE('',*,*,#6335,.T.);
#7924=ORIENTED_EDGE('',*,*,#6342,.F.);
#7925=ORIENTED_EDGE('',*,*,#6351,.F.);
#7926=ORIENTED_EDGE('',*,*,#5894,.F.);
#7927=ORIENTED_EDGE('',*,*,#6351,.T.);
#7928=ORIENTED_EDGE('',*,*,#6341,.F.);
#7929=ORIENTED_EDGE('',*,*,#6352,.F.);
#7930=ORIENTED_EDGE('',*,*,#5895,.T.);
#7931=ORIENTED_EDGE('',*,*,#6352,.T.);
#7932=ORIENTED_EDGE('',*,*,#6340,.F.);
#7933=ORIENTED_EDGE('',*,*,#6338,.F.);
#7934=ORIENTED_EDGE('',*,*,#5896,.T.);
#7935=ORIENTED_EDGE('',*,*,#6353,.T.);
#7936=ORIENTED_EDGE('',*,*,#6354,.T.);
#7937=ORIENTED_EDGE('',*,*,#6355,.F.);
#7938=ORIENTED_EDGE('',*,*,#6356,.T.);
#7939=ORIENTED_EDGE('',*,*,#5898,.F.);
#7940=ORIENTED_EDGE('',*,*,#6337,.T.);
#7941=ORIENTED_EDGE('',*,*,#6329,.T.);
#7942=ORIENTED_EDGE('',*,*,#6357,.F.);
#7943=ORIENTED_EDGE('',*,*,#6358,.T.);
#7944=ORIENTED_EDGE('',*,*,#6359,.F.);
#7945=ORIENTED_EDGE('',*,*,#6360,.T.);
#7946=ORIENTED_EDGE('',*,*,#6361,.T.);
#7947=ORIENTED_EDGE('',*,*,#6362,.F.);
#7948=ORIENTED_EDGE('',*,*,#6363,.T.);
#7949=ORIENTED_EDGE('',*,*,#6364,.T.);
#7950=ORIENTED_EDGE('',*,*,#6356,.F.);
#7951=ORIENTED_EDGE('',*,*,#6365,.T.);
#7952=ORIENTED_EDGE('',*,*,#6366,.F.);
#7953=ORIENTED_EDGE('',*,*,#6367,.T.);
#7954=ORIENTED_EDGE('',*,*,#6368,.T.);
#7955=ORIENTED_EDGE('',*,*,#6369,.T.);
#7956=ORIENTED_EDGE('',*,*,#6366,.T.);
#7957=ORIENTED_EDGE('',*,*,#6370,.F.);
#7958=ORIENTED_EDGE('',*,*,#6371,.T.);
#7959=ORIENTED_EDGE('',*,*,#6372,.F.);
#7960=ORIENTED_EDGE('',*,*,#6373,.T.);
#7961=ORIENTED_EDGE('',*,*,#6374,.T.);
#7962=ORIENTED_EDGE('',*,*,#6375,.T.);
#7963=ORIENTED_EDGE('',*,*,#6327,.T.);
#7964=ORIENTED_EDGE('',*,*,#6336,.F.);
#7965=ORIENTED_EDGE('',*,*,#5892,.T.);
#7966=ORIENTED_EDGE('',*,*,#6376,.T.);
#7967=ORIENTED_EDGE('',*,*,#6369,.F.);
#7968=ORIENTED_EDGE('',*,*,#6377,.T.);
#7969=ORIENTED_EDGE('',*,*,#6353,.F.);
#7970=ORIENTED_EDGE('',*,*,#6364,.F.);
#7971=ORIENTED_EDGE('',*,*,#6378,.T.);
#7972=ORIENTED_EDGE('',*,*,#6379,.T.);
#7973=ORIENTED_EDGE('',*,*,#6380,.F.);
#7974=ORIENTED_EDGE('',*,*,#6381,.F.);
#7975=ORIENTED_EDGE('',*,*,#6382,.T.);
#7976=ORIENTED_EDGE('',*,*,#6383,.T.);
#7977=ORIENTED_EDGE('',*,*,#6384,.F.);
#7978=ORIENTED_EDGE('',*,*,#6385,.F.);
#7979=ORIENTED_EDGE('',*,*,#6386,.T.);
#7980=ORIENTED_EDGE('',*,*,#6387,.T.);
#7981=ORIENTED_EDGE('',*,*,#6388,.F.);
#7982=ORIENTED_EDGE('',*,*,#6389,.F.);
#7983=ORIENTED_EDGE('',*,*,#6390,.F.);
#7984=ORIENTED_EDGE('',*,*,#6354,.F.);
#7985=ORIENTED_EDGE('',*,*,#6377,.F.);
#7986=ORIENTED_EDGE('',*,*,#6368,.F.);
#7987=ORIENTED_EDGE('',*,*,#6365,.F.);
#7988=ORIENTED_EDGE('',*,*,#6355,.T.);
#7989=ORIENTED_EDGE('',*,*,#6390,.T.);
#7990=ORIENTED_EDGE('',*,*,#6367,.F.);
#7991=ORIENTED_EDGE('',*,*,#6391,.F.);
#7992=ORIENTED_EDGE('',*,*,#6392,.F.);
#7993=ORIENTED_EDGE('',*,*,#6393,.F.);
#7994=ORIENTED_EDGE('',*,*,#6394,.F.);
#7995=ORIENTED_EDGE('',*,*,#6395,.T.);
#7996=ORIENTED_EDGE('',*,*,#6396,.F.);
#7997=ORIENTED_EDGE('',*,*,#6397,.F.);
#7998=ORIENTED_EDGE('',*,*,#6394,.T.);
#7999=ORIENTED_EDGE('',*,*,#6398,.F.);
#8000=ORIENTED_EDGE('',*,*,#6399,.T.);
#8001=ORIENTED_EDGE('',*,*,#6400,.T.);
#8002=ORIENTED_EDGE('',*,*,#6401,.F.);
#8003=ORIENTED_EDGE('',*,*,#6402,.T.);
#8004=ORIENTED_EDGE('',*,*,#6403,.T.);
#8005=ORIENTED_EDGE('',*,*,#6404,.T.);
#8006=ORIENTED_EDGE('',*,*,#6405,.T.);
#8007=ORIENTED_EDGE('',*,*,#6406,.T.);
#8008=ORIENTED_EDGE('',*,*,#6407,.F.);
#8009=ORIENTED_EDGE('',*,*,#6391,.T.);
#8010=ORIENTED_EDGE('',*,*,#6397,.T.);
#8011=ORIENTED_EDGE('',*,*,#6408,.T.);
#8012=ORIENTED_EDGE('',*,*,#6398,.T.);
#8013=ORIENTED_EDGE('',*,*,#6409,.T.);
#8014=ORIENTED_EDGE('',*,*,#6410,.T.);
#8015=ORIENTED_EDGE('',*,*,#6411,.T.);
#8016=ORIENTED_EDGE('',*,*,#6412,.T.);
#8017=ORIENTED_EDGE('',*,*,#6413,.T.);
#8018=ORIENTED_EDGE('',*,*,#6414,.T.);
#8019=ORIENTED_EDGE('',*,*,#6415,.T.);
#8020=ORIENTED_EDGE('',*,*,#6416,.T.);
#8021=ORIENTED_EDGE('',*,*,#6415,.F.);
#8022=ORIENTED_EDGE('',*,*,#6417,.F.);
#8023=ORIENTED_EDGE('',*,*,#6418,.T.);
#8024=ORIENTED_EDGE('',*,*,#6419,.F.);
#8025=ORIENTED_EDGE('',*,*,#6420,.F.);
#8026=ORIENTED_EDGE('',*,*,#6421,.F.);
#8027=ORIENTED_EDGE('',*,*,#6422,.F.);
#8028=ORIENTED_EDGE('',*,*,#6423,.F.);
#8029=ORIENTED_EDGE('',*,*,#6424,.F.);
#8030=ORIENTED_EDGE('',*,*,#6400,.F.);
#8031=ORIENTED_EDGE('',*,*,#6425,.F.);
#8032=ORIENTED_EDGE('',*,*,#6395,.F.);
#8033=ORIENTED_EDGE('',*,*,#6393,.T.);
#8034=ORIENTED_EDGE('',*,*,#6426,.T.);
#8035=ORIENTED_EDGE('',*,*,#6427,.F.);
#8036=ORIENTED_EDGE('',*,*,#6428,.F.);
#8037=ORIENTED_EDGE('',*,*,#6429,.F.);
#8038=ORIENTED_EDGE('',*,*,#6430,.F.);
#8039=ORIENTED_EDGE('',*,*,#6431,.F.);
#8040=ORIENTED_EDGE('',*,*,#6418,.F.);
#8041=ORIENTED_EDGE('',*,*,#6432,.T.);
#8042=ORIENTED_EDGE('',*,*,#6402,.F.);
#8043=ORIENTED_EDGE('',*,*,#6416,.F.);
#8044=ORIENTED_EDGE('',*,*,#6431,.T.);
#8045=ORIENTED_EDGE('',*,*,#6433,.T.);
#8046=ORIENTED_EDGE('',*,*,#6403,.F.);
#8047=ORIENTED_EDGE('',*,*,#6432,.F.);
#8048=ORIENTED_EDGE('',*,*,#6430,.T.);
#8049=ORIENTED_EDGE('',*,*,#6434,.T.);
#8050=ORIENTED_EDGE('',*,*,#6404,.F.);
#8051=ORIENTED_EDGE('',*,*,#6433,.F.);
#8052=ORIENTED_EDGE('',*,*,#6429,.T.);
#8053=ORIENTED_EDGE('',*,*,#6435,.T.);
#8054=ORIENTED_EDGE('',*,*,#6405,.F.);
#8055=ORIENTED_EDGE('',*,*,#6434,.F.);
#8056=ORIENTED_EDGE('',*,*,#6428,.T.);
#8057=ORIENTED_EDGE('',*,*,#6436,.T.);
#8058=ORIENTED_EDGE('',*,*,#6406,.F.);
#8059=ORIENTED_EDGE('',*,*,#6435,.F.);
#8060=ORIENTED_EDGE('',*,*,#6427,.T.);
#8061=ORIENTED_EDGE('',*,*,#6392,.T.);
#8062=ORIENTED_EDGE('',*,*,#6407,.T.);
#8063=ORIENTED_EDGE('',*,*,#6436,.F.);
#8064=ORIENTED_EDGE('',*,*,#6426,.F.);
#8065=ORIENTED_EDGE('',*,*,#6437,.T.);
#8066=ORIENTED_EDGE('',*,*,#6438,.T.);
#8067=ORIENTED_EDGE('',*,*,#6439,.F.);
#8068=ORIENTED_EDGE('',*,*,#6425,.T.);
#8069=ORIENTED_EDGE('',*,*,#6440,.F.);
#8070=ORIENTED_EDGE('',*,*,#6441,.F.);
#8071=ORIENTED_EDGE('',*,*,#6442,.T.);
#8072=ORIENTED_EDGE('',*,*,#6408,.F.);
#8073=ORIENTED_EDGE('',*,*,#6443,.F.);
#8074=ORIENTED_EDGE('',*,*,#6357,.T.);
#8075=ORIENTED_EDGE('',*,*,#6328,.T.);
#8076=ORIENTED_EDGE('',*,*,#6375,.F.);
#8077=ORIENTED_EDGE('',*,*,#6396,.T.);
#8078=ORIENTED_EDGE('',*,*,#6439,.T.);
#8079=ORIENTED_EDGE('',*,*,#6444,.T.);
#8080=ORIENTED_EDGE('',*,*,#6445,.T.);
#8081=ORIENTED_EDGE('',*,*,#6446,.T.);
#8082=ORIENTED_EDGE('',*,*,#6440,.T.);
#8083=ORIENTED_EDGE('',*,*,#6358,.F.);
#8084=ORIENTED_EDGE('',*,*,#6443,.T.);
#8085=ORIENTED_EDGE('',*,*,#6374,.F.);
#8086=ORIENTED_EDGE('',*,*,#6447,.T.);
#8087=ORIENTED_EDGE('',*,*,#6448,.F.);
#8088=ORIENTED_EDGE('',*,*,#6449,.F.);
#8089=ORIENTED_EDGE('',*,*,#6450,.F.);
#8090=ORIENTED_EDGE('',*,*,#6451,.F.);
#8091=ORIENTED_EDGE('',*,*,#6452,.F.);
#8092=ORIENTED_EDGE('',*,*,#6453,.F.);
#8093=ORIENTED_EDGE('',*,*,#6359,.T.);
#8094=ORIENTED_EDGE('',*,*,#6447,.F.);
#8095=ORIENTED_EDGE('',*,*,#6373,.F.);
#8096=ORIENTED_EDGE('',*,*,#6454,.F.);
#8097=ORIENTED_EDGE('',*,*,#6455,.T.);
#8098=ORIENTED_EDGE('',*,*,#6456,.T.);
#8099=ORIENTED_EDGE('',*,*,#6456,.F.);
#8100=ORIENTED_EDGE('',*,*,#6457,.F.);
#8101=ORIENTED_EDGE('',*,*,#6458,.F.);
#8102=ORIENTED_EDGE('',*,*,#6459,.F.);
#8103=ORIENTED_EDGE('',*,*,#6460,.F.);
#8104=ORIENTED_EDGE('',*,*,#6461,.F.);
#8105=ORIENTED_EDGE('',*,*,#6462,.F.);
#8106=ORIENTED_EDGE('',*,*,#6463,.F.);
#8107=ORIENTED_EDGE('',*,*,#6464,.F.);
#8108=ORIENTED_EDGE('',*,*,#6465,.T.);
#8109=ORIENTED_EDGE('',*,*,#6463,.T.);
#8110=ORIENTED_EDGE('',*,*,#6466,.F.);
#8111=ORIENTED_EDGE('',*,*,#6462,.T.);
#8112=ORIENTED_EDGE('',*,*,#6467,.F.);
#8113=ORIENTED_EDGE('',*,*,#6468,.T.);
#8114=ORIENTED_EDGE('',*,*,#6466,.T.);
#8115=ORIENTED_EDGE('',*,*,#6468,.F.);
#8116=ORIENTED_EDGE('',*,*,#6469,.T.);
#8117=ORIENTED_EDGE('',*,*,#6470,.T.);
#8118=ORIENTED_EDGE('',*,*,#6464,.T.);
#8119=ORIENTED_EDGE('',*,*,#6360,.F.);
#8120=ORIENTED_EDGE('',*,*,#6453,.T.);
#8121=ORIENTED_EDGE('',*,*,#6471,.T.);
#8122=ORIENTED_EDGE('',*,*,#6472,.T.);
#8123=ORIENTED_EDGE('',*,*,#6473,.F.);
#8124=ORIENTED_EDGE('',*,*,#6454,.T.);
#8125=ORIENTED_EDGE('',*,*,#6372,.T.);
#8126=ORIENTED_EDGE('',*,*,#6474,.F.);
#8127=ORIENTED_EDGE('',*,*,#6475,.T.);
#8128=ORIENTED_EDGE('',*,*,#6476,.T.);
#8129=ORIENTED_EDGE('',*,*,#6477,.T.);
#8130=ORIENTED_EDGE('',*,*,#6478,.T.);
#8131=ORIENTED_EDGE('',*,*,#6470,.F.);
#8132=ORIENTED_EDGE('',*,*,#6479,.T.);
#8133=ORIENTED_EDGE('',*,*,#6460,.T.);
#8134=ORIENTED_EDGE('',*,*,#6465,.F.);
#8135=ORIENTED_EDGE('',*,*,#6461,.T.);
#8136=ORIENTED_EDGE('',*,*,#6479,.F.);
#8137=ORIENTED_EDGE('',*,*,#6469,.F.);
#8138=ORIENTED_EDGE('',*,*,#6467,.T.);
#8139=ORIENTED_EDGE('',*,*,#6451,.T.);
#8140=ORIENTED_EDGE('',*,*,#6480,.F.);
#8141=ORIENTED_EDGE('',*,*,#6478,.F.);
#8142=ORIENTED_EDGE('',*,*,#6481,.T.);
#8143=ORIENTED_EDGE('',*,*,#6477,.F.);
#8144=ORIENTED_EDGE('',*,*,#6482,.T.);
#8145=ORIENTED_EDGE('',*,*,#6448,.T.);
#8146=ORIENTED_EDGE('',*,*,#6481,.F.);
#8147=ORIENTED_EDGE('',*,*,#6449,.T.);
#8148=ORIENTED_EDGE('',*,*,#6482,.F.);
#8149=ORIENTED_EDGE('',*,*,#6476,.F.);
#8150=ORIENTED_EDGE('',*,*,#6483,.T.);
#8151=ORIENTED_EDGE('',*,*,#6450,.T.);
#8152=ORIENTED_EDGE('',*,*,#6483,.F.);
#8153=ORIENTED_EDGE('',*,*,#6475,.F.);
#8154=ORIENTED_EDGE('',*,*,#6480,.T.);
#8155=ORIENTED_EDGE('',*,*,#6484,.F.);
#8156=ORIENTED_EDGE('',*,*,#6361,.F.);
#8157=ORIENTED_EDGE('',*,*,#6474,.T.);
#8158=ORIENTED_EDGE('',*,*,#6371,.F.);
#8159=ORIENTED_EDGE('',*,*,#6362,.T.);
#8160=ORIENTED_EDGE('',*,*,#6484,.T.);
#8161=ORIENTED_EDGE('',*,*,#6370,.T.);
#8162=ORIENTED_EDGE('',*,*,#6485,.T.);
#8163=ORIENTED_EDGE('',*,*,#6399,.F.);
#8164=ORIENTED_EDGE('',*,*,#6442,.F.);
#8165=ORIENTED_EDGE('',*,*,#6486,.F.);
#8166=ORIENTED_EDGE('',*,*,#6487,.F.);
#8167=ORIENTED_EDGE('',*,*,#6488,.F.);
#8168=ORIENTED_EDGE('',*,*,#6437,.F.);
#8169=ORIENTED_EDGE('',*,*,#6489,.T.);
#8170=ORIENTED_EDGE('',*,*,#6444,.F.);
#8171=ORIENTED_EDGE('',*,*,#6438,.F.);
#8172=ORIENTED_EDGE('',*,*,#6488,.T.);
#8173=ORIENTED_EDGE('',*,*,#6490,.T.);
#8174=ORIENTED_EDGE('',*,*,#6445,.F.);
#8175=ORIENTED_EDGE('',*,*,#6489,.F.);
#8176=ORIENTED_EDGE('',*,*,#6487,.T.);
#8177=ORIENTED_EDGE('',*,*,#6441,.T.);
#8178=ORIENTED_EDGE('',*,*,#6446,.F.);
#8179=ORIENTED_EDGE('',*,*,#6490,.F.);
#8180=ORIENTED_EDGE('',*,*,#6486,.T.);
#8181=ORIENTED_EDGE('',*,*,#6485,.F.);
#8182=ORIENTED_EDGE('',*,*,#6376,.F.);
#8183=ORIENTED_EDGE('',*,*,#5899,.T.);
#8184=ORIENTED_EDGE('',*,*,#6363,.F.);
#8185=ORIENTED_EDGE('',*,*,#6455,.F.);
#8186=ORIENTED_EDGE('',*,*,#6473,.T.);
#8187=ORIENTED_EDGE('',*,*,#6491,.T.);
#8188=ORIENTED_EDGE('',*,*,#6457,.T.);
#8189=ORIENTED_EDGE('',*,*,#6458,.T.);
#8190=ORIENTED_EDGE('',*,*,#6491,.F.);
#8191=ORIENTED_EDGE('',*,*,#6472,.F.);
#8192=ORIENTED_EDGE('',*,*,#6492,.T.);
#8193=ORIENTED_EDGE('',*,*,#6492,.F.);
#8194=ORIENTED_EDGE('',*,*,#6471,.F.);
#8195=ORIENTED_EDGE('',*,*,#6452,.T.);
#8196=ORIENTED_EDGE('',*,*,#6459,.T.);
#8197=ORIENTED_EDGE('',*,*,#6493,.T.);
#8198=ORIENTED_EDGE('',*,*,#6409,.F.);
#8199=ORIENTED_EDGE('',*,*,#6401,.T.);
#8200=ORIENTED_EDGE('',*,*,#6424,.T.);
#8201=ORIENTED_EDGE('',*,*,#6494,.T.);
#8202=ORIENTED_EDGE('',*,*,#6410,.F.);
#8203=ORIENTED_EDGE('',*,*,#6493,.F.);
#8204=ORIENTED_EDGE('',*,*,#6423,.T.);
#8205=ORIENTED_EDGE('',*,*,#6495,.T.);
#8206=ORIENTED_EDGE('',*,*,#6411,.F.);
#8207=ORIENTED_EDGE('',*,*,#6494,.F.);
#8208=ORIENTED_EDGE('',*,*,#6422,.T.);
#8209=ORIENTED_EDGE('',*,*,#6496,.T.);
#8210=ORIENTED_EDGE('',*,*,#6412,.F.);
#8211=ORIENTED_EDGE('',*,*,#6495,.F.);
#8212=ORIENTED_EDGE('',*,*,#6421,.T.);
#8213=ORIENTED_EDGE('',*,*,#6497,.T.);
#8214=ORIENTED_EDGE('',*,*,#6413,.F.);
#8215=ORIENTED_EDGE('',*,*,#6496,.F.);
#8216=ORIENTED_EDGE('',*,*,#6420,.T.);
#8217=ORIENTED_EDGE('',*,*,#6417,.T.);
#8218=ORIENTED_EDGE('',*,*,#6414,.F.);
#8219=ORIENTED_EDGE('',*,*,#6497,.F.);
#8220=ORIENTED_EDGE('',*,*,#6419,.T.);
#8221=ORIENTED_EDGE('',*,*,#6498,.F.);
#8222=ORIENTED_EDGE('',*,*,#6499,.F.);
#8223=ORIENTED_EDGE('',*,*,#6500,.F.);
#8224=ORIENTED_EDGE('',*,*,#6381,.T.);
#8225=ORIENTED_EDGE('',*,*,#6501,.F.);
#8226=ORIENTED_EDGE('',*,*,#6502,.F.);
#8227=ORIENTED_EDGE('',*,*,#6503,.F.);
#8228=ORIENTED_EDGE('',*,*,#5882,.T.);
#8229=ORIENTED_EDGE('',*,*,#6504,.F.);
#8230=ORIENTED_EDGE('',*,*,#6505,.F.);
#8231=ORIENTED_EDGE('',*,*,#6498,.T.);
#8232=ORIENTED_EDGE('',*,*,#5881,.F.);
#8233=ORIENTED_EDGE('',*,*,#6505,.T.);
#8234=ORIENTED_EDGE('',*,*,#6506,.F.);
#8235=ORIENTED_EDGE('',*,*,#6507,.F.);
#8236=ORIENTED_EDGE('',*,*,#6499,.T.);
#8237=ORIENTED_EDGE('',*,*,#6500,.T.);
#8238=ORIENTED_EDGE('',*,*,#6507,.T.);
#8239=ORIENTED_EDGE('',*,*,#6508,.F.);
#8240=ORIENTED_EDGE('',*,*,#6378,.F.);
#8241=ORIENTED_EDGE('',*,*,#6509,.T.);
#8242=ORIENTED_EDGE('',*,*,#6510,.T.);
#8243=ORIENTED_EDGE('',*,*,#6511,.T.);
#8244=ORIENTED_EDGE('',*,*,#6379,.F.);
#8245=ORIENTED_EDGE('',*,*,#6508,.T.);
#8246=ORIENTED_EDGE('',*,*,#6506,.T.);
#8247=ORIENTED_EDGE('',*,*,#6504,.T.);
#8248=ORIENTED_EDGE('',*,*,#5880,.T.);
#8249=ORIENTED_EDGE('',*,*,#6511,.F.);
#8250=ORIENTED_EDGE('',*,*,#6512,.F.);
#8251=ORIENTED_EDGE('',*,*,#6501,.T.);
#8252=ORIENTED_EDGE('',*,*,#6380,.T.);
#8253=ORIENTED_EDGE('',*,*,#6512,.T.);
#8254=ORIENTED_EDGE('',*,*,#6510,.F.);
#8255=ORIENTED_EDGE('',*,*,#6513,.F.);
#8256=ORIENTED_EDGE('',*,*,#6502,.T.);
#8257=ORIENTED_EDGE('',*,*,#6513,.T.);
#8258=ORIENTED_EDGE('',*,*,#6509,.F.);
#8259=ORIENTED_EDGE('',*,*,#5883,.T.);
#8260=ORIENTED_EDGE('',*,*,#6503,.T.);
#8261=ORIENTED_EDGE('',*,*,#6514,.F.);
#8262=ORIENTED_EDGE('',*,*,#6515,.F.);
#8263=ORIENTED_EDGE('',*,*,#6516,.F.);
#8264=ORIENTED_EDGE('',*,*,#6385,.T.);
#8265=ORIENTED_EDGE('',*,*,#6517,.F.);
#8266=ORIENTED_EDGE('',*,*,#6518,.F.);
#8267=ORIENTED_EDGE('',*,*,#6519,.F.);
#8268=ORIENTED_EDGE('',*,*,#5878,.T.);
#8269=ORIENTED_EDGE('',*,*,#6520,.F.);
#8270=ORIENTED_EDGE('',*,*,#6521,.F.);
#8271=ORIENTED_EDGE('',*,*,#6514,.T.);
#8272=ORIENTED_EDGE('',*,*,#5877,.F.);
#8273=ORIENTED_EDGE('',*,*,#6521,.T.);
#8274=ORIENTED_EDGE('',*,*,#6522,.F.);
#8275=ORIENTED_EDGE('',*,*,#6523,.F.);
#8276=ORIENTED_EDGE('',*,*,#6515,.T.);
#8277=ORIENTED_EDGE('',*,*,#6516,.T.);
#8278=ORIENTED_EDGE('',*,*,#6523,.T.);
#8279=ORIENTED_EDGE('',*,*,#6524,.F.);
#8280=ORIENTED_EDGE('',*,*,#6382,.F.);
#8281=ORIENTED_EDGE('',*,*,#6525,.T.);
#8282=ORIENTED_EDGE('',*,*,#6526,.T.);
#8283=ORIENTED_EDGE('',*,*,#6527,.T.);
#8284=ORIENTED_EDGE('',*,*,#6383,.F.);
#8285=ORIENTED_EDGE('',*,*,#6524,.T.);
#8286=ORIENTED_EDGE('',*,*,#6522,.T.);
#8287=ORIENTED_EDGE('',*,*,#6520,.T.);
#8288=ORIENTED_EDGE('',*,*,#5876,.T.);
#8289=ORIENTED_EDGE('',*,*,#6527,.F.);
#8290=ORIENTED_EDGE('',*,*,#6528,.F.);
#8291=ORIENTED_EDGE('',*,*,#6517,.T.);
#8292=ORIENTED_EDGE('',*,*,#6384,.T.);
#8293=ORIENTED_EDGE('',*,*,#6528,.T.);
#8294=ORIENTED_EDGE('',*,*,#6526,.F.);
#8295=ORIENTED_EDGE('',*,*,#6529,.F.);
#8296=ORIENTED_EDGE('',*,*,#6518,.T.);
#8297=ORIENTED_EDGE('',*,*,#6529,.T.);
#8298=ORIENTED_EDGE('',*,*,#6525,.F.);
#8299=ORIENTED_EDGE('',*,*,#5879,.T.);
#8300=ORIENTED_EDGE('',*,*,#6519,.T.);
#8301=ORIENTED_EDGE('',*,*,#6530,.F.);
#8302=ORIENTED_EDGE('',*,*,#6531,.F.);
#8303=ORIENTED_EDGE('',*,*,#6532,.F.);
#8304=ORIENTED_EDGE('',*,*,#6389,.T.);
#8305=ORIENTED_EDGE('',*,*,#6533,.F.);
#8306=ORIENTED_EDGE('',*,*,#6534,.F.);
#8307=ORIENTED_EDGE('',*,*,#6535,.F.);
#8308=ORIENTED_EDGE('',*,*,#5874,.T.);
#8309=ORIENTED_EDGE('',*,*,#6536,.F.);
#8310=ORIENTED_EDGE('',*,*,#6537,.F.);
#8311=ORIENTED_EDGE('',*,*,#6530,.T.);
#8312=ORIENTED_EDGE('',*,*,#5873,.F.);
#8313=ORIENTED_EDGE('',*,*,#6537,.T.);
#8314=ORIENTED_EDGE('',*,*,#6538,.F.);
#8315=ORIENTED_EDGE('',*,*,#6539,.F.);
#8316=ORIENTED_EDGE('',*,*,#6531,.T.);
#8317=ORIENTED_EDGE('',*,*,#6532,.T.);
#8318=ORIENTED_EDGE('',*,*,#6539,.T.);
#8319=ORIENTED_EDGE('',*,*,#6540,.F.);
#8320=ORIENTED_EDGE('',*,*,#6386,.F.);
#8321=ORIENTED_EDGE('',*,*,#6541,.T.);
#8322=ORIENTED_EDGE('',*,*,#6542,.T.);
#8323=ORIENTED_EDGE('',*,*,#6543,.T.);
#8324=ORIENTED_EDGE('',*,*,#6387,.F.);
#8325=ORIENTED_EDGE('',*,*,#6540,.T.);
#8326=ORIENTED_EDGE('',*,*,#6538,.T.);
#8327=ORIENTED_EDGE('',*,*,#6536,.T.);
#8328=ORIENTED_EDGE('',*,*,#5872,.T.);
#8329=ORIENTED_EDGE('',*,*,#6543,.F.);
#8330=ORIENTED_EDGE('',*,*,#6544,.F.);
#8331=ORIENTED_EDGE('',*,*,#6533,.T.);
#8332=ORIENTED_EDGE('',*,*,#6388,.T.);
#8333=ORIENTED_EDGE('',*,*,#6544,.T.);
#8334=ORIENTED_EDGE('',*,*,#6542,.F.);
#8335=ORIENTED_EDGE('',*,*,#6545,.F.);
#8336=ORIENTED_EDGE('',*,*,#6534,.T.);
#8337=ORIENTED_EDGE('',*,*,#6545,.T.);
#8338=ORIENTED_EDGE('',*,*,#6541,.F.);
#8339=ORIENTED_EDGE('',*,*,#5875,.T.);
#8340=ORIENTED_EDGE('',*,*,#6535,.T.);
#8341=ORIENTED_EDGE('',*,*,#6334,.T.);
#8342=ORIENTED_EDGE('',*,*,#6546,.F.);
#8343=ORIENTED_EDGE('',*,*,#5907,.F.);
#8344=ORIENTED_EDGE('',*,*,#6547,.T.);
#8345=ORIENTED_EDGE('',*,*,#5906,.F.);
#8346=ORIENTED_EDGE('',*,*,#6548,.T.);
#8347=ORIENTED_EDGE('',*,*,#6331,.T.);
#8348=ORIENTED_EDGE('',*,*,#6547,.F.);
#8349=ORIENTED_EDGE('',*,*,#6332,.T.);
#8350=ORIENTED_EDGE('',*,*,#6548,.F.);
#8351=ORIENTED_EDGE('',*,*,#5905,.F.);
#8352=ORIENTED_EDGE('',*,*,#6549,.T.);
#8353=ORIENTED_EDGE('',*,*,#6333,.T.);
#8354=ORIENTED_EDGE('',*,*,#6549,.F.);
#8355=ORIENTED_EDGE('',*,*,#5904,.F.);
#8356=ORIENTED_EDGE('',*,*,#6546,.T.);
#8357=ORIENTED_EDGE('',*,*,#5869,.T.);
#8358=ORIENTED_EDGE('',*,*,#6550,.F.);
#8359=ORIENTED_EDGE('',*,*,#6551,.F.);
#8360=ORIENTED_EDGE('',*,*,#5908,.T.);
#8361=ORIENTED_EDGE('',*,*,#6551,.T.);
#8362=ORIENTED_EDGE('',*,*,#6552,.F.);
#8363=ORIENTED_EDGE('',*,*,#6553,.F.);
#8364=ORIENTED_EDGE('',*,*,#5909,.T.);
#8365=ORIENTED_EDGE('',*,*,#6553,.T.);
#8366=ORIENTED_EDGE('',*,*,#6554,.F.);
#8367=ORIENTED_EDGE('',*,*,#6555,.F.);
#8368=ORIENTED_EDGE('',*,*,#5910,.T.);
#8369=ORIENTED_EDGE('',*,*,#6555,.T.);
#8370=ORIENTED_EDGE('',*,*,#6556,.F.);
#8371=ORIENTED_EDGE('',*,*,#6557,.F.);
#8372=ORIENTED_EDGE('',*,*,#5911,.F.);
#8373=ORIENTED_EDGE('',*,*,#6557,.T.);
#8374=ORIENTED_EDGE('',*,*,#6558,.F.);
#8375=ORIENTED_EDGE('',*,*,#6559,.F.);
#8376=ORIENTED_EDGE('',*,*,#5912,.T.);
#8377=ORIENTED_EDGE('',*,*,#6559,.T.);
#8378=ORIENTED_EDGE('',*,*,#6560,.F.);
#8379=ORIENTED_EDGE('',*,*,#6561,.F.);
#8380=ORIENTED_EDGE('',*,*,#5913,.T.);
#8381=ORIENTED_EDGE('',*,*,#6561,.T.);
#8382=ORIENTED_EDGE('',*,*,#6562,.F.);
#8383=ORIENTED_EDGE('',*,*,#6563,.F.);
#8384=ORIENTED_EDGE('',*,*,#5914,.T.);
#8385=ORIENTED_EDGE('',*,*,#6563,.T.);
#8386=ORIENTED_EDGE('',*,*,#6564,.F.);
#8387=ORIENTED_EDGE('',*,*,#5865,.F.);
#8388=ORIENTED_EDGE('',*,*,#5915,.T.);
#8389=ORIENTED_EDGE('',*,*,#5867,.T.);
#8390=ORIENTED_EDGE('',*,*,#6565,.F.);
#8391=ORIENTED_EDGE('',*,*,#6566,.F.);
#8392=ORIENTED_EDGE('',*,*,#5916,.T.);
#8393=ORIENTED_EDGE('',*,*,#6566,.T.);
#8394=ORIENTED_EDGE('',*,*,#6567,.F.);
#8395=ORIENTED_EDGE('',*,*,#6568,.F.);
#8396=ORIENTED_EDGE('',*,*,#5917,.T.);
#8397=ORIENTED_EDGE('',*,*,#6568,.T.);
#8398=ORIENTED_EDGE('',*,*,#6569,.F.);
#8399=ORIENTED_EDGE('',*,*,#6570,.F.);
#8400=ORIENTED_EDGE('',*,*,#5918,.T.);
#8401=ORIENTED_EDGE('',*,*,#6570,.T.);
#8402=ORIENTED_EDGE('',*,*,#6571,.F.);
#8403=ORIENTED_EDGE('',*,*,#6572,.F.);
#8404=ORIENTED_EDGE('',*,*,#5919,.T.);
#8405=ORIENTED_EDGE('',*,*,#6572,.T.);
#8406=ORIENTED_EDGE('',*,*,#6573,.F.);
#8407=ORIENTED_EDGE('',*,*,#6574,.F.);
#8408=ORIENTED_EDGE('',*,*,#5920,.T.);
#8409=ORIENTED_EDGE('',*,*,#6574,.T.);
#8410=ORIENTED_EDGE('',*,*,#6575,.F.);
#8411=ORIENTED_EDGE('',*,*,#6576,.F.);
#8412=ORIENTED_EDGE('',*,*,#5921,.T.);
#8413=ORIENTED_EDGE('',*,*,#6576,.T.);
#8414=ORIENTED_EDGE('',*,*,#6577,.F.);
#8415=ORIENTED_EDGE('',*,*,#6578,.F.);
#8416=ORIENTED_EDGE('',*,*,#5922,.T.);
#8417=ORIENTED_EDGE('',*,*,#6578,.T.);
#8418=ORIENTED_EDGE('',*,*,#6579,.F.);
#8419=ORIENTED_EDGE('',*,*,#6580,.F.);
#8420=ORIENTED_EDGE('',*,*,#5923,.T.);
#8421=ORIENTED_EDGE('',*,*,#6580,.T.);
#8422=ORIENTED_EDGE('',*,*,#6581,.F.);
#8423=ORIENTED_EDGE('',*,*,#6582,.F.);
#8424=ORIENTED_EDGE('',*,*,#5924,.T.);
#8425=ORIENTED_EDGE('',*,*,#6582,.T.);
#8426=ORIENTED_EDGE('',*,*,#6583,.F.);
#8427=ORIENTED_EDGE('',*,*,#6584,.F.);
#8428=ORIENTED_EDGE('',*,*,#5925,.T.);
#8429=ORIENTED_EDGE('',*,*,#6584,.T.);
#8430=ORIENTED_EDGE('',*,*,#6585,.F.);
#8431=ORIENTED_EDGE('',*,*,#6586,.F.);
#8432=ORIENTED_EDGE('',*,*,#5926,.T.);
#8433=ORIENTED_EDGE('',*,*,#6586,.T.);
#8434=ORIENTED_EDGE('',*,*,#6587,.F.);
#8435=ORIENTED_EDGE('',*,*,#6588,.F.);
#8436=ORIENTED_EDGE('',*,*,#5927,.T.);
#8437=ORIENTED_EDGE('',*,*,#6588,.T.);
#8438=ORIENTED_EDGE('',*,*,#6589,.F.);
#8439=ORIENTED_EDGE('',*,*,#6590,.F.);
#8440=ORIENTED_EDGE('',*,*,#5928,.T.);
#8441=ORIENTED_EDGE('',*,*,#6590,.T.);
#8442=ORIENTED_EDGE('',*,*,#6591,.F.);
#8443=ORIENTED_EDGE('',*,*,#6592,.F.);
#8444=ORIENTED_EDGE('',*,*,#5929,.T.);
#8445=ORIENTED_EDGE('',*,*,#6592,.T.);
#8446=ORIENTED_EDGE('',*,*,#6593,.F.);
#8447=ORIENTED_EDGE('',*,*,#6594,.F.);
#8448=ORIENTED_EDGE('',*,*,#5930,.T.);
#8449=ORIENTED_EDGE('',*,*,#6594,.T.);
#8450=ORIENTED_EDGE('',*,*,#6595,.F.);
#8451=ORIENTED_EDGE('',*,*,#6596,.F.);
#8452=ORIENTED_EDGE('',*,*,#5931,.T.);
#8453=ORIENTED_EDGE('',*,*,#6596,.T.);
#8454=ORIENTED_EDGE('',*,*,#6597,.F.);
#8455=ORIENTED_EDGE('',*,*,#6598,.F.);
#8456=ORIENTED_EDGE('',*,*,#5932,.T.);
#8457=ORIENTED_EDGE('',*,*,#6598,.T.);
#8458=ORIENTED_EDGE('',*,*,#6599,.F.);
#8459=ORIENTED_EDGE('',*,*,#6600,.F.);
#8460=ORIENTED_EDGE('',*,*,#5933,.T.);
#8461=ORIENTED_EDGE('',*,*,#6600,.T.);
#8462=ORIENTED_EDGE('',*,*,#6601,.F.);
#8463=ORIENTED_EDGE('',*,*,#6602,.F.);
#8464=ORIENTED_EDGE('',*,*,#5934,.T.);
#8465=ORIENTED_EDGE('',*,*,#6602,.T.);
#8466=ORIENTED_EDGE('',*,*,#6603,.F.);
#8467=ORIENTED_EDGE('',*,*,#6604,.F.);
#8468=ORIENTED_EDGE('',*,*,#5935,.T.);
#8469=ORIENTED_EDGE('',*,*,#6604,.T.);
#8470=ORIENTED_EDGE('',*,*,#6605,.F.);
#8471=ORIENTED_EDGE('',*,*,#6606,.F.);
#8472=ORIENTED_EDGE('',*,*,#5936,.T.);
#8473=ORIENTED_EDGE('',*,*,#6606,.T.);
#8474=ORIENTED_EDGE('',*,*,#6607,.F.);
#8475=ORIENTED_EDGE('',*,*,#6608,.F.);
#8476=ORIENTED_EDGE('',*,*,#5937,.T.);
#8477=ORIENTED_EDGE('',*,*,#6608,.T.);
#8478=ORIENTED_EDGE('',*,*,#6609,.F.);
#8479=ORIENTED_EDGE('',*,*,#6610,.F.);
#8480=ORIENTED_EDGE('',*,*,#5938,.T.);
#8481=ORIENTED_EDGE('',*,*,#6610,.T.);
#8482=ORIENTED_EDGE('',*,*,#6611,.F.);
#8483=ORIENTED_EDGE('',*,*,#6612,.F.);
#8484=ORIENTED_EDGE('',*,*,#5939,.T.);
#8485=ORIENTED_EDGE('',*,*,#6612,.T.);
#8486=ORIENTED_EDGE('',*,*,#6613,.F.);
#8487=ORIENTED_EDGE('',*,*,#6614,.F.);
#8488=ORIENTED_EDGE('',*,*,#5940,.T.);
#8489=ORIENTED_EDGE('',*,*,#6614,.T.);
#8490=ORIENTED_EDGE('',*,*,#6615,.F.);
#8491=ORIENTED_EDGE('',*,*,#6616,.F.);
#8492=ORIENTED_EDGE('',*,*,#5941,.T.);
#8493=ORIENTED_EDGE('',*,*,#6616,.T.);
#8494=ORIENTED_EDGE('',*,*,#6617,.F.);
#8495=ORIENTED_EDGE('',*,*,#6618,.F.);
#8496=ORIENTED_EDGE('',*,*,#5942,.T.);
#8497=ORIENTED_EDGE('',*,*,#6618,.T.);
#8498=ORIENTED_EDGE('',*,*,#6619,.F.);
#8499=ORIENTED_EDGE('',*,*,#6620,.F.);
#8500=ORIENTED_EDGE('',*,*,#5943,.T.);
#8501=ORIENTED_EDGE('',*,*,#6620,.T.);
#8502=ORIENTED_EDGE('',*,*,#6621,.F.);
#8503=ORIENTED_EDGE('',*,*,#6622,.F.);
#8504=ORIENTED_EDGE('',*,*,#5944,.T.);
#8505=ORIENTED_EDGE('',*,*,#6622,.T.);
#8506=ORIENTED_EDGE('',*,*,#6623,.F.);
#8507=ORIENTED_EDGE('',*,*,#6624,.F.);
#8508=ORIENTED_EDGE('',*,*,#5945,.T.);
#8509=ORIENTED_EDGE('',*,*,#6624,.T.);
#8510=ORIENTED_EDGE('',*,*,#6625,.F.);
#8511=ORIENTED_EDGE('',*,*,#6626,.F.);
#8512=ORIENTED_EDGE('',*,*,#5946,.T.);
#8513=ORIENTED_EDGE('',*,*,#6626,.T.);
#8514=ORIENTED_EDGE('',*,*,#6627,.F.);
#8515=ORIENTED_EDGE('',*,*,#6628,.F.);
#8516=ORIENTED_EDGE('',*,*,#5947,.T.);
#8517=ORIENTED_EDGE('',*,*,#6628,.T.);
#8518=ORIENTED_EDGE('',*,*,#6629,.F.);
#8519=ORIENTED_EDGE('',*,*,#6630,.F.);
#8520=ORIENTED_EDGE('',*,*,#5948,.T.);
#8521=ORIENTED_EDGE('',*,*,#6630,.T.);
#8522=ORIENTED_EDGE('',*,*,#6631,.F.);
#8523=ORIENTED_EDGE('',*,*,#6632,.F.);
#8524=ORIENTED_EDGE('',*,*,#5949,.T.);
#8525=ORIENTED_EDGE('',*,*,#6632,.T.);
#8526=ORIENTED_EDGE('',*,*,#6633,.F.);
#8527=ORIENTED_EDGE('',*,*,#5871,.F.);
#8528=ORIENTED_EDGE('',*,*,#5950,.T.);
#8529=ORIENTED_EDGE('',*,*,#6633,.T.);
#8530=ORIENTED_EDGE('',*,*,#6631,.T.);
#8531=ORIENTED_EDGE('',*,*,#6629,.T.);
#8532=ORIENTED_EDGE('',*,*,#6627,.T.);
#8533=ORIENTED_EDGE('',*,*,#6625,.T.);
#8534=ORIENTED_EDGE('',*,*,#6623,.T.);
#8535=ORIENTED_EDGE('',*,*,#6621,.T.);
#8536=ORIENTED_EDGE('',*,*,#6619,.T.);
#8537=ORIENTED_EDGE('',*,*,#6617,.T.);
#8538=ORIENTED_EDGE('',*,*,#6615,.T.);
#8539=ORIENTED_EDGE('',*,*,#6613,.T.);
#8540=ORIENTED_EDGE('',*,*,#6611,.T.);
#8541=ORIENTED_EDGE('',*,*,#6609,.T.);
#8542=ORIENTED_EDGE('',*,*,#6607,.T.);
#8543=ORIENTED_EDGE('',*,*,#6605,.T.);
#8544=ORIENTED_EDGE('',*,*,#6603,.T.);
#8545=ORIENTED_EDGE('',*,*,#6601,.T.);
#8546=ORIENTED_EDGE('',*,*,#6599,.T.);
#8547=ORIENTED_EDGE('',*,*,#6597,.T.);
#8548=ORIENTED_EDGE('',*,*,#6595,.T.);
#8549=ORIENTED_EDGE('',*,*,#6593,.T.);
#8550=ORIENTED_EDGE('',*,*,#6591,.T.);
#8551=ORIENTED_EDGE('',*,*,#6589,.T.);
#8552=ORIENTED_EDGE('',*,*,#6587,.T.);
#8553=ORIENTED_EDGE('',*,*,#6585,.T.);
#8554=ORIENTED_EDGE('',*,*,#6583,.T.);
#8555=ORIENTED_EDGE('',*,*,#6581,.T.);
#8556=ORIENTED_EDGE('',*,*,#6579,.T.);
#8557=ORIENTED_EDGE('',*,*,#6577,.T.);
#8558=ORIENTED_EDGE('',*,*,#6575,.T.);
#8559=ORIENTED_EDGE('',*,*,#6573,.T.);
#8560=ORIENTED_EDGE('',*,*,#6571,.T.);
#8561=ORIENTED_EDGE('',*,*,#6569,.T.);
#8562=ORIENTED_EDGE('',*,*,#6567,.T.);
#8563=ORIENTED_EDGE('',*,*,#6565,.T.);
#8564=ORIENTED_EDGE('',*,*,#5866,.T.);
#8565=ORIENTED_EDGE('',*,*,#6564,.T.);
#8566=ORIENTED_EDGE('',*,*,#6562,.T.);
#8567=ORIENTED_EDGE('',*,*,#6560,.T.);
#8568=ORIENTED_EDGE('',*,*,#6558,.T.);
#8569=ORIENTED_EDGE('',*,*,#6556,.T.);
#8570=ORIENTED_EDGE('',*,*,#6554,.T.);
#8571=ORIENTED_EDGE('',*,*,#6552,.T.);
#8572=ORIENTED_EDGE('',*,*,#6550,.T.);
#8573=ORIENTED_EDGE('',*,*,#5868,.T.);
#8574=ORIENTED_EDGE('',*,*,#6634,.T.);
#8575=ORIENTED_EDGE('',*,*,#6635,.T.);
#8576=ORIENTED_EDGE('',*,*,#6636,.T.);
#8577=ORIENTED_EDGE('',*,*,#6637,.T.);
#8578=ORIENTED_EDGE('',*,*,#6638,.T.);
#8579=ORIENTED_EDGE('',*,*,#6639,.T.);
#8580=ORIENTED_EDGE('',*,*,#6640,.T.);
#8581=ORIENTED_EDGE('',*,*,#6641,.T.);
#8582=ORIENTED_EDGE('',*,*,#6642,.T.);
#8583=ORIENTED_EDGE('',*,*,#6643,.T.);
#8584=ORIENTED_EDGE('',*,*,#6644,.T.);
#8585=ORIENTED_EDGE('',*,*,#6645,.T.);
#8586=ORIENTED_EDGE('',*,*,#6646,.T.);
#8587=ORIENTED_EDGE('',*,*,#6647,.T.);
#8588=ORIENTED_EDGE('',*,*,#6648,.T.);
#8589=ORIENTED_EDGE('',*,*,#6649,.T.);
#8590=ORIENTED_EDGE('',*,*,#6650,.T.);
#8591=ORIENTED_EDGE('',*,*,#6651,.T.);
#8592=ORIENTED_EDGE('',*,*,#6652,.T.);
#8593=ORIENTED_EDGE('',*,*,#6653,.T.);
#8594=ORIENTED_EDGE('',*,*,#6654,.T.);
#8595=ORIENTED_EDGE('',*,*,#6655,.T.);
#8596=ORIENTED_EDGE('',*,*,#6656,.T.);
#8597=ORIENTED_EDGE('',*,*,#6657,.T.);
#8598=ORIENTED_EDGE('',*,*,#6658,.T.);
#8599=ORIENTED_EDGE('',*,*,#6659,.T.);
#8600=ORIENTED_EDGE('',*,*,#6660,.T.);
#8601=ORIENTED_EDGE('',*,*,#6661,.T.);
#8602=ORIENTED_EDGE('',*,*,#6662,.T.);
#8603=ORIENTED_EDGE('',*,*,#6663,.T.);
#8604=ORIENTED_EDGE('',*,*,#6664,.T.);
#8605=ORIENTED_EDGE('',*,*,#6665,.T.);
#8606=ORIENTED_EDGE('',*,*,#6666,.T.);
#8607=ORIENTED_EDGE('',*,*,#6667,.T.);
#8608=ORIENTED_EDGE('',*,*,#6668,.T.);
#8609=ORIENTED_EDGE('',*,*,#6669,.T.);
#8610=ORIENTED_EDGE('',*,*,#6670,.T.);
#8611=ORIENTED_EDGE('',*,*,#6671,.T.);
#8612=ORIENTED_EDGE('',*,*,#6672,.T.);
#8613=ORIENTED_EDGE('',*,*,#6673,.T.);
#8614=ORIENTED_EDGE('',*,*,#6674,.T.);
#8615=ORIENTED_EDGE('',*,*,#6675,.T.);
#8616=ORIENTED_EDGE('',*,*,#6676,.T.);
#8617=ORIENTED_EDGE('',*,*,#6677,.T.);
#8618=ORIENTED_EDGE('',*,*,#6678,.T.);
#8619=ORIENTED_EDGE('',*,*,#6679,.T.);
#8620=ORIENTED_EDGE('',*,*,#6680,.T.);
#8621=ORIENTED_EDGE('',*,*,#6681,.T.);
#8622=ORIENTED_EDGE('',*,*,#6682,.T.);
#8623=ORIENTED_EDGE('',*,*,#6683,.T.);
#8624=ORIENTED_EDGE('',*,*,#6684,.T.);
#8625=ORIENTED_EDGE('',*,*,#6685,.T.);
#8626=ORIENTED_EDGE('',*,*,#6686,.T.);
#8627=ORIENTED_EDGE('',*,*,#6687,.T.);
#8628=ORIENTED_EDGE('',*,*,#6688,.T.);
#8629=ORIENTED_EDGE('',*,*,#6689,.T.);
#8630=ORIENTED_EDGE('',*,*,#6690,.T.);
#8631=ORIENTED_EDGE('',*,*,#6691,.T.);
#8632=ORIENTED_EDGE('',*,*,#6692,.T.);
#8633=ORIENTED_EDGE('',*,*,#6693,.T.);
#8634=ORIENTED_EDGE('',*,*,#6694,.T.);
#8635=ORIENTED_EDGE('',*,*,#6695,.T.);
#8636=ORIENTED_EDGE('',*,*,#6696,.T.);
#8637=ORIENTED_EDGE('',*,*,#6697,.T.);
#8638=ORIENTED_EDGE('',*,*,#6698,.T.);
#8639=ORIENTED_EDGE('',*,*,#6699,.T.);
#8640=ORIENTED_EDGE('',*,*,#6700,.T.);
#8641=ORIENTED_EDGE('',*,*,#6701,.T.);
#8642=ORIENTED_EDGE('',*,*,#6702,.T.);
#8643=ORIENTED_EDGE('',*,*,#6703,.T.);
#8644=ORIENTED_EDGE('',*,*,#6704,.T.);
#8645=ORIENTED_EDGE('',*,*,#6705,.T.);
#8646=ORIENTED_EDGE('',*,*,#6706,.T.);
#8647=ORIENTED_EDGE('',*,*,#6707,.T.);
#8648=ORIENTED_EDGE('',*,*,#6708,.T.);
#8649=ORIENTED_EDGE('',*,*,#6709,.T.);
#8650=ORIENTED_EDGE('',*,*,#6710,.T.);
#8651=ORIENTED_EDGE('',*,*,#6711,.T.);
#8652=ORIENTED_EDGE('',*,*,#6712,.T.);
#8653=ORIENTED_EDGE('',*,*,#6713,.T.);
#8654=ORIENTED_EDGE('',*,*,#6714,.T.);
#8655=ORIENTED_EDGE('',*,*,#6715,.T.);
#8656=ORIENTED_EDGE('',*,*,#6716,.T.);
#8657=ORIENTED_EDGE('',*,*,#6717,.T.);
#8658=ORIENTED_EDGE('',*,*,#6718,.T.);
#8659=ORIENTED_EDGE('',*,*,#6719,.T.);
#8660=ORIENTED_EDGE('',*,*,#6720,.T.);
#8661=ORIENTED_EDGE('',*,*,#6721,.T.);
#8662=ORIENTED_EDGE('',*,*,#6722,.T.);
#8663=ORIENTED_EDGE('',*,*,#6723,.T.);
#8664=ORIENTED_EDGE('',*,*,#6724,.T.);
#8665=ORIENTED_EDGE('',*,*,#6725,.T.);
#8666=ORIENTED_EDGE('',*,*,#6726,.T.);
#8667=ORIENTED_EDGE('',*,*,#6727,.T.);
#8668=ORIENTED_EDGE('',*,*,#6728,.T.);
#8669=ORIENTED_EDGE('',*,*,#6729,.T.);
#8670=ORIENTED_EDGE('',*,*,#6730,.T.);
#8671=ORIENTED_EDGE('',*,*,#6731,.T.);
#8672=ORIENTED_EDGE('',*,*,#6732,.T.);
#8673=ORIENTED_EDGE('',*,*,#6733,.T.);
#8674=ORIENTED_EDGE('',*,*,#6734,.T.);
#8675=ORIENTED_EDGE('',*,*,#6735,.T.);
#8676=ORIENTED_EDGE('',*,*,#6736,.T.);
#8677=ORIENTED_EDGE('',*,*,#6737,.T.);
#8678=ORIENTED_EDGE('',*,*,#6738,.T.);
#8679=ORIENTED_EDGE('',*,*,#6739,.T.);
#8680=ORIENTED_EDGE('',*,*,#6740,.T.);
#8681=ORIENTED_EDGE('',*,*,#6741,.T.);
#8682=ORIENTED_EDGE('',*,*,#6742,.T.);
#8683=ORIENTED_EDGE('',*,*,#6743,.T.);
#8684=ORIENTED_EDGE('',*,*,#6744,.T.);
#8685=ORIENTED_EDGE('',*,*,#6745,.T.);
#8686=ORIENTED_EDGE('',*,*,#6746,.T.);
#8687=ORIENTED_EDGE('',*,*,#6747,.T.);
#8688=ORIENTED_EDGE('',*,*,#6748,.T.);
#8689=ORIENTED_EDGE('',*,*,#6749,.T.);
#8690=ORIENTED_EDGE('',*,*,#6750,.T.);
#8691=ORIENTED_EDGE('',*,*,#6751,.T.);
#8692=ORIENTED_EDGE('',*,*,#6752,.T.);
#8693=ORIENTED_EDGE('',*,*,#6753,.T.);
#8694=ORIENTED_EDGE('',*,*,#6754,.T.);
#8695=ORIENTED_EDGE('',*,*,#6755,.T.);
#8696=ORIENTED_EDGE('',*,*,#6756,.T.);
#8697=ORIENTED_EDGE('',*,*,#6757,.T.);
#8698=ORIENTED_EDGE('',*,*,#6758,.T.);
#8699=ORIENTED_EDGE('',*,*,#6759,.T.);
#8700=ORIENTED_EDGE('',*,*,#6760,.T.);
#8701=ORIENTED_EDGE('',*,*,#6761,.T.);
#8702=ORIENTED_EDGE('',*,*,#6762,.T.);
#8703=ORIENTED_EDGE('',*,*,#6763,.T.);
#8704=ORIENTED_EDGE('',*,*,#6764,.T.);
#8705=ORIENTED_EDGE('',*,*,#6765,.T.);
#8706=ORIENTED_EDGE('',*,*,#6766,.T.);
#8707=ORIENTED_EDGE('',*,*,#6767,.T.);
#8708=ORIENTED_EDGE('',*,*,#6768,.T.);
#8709=ORIENTED_EDGE('',*,*,#6769,.T.);
#8710=ORIENTED_EDGE('',*,*,#6770,.T.);
#8711=ORIENTED_EDGE('',*,*,#6771,.T.);
#8712=ORIENTED_EDGE('',*,*,#6772,.T.);
#8713=ORIENTED_EDGE('',*,*,#6773,.T.);
#8714=ORIENTED_EDGE('',*,*,#6774,.T.);
#8715=ORIENTED_EDGE('',*,*,#6775,.T.);
#8716=ORIENTED_EDGE('',*,*,#6776,.T.);
#8717=ORIENTED_EDGE('',*,*,#6777,.T.);
#8718=ORIENTED_EDGE('',*,*,#6778,.T.);
#8719=ORIENTED_EDGE('',*,*,#6779,.T.);
#8720=ORIENTED_EDGE('',*,*,#6780,.T.);
#8721=ORIENTED_EDGE('',*,*,#6781,.T.);
#8722=ORIENTED_EDGE('',*,*,#6782,.T.);
#8723=ORIENTED_EDGE('',*,*,#6783,.T.);
#8724=ORIENTED_EDGE('',*,*,#6784,.T.);
#8725=ORIENTED_EDGE('',*,*,#6785,.T.);
#8726=ORIENTED_EDGE('',*,*,#6786,.T.);
#8727=ORIENTED_EDGE('',*,*,#6787,.T.);
#8728=ORIENTED_EDGE('',*,*,#6788,.T.);
#8729=ORIENTED_EDGE('',*,*,#6789,.T.);
#8730=ORIENTED_EDGE('',*,*,#6790,.T.);
#8731=ORIENTED_EDGE('',*,*,#6791,.T.);
#8732=ORIENTED_EDGE('',*,*,#6792,.T.);
#8733=ORIENTED_EDGE('',*,*,#6793,.T.);
#8734=ORIENTED_EDGE('',*,*,#6794,.T.);
#8735=ORIENTED_EDGE('',*,*,#6795,.T.);
#8736=ORIENTED_EDGE('',*,*,#6796,.T.);
#8737=ORIENTED_EDGE('',*,*,#6797,.T.);
#8738=ORIENTED_EDGE('',*,*,#6798,.T.);
#8739=ORIENTED_EDGE('',*,*,#6799,.T.);
#8740=ORIENTED_EDGE('',*,*,#6800,.T.);
#8741=ORIENTED_EDGE('',*,*,#6801,.T.);
#8742=ORIENTED_EDGE('',*,*,#6802,.T.);
#8743=ORIENTED_EDGE('',*,*,#6803,.T.);
#8744=ORIENTED_EDGE('',*,*,#6804,.T.);
#8745=ORIENTED_EDGE('',*,*,#6805,.T.);
#8746=ORIENTED_EDGE('',*,*,#6806,.T.);
#8747=ORIENTED_EDGE('',*,*,#6807,.T.);
#8748=ORIENTED_EDGE('',*,*,#6808,.T.);
#8749=ORIENTED_EDGE('',*,*,#6809,.T.);
#8750=ORIENTED_EDGE('',*,*,#6810,.T.);
#8751=ORIENTED_EDGE('',*,*,#6811,.T.);
#8752=ORIENTED_EDGE('',*,*,#5885,.T.);
#8753=ORIENTED_EDGE('',*,*,#6812,.T.);
#8754=ORIENTED_EDGE('',*,*,#6813,.T.);
#8755=ORIENTED_EDGE('',*,*,#6814,.T.);
#8756=ORIENTED_EDGE('',*,*,#6815,.T.);
#8757=ORIENTED_EDGE('',*,*,#6816,.T.);
#8758=ORIENTED_EDGE('',*,*,#6817,.T.);
#8759=ORIENTED_EDGE('',*,*,#6818,.T.);
#8760=ORIENTED_EDGE('',*,*,#6819,.T.);
#8761=ORIENTED_EDGE('',*,*,#6820,.T.);
#8762=ORIENTED_EDGE('',*,*,#6821,.T.);
#8763=ORIENTED_EDGE('',*,*,#6822,.T.);
#8764=ORIENTED_EDGE('',*,*,#6823,.T.);
#8765=ORIENTED_EDGE('',*,*,#6824,.T.);
#8766=ORIENTED_EDGE('',*,*,#6825,.T.);
#8767=ORIENTED_EDGE('',*,*,#6826,.T.);
#8768=ORIENTED_EDGE('',*,*,#6827,.T.);
#8769=ORIENTED_EDGE('',*,*,#6828,.T.);
#8770=ORIENTED_EDGE('',*,*,#6829,.T.);
#8771=ORIENTED_EDGE('',*,*,#6830,.T.);
#8772=ORIENTED_EDGE('',*,*,#6831,.T.);
#8773=ORIENTED_EDGE('',*,*,#6832,.T.);
#8774=ORIENTED_EDGE('',*,*,#6833,.T.);
#8775=ORIENTED_EDGE('',*,*,#6834,.T.);
#8776=ORIENTED_EDGE('',*,*,#6835,.T.);
#8777=ORIENTED_EDGE('',*,*,#6836,.T.);
#8778=ORIENTED_EDGE('',*,*,#6837,.T.);
#8779=ORIENTED_EDGE('',*,*,#6838,.T.);
#8780=ORIENTED_EDGE('',*,*,#6839,.T.);
#8781=ORIENTED_EDGE('',*,*,#6840,.T.);
#8782=ORIENTED_EDGE('',*,*,#6841,.T.);
#8783=ORIENTED_EDGE('',*,*,#6842,.T.);
#8784=ORIENTED_EDGE('',*,*,#6843,.T.);
#8785=ORIENTED_EDGE('',*,*,#6844,.T.);
#8786=ORIENTED_EDGE('',*,*,#6845,.T.);
#8787=ORIENTED_EDGE('',*,*,#6846,.T.);
#8788=ORIENTED_EDGE('',*,*,#6847,.T.);
#8789=ORIENTED_EDGE('',*,*,#6848,.T.);
#8790=ORIENTED_EDGE('',*,*,#6849,.T.);
#8791=ORIENTED_EDGE('',*,*,#6850,.T.);
#8792=ORIENTED_EDGE('',*,*,#6851,.T.);
#8793=ORIENTED_EDGE('',*,*,#6852,.T.);
#8794=ORIENTED_EDGE('',*,*,#6853,.T.);
#8795=ORIENTED_EDGE('',*,*,#6854,.T.);
#8796=ORIENTED_EDGE('',*,*,#6855,.T.);
#8797=ORIENTED_EDGE('',*,*,#6856,.T.);
#8798=ORIENTED_EDGE('',*,*,#6857,.T.);
#8799=ORIENTED_EDGE('',*,*,#6858,.T.);
#8800=ORIENTED_EDGE('',*,*,#6859,.T.);
#8801=ORIENTED_EDGE('',*,*,#6860,.T.);
#8802=ORIENTED_EDGE('',*,*,#6861,.T.);
#8803=ORIENTED_EDGE('',*,*,#6862,.T.);
#8804=ORIENTED_EDGE('',*,*,#6863,.T.);
#8805=ORIENTED_EDGE('',*,*,#6864,.T.);
#8806=ORIENTED_EDGE('',*,*,#6865,.T.);
#8807=ORIENTED_EDGE('',*,*,#6866,.T.);
#8808=ORIENTED_EDGE('',*,*,#6867,.T.);
#8809=ORIENTED_EDGE('',*,*,#6868,.T.);
#8810=ORIENTED_EDGE('',*,*,#6869,.T.);
#8811=ORIENTED_EDGE('',*,*,#6870,.T.);
#8812=ORIENTED_EDGE('',*,*,#6871,.T.);
#8813=ORIENTED_EDGE('',*,*,#6872,.T.);
#8814=ORIENTED_EDGE('',*,*,#6873,.T.);
#8815=ORIENTED_EDGE('',*,*,#6874,.T.);
#8816=ORIENTED_EDGE('',*,*,#6875,.T.);
#8817=ORIENTED_EDGE('',*,*,#6876,.T.);
#8818=ORIENTED_EDGE('',*,*,#6877,.T.);
#8819=ORIENTED_EDGE('',*,*,#6878,.T.);
#8820=ORIENTED_EDGE('',*,*,#6879,.T.);
#8821=ORIENTED_EDGE('',*,*,#6880,.T.);
#8822=ORIENTED_EDGE('',*,*,#6881,.T.);
#8823=ORIENTED_EDGE('',*,*,#6882,.T.);
#8824=ORIENTED_EDGE('',*,*,#6883,.T.);
#8825=ORIENTED_EDGE('',*,*,#6884,.T.);
#8826=ORIENTED_EDGE('',*,*,#6885,.T.);
#8827=ORIENTED_EDGE('',*,*,#6886,.T.);
#8828=ORIENTED_EDGE('',*,*,#6887,.T.);
#8829=ORIENTED_EDGE('',*,*,#6888,.T.);
#8830=ORIENTED_EDGE('',*,*,#6889,.T.);
#8831=ORIENTED_EDGE('',*,*,#6890,.T.);
#8832=ORIENTED_EDGE('',*,*,#6891,.T.);
#8833=ORIENTED_EDGE('',*,*,#6892,.T.);
#8834=ORIENTED_EDGE('',*,*,#6893,.T.);
#8835=ORIENTED_EDGE('',*,*,#6894,.T.);
#8836=ORIENTED_EDGE('',*,*,#6895,.T.);
#8837=ORIENTED_EDGE('',*,*,#6896,.T.);
#8838=ORIENTED_EDGE('',*,*,#6897,.T.);
#8839=ORIENTED_EDGE('',*,*,#6898,.T.);
#8840=ORIENTED_EDGE('',*,*,#6899,.T.);
#8841=ORIENTED_EDGE('',*,*,#6900,.T.);
#8842=ORIENTED_EDGE('',*,*,#6901,.T.);
#8843=ORIENTED_EDGE('',*,*,#6902,.T.);
#8844=ORIENTED_EDGE('',*,*,#6903,.T.);
#8845=ORIENTED_EDGE('',*,*,#6904,.T.);
#8846=ORIENTED_EDGE('',*,*,#6905,.T.);
#8847=ORIENTED_EDGE('',*,*,#6906,.T.);
#8848=ORIENTED_EDGE('',*,*,#6907,.T.);
#8849=ORIENTED_EDGE('',*,*,#6908,.T.);
#8850=ORIENTED_EDGE('',*,*,#6909,.T.);
#8851=ORIENTED_EDGE('',*,*,#6910,.T.);
#8852=ORIENTED_EDGE('',*,*,#6911,.T.);
#8853=ORIENTED_EDGE('',*,*,#6912,.T.);
#8854=ORIENTED_EDGE('',*,*,#6913,.T.);
#8855=ORIENTED_EDGE('',*,*,#6914,.T.);
#8856=ORIENTED_EDGE('',*,*,#6915,.T.);
#8857=ORIENTED_EDGE('',*,*,#6916,.T.);
#8858=ORIENTED_EDGE('',*,*,#6917,.T.);
#8859=ORIENTED_EDGE('',*,*,#6918,.T.);
#8860=ORIENTED_EDGE('',*,*,#6919,.T.);
#8861=ORIENTED_EDGE('',*,*,#6920,.T.);
#8862=ORIENTED_EDGE('',*,*,#6921,.T.);
#8863=ORIENTED_EDGE('',*,*,#6922,.T.);
#8864=ORIENTED_EDGE('',*,*,#6923,.T.);
#8865=ORIENTED_EDGE('',*,*,#6924,.T.);
#8866=ORIENTED_EDGE('',*,*,#6925,.T.);
#8867=ORIENTED_EDGE('',*,*,#6926,.T.);
#8868=ORIENTED_EDGE('',*,*,#6927,.T.);
#8869=ORIENTED_EDGE('',*,*,#6928,.T.);
#8870=ORIENTED_EDGE('',*,*,#6929,.T.);
#8871=ORIENTED_EDGE('',*,*,#6930,.T.);
#8872=ORIENTED_EDGE('',*,*,#6931,.T.);
#8873=ORIENTED_EDGE('',*,*,#6932,.T.);
#8874=ORIENTED_EDGE('',*,*,#6933,.T.);
#8875=ORIENTED_EDGE('',*,*,#6934,.T.);
#8876=ORIENTED_EDGE('',*,*,#6935,.T.);
#8877=ORIENTED_EDGE('',*,*,#6936,.T.);
#8878=ORIENTED_EDGE('',*,*,#6937,.T.);
#8879=ORIENTED_EDGE('',*,*,#6938,.T.);
#8880=ORIENTED_EDGE('',*,*,#6939,.T.);
#8881=ORIENTED_EDGE('',*,*,#6940,.T.);
#8882=ORIENTED_EDGE('',*,*,#6941,.T.);
#8883=ORIENTED_EDGE('',*,*,#6942,.T.);
#8884=ORIENTED_EDGE('',*,*,#6943,.T.);
#8885=ORIENTED_EDGE('',*,*,#6944,.T.);
#8886=ORIENTED_EDGE('',*,*,#6945,.T.);
#8887=ORIENTED_EDGE('',*,*,#6946,.T.);
#8888=ORIENTED_EDGE('',*,*,#6947,.T.);
#8889=ORIENTED_EDGE('',*,*,#6948,.T.);
#8890=ORIENTED_EDGE('',*,*,#6949,.T.);
#8891=ORIENTED_EDGE('',*,*,#6950,.T.);
#8892=ORIENTED_EDGE('',*,*,#6951,.T.);
#8893=ORIENTED_EDGE('',*,*,#6952,.T.);
#8894=ORIENTED_EDGE('',*,*,#6953,.T.);
#8895=ORIENTED_EDGE('',*,*,#6954,.T.);
#8896=ORIENTED_EDGE('',*,*,#6955,.T.);
#8897=ORIENTED_EDGE('',*,*,#6956,.T.);
#8898=ORIENTED_EDGE('',*,*,#6957,.T.);
#8899=ORIENTED_EDGE('',*,*,#6958,.T.);
#8900=ORIENTED_EDGE('',*,*,#6959,.T.);
#8901=ORIENTED_EDGE('',*,*,#6960,.T.);
#8902=ORIENTED_EDGE('',*,*,#6961,.T.);
#8903=ORIENTED_EDGE('',*,*,#6962,.T.);
#8904=ORIENTED_EDGE('',*,*,#6963,.T.);
#8905=ORIENTED_EDGE('',*,*,#6964,.T.);
#8906=ORIENTED_EDGE('',*,*,#6965,.T.);
#8907=ORIENTED_EDGE('',*,*,#6966,.T.);
#8908=ORIENTED_EDGE('',*,*,#6967,.T.);
#8909=ORIENTED_EDGE('',*,*,#6968,.T.);
#8910=ORIENTED_EDGE('',*,*,#6969,.T.);
#8911=ORIENTED_EDGE('',*,*,#6970,.T.);
#8912=ORIENTED_EDGE('',*,*,#6971,.T.);
#8913=ORIENTED_EDGE('',*,*,#6972,.T.);
#8914=ORIENTED_EDGE('',*,*,#6973,.T.);
#8915=ORIENTED_EDGE('',*,*,#6974,.T.);
#8916=ORIENTED_EDGE('',*,*,#6975,.T.);
#8917=ORIENTED_EDGE('',*,*,#6976,.T.);
#8918=ORIENTED_EDGE('',*,*,#6977,.T.);
#8919=ORIENTED_EDGE('',*,*,#6978,.T.);
#8920=ORIENTED_EDGE('',*,*,#6979,.T.);
#8921=ORIENTED_EDGE('',*,*,#6980,.T.);
#8922=ORIENTED_EDGE('',*,*,#6981,.T.);
#8923=ORIENTED_EDGE('',*,*,#6982,.T.);
#8924=ORIENTED_EDGE('',*,*,#6983,.T.);
#8925=ORIENTED_EDGE('',*,*,#6984,.T.);
#8926=ORIENTED_EDGE('',*,*,#6985,.T.);
#8927=ORIENTED_EDGE('',*,*,#6986,.T.);
#8928=ORIENTED_EDGE('',*,*,#6987,.T.);
#8929=ORIENTED_EDGE('',*,*,#6988,.T.);
#8930=ORIENTED_EDGE('',*,*,#6989,.T.);
#8931=ORIENTED_EDGE('',*,*,#6990,.T.);
#8932=ORIENTED_EDGE('',*,*,#6991,.T.);
#8933=ORIENTED_EDGE('',*,*,#6992,.T.);
#8934=ORIENTED_EDGE('',*,*,#6993,.T.);
#8935=ORIENTED_EDGE('',*,*,#6994,.T.);
#8936=ORIENTED_EDGE('',*,*,#6995,.T.);
#8937=ORIENTED_EDGE('',*,*,#6996,.T.);
#8938=ORIENTED_EDGE('',*,*,#6997,.T.);
#8939=ORIENTED_EDGE('',*,*,#6998,.T.);
#8940=ORIENTED_EDGE('',*,*,#6999,.T.);
#8941=ORIENTED_EDGE('',*,*,#7000,.T.);
#8942=ORIENTED_EDGE('',*,*,#7001,.T.);
#8943=ORIENTED_EDGE('',*,*,#7002,.T.);
#8944=ORIENTED_EDGE('',*,*,#6637,.F.);
#8945=ORIENTED_EDGE('',*,*,#7003,.F.);
#8946=ORIENTED_EDGE('',*,*,#5954,.T.);
#8947=ORIENTED_EDGE('',*,*,#7003,.T.);
#8948=ORIENTED_EDGE('',*,*,#6636,.F.);
#8949=ORIENTED_EDGE('',*,*,#7004,.F.);
#8950=ORIENTED_EDGE('',*,*,#5951,.T.);
#8951=ORIENTED_EDGE('',*,*,#7004,.T.);
#8952=ORIENTED_EDGE('',*,*,#6635,.F.);
#8953=ORIENTED_EDGE('',*,*,#7005,.F.);
#8954=ORIENTED_EDGE('',*,*,#5952,.T.);
#8955=ORIENTED_EDGE('',*,*,#7005,.T.);
#8956=ORIENTED_EDGE('',*,*,#6634,.F.);
#8957=ORIENTED_EDGE('',*,*,#7002,.F.);
#8958=ORIENTED_EDGE('',*,*,#5953,.T.);
#8959=ORIENTED_EDGE('',*,*,#7006,.T.);
#8960=ORIENTED_EDGE('',*,*,#6691,.F.);
#8961=ORIENTED_EDGE('',*,*,#7007,.F.);
#8962=ORIENTED_EDGE('',*,*,#6008,.T.);
#8963=ORIENTED_EDGE('',*,*,#7007,.T.);
#8964=ORIENTED_EDGE('',*,*,#6690,.F.);
#8965=ORIENTED_EDGE('',*,*,#7008,.F.);
#8966=ORIENTED_EDGE('',*,*,#5955,.T.);
#8967=ORIENTED_EDGE('',*,*,#7008,.T.);
#8968=ORIENTED_EDGE('',*,*,#6689,.F.);
#8969=ORIENTED_EDGE('',*,*,#7009,.F.);
#8970=ORIENTED_EDGE('',*,*,#5956,.T.);
#8971=ORIENTED_EDGE('',*,*,#7009,.T.);
#8972=ORIENTED_EDGE('',*,*,#6688,.F.);
#8973=ORIENTED_EDGE('',*,*,#7010,.F.);
#8974=ORIENTED_EDGE('',*,*,#5957,.T.);
#8975=ORIENTED_EDGE('',*,*,#7010,.T.);
#8976=ORIENTED_EDGE('',*,*,#6687,.F.);
#8977=ORIENTED_EDGE('',*,*,#7011,.F.);
#8978=ORIENTED_EDGE('',*,*,#5958,.T.);
#8979=ORIENTED_EDGE('',*,*,#7011,.T.);
#8980=ORIENTED_EDGE('',*,*,#6686,.F.);
#8981=ORIENTED_EDGE('',*,*,#7012,.F.);
#8982=ORIENTED_EDGE('',*,*,#5959,.T.);
#8983=ORIENTED_EDGE('',*,*,#7012,.T.);
#8984=ORIENTED_EDGE('',*,*,#6685,.F.);
#8985=ORIENTED_EDGE('',*,*,#7013,.F.);
#8986=ORIENTED_EDGE('',*,*,#5960,.T.);
#8987=ORIENTED_EDGE('',*,*,#7013,.T.);
#8988=ORIENTED_EDGE('',*,*,#6684,.F.);
#8989=ORIENTED_EDGE('',*,*,#7014,.F.);
#8990=ORIENTED_EDGE('',*,*,#5961,.T.);
#8991=ORIENTED_EDGE('',*,*,#7014,.T.);
#8992=ORIENTED_EDGE('',*,*,#6683,.F.);
#8993=ORIENTED_EDGE('',*,*,#7015,.F.);
#8994=ORIENTED_EDGE('',*,*,#5962,.T.);
#8995=ORIENTED_EDGE('',*,*,#7015,.T.);
#8996=ORIENTED_EDGE('',*,*,#6682,.F.);
#8997=ORIENTED_EDGE('',*,*,#7016,.F.);
#8998=ORIENTED_EDGE('',*,*,#5963,.T.);
#8999=ORIENTED_EDGE('',*,*,#7016,.T.);
#9000=ORIENTED_EDGE('',*,*,#6681,.F.);
#9001=ORIENTED_EDGE('',*,*,#7017,.F.);
#9002=ORIENTED_EDGE('',*,*,#5964,.T.);
#9003=ORIENTED_EDGE('',*,*,#7017,.T.);
#9004=ORIENTED_EDGE('',*,*,#6680,.F.);
#9005=ORIENTED_EDGE('',*,*,#7018,.F.);
#9006=ORIENTED_EDGE('',*,*,#5965,.T.);
#9007=ORIENTED_EDGE('',*,*,#7018,.T.);
#9008=ORIENTED_EDGE('',*,*,#6679,.F.);
#9009=ORIENTED_EDGE('',*,*,#7019,.F.);
#9010=ORIENTED_EDGE('',*,*,#5966,.T.);
#9011=ORIENTED_EDGE('',*,*,#7019,.T.);
#9012=ORIENTED_EDGE('',*,*,#6678,.F.);
#9013=ORIENTED_EDGE('',*,*,#7020,.F.);
#9014=ORIENTED_EDGE('',*,*,#5967,.T.);
#9015=ORIENTED_EDGE('',*,*,#7020,.T.);
#9016=ORIENTED_EDGE('',*,*,#6677,.F.);
#9017=ORIENTED_EDGE('',*,*,#7021,.F.);
#9018=ORIENTED_EDGE('',*,*,#5968,.T.);
#9019=ORIENTED_EDGE('',*,*,#7021,.T.);
#9020=ORIENTED_EDGE('',*,*,#6676,.F.);
#9021=ORIENTED_EDGE('',*,*,#7022,.F.);
#9022=ORIENTED_EDGE('',*,*,#5969,.T.);
#9023=ORIENTED_EDGE('',*,*,#7022,.T.);
#9024=ORIENTED_EDGE('',*,*,#6675,.F.);
#9025=ORIENTED_EDGE('',*,*,#7023,.F.);
#9026=ORIENTED_EDGE('',*,*,#5970,.T.);
#9027=ORIENTED_EDGE('',*,*,#7023,.T.);
#9028=ORIENTED_EDGE('',*,*,#6674,.F.);
#9029=ORIENTED_EDGE('',*,*,#7024,.F.);
#9030=ORIENTED_EDGE('',*,*,#5971,.T.);
#9031=ORIENTED_EDGE('',*,*,#7024,.T.);
#9032=ORIENTED_EDGE('',*,*,#6673,.F.);
#9033=ORIENTED_EDGE('',*,*,#7025,.F.);
#9034=ORIENTED_EDGE('',*,*,#5972,.T.);
#9035=ORIENTED_EDGE('',*,*,#7025,.T.);
#9036=ORIENTED_EDGE('',*,*,#6672,.F.);
#9037=ORIENTED_EDGE('',*,*,#7026,.F.);
#9038=ORIENTED_EDGE('',*,*,#5973,.T.);
#9039=ORIENTED_EDGE('',*,*,#7026,.T.);
#9040=ORIENTED_EDGE('',*,*,#6671,.F.);
#9041=ORIENTED_EDGE('',*,*,#7027,.F.);
#9042=ORIENTED_EDGE('',*,*,#5974,.T.);
#9043=ORIENTED_EDGE('',*,*,#7027,.T.);
#9044=ORIENTED_EDGE('',*,*,#6670,.F.);
#9045=ORIENTED_EDGE('',*,*,#7028,.F.);
#9046=ORIENTED_EDGE('',*,*,#5975,.T.);
#9047=ORIENTED_EDGE('',*,*,#7028,.T.);
#9048=ORIENTED_EDGE('',*,*,#6669,.F.);
#9049=ORIENTED_EDGE('',*,*,#7029,.F.);
#9050=ORIENTED_EDGE('',*,*,#5976,.T.);
#9051=ORIENTED_EDGE('',*,*,#7029,.T.);
#9052=ORIENTED_EDGE('',*,*,#6668,.F.);
#9053=ORIENTED_EDGE('',*,*,#7030,.F.);
#9054=ORIENTED_EDGE('',*,*,#5977,.T.);
#9055=ORIENTED_EDGE('',*,*,#7030,.T.);
#9056=ORIENTED_EDGE('',*,*,#6667,.F.);
#9057=ORIENTED_EDGE('',*,*,#7031,.F.);
#9058=ORIENTED_EDGE('',*,*,#5978,.T.);
#9059=ORIENTED_EDGE('',*,*,#7031,.T.);
#9060=ORIENTED_EDGE('',*,*,#6666,.F.);
#9061=ORIENTED_EDGE('',*,*,#7032,.F.);
#9062=ORIENTED_EDGE('',*,*,#5979,.T.);
#9063=ORIENTED_EDGE('',*,*,#7032,.T.);
#9064=ORIENTED_EDGE('',*,*,#6665,.F.);
#9065=ORIENTED_EDGE('',*,*,#7033,.F.);
#9066=ORIENTED_EDGE('',*,*,#5980,.T.);
#9067=ORIENTED_EDGE('',*,*,#7033,.T.);
#9068=ORIENTED_EDGE('',*,*,#6664,.F.);
#9069=ORIENTED_EDGE('',*,*,#7034,.F.);
#9070=ORIENTED_EDGE('',*,*,#5981,.T.);
#9071=ORIENTED_EDGE('',*,*,#7034,.T.);
#9072=ORIENTED_EDGE('',*,*,#6663,.F.);
#9073=ORIENTED_EDGE('',*,*,#7035,.F.);
#9074=ORIENTED_EDGE('',*,*,#5982,.T.);
#9075=ORIENTED_EDGE('',*,*,#7035,.T.);
#9076=ORIENTED_EDGE('',*,*,#6662,.F.);
#9077=ORIENTED_EDGE('',*,*,#7036,.F.);
#9078=ORIENTED_EDGE('',*,*,#5983,.T.);
#9079=ORIENTED_EDGE('',*,*,#7036,.T.);
#9080=ORIENTED_EDGE('',*,*,#6661,.F.);
#9081=ORIENTED_EDGE('',*,*,#7037,.F.);
#9082=ORIENTED_EDGE('',*,*,#5984,.T.);
#9083=ORIENTED_EDGE('',*,*,#7037,.T.);
#9084=ORIENTED_EDGE('',*,*,#6660,.F.);
#9085=ORIENTED_EDGE('',*,*,#7038,.F.);
#9086=ORIENTED_EDGE('',*,*,#5985,.T.);
#9087=ORIENTED_EDGE('',*,*,#7038,.T.);
#9088=ORIENTED_EDGE('',*,*,#6659,.F.);
#9089=ORIENTED_EDGE('',*,*,#7039,.F.);
#9090=ORIENTED_EDGE('',*,*,#5986,.T.);
#9091=ORIENTED_EDGE('',*,*,#7039,.T.);
#9092=ORIENTED_EDGE('',*,*,#6658,.F.);
#9093=ORIENTED_EDGE('',*,*,#7040,.F.);
#9094=ORIENTED_EDGE('',*,*,#5987,.T.);
#9095=ORIENTED_EDGE('',*,*,#7040,.T.);
#9096=ORIENTED_EDGE('',*,*,#6657,.F.);
#9097=ORIENTED_EDGE('',*,*,#7041,.F.);
#9098=ORIENTED_EDGE('',*,*,#5988,.T.);
#9099=ORIENTED_EDGE('',*,*,#7041,.T.);
#9100=ORIENTED_EDGE('',*,*,#6656,.F.);
#9101=ORIENTED_EDGE('',*,*,#7042,.F.);
#9102=ORIENTED_EDGE('',*,*,#5989,.T.);
#9103=ORIENTED_EDGE('',*,*,#7042,.T.);
#9104=ORIENTED_EDGE('',*,*,#6655,.F.);
#9105=ORIENTED_EDGE('',*,*,#7043,.F.);
#9106=ORIENTED_EDGE('',*,*,#5990,.T.);
#9107=ORIENTED_EDGE('',*,*,#7043,.T.);
#9108=ORIENTED_EDGE('',*,*,#6654,.F.);
#9109=ORIENTED_EDGE('',*,*,#7044,.F.);
#9110=ORIENTED_EDGE('',*,*,#5991,.T.);
#9111=ORIENTED_EDGE('',*,*,#7044,.T.);
#9112=ORIENTED_EDGE('',*,*,#6653,.F.);
#9113=ORIENTED_EDGE('',*,*,#7045,.F.);
#9114=ORIENTED_EDGE('',*,*,#5992,.T.);
#9115=ORIENTED_EDGE('',*,*,#7045,.T.);
#9116=ORIENTED_EDGE('',*,*,#6652,.F.);
#9117=ORIENTED_EDGE('',*,*,#7046,.F.);
#9118=ORIENTED_EDGE('',*,*,#5993,.T.);
#9119=ORIENTED_EDGE('',*,*,#7046,.T.);
#9120=ORIENTED_EDGE('',*,*,#6651,.F.);
#9121=ORIENTED_EDGE('',*,*,#7047,.F.);
#9122=ORIENTED_EDGE('',*,*,#5994,.T.);
#9123=ORIENTED_EDGE('',*,*,#7047,.T.);
#9124=ORIENTED_EDGE('',*,*,#6650,.F.);
#9125=ORIENTED_EDGE('',*,*,#7048,.F.);
#9126=ORIENTED_EDGE('',*,*,#5995,.T.);
#9127=ORIENTED_EDGE('',*,*,#7048,.T.);
#9128=ORIENTED_EDGE('',*,*,#6649,.F.);
#9129=ORIENTED_EDGE('',*,*,#7049,.F.);
#9130=ORIENTED_EDGE('',*,*,#5996,.T.);
#9131=ORIENTED_EDGE('',*,*,#7049,.T.);
#9132=ORIENTED_EDGE('',*,*,#6648,.F.);
#9133=ORIENTED_EDGE('',*,*,#7050,.F.);
#9134=ORIENTED_EDGE('',*,*,#5997,.T.);
#9135=ORIENTED_EDGE('',*,*,#7050,.T.);
#9136=ORIENTED_EDGE('',*,*,#6647,.F.);
#9137=ORIENTED_EDGE('',*,*,#7051,.F.);
#9138=ORIENTED_EDGE('',*,*,#5998,.T.);
#9139=ORIENTED_EDGE('',*,*,#7051,.T.);
#9140=ORIENTED_EDGE('',*,*,#6646,.F.);
#9141=ORIENTED_EDGE('',*,*,#7052,.F.);
#9142=ORIENTED_EDGE('',*,*,#5999,.T.);
#9143=ORIENTED_EDGE('',*,*,#7052,.T.);
#9144=ORIENTED_EDGE('',*,*,#6645,.F.);
#9145=ORIENTED_EDGE('',*,*,#7053,.F.);
#9146=ORIENTED_EDGE('',*,*,#6000,.T.);
#9147=ORIENTED_EDGE('',*,*,#7053,.T.);
#9148=ORIENTED_EDGE('',*,*,#6644,.F.);
#9149=ORIENTED_EDGE('',*,*,#7054,.F.);
#9150=ORIENTED_EDGE('',*,*,#6001,.T.);
#9151=ORIENTED_EDGE('',*,*,#7054,.T.);
#9152=ORIENTED_EDGE('',*,*,#6643,.F.);
#9153=ORIENTED_EDGE('',*,*,#7055,.F.);
#9154=ORIENTED_EDGE('',*,*,#6002,.T.);
#9155=ORIENTED_EDGE('',*,*,#7055,.T.);
#9156=ORIENTED_EDGE('',*,*,#6642,.F.);
#9157=ORIENTED_EDGE('',*,*,#7056,.F.);
#9158=ORIENTED_EDGE('',*,*,#6003,.T.);
#9159=ORIENTED_EDGE('',*,*,#7056,.T.);
#9160=ORIENTED_EDGE('',*,*,#6641,.F.);
#9161=ORIENTED_EDGE('',*,*,#7057,.F.);
#9162=ORIENTED_EDGE('',*,*,#6004,.T.);
#9163=ORIENTED_EDGE('',*,*,#7057,.T.);
#9164=ORIENTED_EDGE('',*,*,#6640,.F.);
#9165=ORIENTED_EDGE('',*,*,#7058,.F.);
#9166=ORIENTED_EDGE('',*,*,#6005,.T.);
#9167=ORIENTED_EDGE('',*,*,#7058,.T.);
#9168=ORIENTED_EDGE('',*,*,#6639,.F.);
#9169=ORIENTED_EDGE('',*,*,#7059,.F.);
#9170=ORIENTED_EDGE('',*,*,#6006,.T.);
#9171=ORIENTED_EDGE('',*,*,#7059,.T.);
#9172=ORIENTED_EDGE('',*,*,#6638,.F.);
#9173=ORIENTED_EDGE('',*,*,#7006,.F.);
#9174=ORIENTED_EDGE('',*,*,#6007,.T.);
#9175=ORIENTED_EDGE('',*,*,#7060,.T.);
#9176=ORIENTED_EDGE('',*,*,#6704,.F.);
#9177=ORIENTED_EDGE('',*,*,#7061,.F.);
#9178=ORIENTED_EDGE('',*,*,#6021,.T.);
#9179=ORIENTED_EDGE('',*,*,#7061,.T.);
#9180=ORIENTED_EDGE('',*,*,#6703,.F.);
#9181=ORIENTED_EDGE('',*,*,#7062,.F.);
#9182=ORIENTED_EDGE('',*,*,#6009,.T.);
#9183=ORIENTED_EDGE('',*,*,#7062,.T.);
#9184=ORIENTED_EDGE('',*,*,#6702,.F.);
#9185=ORIENTED_EDGE('',*,*,#7063,.F.);
#9186=ORIENTED_EDGE('',*,*,#6010,.T.);
#9187=ORIENTED_EDGE('',*,*,#7063,.T.);
#9188=ORIENTED_EDGE('',*,*,#6701,.F.);
#9189=ORIENTED_EDGE('',*,*,#7064,.F.);
#9190=ORIENTED_EDGE('',*,*,#6011,.T.);
#9191=ORIENTED_EDGE('',*,*,#7064,.T.);
#9192=ORIENTED_EDGE('',*,*,#6700,.F.);
#9193=ORIENTED_EDGE('',*,*,#7065,.F.);
#9194=ORIENTED_EDGE('',*,*,#6012,.T.);
#9195=ORIENTED_EDGE('',*,*,#7065,.T.);
#9196=ORIENTED_EDGE('',*,*,#6699,.F.);
#9197=ORIENTED_EDGE('',*,*,#7066,.F.);
#9198=ORIENTED_EDGE('',*,*,#6013,.T.);
#9199=ORIENTED_EDGE('',*,*,#7066,.T.);
#9200=ORIENTED_EDGE('',*,*,#6698,.F.);
#9201=ORIENTED_EDGE('',*,*,#7067,.F.);
#9202=ORIENTED_EDGE('',*,*,#6014,.T.);
#9203=ORIENTED_EDGE('',*,*,#7067,.T.);
#9204=ORIENTED_EDGE('',*,*,#6697,.F.);
#9205=ORIENTED_EDGE('',*,*,#7068,.F.);
#9206=ORIENTED_EDGE('',*,*,#6015,.T.);
#9207=ORIENTED_EDGE('',*,*,#7068,.T.);
#9208=ORIENTED_EDGE('',*,*,#6696,.F.);
#9209=ORIENTED_EDGE('',*,*,#7069,.F.);
#9210=ORIENTED_EDGE('',*,*,#6016,.T.);
#9211=ORIENTED_EDGE('',*,*,#7069,.T.);
#9212=ORIENTED_EDGE('',*,*,#6695,.F.);
#9213=ORIENTED_EDGE('',*,*,#7070,.F.);
#9214=ORIENTED_EDGE('',*,*,#6017,.T.);
#9215=ORIENTED_EDGE('',*,*,#7070,.T.);
#9216=ORIENTED_EDGE('',*,*,#6694,.F.);
#9217=ORIENTED_EDGE('',*,*,#7071,.F.);
#9218=ORIENTED_EDGE('',*,*,#6018,.T.);
#9219=ORIENTED_EDGE('',*,*,#7071,.T.);
#9220=ORIENTED_EDGE('',*,*,#6693,.F.);
#9221=ORIENTED_EDGE('',*,*,#7072,.F.);
#9222=ORIENTED_EDGE('',*,*,#6019,.T.);
#9223=ORIENTED_EDGE('',*,*,#7072,.T.);
#9224=ORIENTED_EDGE('',*,*,#6692,.F.);
#9225=ORIENTED_EDGE('',*,*,#7060,.F.);
#9226=ORIENTED_EDGE('',*,*,#6020,.T.);
#9227=ORIENTED_EDGE('',*,*,#7073,.T.);
#9228=ORIENTED_EDGE('',*,*,#6708,.F.);
#9229=ORIENTED_EDGE('',*,*,#7074,.F.);
#9230=ORIENTED_EDGE('',*,*,#6025,.T.);
#9231=ORIENTED_EDGE('',*,*,#7074,.T.);
#9232=ORIENTED_EDGE('',*,*,#6707,.F.);
#9233=ORIENTED_EDGE('',*,*,#7075,.F.);
#9234=ORIENTED_EDGE('',*,*,#6022,.T.);
#9235=ORIENTED_EDGE('',*,*,#7075,.T.);
#9236=ORIENTED_EDGE('',*,*,#6706,.F.);
#9237=ORIENTED_EDGE('',*,*,#7076,.F.);
#9238=ORIENTED_EDGE('',*,*,#6023,.T.);
#9239=ORIENTED_EDGE('',*,*,#7076,.T.);
#9240=ORIENTED_EDGE('',*,*,#6705,.F.);
#9241=ORIENTED_EDGE('',*,*,#7073,.F.);
#9242=ORIENTED_EDGE('',*,*,#6024,.T.);
#9243=ORIENTED_EDGE('',*,*,#7077,.T.);
#9244=ORIENTED_EDGE('',*,*,#6716,.F.);
#9245=ORIENTED_EDGE('',*,*,#7078,.F.);
#9246=ORIENTED_EDGE('',*,*,#6033,.T.);
#9247=ORIENTED_EDGE('',*,*,#7078,.T.);
#9248=ORIENTED_EDGE('',*,*,#6715,.F.);
#9249=ORIENTED_EDGE('',*,*,#7079,.F.);
#9250=ORIENTED_EDGE('',*,*,#6026,.T.);
#9251=ORIENTED_EDGE('',*,*,#7079,.T.);
#9252=ORIENTED_EDGE('',*,*,#6714,.F.);
#9253=ORIENTED_EDGE('',*,*,#7080,.F.);
#9254=ORIENTED_EDGE('',*,*,#6027,.T.);
#9255=ORIENTED_EDGE('',*,*,#7080,.T.);
#9256=ORIENTED_EDGE('',*,*,#6713,.F.);
#9257=ORIENTED_EDGE('',*,*,#7081,.F.);
#9258=ORIENTED_EDGE('',*,*,#6028,.T.);
#9259=ORIENTED_EDGE('',*,*,#7081,.T.);
#9260=ORIENTED_EDGE('',*,*,#6712,.F.);
#9261=ORIENTED_EDGE('',*,*,#7082,.F.);
#9262=ORIENTED_EDGE('',*,*,#6029,.T.);
#9263=ORIENTED_EDGE('',*,*,#7082,.T.);
#9264=ORIENTED_EDGE('',*,*,#6711,.F.);
#9265=ORIENTED_EDGE('',*,*,#7083,.F.);
#9266=ORIENTED_EDGE('',*,*,#6030,.T.);
#9267=ORIENTED_EDGE('',*,*,#7083,.T.);
#9268=ORIENTED_EDGE('',*,*,#6710,.F.);
#9269=ORIENTED_EDGE('',*,*,#7084,.F.);
#9270=ORIENTED_EDGE('',*,*,#6031,.T.);
#9271=ORIENTED_EDGE('',*,*,#7084,.T.);
#9272=ORIENTED_EDGE('',*,*,#6709,.F.);
#9273=ORIENTED_EDGE('',*,*,#7077,.F.);
#9274=ORIENTED_EDGE('',*,*,#6032,.T.);
#9275=ORIENTED_EDGE('',*,*,#7085,.T.);
#9276=ORIENTED_EDGE('',*,*,#6756,.F.);
#9277=ORIENTED_EDGE('',*,*,#7086,.F.);
#9278=ORIENTED_EDGE('',*,*,#6073,.T.);
#9279=ORIENTED_EDGE('',*,*,#7086,.T.);
#9280=ORIENTED_EDGE('',*,*,#6755,.F.);
#9281=ORIENTED_EDGE('',*,*,#7087,.F.);
#9282=ORIENTED_EDGE('',*,*,#6034,.T.);
#9283=ORIENTED_EDGE('',*,*,#7087,.T.);
#9284=ORIENTED_EDGE('',*,*,#6754,.F.);
#9285=ORIENTED_EDGE('',*,*,#7088,.F.);
#9286=ORIENTED_EDGE('',*,*,#6035,.T.);
#9287=ORIENTED_EDGE('',*,*,#7088,.T.);
#9288=ORIENTED_EDGE('',*,*,#6753,.F.);
#9289=ORIENTED_EDGE('',*,*,#7089,.F.);
#9290=ORIENTED_EDGE('',*,*,#6036,.T.);
#9291=ORIENTED_EDGE('',*,*,#7089,.T.);
#9292=ORIENTED_EDGE('',*,*,#6752,.F.);
#9293=ORIENTED_EDGE('',*,*,#7090,.F.);
#9294=ORIENTED_EDGE('',*,*,#6037,.T.);
#9295=ORIENTED_EDGE('',*,*,#7090,.T.);
#9296=ORIENTED_EDGE('',*,*,#6751,.F.);
#9297=ORIENTED_EDGE('',*,*,#7091,.F.);
#9298=ORIENTED_EDGE('',*,*,#6038,.T.);
#9299=ORIENTED_EDGE('',*,*,#7091,.T.);
#9300=ORIENTED_EDGE('',*,*,#6750,.F.);
#9301=ORIENTED_EDGE('',*,*,#7092,.F.);
#9302=ORIENTED_EDGE('',*,*,#6039,.T.);
#9303=ORIENTED_EDGE('',*,*,#7092,.T.);
#9304=ORIENTED_EDGE('',*,*,#6749,.F.);
#9305=ORIENTED_EDGE('',*,*,#7093,.F.);
#9306=ORIENTED_EDGE('',*,*,#6040,.T.);
#9307=ORIENTED_EDGE('',*,*,#7093,.T.);
#9308=ORIENTED_EDGE('',*,*,#6748,.F.);
#9309=ORIENTED_EDGE('',*,*,#7094,.F.);
#9310=ORIENTED_EDGE('',*,*,#6041,.T.);
#9311=ORIENTED_EDGE('',*,*,#7094,.T.);
#9312=ORIENTED_EDGE('',*,*,#6747,.F.);
#9313=ORIENTED_EDGE('',*,*,#7095,.F.);
#9314=ORIENTED_EDGE('',*,*,#6042,.T.);
#9315=ORIENTED_EDGE('',*,*,#7095,.T.);
#9316=ORIENTED_EDGE('',*,*,#6746,.F.);
#9317=ORIENTED_EDGE('',*,*,#7096,.F.);
#9318=ORIENTED_EDGE('',*,*,#6043,.T.);
#9319=ORIENTED_EDGE('',*,*,#7096,.T.);
#9320=ORIENTED_EDGE('',*,*,#6745,.F.);
#9321=ORIENTED_EDGE('',*,*,#7097,.F.);
#9322=ORIENTED_EDGE('',*,*,#6044,.T.);
#9323=ORIENTED_EDGE('',*,*,#7097,.T.);
#9324=ORIENTED_EDGE('',*,*,#6744,.F.);
#9325=ORIENTED_EDGE('',*,*,#7098,.F.);
#9326=ORIENTED_EDGE('',*,*,#6045,.T.);
#9327=ORIENTED_EDGE('',*,*,#7098,.T.);
#9328=ORIENTED_EDGE('',*,*,#6743,.F.);
#9329=ORIENTED_EDGE('',*,*,#7099,.F.);
#9330=ORIENTED_EDGE('',*,*,#6046,.T.);
#9331=ORIENTED_EDGE('',*,*,#7099,.T.);
#9332=ORIENTED_EDGE('',*,*,#6742,.F.);
#9333=ORIENTED_EDGE('',*,*,#7100,.F.);
#9334=ORIENTED_EDGE('',*,*,#6047,.T.);
#9335=ORIENTED_EDGE('',*,*,#7100,.T.);
#9336=ORIENTED_EDGE('',*,*,#6741,.F.);
#9337=ORIENTED_EDGE('',*,*,#7101,.F.);
#9338=ORIENTED_EDGE('',*,*,#6048,.T.);
#9339=ORIENTED_EDGE('',*,*,#7101,.T.);
#9340=ORIENTED_EDGE('',*,*,#6740,.F.);
#9341=ORIENTED_EDGE('',*,*,#7102,.F.);
#9342=ORIENTED_EDGE('',*,*,#6049,.T.);
#9343=ORIENTED_EDGE('',*,*,#7102,.T.);
#9344=ORIENTED_EDGE('',*,*,#6739,.F.);
#9345=ORIENTED_EDGE('',*,*,#7103,.F.);
#9346=ORIENTED_EDGE('',*,*,#6050,.T.);
#9347=ORIENTED_EDGE('',*,*,#7103,.T.);
#9348=ORIENTED_EDGE('',*,*,#6738,.F.);
#9349=ORIENTED_EDGE('',*,*,#7104,.F.);
#9350=ORIENTED_EDGE('',*,*,#6051,.T.);
#9351=ORIENTED_EDGE('',*,*,#7104,.T.);
#9352=ORIENTED_EDGE('',*,*,#6737,.F.);
#9353=ORIENTED_EDGE('',*,*,#7105,.F.);
#9354=ORIENTED_EDGE('',*,*,#6052,.T.);
#9355=ORIENTED_EDGE('',*,*,#7105,.T.);
#9356=ORIENTED_EDGE('',*,*,#6736,.F.);
#9357=ORIENTED_EDGE('',*,*,#7106,.F.);
#9358=ORIENTED_EDGE('',*,*,#6053,.T.);
#9359=ORIENTED_EDGE('',*,*,#7106,.T.);
#9360=ORIENTED_EDGE('',*,*,#6735,.F.);
#9361=ORIENTED_EDGE('',*,*,#7107,.F.);
#9362=ORIENTED_EDGE('',*,*,#6054,.T.);
#9363=ORIENTED_EDGE('',*,*,#7107,.T.);
#9364=ORIENTED_EDGE('',*,*,#6734,.F.);
#9365=ORIENTED_EDGE('',*,*,#7108,.F.);
#9366=ORIENTED_EDGE('',*,*,#6055,.T.);
#9367=ORIENTED_EDGE('',*,*,#7108,.T.);
#9368=ORIENTED_EDGE('',*,*,#6733,.F.);
#9369=ORIENTED_EDGE('',*,*,#7109,.F.);
#9370=ORIENTED_EDGE('',*,*,#6056,.T.);
#9371=ORIENTED_EDGE('',*,*,#7109,.T.);
#9372=ORIENTED_EDGE('',*,*,#6732,.F.);
#9373=ORIENTED_EDGE('',*,*,#7110,.F.);
#9374=ORIENTED_EDGE('',*,*,#6057,.T.);
#9375=ORIENTED_EDGE('',*,*,#7110,.T.);
#9376=ORIENTED_EDGE('',*,*,#6731,.F.);
#9377=ORIENTED_EDGE('',*,*,#7111,.F.);
#9378=ORIENTED_EDGE('',*,*,#6058,.T.);
#9379=ORIENTED_EDGE('',*,*,#7111,.T.);
#9380=ORIENTED_EDGE('',*,*,#6730,.F.);
#9381=ORIENTED_EDGE('',*,*,#7112,.F.);
#9382=ORIENTED_EDGE('',*,*,#6059,.T.);
#9383=ORIENTED_EDGE('',*,*,#7112,.T.);
#9384=ORIENTED_EDGE('',*,*,#6729,.F.);
#9385=ORIENTED_EDGE('',*,*,#7113,.F.);
#9386=ORIENTED_EDGE('',*,*,#6060,.T.);
#9387=ORIENTED_EDGE('',*,*,#7113,.T.);
#9388=ORIENTED_EDGE('',*,*,#6728,.F.);
#9389=ORIENTED_EDGE('',*,*,#7114,.F.);
#9390=ORIENTED_EDGE('',*,*,#6061,.T.);
#9391=ORIENTED_EDGE('',*,*,#7114,.T.);
#9392=ORIENTED_EDGE('',*,*,#6727,.F.);
#9393=ORIENTED_EDGE('',*,*,#7115,.F.);
#9394=ORIENTED_EDGE('',*,*,#6062,.T.);
#9395=ORIENTED_EDGE('',*,*,#7115,.T.);
#9396=ORIENTED_EDGE('',*,*,#6726,.F.);
#9397=ORIENTED_EDGE('',*,*,#7116,.F.);
#9398=ORIENTED_EDGE('',*,*,#6063,.T.);
#9399=ORIENTED_EDGE('',*,*,#7116,.T.);
#9400=ORIENTED_EDGE('',*,*,#6725,.F.);
#9401=ORIENTED_EDGE('',*,*,#7117,.F.);
#9402=ORIENTED_EDGE('',*,*,#6064,.T.);
#9403=ORIENTED_EDGE('',*,*,#7117,.T.);
#9404=ORIENTED_EDGE('',*,*,#6724,.F.);
#9405=ORIENTED_EDGE('',*,*,#7118,.F.);
#9406=ORIENTED_EDGE('',*,*,#6065,.T.);
#9407=ORIENTED_EDGE('',*,*,#7118,.T.);
#9408=ORIENTED_EDGE('',*,*,#6723,.F.);
#9409=ORIENTED_EDGE('',*,*,#7119,.F.);
#9410=ORIENTED_EDGE('',*,*,#6066,.T.);
#9411=ORIENTED_EDGE('',*,*,#7119,.T.);
#9412=ORIENTED_EDGE('',*,*,#6722,.F.);
#9413=ORIENTED_EDGE('',*,*,#7120,.F.);
#9414=ORIENTED_EDGE('',*,*,#6067,.T.);
#9415=ORIENTED_EDGE('',*,*,#7120,.T.);
#9416=ORIENTED_EDGE('',*,*,#6721,.F.);
#9417=ORIENTED_EDGE('',*,*,#7121,.F.);
#9418=ORIENTED_EDGE('',*,*,#6068,.T.);
#9419=ORIENTED_EDGE('',*,*,#7121,.T.);
#9420=ORIENTED_EDGE('',*,*,#6720,.F.);
#9421=ORIENTED_EDGE('',*,*,#7122,.F.);
#9422=ORIENTED_EDGE('',*,*,#6069,.T.);
#9423=ORIENTED_EDGE('',*,*,#7122,.T.);
#9424=ORIENTED_EDGE('',*,*,#6719,.F.);
#9425=ORIENTED_EDGE('',*,*,#7123,.F.);
#9426=ORIENTED_EDGE('',*,*,#6070,.T.);
#9427=ORIENTED_EDGE('',*,*,#7123,.T.);
#9428=ORIENTED_EDGE('',*,*,#6718,.F.);
#9429=ORIENTED_EDGE('',*,*,#7124,.F.);
#9430=ORIENTED_EDGE('',*,*,#6071,.T.);
#9431=ORIENTED_EDGE('',*,*,#7124,.T.);
#9432=ORIENTED_EDGE('',*,*,#6717,.F.);
#9433=ORIENTED_EDGE('',*,*,#7085,.F.);
#9434=ORIENTED_EDGE('',*,*,#6072,.T.);
#9435=ORIENTED_EDGE('',*,*,#7125,.T.);
#9436=ORIENTED_EDGE('',*,*,#6768,.F.);
#9437=ORIENTED_EDGE('',*,*,#7126,.F.);
#9438=ORIENTED_EDGE('',*,*,#6085,.T.);
#9439=ORIENTED_EDGE('',*,*,#7126,.T.);
#9440=ORIENTED_EDGE('',*,*,#6767,.F.);
#9441=ORIENTED_EDGE('',*,*,#7127,.F.);
#9442=ORIENTED_EDGE('',*,*,#6074,.T.);
#9443=ORIENTED_EDGE('',*,*,#7127,.T.);
#9444=ORIENTED_EDGE('',*,*,#6766,.F.);
#9445=ORIENTED_EDGE('',*,*,#7128,.F.);
#9446=ORIENTED_EDGE('',*,*,#6075,.T.);
#9447=ORIENTED_EDGE('',*,*,#7128,.T.);
#9448=ORIENTED_EDGE('',*,*,#6765,.F.);
#9449=ORIENTED_EDGE('',*,*,#7129,.F.);
#9450=ORIENTED_EDGE('',*,*,#6076,.T.);
#9451=ORIENTED_EDGE('',*,*,#7129,.T.);
#9452=ORIENTED_EDGE('',*,*,#6764,.F.);
#9453=ORIENTED_EDGE('',*,*,#7130,.F.);
#9454=ORIENTED_EDGE('',*,*,#6077,.T.);
#9455=ORIENTED_EDGE('',*,*,#7130,.T.);
#9456=ORIENTED_EDGE('',*,*,#6763,.F.);
#9457=ORIENTED_EDGE('',*,*,#7131,.F.);
#9458=ORIENTED_EDGE('',*,*,#6078,.T.);
#9459=ORIENTED_EDGE('',*,*,#7131,.T.);
#9460=ORIENTED_EDGE('',*,*,#6762,.F.);
#9461=ORIENTED_EDGE('',*,*,#7132,.F.);
#9462=ORIENTED_EDGE('',*,*,#6079,.T.);
#9463=ORIENTED_EDGE('',*,*,#7132,.T.);
#9464=ORIENTED_EDGE('',*,*,#6761,.F.);
#9465=ORIENTED_EDGE('',*,*,#7133,.F.);
#9466=ORIENTED_EDGE('',*,*,#6080,.T.);
#9467=ORIENTED_EDGE('',*,*,#7133,.T.);
#9468=ORIENTED_EDGE('',*,*,#6760,.F.);
#9469=ORIENTED_EDGE('',*,*,#7134,.F.);
#9470=ORIENTED_EDGE('',*,*,#6081,.T.);
#9471=ORIENTED_EDGE('',*,*,#7134,.T.);
#9472=ORIENTED_EDGE('',*,*,#6759,.F.);
#9473=ORIENTED_EDGE('',*,*,#7135,.F.);
#9474=ORIENTED_EDGE('',*,*,#6082,.T.);
#9475=ORIENTED_EDGE('',*,*,#7135,.T.);
#9476=ORIENTED_EDGE('',*,*,#6758,.F.);
#9477=ORIENTED_EDGE('',*,*,#7136,.F.);
#9478=ORIENTED_EDGE('',*,*,#6083,.T.);
#9479=ORIENTED_EDGE('',*,*,#7136,.T.);
#9480=ORIENTED_EDGE('',*,*,#6757,.F.);
#9481=ORIENTED_EDGE('',*,*,#7125,.F.);
#9482=ORIENTED_EDGE('',*,*,#6084,.T.);
#9483=ORIENTED_EDGE('',*,*,#7137,.T.);
#9484=ORIENTED_EDGE('',*,*,#6808,.F.);
#9485=ORIENTED_EDGE('',*,*,#7138,.F.);
#9486=ORIENTED_EDGE('',*,*,#6125,.T.);
#9487=ORIENTED_EDGE('',*,*,#7138,.T.);
#9488=ORIENTED_EDGE('',*,*,#6807,.F.);
#9489=ORIENTED_EDGE('',*,*,#7139,.F.);
#9490=ORIENTED_EDGE('',*,*,#6086,.T.);
#9491=ORIENTED_EDGE('',*,*,#7139,.T.);
#9492=ORIENTED_EDGE('',*,*,#6806,.F.);
#9493=ORIENTED_EDGE('',*,*,#7140,.F.);
#9494=ORIENTED_EDGE('',*,*,#6087,.T.);
#9495=ORIENTED_EDGE('',*,*,#7140,.T.);
#9496=ORIENTED_EDGE('',*,*,#6805,.F.);
#9497=ORIENTED_EDGE('',*,*,#7141,.F.);
#9498=ORIENTED_EDGE('',*,*,#6088,.T.);
#9499=ORIENTED_EDGE('',*,*,#7141,.T.);
#9500=ORIENTED_EDGE('',*,*,#6804,.F.);
#9501=ORIENTED_EDGE('',*,*,#7142,.F.);
#9502=ORIENTED_EDGE('',*,*,#6089,.T.);
#9503=ORIENTED_EDGE('',*,*,#7142,.T.);
#9504=ORIENTED_EDGE('',*,*,#6803,.F.);
#9505=ORIENTED_EDGE('',*,*,#7143,.F.);
#9506=ORIENTED_EDGE('',*,*,#6090,.T.);
#9507=ORIENTED_EDGE('',*,*,#7143,.T.);
#9508=ORIENTED_EDGE('',*,*,#6802,.F.);
#9509=ORIENTED_EDGE('',*,*,#7144,.F.);
#9510=ORIENTED_EDGE('',*,*,#6091,.T.);
#9511=ORIENTED_EDGE('',*,*,#7144,.T.);
#9512=ORIENTED_EDGE('',*,*,#6801,.F.);
#9513=ORIENTED_EDGE('',*,*,#7145,.F.);
#9514=ORIENTED_EDGE('',*,*,#6092,.T.);
#9515=ORIENTED_EDGE('',*,*,#7145,.T.);
#9516=ORIENTED_EDGE('',*,*,#6800,.F.);
#9517=ORIENTED_EDGE('',*,*,#7146,.F.);
#9518=ORIENTED_EDGE('',*,*,#6093,.T.);
#9519=ORIENTED_EDGE('',*,*,#7146,.T.);
#9520=ORIENTED_EDGE('',*,*,#6799,.F.);
#9521=ORIENTED_EDGE('',*,*,#7147,.F.);
#9522=ORIENTED_EDGE('',*,*,#6094,.T.);
#9523=ORIENTED_EDGE('',*,*,#7147,.T.);
#9524=ORIENTED_EDGE('',*,*,#6798,.F.);
#9525=ORIENTED_EDGE('',*,*,#7148,.F.);
#9526=ORIENTED_EDGE('',*,*,#6095,.T.);
#9527=ORIENTED_EDGE('',*,*,#7148,.T.);
#9528=ORIENTED_EDGE('',*,*,#6797,.F.);
#9529=ORIENTED_EDGE('',*,*,#7149,.F.);
#9530=ORIENTED_EDGE('',*,*,#6096,.T.);
#9531=ORIENTED_EDGE('',*,*,#7149,.T.);
#9532=ORIENTED_EDGE('',*,*,#6796,.F.);
#9533=ORIENTED_EDGE('',*,*,#7150,.F.);
#9534=ORIENTED_EDGE('',*,*,#6097,.T.);
#9535=ORIENTED_EDGE('',*,*,#7150,.T.);
#9536=ORIENTED_EDGE('',*,*,#6795,.F.);
#9537=ORIENTED_EDGE('',*,*,#7151,.F.);
#9538=ORIENTED_EDGE('',*,*,#6098,.T.);
#9539=ORIENTED_EDGE('',*,*,#7151,.T.);
#9540=ORIENTED_EDGE('',*,*,#6794,.F.);
#9541=ORIENTED_EDGE('',*,*,#7152,.F.);
#9542=ORIENTED_EDGE('',*,*,#6099,.T.);
#9543=ORIENTED_EDGE('',*,*,#7152,.T.);
#9544=ORIENTED_EDGE('',*,*,#6793,.F.);
#9545=ORIENTED_EDGE('',*,*,#7153,.F.);
#9546=ORIENTED_EDGE('',*,*,#6100,.T.);
#9547=ORIENTED_EDGE('',*,*,#7153,.T.);
#9548=ORIENTED_EDGE('',*,*,#6792,.F.);
#9549=ORIENTED_EDGE('',*,*,#7154,.F.);
#9550=ORIENTED_EDGE('',*,*,#6101,.T.);
#9551=ORIENTED_EDGE('',*,*,#7154,.T.);
#9552=ORIENTED_EDGE('',*,*,#6791,.F.);
#9553=ORIENTED_EDGE('',*,*,#7155,.F.);
#9554=ORIENTED_EDGE('',*,*,#6102,.T.);
#9555=ORIENTED_EDGE('',*,*,#7155,.T.);
#9556=ORIENTED_EDGE('',*,*,#6790,.F.);
#9557=ORIENTED_EDGE('',*,*,#7156,.F.);
#9558=ORIENTED_EDGE('',*,*,#6103,.T.);
#9559=ORIENTED_EDGE('',*,*,#7156,.T.);
#9560=ORIENTED_EDGE('',*,*,#6789,.F.);
#9561=ORIENTED_EDGE('',*,*,#7157,.F.);
#9562=ORIENTED_EDGE('',*,*,#6104,.T.);
#9563=ORIENTED_EDGE('',*,*,#7157,.T.);
#9564=ORIENTED_EDGE('',*,*,#6788,.F.);
#9565=ORIENTED_EDGE('',*,*,#7158,.F.);
#9566=ORIENTED_EDGE('',*,*,#6105,.T.);
#9567=ORIENTED_EDGE('',*,*,#7158,.T.);
#9568=ORIENTED_EDGE('',*,*,#6787,.F.);
#9569=ORIENTED_EDGE('',*,*,#7159,.F.);
#9570=ORIENTED_EDGE('',*,*,#6106,.T.);
#9571=ORIENTED_EDGE('',*,*,#7159,.T.);
#9572=ORIENTED_EDGE('',*,*,#6786,.F.);
#9573=ORIENTED_EDGE('',*,*,#7160,.F.);
#9574=ORIENTED_EDGE('',*,*,#6107,.T.);
#9575=ORIENTED_EDGE('',*,*,#7160,.T.);
#9576=ORIENTED_EDGE('',*,*,#6785,.F.);
#9577=ORIENTED_EDGE('',*,*,#7161,.F.);
#9578=ORIENTED_EDGE('',*,*,#6108,.T.);
#9579=ORIENTED_EDGE('',*,*,#7161,.T.);
#9580=ORIENTED_EDGE('',*,*,#6784,.F.);
#9581=ORIENTED_EDGE('',*,*,#7162,.F.);
#9582=ORIENTED_EDGE('',*,*,#6109,.T.);
#9583=ORIENTED_EDGE('',*,*,#7162,.T.);
#9584=ORIENTED_EDGE('',*,*,#6783,.F.);
#9585=ORIENTED_EDGE('',*,*,#7163,.F.);
#9586=ORIENTED_EDGE('',*,*,#6110,.T.);
#9587=ORIENTED_EDGE('',*,*,#7163,.T.);
#9588=ORIENTED_EDGE('',*,*,#6782,.F.);
#9589=ORIENTED_EDGE('',*,*,#7164,.F.);
#9590=ORIENTED_EDGE('',*,*,#6111,.T.);
#9591=ORIENTED_EDGE('',*,*,#7164,.T.);
#9592=ORIENTED_EDGE('',*,*,#6781,.F.);
#9593=ORIENTED_EDGE('',*,*,#7165,.F.);
#9594=ORIENTED_EDGE('',*,*,#6112,.T.);
#9595=ORIENTED_EDGE('',*,*,#7165,.T.);
#9596=ORIENTED_EDGE('',*,*,#6780,.F.);
#9597=ORIENTED_EDGE('',*,*,#7166,.F.);
#9598=ORIENTED_EDGE('',*,*,#6113,.T.);
#9599=ORIENTED_EDGE('',*,*,#7166,.T.);
#9600=ORIENTED_EDGE('',*,*,#6779,.F.);
#9601=ORIENTED_EDGE('',*,*,#7167,.F.);
#9602=ORIENTED_EDGE('',*,*,#6114,.T.);
#9603=ORIENTED_EDGE('',*,*,#7167,.T.);
#9604=ORIENTED_EDGE('',*,*,#6778,.F.);
#9605=ORIENTED_EDGE('',*,*,#7168,.F.);
#9606=ORIENTED_EDGE('',*,*,#6115,.T.);
#9607=ORIENTED_EDGE('',*,*,#7168,.T.);
#9608=ORIENTED_EDGE('',*,*,#6777,.F.);
#9609=ORIENTED_EDGE('',*,*,#7169,.F.);
#9610=ORIENTED_EDGE('',*,*,#6116,.T.);
#9611=ORIENTED_EDGE('',*,*,#7169,.T.);
#9612=ORIENTED_EDGE('',*,*,#6776,.F.);
#9613=ORIENTED_EDGE('',*,*,#7170,.F.);
#9614=ORIENTED_EDGE('',*,*,#6117,.T.);
#9615=ORIENTED_EDGE('',*,*,#7170,.T.);
#9616=ORIENTED_EDGE('',*,*,#6775,.F.);
#9617=ORIENTED_EDGE('',*,*,#7171,.F.);
#9618=ORIENTED_EDGE('',*,*,#6118,.T.);
#9619=ORIENTED_EDGE('',*,*,#7171,.T.);
#9620=ORIENTED_EDGE('',*,*,#6774,.F.);
#9621=ORIENTED_EDGE('',*,*,#7172,.F.);
#9622=ORIENTED_EDGE('',*,*,#6119,.T.);
#9623=ORIENTED_EDGE('',*,*,#7172,.T.);
#9624=ORIENTED_EDGE('',*,*,#6773,.F.);
#9625=ORIENTED_EDGE('',*,*,#7173,.F.);
#9626=ORIENTED_EDGE('',*,*,#6120,.T.);
#9627=ORIENTED_EDGE('',*,*,#7173,.T.);
#9628=ORIENTED_EDGE('',*,*,#6772,.F.);
#9629=ORIENTED_EDGE('',*,*,#7174,.F.);
#9630=ORIENTED_EDGE('',*,*,#6121,.T.);
#9631=ORIENTED_EDGE('',*,*,#7174,.T.);
#9632=ORIENTED_EDGE('',*,*,#6771,.F.);
#9633=ORIENTED_EDGE('',*,*,#7175,.F.);
#9634=ORIENTED_EDGE('',*,*,#6122,.T.);
#9635=ORIENTED_EDGE('',*,*,#7175,.T.);
#9636=ORIENTED_EDGE('',*,*,#6770,.F.);
#9637=ORIENTED_EDGE('',*,*,#7176,.F.);
#9638=ORIENTED_EDGE('',*,*,#6123,.T.);
#9639=ORIENTED_EDGE('',*,*,#7176,.T.);
#9640=ORIENTED_EDGE('',*,*,#6769,.F.);
#9641=ORIENTED_EDGE('',*,*,#7137,.F.);
#9642=ORIENTED_EDGE('',*,*,#6124,.T.);
#9643=ORIENTED_EDGE('',*,*,#7177,.T.);
#9644=ORIENTED_EDGE('',*,*,#6851,.F.);
#9645=ORIENTED_EDGE('',*,*,#7178,.F.);
#9646=ORIENTED_EDGE('',*,*,#6288,.T.);
#9647=ORIENTED_EDGE('',*,*,#7178,.T.);
#9648=ORIENTED_EDGE('',*,*,#6850,.F.);
#9649=ORIENTED_EDGE('',*,*,#7179,.F.);
#9650=ORIENTED_EDGE('',*,*,#6269,.T.);
#9651=ORIENTED_EDGE('',*,*,#7179,.T.);
#9652=ORIENTED_EDGE('',*,*,#6849,.F.);
#9653=ORIENTED_EDGE('',*,*,#7180,.F.);
#9654=ORIENTED_EDGE('',*,*,#6270,.T.);
#9655=ORIENTED_EDGE('',*,*,#7180,.T.);
#9656=ORIENTED_EDGE('',*,*,#6848,.F.);
#9657=ORIENTED_EDGE('',*,*,#7181,.F.);
#9658=ORIENTED_EDGE('',*,*,#6271,.T.);
#9659=ORIENTED_EDGE('',*,*,#7181,.T.);
#9660=ORIENTED_EDGE('',*,*,#6847,.F.);
#9661=ORIENTED_EDGE('',*,*,#7182,.F.);
#9662=ORIENTED_EDGE('',*,*,#6272,.T.);
#9663=ORIENTED_EDGE('',*,*,#7182,.T.);
#9664=ORIENTED_EDGE('',*,*,#6846,.F.);
#9665=ORIENTED_EDGE('',*,*,#7183,.F.);
#9666=ORIENTED_EDGE('',*,*,#6273,.T.);
#9667=ORIENTED_EDGE('',*,*,#7183,.T.);
#9668=ORIENTED_EDGE('',*,*,#6845,.F.);
#9669=ORIENTED_EDGE('',*,*,#7184,.F.);
#9670=ORIENTED_EDGE('',*,*,#6274,.T.);
#9671=ORIENTED_EDGE('',*,*,#7184,.T.);
#9672=ORIENTED_EDGE('',*,*,#6844,.F.);
#9673=ORIENTED_EDGE('',*,*,#7185,.F.);
#9674=ORIENTED_EDGE('',*,*,#6275,.T.);
#9675=ORIENTED_EDGE('',*,*,#7185,.T.);
#9676=ORIENTED_EDGE('',*,*,#6843,.F.);
#9677=ORIENTED_EDGE('',*,*,#7186,.F.);
#9678=ORIENTED_EDGE('',*,*,#6276,.T.);
#9679=ORIENTED_EDGE('',*,*,#7186,.T.);
#9680=ORIENTED_EDGE('',*,*,#6842,.F.);
#9681=ORIENTED_EDGE('',*,*,#7187,.F.);
#9682=ORIENTED_EDGE('',*,*,#6277,.T.);
#9683=ORIENTED_EDGE('',*,*,#7187,.T.);
#9684=ORIENTED_EDGE('',*,*,#6841,.F.);
#9685=ORIENTED_EDGE('',*,*,#7188,.F.);
#9686=ORIENTED_EDGE('',*,*,#6278,.T.);
#9687=ORIENTED_EDGE('',*,*,#7188,.T.);
#9688=ORIENTED_EDGE('',*,*,#6840,.F.);
#9689=ORIENTED_EDGE('',*,*,#7189,.F.);
#9690=ORIENTED_EDGE('',*,*,#6279,.T.);
#9691=ORIENTED_EDGE('',*,*,#7189,.T.);
#9692=ORIENTED_EDGE('',*,*,#6839,.F.);
#9693=ORIENTED_EDGE('',*,*,#7190,.F.);
#9694=ORIENTED_EDGE('',*,*,#6280,.T.);
#9695=ORIENTED_EDGE('',*,*,#7190,.T.);
#9696=ORIENTED_EDGE('',*,*,#6838,.F.);
#9697=ORIENTED_EDGE('',*,*,#7191,.F.);
#9698=ORIENTED_EDGE('',*,*,#6281,.T.);
#9699=ORIENTED_EDGE('',*,*,#7191,.T.);
#9700=ORIENTED_EDGE('',*,*,#6837,.F.);
#9701=ORIENTED_EDGE('',*,*,#7192,.F.);
#9702=ORIENTED_EDGE('',*,*,#6282,.T.);
#9703=ORIENTED_EDGE('',*,*,#7192,.T.);
#9704=ORIENTED_EDGE('',*,*,#6836,.F.);
#9705=ORIENTED_EDGE('',*,*,#7193,.F.);
#9706=ORIENTED_EDGE('',*,*,#6283,.T.);
#9707=ORIENTED_EDGE('',*,*,#7193,.T.);
#9708=ORIENTED_EDGE('',*,*,#6835,.F.);
#9709=ORIENTED_EDGE('',*,*,#7194,.F.);
#9710=ORIENTED_EDGE('',*,*,#6284,.T.);
#9711=ORIENTED_EDGE('',*,*,#7194,.T.);
#9712=ORIENTED_EDGE('',*,*,#6834,.F.);
#9713=ORIENTED_EDGE('',*,*,#7195,.F.);
#9714=ORIENTED_EDGE('',*,*,#6285,.T.);
#9715=ORIENTED_EDGE('',*,*,#7195,.T.);
#9716=ORIENTED_EDGE('',*,*,#6833,.F.);
#9717=ORIENTED_EDGE('',*,*,#7196,.F.);
#9718=ORIENTED_EDGE('',*,*,#6286,.T.);
#9719=ORIENTED_EDGE('',*,*,#7196,.T.);
#9720=ORIENTED_EDGE('',*,*,#6832,.F.);
#9721=ORIENTED_EDGE('',*,*,#7177,.F.);
#9722=ORIENTED_EDGE('',*,*,#6287,.T.);
#9723=ORIENTED_EDGE('',*,*,#7197,.T.);
#9724=ORIENTED_EDGE('',*,*,#6831,.F.);
#9725=ORIENTED_EDGE('',*,*,#7198,.F.);
#9726=ORIENTED_EDGE('',*,*,#6148,.T.);
#9727=ORIENTED_EDGE('',*,*,#7198,.T.);
#9728=ORIENTED_EDGE('',*,*,#6830,.F.);
#9729=ORIENTED_EDGE('',*,*,#7199,.F.);
#9730=ORIENTED_EDGE('',*,*,#6126,.T.);
#9731=ORIENTED_EDGE('',*,*,#7199,.T.);
#9732=ORIENTED_EDGE('',*,*,#6829,.F.);
#9733=ORIENTED_EDGE('',*,*,#7200,.F.);
#9734=ORIENTED_EDGE('',*,*,#6127,.T.);
#9735=ORIENTED_EDGE('',*,*,#7200,.T.);
#9736=ORIENTED_EDGE('',*,*,#6828,.F.);
#9737=ORIENTED_EDGE('',*,*,#7201,.F.);
#9738=ORIENTED_EDGE('',*,*,#6128,.T.);
#9739=ORIENTED_EDGE('',*,*,#7201,.T.);
#9740=ORIENTED_EDGE('',*,*,#6827,.F.);
#9741=ORIENTED_EDGE('',*,*,#7202,.F.);
#9742=ORIENTED_EDGE('',*,*,#6129,.T.);
#9743=ORIENTED_EDGE('',*,*,#7202,.T.);
#9744=ORIENTED_EDGE('',*,*,#6826,.F.);
#9745=ORIENTED_EDGE('',*,*,#7203,.F.);
#9746=ORIENTED_EDGE('',*,*,#6130,.T.);
#9747=ORIENTED_EDGE('',*,*,#7203,.T.);
#9748=ORIENTED_EDGE('',*,*,#6825,.F.);
#9749=ORIENTED_EDGE('',*,*,#7204,.F.);
#9750=ORIENTED_EDGE('',*,*,#6131,.T.);
#9751=ORIENTED_EDGE('',*,*,#7204,.T.);
#9752=ORIENTED_EDGE('',*,*,#6824,.F.);
#9753=ORIENTED_EDGE('',*,*,#7205,.F.);
#9754=ORIENTED_EDGE('',*,*,#6132,.T.);
#9755=ORIENTED_EDGE('',*,*,#7205,.T.);
#9756=ORIENTED_EDGE('',*,*,#6823,.F.);
#9757=ORIENTED_EDGE('',*,*,#7206,.F.);
#9758=ORIENTED_EDGE('',*,*,#6133,.T.);
#9759=ORIENTED_EDGE('',*,*,#7206,.T.);
#9760=ORIENTED_EDGE('',*,*,#6822,.F.);
#9761=ORIENTED_EDGE('',*,*,#7207,.F.);
#9762=ORIENTED_EDGE('',*,*,#6134,.T.);
#9763=ORIENTED_EDGE('',*,*,#7207,.T.);
#9764=ORIENTED_EDGE('',*,*,#6821,.F.);
#9765=ORIENTED_EDGE('',*,*,#7208,.F.);
#9766=ORIENTED_EDGE('',*,*,#6135,.T.);
#9767=ORIENTED_EDGE('',*,*,#7208,.T.);
#9768=ORIENTED_EDGE('',*,*,#6820,.F.);
#9769=ORIENTED_EDGE('',*,*,#7209,.F.);
#9770=ORIENTED_EDGE('',*,*,#6136,.T.);
#9771=ORIENTED_EDGE('',*,*,#7209,.T.);
#9772=ORIENTED_EDGE('',*,*,#6819,.F.);
#9773=ORIENTED_EDGE('',*,*,#7210,.F.);
#9774=ORIENTED_EDGE('',*,*,#6137,.T.);
#9775=ORIENTED_EDGE('',*,*,#7210,.T.);
#9776=ORIENTED_EDGE('',*,*,#6818,.F.);
#9777=ORIENTED_EDGE('',*,*,#7211,.F.);
#9778=ORIENTED_EDGE('',*,*,#6138,.T.);
#9779=ORIENTED_EDGE('',*,*,#7211,.T.);
#9780=ORIENTED_EDGE('',*,*,#6817,.F.);
#9781=ORIENTED_EDGE('',*,*,#7212,.F.);
#9782=ORIENTED_EDGE('',*,*,#6139,.T.);
#9783=ORIENTED_EDGE('',*,*,#7212,.T.);
#9784=ORIENTED_EDGE('',*,*,#6816,.F.);
#9785=ORIENTED_EDGE('',*,*,#7213,.F.);
#9786=ORIENTED_EDGE('',*,*,#6140,.T.);
#9787=ORIENTED_EDGE('',*,*,#7213,.T.);
#9788=ORIENTED_EDGE('',*,*,#6815,.F.);
#9789=ORIENTED_EDGE('',*,*,#7214,.F.);
#9790=ORIENTED_EDGE('',*,*,#6141,.T.);
#9791=ORIENTED_EDGE('',*,*,#7214,.T.);
#9792=ORIENTED_EDGE('',*,*,#6814,.F.);
#9793=ORIENTED_EDGE('',*,*,#7215,.F.);
#9794=ORIENTED_EDGE('',*,*,#6142,.T.);
#9795=ORIENTED_EDGE('',*,*,#7215,.T.);
#9796=ORIENTED_EDGE('',*,*,#6813,.F.);
#9797=ORIENTED_EDGE('',*,*,#7216,.F.);
#9798=ORIENTED_EDGE('',*,*,#6143,.T.);
#9799=ORIENTED_EDGE('',*,*,#7216,.T.);
#9800=ORIENTED_EDGE('',*,*,#6812,.F.);
#9801=ORIENTED_EDGE('',*,*,#5884,.F.);
#9802=ORIENTED_EDGE('',*,*,#6144,.T.);
#9803=ORIENTED_EDGE('',*,*,#7217,.T.);
#9804=ORIENTED_EDGE('',*,*,#6809,.F.);
#9805=ORIENTED_EDGE('',*,*,#7197,.F.);
#9806=ORIENTED_EDGE('',*,*,#6147,.T.);
#9807=ORIENTED_EDGE('',*,*,#7218,.T.);
#9808=ORIENTED_EDGE('',*,*,#6810,.F.);
#9809=ORIENTED_EDGE('',*,*,#7217,.F.);
#9810=ORIENTED_EDGE('',*,*,#6146,.T.);
#9811=ORIENTED_EDGE('',*,*,#5886,.T.);
#9812=ORIENTED_EDGE('',*,*,#6811,.F.);
#9813=ORIENTED_EDGE('',*,*,#7218,.F.);
#9814=ORIENTED_EDGE('',*,*,#6145,.T.);
#9815=ORIENTED_EDGE('',*,*,#7219,.T.);
#9816=ORIENTED_EDGE('',*,*,#6861,.F.);
#9817=ORIENTED_EDGE('',*,*,#7220,.F.);
#9818=ORIENTED_EDGE('',*,*,#6158,.T.);
#9819=ORIENTED_EDGE('',*,*,#7220,.T.);
#9820=ORIENTED_EDGE('',*,*,#6860,.F.);
#9821=ORIENTED_EDGE('',*,*,#7221,.F.);
#9822=ORIENTED_EDGE('',*,*,#6149,.T.);
#9823=ORIENTED_EDGE('',*,*,#7221,.T.);
#9824=ORIENTED_EDGE('',*,*,#6859,.F.);
#9825=ORIENTED_EDGE('',*,*,#7222,.F.);
#9826=ORIENTED_EDGE('',*,*,#6150,.T.);
#9827=ORIENTED_EDGE('',*,*,#7222,.T.);
#9828=ORIENTED_EDGE('',*,*,#6858,.F.);
#9829=ORIENTED_EDGE('',*,*,#7223,.F.);
#9830=ORIENTED_EDGE('',*,*,#6151,.T.);
#9831=ORIENTED_EDGE('',*,*,#7223,.T.);
#9832=ORIENTED_EDGE('',*,*,#6857,.F.);
#9833=ORIENTED_EDGE('',*,*,#7224,.F.);
#9834=ORIENTED_EDGE('',*,*,#6152,.T.);
#9835=ORIENTED_EDGE('',*,*,#7224,.T.);
#9836=ORIENTED_EDGE('',*,*,#6856,.F.);
#9837=ORIENTED_EDGE('',*,*,#7225,.F.);
#9838=ORIENTED_EDGE('',*,*,#6153,.T.);
#9839=ORIENTED_EDGE('',*,*,#7225,.T.);
#9840=ORIENTED_EDGE('',*,*,#6855,.F.);
#9841=ORIENTED_EDGE('',*,*,#7226,.F.);
#9842=ORIENTED_EDGE('',*,*,#6154,.T.);
#9843=ORIENTED_EDGE('',*,*,#7226,.T.);
#9844=ORIENTED_EDGE('',*,*,#6854,.F.);
#9845=ORIENTED_EDGE('',*,*,#7227,.F.);
#9846=ORIENTED_EDGE('',*,*,#6155,.T.);
#9847=ORIENTED_EDGE('',*,*,#7227,.T.);
#9848=ORIENTED_EDGE('',*,*,#6853,.F.);
#9849=ORIENTED_EDGE('',*,*,#7228,.F.);
#9850=ORIENTED_EDGE('',*,*,#6156,.T.);
#9851=ORIENTED_EDGE('',*,*,#7228,.T.);
#9852=ORIENTED_EDGE('',*,*,#6852,.F.);
#9853=ORIENTED_EDGE('',*,*,#7219,.F.);
#9854=ORIENTED_EDGE('',*,*,#6157,.T.);
#9855=ORIENTED_EDGE('',*,*,#7229,.T.);
#9856=ORIENTED_EDGE('',*,*,#6871,.F.);
#9857=ORIENTED_EDGE('',*,*,#7230,.F.);
#9858=ORIENTED_EDGE('',*,*,#6168,.T.);
#9859=ORIENTED_EDGE('',*,*,#7230,.T.);
#9860=ORIENTED_EDGE('',*,*,#6870,.F.);
#9861=ORIENTED_EDGE('',*,*,#7231,.F.);
#9862=ORIENTED_EDGE('',*,*,#6159,.T.);
#9863=ORIENTED_EDGE('',*,*,#7231,.T.);
#9864=ORIENTED_EDGE('',*,*,#6869,.F.);
#9865=ORIENTED_EDGE('',*,*,#7232,.F.);
#9866=ORIENTED_EDGE('',*,*,#6160,.T.);
#9867=ORIENTED_EDGE('',*,*,#7232,.T.);
#9868=ORIENTED_EDGE('',*,*,#6868,.F.);
#9869=ORIENTED_EDGE('',*,*,#7233,.F.);
#9870=ORIENTED_EDGE('',*,*,#6161,.T.);
#9871=ORIENTED_EDGE('',*,*,#7233,.T.);
#9872=ORIENTED_EDGE('',*,*,#6867,.F.);
#9873=ORIENTED_EDGE('',*,*,#7234,.F.);
#9874=ORIENTED_EDGE('',*,*,#6162,.T.);
#9875=ORIENTED_EDGE('',*,*,#7234,.T.);
#9876=ORIENTED_EDGE('',*,*,#6866,.F.);
#9877=ORIENTED_EDGE('',*,*,#7235,.F.);
#9878=ORIENTED_EDGE('',*,*,#6163,.T.);
#9879=ORIENTED_EDGE('',*,*,#7235,.T.);
#9880=ORIENTED_EDGE('',*,*,#6865,.F.);
#9881=ORIENTED_EDGE('',*,*,#7236,.F.);
#9882=ORIENTED_EDGE('',*,*,#6164,.T.);
#9883=ORIENTED_EDGE('',*,*,#7236,.T.);
#9884=ORIENTED_EDGE('',*,*,#6864,.F.);
#9885=ORIENTED_EDGE('',*,*,#7237,.F.);
#9886=ORIENTED_EDGE('',*,*,#6165,.T.);
#9887=ORIENTED_EDGE('',*,*,#7237,.T.);
#9888=ORIENTED_EDGE('',*,*,#6863,.F.);
#9889=ORIENTED_EDGE('',*,*,#7238,.F.);
#9890=ORIENTED_EDGE('',*,*,#6166,.T.);
#9891=ORIENTED_EDGE('',*,*,#7238,.T.);
#9892=ORIENTED_EDGE('',*,*,#6862,.F.);
#9893=ORIENTED_EDGE('',*,*,#7229,.F.);
#9894=ORIENTED_EDGE('',*,*,#6167,.T.);
#9895=ORIENTED_EDGE('',*,*,#7239,.T.);
#9896=ORIENTED_EDGE('',*,*,#6883,.F.);
#9897=ORIENTED_EDGE('',*,*,#7240,.F.);
#9898=ORIENTED_EDGE('',*,*,#6180,.T.);
#9899=ORIENTED_EDGE('',*,*,#7240,.T.);
#9900=ORIENTED_EDGE('',*,*,#6882,.F.);
#9901=ORIENTED_EDGE('',*,*,#7241,.F.);
#9902=ORIENTED_EDGE('',*,*,#6169,.T.);
#9903=ORIENTED_EDGE('',*,*,#7241,.T.);
#9904=ORIENTED_EDGE('',*,*,#6881,.F.);
#9905=ORIENTED_EDGE('',*,*,#7242,.F.);
#9906=ORIENTED_EDGE('',*,*,#6170,.T.);
#9907=ORIENTED_EDGE('',*,*,#7242,.T.);
#9908=ORIENTED_EDGE('',*,*,#6880,.F.);
#9909=ORIENTED_EDGE('',*,*,#7243,.F.);
#9910=ORIENTED_EDGE('',*,*,#6171,.T.);
#9911=ORIENTED_EDGE('',*,*,#7243,.T.);
#9912=ORIENTED_EDGE('',*,*,#6879,.F.);
#9913=ORIENTED_EDGE('',*,*,#7244,.F.);
#9914=ORIENTED_EDGE('',*,*,#6172,.T.);
#9915=ORIENTED_EDGE('',*,*,#7244,.T.);
#9916=ORIENTED_EDGE('',*,*,#6878,.F.);
#9917=ORIENTED_EDGE('',*,*,#7245,.F.);
#9918=ORIENTED_EDGE('',*,*,#6173,.T.);
#9919=ORIENTED_EDGE('',*,*,#7245,.T.);
#9920=ORIENTED_EDGE('',*,*,#6877,.F.);
#9921=ORIENTED_EDGE('',*,*,#7246,.F.);
#9922=ORIENTED_EDGE('',*,*,#6174,.T.);
#9923=ORIENTED_EDGE('',*,*,#7246,.T.);
#9924=ORIENTED_EDGE('',*,*,#6876,.F.);
#9925=ORIENTED_EDGE('',*,*,#7247,.F.);
#9926=ORIENTED_EDGE('',*,*,#6175,.T.);
#9927=ORIENTED_EDGE('',*,*,#7247,.T.);
#9928=ORIENTED_EDGE('',*,*,#6875,.F.);
#9929=ORIENTED_EDGE('',*,*,#7248,.F.);
#9930=ORIENTED_EDGE('',*,*,#6176,.T.);
#9931=ORIENTED_EDGE('',*,*,#7248,.T.);
#9932=ORIENTED_EDGE('',*,*,#6874,.F.);
#9933=ORIENTED_EDGE('',*,*,#7249,.F.);
#9934=ORIENTED_EDGE('',*,*,#6177,.T.);
#9935=ORIENTED_EDGE('',*,*,#7249,.T.);
#9936=ORIENTED_EDGE('',*,*,#6873,.F.);
#9937=ORIENTED_EDGE('',*,*,#7250,.F.);
#9938=ORIENTED_EDGE('',*,*,#6178,.T.);
#9939=ORIENTED_EDGE('',*,*,#7250,.T.);
#9940=ORIENTED_EDGE('',*,*,#6872,.F.);
#9941=ORIENTED_EDGE('',*,*,#7239,.F.);
#9942=ORIENTED_EDGE('',*,*,#6179,.T.);
#9943=ORIENTED_EDGE('',*,*,#7251,.T.);
#9944=ORIENTED_EDGE('',*,*,#6923,.F.);
#9945=ORIENTED_EDGE('',*,*,#7252,.F.);
#9946=ORIENTED_EDGE('',*,*,#6220,.T.);
#9947=ORIENTED_EDGE('',*,*,#7252,.T.);
#9948=ORIENTED_EDGE('',*,*,#6922,.F.);
#9949=ORIENTED_EDGE('',*,*,#7253,.F.);
#9950=ORIENTED_EDGE('',*,*,#6181,.T.);
#9951=ORIENTED_EDGE('',*,*,#7253,.T.);
#9952=ORIENTED_EDGE('',*,*,#6921,.F.);
#9953=ORIENTED_EDGE('',*,*,#7254,.F.);
#9954=ORIENTED_EDGE('',*,*,#6182,.T.);
#9955=ORIENTED_EDGE('',*,*,#7254,.T.);
#9956=ORIENTED_EDGE('',*,*,#6920,.F.);
#9957=ORIENTED_EDGE('',*,*,#7255,.F.);
#9958=ORIENTED_EDGE('',*,*,#6183,.T.);
#9959=ORIENTED_EDGE('',*,*,#7255,.T.);
#9960=ORIENTED_EDGE('',*,*,#6919,.F.);
#9961=ORIENTED_EDGE('',*,*,#7256,.F.);
#9962=ORIENTED_EDGE('',*,*,#6184,.T.);
#9963=ORIENTED_EDGE('',*,*,#7256,.T.);
#9964=ORIENTED_EDGE('',*,*,#6918,.F.);
#9965=ORIENTED_EDGE('',*,*,#7257,.F.);
#9966=ORIENTED_EDGE('',*,*,#6185,.T.);
#9967=ORIENTED_EDGE('',*,*,#7257,.T.);
#9968=ORIENTED_EDGE('',*,*,#6917,.F.);
#9969=ORIENTED_EDGE('',*,*,#7258,.F.);
#9970=ORIENTED_EDGE('',*,*,#6186,.T.);
#9971=ORIENTED_EDGE('',*,*,#7258,.T.);
#9972=ORIENTED_EDGE('',*,*,#6916,.F.);
#9973=ORIENTED_EDGE('',*,*,#7259,.F.);
#9974=ORIENTED_EDGE('',*,*,#6187,.T.);
#9975=ORIENTED_EDGE('',*,*,#7259,.T.);
#9976=ORIENTED_EDGE('',*,*,#6915,.F.);
#9977=ORIENTED_EDGE('',*,*,#7260,.F.);
#9978=ORIENTED_EDGE('',*,*,#6188,.T.);
#9979=ORIENTED_EDGE('',*,*,#7260,.T.);
#9980=ORIENTED_EDGE('',*,*,#6914,.F.);
#9981=ORIENTED_EDGE('',*,*,#7261,.F.);
#9982=ORIENTED_EDGE('',*,*,#6189,.T.);
#9983=ORIENTED_EDGE('',*,*,#7261,.T.);
#9984=ORIENTED_EDGE('',*,*,#6913,.F.);
#9985=ORIENTED_EDGE('',*,*,#7262,.F.);
#9986=ORIENTED_EDGE('',*,*,#6190,.T.);
#9987=ORIENTED_EDGE('',*,*,#7262,.T.);
#9988=ORIENTED_EDGE('',*,*,#6912,.F.);
#9989=ORIENTED_EDGE('',*,*,#7263,.F.);
#9990=ORIENTED_EDGE('',*,*,#6191,.T.);
#9991=ORIENTED_EDGE('',*,*,#7263,.T.);
#9992=ORIENTED_EDGE('',*,*,#6911,.F.);
#9993=ORIENTED_EDGE('',*,*,#7264,.F.);
#9994=ORIENTED_EDGE('',*,*,#6192,.T.);
#9995=ORIENTED_EDGE('',*,*,#7264,.T.);
#9996=ORIENTED_EDGE('',*,*,#6910,.F.);
#9997=ORIENTED_EDGE('',*,*,#7265,.F.);
#9998=ORIENTED_EDGE('',*,*,#6193,.T.);
#9999=ORIENTED_EDGE('',*,*,#7265,.T.);
#10000=ORIENTED_EDGE('',*,*,#6909,.F.);
#10001=ORIENTED_EDGE('',*,*,#7266,.F.);
#10002=ORIENTED_EDGE('',*,*,#6194,.T.);
#10003=ORIENTED_EDGE('',*,*,#7266,.T.);
#10004=ORIENTED_EDGE('',*,*,#6908,.F.);
#10005=ORIENTED_EDGE('',*,*,#7267,.F.);
#10006=ORIENTED_EDGE('',*,*,#6195,.T.);
#10007=ORIENTED_EDGE('',*,*,#7267,.T.);
#10008=ORIENTED_EDGE('',*,*,#6907,.F.);
#10009=ORIENTED_EDGE('',*,*,#7268,.F.);
#10010=ORIENTED_EDGE('',*,*,#6196,.T.);
#10011=ORIENTED_EDGE('',*,*,#7268,.T.);
#10012=ORIENTED_EDGE('',*,*,#6906,.F.);
#10013=ORIENTED_EDGE('',*,*,#7269,.F.);
#10014=ORIENTED_EDGE('',*,*,#6197,.T.);
#10015=ORIENTED_EDGE('',*,*,#7269,.T.);
#10016=ORIENTED_EDGE('',*,*,#6905,.F.);
#10017=ORIENTED_EDGE('',*,*,#7270,.F.);
#10018=ORIENTED_EDGE('',*,*,#6198,.T.);
#10019=ORIENTED_EDGE('',*,*,#7270,.T.);
#10020=ORIENTED_EDGE('',*,*,#6904,.F.);
#10021=ORIENTED_EDGE('',*,*,#7271,.F.);
#10022=ORIENTED_EDGE('',*,*,#6199,.T.);
#10023=ORIENTED_EDGE('',*,*,#7271,.T.);
#10024=ORIENTED_EDGE('',*,*,#6903,.F.);
#10025=ORIENTED_EDGE('',*,*,#7272,.F.);
#10026=ORIENTED_EDGE('',*,*,#6200,.T.);
#10027=ORIENTED_EDGE('',*,*,#7272,.T.);
#10028=ORIENTED_EDGE('',*,*,#6902,.F.);
#10029=ORIENTED_EDGE('',*,*,#7273,.F.);
#10030=ORIENTED_EDGE('',*,*,#6201,.T.);
#10031=ORIENTED_EDGE('',*,*,#7273,.T.);
#10032=ORIENTED_EDGE('',*,*,#6901,.F.);
#10033=ORIENTED_EDGE('',*,*,#7274,.F.);
#10034=ORIENTED_EDGE('',*,*,#6202,.T.);
#10035=ORIENTED_EDGE('',*,*,#7274,.T.);
#10036=ORIENTED_EDGE('',*,*,#6900,.F.);
#10037=ORIENTED_EDGE('',*,*,#7275,.F.);
#10038=ORIENTED_EDGE('',*,*,#6203,.T.);
#10039=ORIENTED_EDGE('',*,*,#7275,.T.);
#10040=ORIENTED_EDGE('',*,*,#6899,.F.);
#10041=ORIENTED_EDGE('',*,*,#7276,.F.);
#10042=ORIENTED_EDGE('',*,*,#6204,.T.);
#10043=ORIENTED_EDGE('',*,*,#7276,.T.);
#10044=ORIENTED_EDGE('',*,*,#6898,.F.);
#10045=ORIENTED_EDGE('',*,*,#7277,.F.);
#10046=ORIENTED_EDGE('',*,*,#6205,.T.);
#10047=ORIENTED_EDGE('',*,*,#7277,.T.);
#10048=ORIENTED_EDGE('',*,*,#6897,.F.);
#10049=ORIENTED_EDGE('',*,*,#7278,.F.);
#10050=ORIENTED_EDGE('',*,*,#6206,.T.);
#10051=ORIENTED_EDGE('',*,*,#7278,.T.);
#10052=ORIENTED_EDGE('',*,*,#6896,.F.);
#10053=ORIENTED_EDGE('',*,*,#7279,.F.);
#10054=ORIENTED_EDGE('',*,*,#6207,.T.);
#10055=ORIENTED_EDGE('',*,*,#7279,.T.);
#10056=ORIENTED_EDGE('',*,*,#6895,.F.);
#10057=ORIENTED_EDGE('',*,*,#7280,.F.);
#10058=ORIENTED_EDGE('',*,*,#6208,.T.);
#10059=ORIENTED_EDGE('',*,*,#7280,.T.);
#10060=ORIENTED_EDGE('',*,*,#6894,.F.);
#10061=ORIENTED_EDGE('',*,*,#7281,.F.);
#10062=ORIENTED_EDGE('',*,*,#6209,.T.);
#10063=ORIENTED_EDGE('',*,*,#7281,.T.);
#10064=ORIENTED_EDGE('',*,*,#6893,.F.);
#10065=ORIENTED_EDGE('',*,*,#7282,.F.);
#10066=ORIENTED_EDGE('',*,*,#6210,.T.);
#10067=ORIENTED_EDGE('',*,*,#7282,.T.);
#10068=ORIENTED_EDGE('',*,*,#6892,.F.);
#10069=ORIENTED_EDGE('',*,*,#7283,.F.);
#10070=ORIENTED_EDGE('',*,*,#6211,.T.);
#10071=ORIENTED_EDGE('',*,*,#7283,.T.);
#10072=ORIENTED_EDGE('',*,*,#6891,.F.);
#10073=ORIENTED_EDGE('',*,*,#7284,.F.);
#10074=ORIENTED_EDGE('',*,*,#6212,.T.);
#10075=ORIENTED_EDGE('',*,*,#7284,.T.);
#10076=ORIENTED_EDGE('',*,*,#6890,.F.);
#10077=ORIENTED_EDGE('',*,*,#7285,.F.);
#10078=ORIENTED_EDGE('',*,*,#6213,.T.);
#10079=ORIENTED_EDGE('',*,*,#7285,.T.);
#10080=ORIENTED_EDGE('',*,*,#6889,.F.);
#10081=ORIENTED_EDGE('',*,*,#7286,.F.);
#10082=ORIENTED_EDGE('',*,*,#6214,.T.);
#10083=ORIENTED_EDGE('',*,*,#7286,.T.);
#10084=ORIENTED_EDGE('',*,*,#6888,.F.);
#10085=ORIENTED_EDGE('',*,*,#7287,.F.);
#10086=ORIENTED_EDGE('',*,*,#6215,.T.);
#10087=ORIENTED_EDGE('',*,*,#7287,.T.);
#10088=ORIENTED_EDGE('',*,*,#6887,.F.);
#10089=ORIENTED_EDGE('',*,*,#7288,.F.);
#10090=ORIENTED_EDGE('',*,*,#6216,.T.);
#10091=ORIENTED_EDGE('',*,*,#7288,.T.);
#10092=ORIENTED_EDGE('',*,*,#6886,.F.);
#10093=ORIENTED_EDGE('',*,*,#7289,.F.);
#10094=ORIENTED_EDGE('',*,*,#6217,.T.);
#10095=ORIENTED_EDGE('',*,*,#7289,.T.);
#10096=ORIENTED_EDGE('',*,*,#6885,.F.);
#10097=ORIENTED_EDGE('',*,*,#7290,.F.);
#10098=ORIENTED_EDGE('',*,*,#6218,.T.);
#10099=ORIENTED_EDGE('',*,*,#7290,.T.);
#10100=ORIENTED_EDGE('',*,*,#6884,.F.);
#10101=ORIENTED_EDGE('',*,*,#7251,.F.);
#10102=ORIENTED_EDGE('',*,*,#6219,.T.);
#10103=ORIENTED_EDGE('',*,*,#7291,.T.);
#10104=ORIENTED_EDGE('',*,*,#6931,.F.);
#10105=ORIENTED_EDGE('',*,*,#7292,.F.);
#10106=ORIENTED_EDGE('',*,*,#6228,.T.);
#10107=ORIENTED_EDGE('',*,*,#7292,.T.);
#10108=ORIENTED_EDGE('',*,*,#6930,.F.);
#10109=ORIENTED_EDGE('',*,*,#7293,.F.);
#10110=ORIENTED_EDGE('',*,*,#6221,.T.);
#10111=ORIENTED_EDGE('',*,*,#7293,.T.);
#10112=ORIENTED_EDGE('',*,*,#6929,.F.);
#10113=ORIENTED_EDGE('',*,*,#7294,.F.);
#10114=ORIENTED_EDGE('',*,*,#6222,.T.);
#10115=ORIENTED_EDGE('',*,*,#7294,.T.);
#10116=ORIENTED_EDGE('',*,*,#6928,.F.);
#10117=ORIENTED_EDGE('',*,*,#7295,.F.);
#10118=ORIENTED_EDGE('',*,*,#6223,.T.);
#10119=ORIENTED_EDGE('',*,*,#7295,.T.);
#10120=ORIENTED_EDGE('',*,*,#6927,.F.);
#10121=ORIENTED_EDGE('',*,*,#7296,.F.);
#10122=ORIENTED_EDGE('',*,*,#6224,.T.);
#10123=ORIENTED_EDGE('',*,*,#7296,.T.);
#10124=ORIENTED_EDGE('',*,*,#6926,.F.);
#10125=ORIENTED_EDGE('',*,*,#7297,.F.);
#10126=ORIENTED_EDGE('',*,*,#6225,.T.);
#10127=ORIENTED_EDGE('',*,*,#7297,.T.);
#10128=ORIENTED_EDGE('',*,*,#6925,.F.);
#10129=ORIENTED_EDGE('',*,*,#7298,.F.);
#10130=ORIENTED_EDGE('',*,*,#6226,.T.);
#10131=ORIENTED_EDGE('',*,*,#7298,.T.);
#10132=ORIENTED_EDGE('',*,*,#6924,.F.);
#10133=ORIENTED_EDGE('',*,*,#7291,.F.);
#10134=ORIENTED_EDGE('',*,*,#6227,.T.);
#10135=ORIENTED_EDGE('',*,*,#7299,.T.);
#10136=ORIENTED_EDGE('',*,*,#6975,.F.);
#10137=ORIENTED_EDGE('',*,*,#7300,.F.);
#10138=ORIENTED_EDGE('',*,*,#6308,.T.);
#10139=ORIENTED_EDGE('',*,*,#7300,.T.);
#10140=ORIENTED_EDGE('',*,*,#6974,.F.);
#10141=ORIENTED_EDGE('',*,*,#7301,.F.);
#10142=ORIENTED_EDGE('',*,*,#6289,.T.);
#10143=ORIENTED_EDGE('',*,*,#7301,.T.);
#10144=ORIENTED_EDGE('',*,*,#6973,.F.);
#10145=ORIENTED_EDGE('',*,*,#7302,.F.);
#10146=ORIENTED_EDGE('',*,*,#6290,.T.);
#10147=ORIENTED_EDGE('',*,*,#7302,.T.);
#10148=ORIENTED_EDGE('',*,*,#6972,.F.);
#10149=ORIENTED_EDGE('',*,*,#7303,.F.);
#10150=ORIENTED_EDGE('',*,*,#6291,.T.);
#10151=ORIENTED_EDGE('',*,*,#7303,.T.);
#10152=ORIENTED_EDGE('',*,*,#6971,.F.);
#10153=ORIENTED_EDGE('',*,*,#7304,.F.);
#10154=ORIENTED_EDGE('',*,*,#6292,.T.);
#10155=ORIENTED_EDGE('',*,*,#7304,.T.);
#10156=ORIENTED_EDGE('',*,*,#6970,.F.);
#10157=ORIENTED_EDGE('',*,*,#7305,.F.);
#10158=ORIENTED_EDGE('',*,*,#6293,.T.);
#10159=ORIENTED_EDGE('',*,*,#7305,.T.);
#10160=ORIENTED_EDGE('',*,*,#6969,.F.);
#10161=ORIENTED_EDGE('',*,*,#7306,.F.);
#10162=ORIENTED_EDGE('',*,*,#6294,.T.);
#10163=ORIENTED_EDGE('',*,*,#7306,.T.);
#10164=ORIENTED_EDGE('',*,*,#6968,.F.);
#10165=ORIENTED_EDGE('',*,*,#7307,.F.);
#10166=ORIENTED_EDGE('',*,*,#6295,.T.);
#10167=ORIENTED_EDGE('',*,*,#7307,.T.);
#10168=ORIENTED_EDGE('',*,*,#6967,.F.);
#10169=ORIENTED_EDGE('',*,*,#7308,.F.);
#10170=ORIENTED_EDGE('',*,*,#6296,.T.);
#10171=ORIENTED_EDGE('',*,*,#7308,.T.);
#10172=ORIENTED_EDGE('',*,*,#6966,.F.);
#10173=ORIENTED_EDGE('',*,*,#7309,.F.);
#10174=ORIENTED_EDGE('',*,*,#6297,.T.);
#10175=ORIENTED_EDGE('',*,*,#7309,.T.);
#10176=ORIENTED_EDGE('',*,*,#6965,.F.);
#10177=ORIENTED_EDGE('',*,*,#7310,.F.);
#10178=ORIENTED_EDGE('',*,*,#6298,.T.);
#10179=ORIENTED_EDGE('',*,*,#7310,.T.);
#10180=ORIENTED_EDGE('',*,*,#6964,.F.);
#10181=ORIENTED_EDGE('',*,*,#7311,.F.);
#10182=ORIENTED_EDGE('',*,*,#6299,.T.);
#10183=ORIENTED_EDGE('',*,*,#7311,.T.);
#10184=ORIENTED_EDGE('',*,*,#6963,.F.);
#10185=ORIENTED_EDGE('',*,*,#7312,.F.);
#10186=ORIENTED_EDGE('',*,*,#6300,.T.);
#10187=ORIENTED_EDGE('',*,*,#7312,.T.);
#10188=ORIENTED_EDGE('',*,*,#6962,.F.);
#10189=ORIENTED_EDGE('',*,*,#7313,.F.);
#10190=ORIENTED_EDGE('',*,*,#6301,.T.);
#10191=ORIENTED_EDGE('',*,*,#7313,.T.);
#10192=ORIENTED_EDGE('',*,*,#6961,.F.);
#10193=ORIENTED_EDGE('',*,*,#7314,.F.);
#10194=ORIENTED_EDGE('',*,*,#6302,.T.);
#10195=ORIENTED_EDGE('',*,*,#7314,.T.);
#10196=ORIENTED_EDGE('',*,*,#6960,.F.);
#10197=ORIENTED_EDGE('',*,*,#7315,.F.);
#10198=ORIENTED_EDGE('',*,*,#6303,.T.);
#10199=ORIENTED_EDGE('',*,*,#7315,.T.);
#10200=ORIENTED_EDGE('',*,*,#6959,.F.);
#10201=ORIENTED_EDGE('',*,*,#7316,.F.);
#10202=ORIENTED_EDGE('',*,*,#6304,.T.);
#10203=ORIENTED_EDGE('',*,*,#7316,.T.);
#10204=ORIENTED_EDGE('',*,*,#6958,.F.);
#10205=ORIENTED_EDGE('',*,*,#7317,.F.);
#10206=ORIENTED_EDGE('',*,*,#6305,.T.);
#10207=ORIENTED_EDGE('',*,*,#7317,.T.);
#10208=ORIENTED_EDGE('',*,*,#6957,.F.);
#10209=ORIENTED_EDGE('',*,*,#7318,.F.);
#10210=ORIENTED_EDGE('',*,*,#6306,.T.);
#10211=ORIENTED_EDGE('',*,*,#7318,.T.);
#10212=ORIENTED_EDGE('',*,*,#6956,.F.);
#10213=ORIENTED_EDGE('',*,*,#7299,.F.);
#10214=ORIENTED_EDGE('',*,*,#6307,.T.);
#10215=ORIENTED_EDGE('',*,*,#7319,.T.);
#10216=ORIENTED_EDGE('',*,*,#6955,.F.);
#10217=ORIENTED_EDGE('',*,*,#7320,.F.);
#10218=ORIENTED_EDGE('',*,*,#6252,.T.);
#10219=ORIENTED_EDGE('',*,*,#7320,.T.);
#10220=ORIENTED_EDGE('',*,*,#6954,.F.);
#10221=ORIENTED_EDGE('',*,*,#7321,.F.);
#10222=ORIENTED_EDGE('',*,*,#6229,.T.);
#10223=ORIENTED_EDGE('',*,*,#7321,.T.);
#10224=ORIENTED_EDGE('',*,*,#6953,.F.);
#10225=ORIENTED_EDGE('',*,*,#7322,.F.);
#10226=ORIENTED_EDGE('',*,*,#6230,.T.);
#10227=ORIENTED_EDGE('',*,*,#7322,.T.);
#10228=ORIENTED_EDGE('',*,*,#6952,.F.);
#10229=ORIENTED_EDGE('',*,*,#7323,.F.);
#10230=ORIENTED_EDGE('',*,*,#6231,.T.);
#10231=ORIENTED_EDGE('',*,*,#7323,.T.);
#10232=ORIENTED_EDGE('',*,*,#6951,.F.);
#10233=ORIENTED_EDGE('',*,*,#7324,.F.);
#10234=ORIENTED_EDGE('',*,*,#6232,.T.);
#10235=ORIENTED_EDGE('',*,*,#7324,.T.);
#10236=ORIENTED_EDGE('',*,*,#6950,.F.);
#10237=ORIENTED_EDGE('',*,*,#7325,.F.);
#10238=ORIENTED_EDGE('',*,*,#6233,.T.);
#10239=ORIENTED_EDGE('',*,*,#7325,.T.);
#10240=ORIENTED_EDGE('',*,*,#6949,.F.);
#10241=ORIENTED_EDGE('',*,*,#7326,.F.);
#10242=ORIENTED_EDGE('',*,*,#6234,.T.);
#10243=ORIENTED_EDGE('',*,*,#7326,.T.);
#10244=ORIENTED_EDGE('',*,*,#6948,.F.);
#10245=ORIENTED_EDGE('',*,*,#7327,.F.);
#10246=ORIENTED_EDGE('',*,*,#6235,.T.);
#10247=ORIENTED_EDGE('',*,*,#7327,.T.);
#10248=ORIENTED_EDGE('',*,*,#6947,.F.);
#10249=ORIENTED_EDGE('',*,*,#7328,.F.);
#10250=ORIENTED_EDGE('',*,*,#6236,.T.);
#10251=ORIENTED_EDGE('',*,*,#7328,.T.);
#10252=ORIENTED_EDGE('',*,*,#6946,.F.);
#10253=ORIENTED_EDGE('',*,*,#7329,.F.);
#10254=ORIENTED_EDGE('',*,*,#6237,.T.);
#10255=ORIENTED_EDGE('',*,*,#7329,.T.);
#10256=ORIENTED_EDGE('',*,*,#6945,.F.);
#10257=ORIENTED_EDGE('',*,*,#7330,.F.);
#10258=ORIENTED_EDGE('',*,*,#6238,.T.);
#10259=ORIENTED_EDGE('',*,*,#7330,.T.);
#10260=ORIENTED_EDGE('',*,*,#6944,.F.);
#10261=ORIENTED_EDGE('',*,*,#7331,.F.);
#10262=ORIENTED_EDGE('',*,*,#6239,.T.);
#10263=ORIENTED_EDGE('',*,*,#7331,.T.);
#10264=ORIENTED_EDGE('',*,*,#6943,.F.);
#10265=ORIENTED_EDGE('',*,*,#7332,.F.);
#10266=ORIENTED_EDGE('',*,*,#6240,.T.);
#10267=ORIENTED_EDGE('',*,*,#7332,.T.);
#10268=ORIENTED_EDGE('',*,*,#6942,.F.);
#10269=ORIENTED_EDGE('',*,*,#7333,.F.);
#10270=ORIENTED_EDGE('',*,*,#6241,.T.);
#10271=ORIENTED_EDGE('',*,*,#7333,.T.);
#10272=ORIENTED_EDGE('',*,*,#6941,.F.);
#10273=ORIENTED_EDGE('',*,*,#7334,.F.);
#10274=ORIENTED_EDGE('',*,*,#6242,.T.);
#10275=ORIENTED_EDGE('',*,*,#7334,.T.);
#10276=ORIENTED_EDGE('',*,*,#6940,.F.);
#10277=ORIENTED_EDGE('',*,*,#7335,.F.);
#10278=ORIENTED_EDGE('',*,*,#6243,.T.);
#10279=ORIENTED_EDGE('',*,*,#7335,.T.);
#10280=ORIENTED_EDGE('',*,*,#6939,.F.);
#10281=ORIENTED_EDGE('',*,*,#7336,.F.);
#10282=ORIENTED_EDGE('',*,*,#6244,.T.);
#10283=ORIENTED_EDGE('',*,*,#7336,.T.);
#10284=ORIENTED_EDGE('',*,*,#6938,.F.);
#10285=ORIENTED_EDGE('',*,*,#7337,.F.);
#10286=ORIENTED_EDGE('',*,*,#6245,.T.);
#10287=ORIENTED_EDGE('',*,*,#7337,.T.);
#10288=ORIENTED_EDGE('',*,*,#6937,.F.);
#10289=ORIENTED_EDGE('',*,*,#7338,.F.);
#10290=ORIENTED_EDGE('',*,*,#6246,.T.);
#10291=ORIENTED_EDGE('',*,*,#7338,.T.);
#10292=ORIENTED_EDGE('',*,*,#6936,.F.);
#10293=ORIENTED_EDGE('',*,*,#7339,.F.);
#10294=ORIENTED_EDGE('',*,*,#6247,.T.);
#10295=ORIENTED_EDGE('',*,*,#7339,.T.);
#10296=ORIENTED_EDGE('',*,*,#6935,.F.);
#10297=ORIENTED_EDGE('',*,*,#7340,.F.);
#10298=ORIENTED_EDGE('',*,*,#6248,.T.);
#10299=ORIENTED_EDGE('',*,*,#7340,.T.);
#10300=ORIENTED_EDGE('',*,*,#6934,.F.);
#10301=ORIENTED_EDGE('',*,*,#7341,.F.);
#10302=ORIENTED_EDGE('',*,*,#6249,.T.);
#10303=ORIENTED_EDGE('',*,*,#7341,.T.);
#10304=ORIENTED_EDGE('',*,*,#6933,.F.);
#10305=ORIENTED_EDGE('',*,*,#7342,.F.);
#10306=ORIENTED_EDGE('',*,*,#6250,.T.);
#10307=ORIENTED_EDGE('',*,*,#7342,.T.);
#10308=ORIENTED_EDGE('',*,*,#6932,.F.);
#10309=ORIENTED_EDGE('',*,*,#7319,.F.);
#10310=ORIENTED_EDGE('',*,*,#6251,.T.);
#10311=ORIENTED_EDGE('',*,*,#7343,.T.);
#10312=ORIENTED_EDGE('',*,*,#6991,.F.);
#10313=ORIENTED_EDGE('',*,*,#7344,.F.);
#10314=ORIENTED_EDGE('',*,*,#6268,.T.);
#10315=ORIENTED_EDGE('',*,*,#7344,.T.);
#10316=ORIENTED_EDGE('',*,*,#6990,.F.);
#10317=ORIENTED_EDGE('',*,*,#7345,.F.);
#10318=ORIENTED_EDGE('',*,*,#6253,.T.);
#10319=ORIENTED_EDGE('',*,*,#7345,.T.);
#10320=ORIENTED_EDGE('',*,*,#6989,.F.);
#10321=ORIENTED_EDGE('',*,*,#7346,.F.);
#10322=ORIENTED_EDGE('',*,*,#6254,.T.);
#10323=ORIENTED_EDGE('',*,*,#7346,.T.);
#10324=ORIENTED_EDGE('',*,*,#6988,.F.);
#10325=ORIENTED_EDGE('',*,*,#7347,.F.);
#10326=ORIENTED_EDGE('',*,*,#6255,.T.);
#10327=ORIENTED_EDGE('',*,*,#7347,.T.);
#10328=ORIENTED_EDGE('',*,*,#6987,.F.);
#10329=ORIENTED_EDGE('',*,*,#7348,.F.);
#10330=ORIENTED_EDGE('',*,*,#6256,.T.);
#10331=ORIENTED_EDGE('',*,*,#7348,.T.);
#10332=ORIENTED_EDGE('',*,*,#6986,.F.);
#10333=ORIENTED_EDGE('',*,*,#7349,.F.);
#10334=ORIENTED_EDGE('',*,*,#6257,.T.);
#10335=ORIENTED_EDGE('',*,*,#7349,.T.);
#10336=ORIENTED_EDGE('',*,*,#6985,.F.);
#10337=ORIENTED_EDGE('',*,*,#7350,.F.);
#10338=ORIENTED_EDGE('',*,*,#6258,.T.);
#10339=ORIENTED_EDGE('',*,*,#7350,.T.);
#10340=ORIENTED_EDGE('',*,*,#6984,.F.);
#10341=ORIENTED_EDGE('',*,*,#7351,.F.);
#10342=ORIENTED_EDGE('',*,*,#6259,.T.);
#10343=ORIENTED_EDGE('',*,*,#7351,.T.);
#10344=ORIENTED_EDGE('',*,*,#6983,.F.);
#10345=ORIENTED_EDGE('',*,*,#7352,.F.);
#10346=ORIENTED_EDGE('',*,*,#6260,.T.);
#10347=ORIENTED_EDGE('',*,*,#7352,.T.);
#10348=ORIENTED_EDGE('',*,*,#6982,.F.);
#10349=ORIENTED_EDGE('',*,*,#7353,.F.);
#10350=ORIENTED_EDGE('',*,*,#6261,.T.);
#10351=ORIENTED_EDGE('',*,*,#7353,.T.);
#10352=ORIENTED_EDGE('',*,*,#6981,.F.);
#10353=ORIENTED_EDGE('',*,*,#7354,.F.);
#10354=ORIENTED_EDGE('',*,*,#6262,.T.);
#10355=ORIENTED_EDGE('',*,*,#7354,.T.);
#10356=ORIENTED_EDGE('',*,*,#6980,.F.);
#10357=ORIENTED_EDGE('',*,*,#7355,.F.);
#10358=ORIENTED_EDGE('',*,*,#6263,.T.);
#10359=ORIENTED_EDGE('',*,*,#7355,.T.);
#10360=ORIENTED_EDGE('',*,*,#6979,.F.);
#10361=ORIENTED_EDGE('',*,*,#7356,.F.);
#10362=ORIENTED_EDGE('',*,*,#6264,.T.);
#10363=ORIENTED_EDGE('',*,*,#7356,.T.);
#10364=ORIENTED_EDGE('',*,*,#6978,.F.);
#10365=ORIENTED_EDGE('',*,*,#7357,.F.);
#10366=ORIENTED_EDGE('',*,*,#6265,.T.);
#10367=ORIENTED_EDGE('',*,*,#7357,.T.);
#10368=ORIENTED_EDGE('',*,*,#6977,.F.);
#10369=ORIENTED_EDGE('',*,*,#7358,.F.);
#10370=ORIENTED_EDGE('',*,*,#6266,.T.);
#10371=ORIENTED_EDGE('',*,*,#7358,.T.);
#10372=ORIENTED_EDGE('',*,*,#6976,.F.);
#10373=ORIENTED_EDGE('',*,*,#7343,.F.);
#10374=ORIENTED_EDGE('',*,*,#6267,.T.);
#10375=ORIENTED_EDGE('',*,*,#7359,.T.);
#10376=ORIENTED_EDGE('',*,*,#7001,.F.);
#10377=ORIENTED_EDGE('',*,*,#7360,.F.);
#10378=ORIENTED_EDGE('',*,*,#6318,.T.);
#10379=ORIENTED_EDGE('',*,*,#7360,.T.);
#10380=ORIENTED_EDGE('',*,*,#7000,.F.);
#10381=ORIENTED_EDGE('',*,*,#7361,.F.);
#10382=ORIENTED_EDGE('',*,*,#6309,.T.);
#10383=ORIENTED_EDGE('',*,*,#7361,.T.);
#10384=ORIENTED_EDGE('',*,*,#6999,.F.);
#10385=ORIENTED_EDGE('',*,*,#7362,.F.);
#10386=ORIENTED_EDGE('',*,*,#6310,.T.);
#10387=ORIENTED_EDGE('',*,*,#7362,.T.);
#10388=ORIENTED_EDGE('',*,*,#6998,.F.);
#10389=ORIENTED_EDGE('',*,*,#7363,.F.);
#10390=ORIENTED_EDGE('',*,*,#6311,.T.);
#10391=ORIENTED_EDGE('',*,*,#7363,.T.);
#10392=ORIENTED_EDGE('',*,*,#6997,.F.);
#10393=ORIENTED_EDGE('',*,*,#7364,.F.);
#10394=ORIENTED_EDGE('',*,*,#6312,.T.);
#10395=ORIENTED_EDGE('',*,*,#7364,.T.);
#10396=ORIENTED_EDGE('',*,*,#6996,.F.);
#10397=ORIENTED_EDGE('',*,*,#7365,.F.);
#10398=ORIENTED_EDGE('',*,*,#6313,.T.);
#10399=ORIENTED_EDGE('',*,*,#7365,.T.);
#10400=ORIENTED_EDGE('',*,*,#6995,.F.);
#10401=ORIENTED_EDGE('',*,*,#7366,.F.);
#10402=ORIENTED_EDGE('',*,*,#6314,.T.);
#10403=ORIENTED_EDGE('',*,*,#7366,.T.);
#10404=ORIENTED_EDGE('',*,*,#6994,.F.);
#10405=ORIENTED_EDGE('',*,*,#7367,.F.);
#10406=ORIENTED_EDGE('',*,*,#6315,.T.);
#10407=ORIENTED_EDGE('',*,*,#7367,.T.);
#10408=ORIENTED_EDGE('',*,*,#6993,.F.);
#10409=ORIENTED_EDGE('',*,*,#7368,.F.);
#10410=ORIENTED_EDGE('',*,*,#6316,.T.);
#10411=ORIENTED_EDGE('',*,*,#7368,.T.);
#10412=ORIENTED_EDGE('',*,*,#6992,.F.);
#10413=ORIENTED_EDGE('',*,*,#7359,.F.);
#10414=ORIENTED_EDGE('',*,*,#6317,.T.);
#10415=ORIENTED_EDGE('',*,*,#7369,.F.);
#10416=ORIENTED_EDGE('',*,*,#7370,.F.);
#10417=ORIENTED_EDGE('',*,*,#7371,.F.);
#10418=ORIENTED_EDGE('',*,*,#7372,.F.);
#10419=ORIENTED_EDGE('',*,*,#7373,.T.);
#10420=ORIENTED_EDGE('',*,*,#7374,.F.);
#10421=ORIENTED_EDGE('',*,*,#7375,.F.);
#10422=ORIENTED_EDGE('',*,*,#7372,.T.);
#10423=ORIENTED_EDGE('',*,*,#7375,.T.);
#10424=ORIENTED_EDGE('',*,*,#7376,.F.);
#10425=ORIENTED_EDGE('',*,*,#7377,.F.);
#10426=ORIENTED_EDGE('',*,*,#7369,.T.);
#10427=ORIENTED_EDGE('',*,*,#7377,.T.);
#10428=ORIENTED_EDGE('',*,*,#7378,.F.);
#10429=ORIENTED_EDGE('',*,*,#7379,.F.);
#10430=ORIENTED_EDGE('',*,*,#7370,.T.);
#10431=ORIENTED_EDGE('',*,*,#7379,.T.);
#10432=ORIENTED_EDGE('',*,*,#7380,.F.);
#10433=ORIENTED_EDGE('',*,*,#7373,.F.);
#10434=ORIENTED_EDGE('',*,*,#7371,.T.);
#10435=ORIENTED_EDGE('',*,*,#7380,.T.);
#10436=ORIENTED_EDGE('',*,*,#7378,.T.);
#10437=ORIENTED_EDGE('',*,*,#7376,.T.);
#10438=ORIENTED_EDGE('',*,*,#7374,.T.);
#10439=ORIENTED_EDGE('',*,*,#7381,.T.);
#10440=ORIENTED_EDGE('',*,*,#7382,.F.);
#10441=ORIENTED_EDGE('',*,*,#7383,.F.);
#10442=ORIENTED_EDGE('',*,*,#7384,.T.);
#10443=ORIENTED_EDGE('',*,*,#7385,.F.);
#10444=ORIENTED_EDGE('',*,*,#7386,.T.);
#10445=ORIENTED_EDGE('',*,*,#7387,.T.);
#10446=ORIENTED_EDGE('',*,*,#7384,.F.);
#10447=ORIENTED_EDGE('',*,*,#7387,.F.);
#10448=ORIENTED_EDGE('',*,*,#7388,.F.);
#10449=ORIENTED_EDGE('',*,*,#7389,.F.);
#10450=ORIENTED_EDGE('',*,*,#7381,.F.);
#10451=ORIENTED_EDGE('',*,*,#7389,.T.);
#10452=ORIENTED_EDGE('',*,*,#7390,.F.);
#10453=ORIENTED_EDGE('',*,*,#7391,.F.);
#10454=ORIENTED_EDGE('',*,*,#7382,.T.);
#10455=ORIENTED_EDGE('',*,*,#7391,.T.);
#10456=ORIENTED_EDGE('',*,*,#7392,.T.);
#10457=ORIENTED_EDGE('',*,*,#7385,.T.);
#10458=ORIENTED_EDGE('',*,*,#7383,.T.);
#10459=ORIENTED_EDGE('',*,*,#7388,.T.);
#10460=ORIENTED_EDGE('',*,*,#7386,.F.);
#10461=ORIENTED_EDGE('',*,*,#7392,.F.);
#10462=ORIENTED_EDGE('',*,*,#7390,.T.);
#10463=ORIENTED_EDGE('',*,*,#7393,.T.);
#10464=ORIENTED_EDGE('',*,*,#7394,.T.);
#10465=ORIENTED_EDGE('',*,*,#7395,.T.);
#10466=ORIENTED_EDGE('',*,*,#7396,.T.);
#10467=ORIENTED_EDGE('',*,*,#7397,.T.);
#10468=ORIENTED_EDGE('',*,*,#7398,.F.);
#10469=ORIENTED_EDGE('',*,*,#7396,.F.);
#10470=ORIENTED_EDGE('',*,*,#7399,.T.);
#10471=ORIENTED_EDGE('',*,*,#7395,.F.);
#10472=ORIENTED_EDGE('',*,*,#7400,.T.);
#10473=ORIENTED_EDGE('',*,*,#7401,.T.);
#10474=ORIENTED_EDGE('',*,*,#7399,.F.);
#10475=ORIENTED_EDGE('',*,*,#7401,.F.);
#10476=ORIENTED_EDGE('',*,*,#7402,.F.);
#10477=ORIENTED_EDGE('',*,*,#7403,.F.);
#10478=ORIENTED_EDGE('',*,*,#7397,.F.);
#10479=ORIENTED_EDGE('',*,*,#7403,.T.);
#10480=ORIENTED_EDGE('',*,*,#7404,.F.);
#10481=ORIENTED_EDGE('',*,*,#7393,.F.);
#10482=ORIENTED_EDGE('',*,*,#7398,.T.);
#10483=ORIENTED_EDGE('',*,*,#7402,.T.);
#10484=ORIENTED_EDGE('',*,*,#7400,.F.);
#10485=ORIENTED_EDGE('',*,*,#7394,.F.);
#10486=ORIENTED_EDGE('',*,*,#7404,.T.);
#10487=CYLINDRICAL_SURFACE('',#11066,0.095);
#10488=CYLINDRICAL_SURFACE('',#11069,0.045);
#10489=CYLINDRICAL_SURFACE('',#11072,0.65);
#10490=CYLINDRICAL_SURFACE('',#11075,0.65);
#10491=CYLINDRICAL_SURFACE('',#11078,0.65);
#10492=CYLINDRICAL_SURFACE('',#11103,0.95);
#10493=CYLINDRICAL_SURFACE('',#11105,1.);
#10494=CYLINDRICAL_SURFACE('',#11139,0.95);
#10495=CYLINDRICAL_SURFACE('',#11150,0.2);
#10496=CYLINDRICAL_SURFACE('',#11155,0.2);
#10497=CYLINDRICAL_SURFACE('',#11157,1.);
#10498=CYLINDRICAL_SURFACE('',#11196,0.065);
#10499=CYLINDRICAL_SURFACE('',#11206,0.045);
#10500=ADVANCED_FACE('',(#650),#10487,.F.);
#10501=ADVANCED_FACE('',(#651),#10488,.T.);
#10502=ADVANCED_FACE('',(#652),#10489,.T.);
#10503=ADVANCED_FACE('',(#653),#10490,.T.);
#10504=ADVANCED_FACE('',(#654),#10491,.T.);
#10505=ADVANCED_FACE('',(#655),#51,.F.);
#10506=ADVANCED_FACE('',(#656),#52,.T.);
#10507=ADVANCED_FACE('',(#657,#17,#18,#19,#20,#21,#22,#23,#24,#25,#26,#27,
#28,#29,#30,#31,#32,#33,#34,#35),#53,.T.);
#10508=ADVANCED_FACE('',(#658),#54,.T.);
#10509=ADVANCED_FACE('',(#659),#55,.T.);
#10510=ADVANCED_FACE('',(#660),#56,.T.);
#10511=ADVANCED_FACE('',(#661),#57,.F.);
#10512=ADVANCED_FACE('',(#662),#58,.F.);
#10513=ADVANCED_FACE('',(#663),#59,.F.);
#10514=ADVANCED_FACE('',(#664),#60,.F.);
#10515=ADVANCED_FACE('',(#665,#36,#37),#61,.F.);
#10516=ADVANCED_FACE('',(#666),#62,.F.);
#10517=ADVANCED_FACE('',(#667,#38),#63,.T.);
#10518=ADVANCED_FACE('',(#668),#64,.F.);
#10519=ADVANCED_FACE('',(#669),#65,.F.);
#10520=ADVANCED_FACE('',(#670),#66,.F.);
#10521=ADVANCED_FACE('',(#671),#10492,.T.);
#10522=ADVANCED_FACE('',(#672),#67,.F.);
#10523=ADVANCED_FACE('',(#673),#10493,.F.);
#10524=ADVANCED_FACE('',(#674),#68,.F.);
#10525=ADVANCED_FACE('',(#675),#69,.T.);
#10526=ADVANCED_FACE('',(#676),#70,.T.);
#10527=ADVANCED_FACE('',(#677),#71,.F.);
#10528=ADVANCED_FACE('',(#678),#72,.T.);
#10529=ADVANCED_FACE('',(#679),#73,.T.);
#10530=ADVANCED_FACE('',(#680,#39,#40,#41),#74,.F.);
#10531=ADVANCED_FACE('',(#681),#75,.F.);
#10532=ADVANCED_FACE('',(#682,#42),#76,.F.);
#10533=ADVANCED_FACE('',(#683),#77,.T.);
#10534=ADVANCED_FACE('',(#684),#78,.T.);
#10535=ADVANCED_FACE('',(#685),#79,.T.);
#10536=ADVANCED_FACE('',(#686),#80,.F.);
#10537=ADVANCED_FACE('',(#687),#81,.T.);
#10538=ADVANCED_FACE('',(#688),#82,.F.);
#10539=ADVANCED_FACE('',(#689),#83,.F.);
#10540=ADVANCED_FACE('',(#690),#84,.F.);
#10541=ADVANCED_FACE('',(#691),#85,.F.);
#10542=ADVANCED_FACE('',(#692),#86,.F.);
#10543=ADVANCED_FACE('',(#693),#87,.T.);
#10544=ADVANCED_FACE('',(#694),#88,.F.);
#10545=ADVANCED_FACE('',(#695),#89,.F.);
#10546=ADVANCED_FACE('',(#696,#43),#90,.F.);
#10547=ADVANCED_FACE('',(#697,#44),#91,.F.);
#10548=ADVANCED_FACE('',(#698),#92,.F.);
#10549=ADVANCED_FACE('',(#699,#45),#93,.F.);
#10550=ADVANCED_FACE('',(#700),#94,.T.);
#10551=ADVANCED_FACE('',(#701),#10494,.T.);
#10552=ADVANCED_FACE('',(#702),#95,.T.);
#10553=ADVANCED_FACE('',(#703,#46),#96,.T.);
#10554=ADVANCED_FACE('',(#704),#97,.T.);
#10555=ADVANCED_FACE('',(#705),#98,.T.);
#10556=ADVANCED_FACE('',(#706),#99,.T.);
#10557=ADVANCED_FACE('',(#707),#100,.T.);
#10558=ADVANCED_FACE('',(#708),#101,.T.);
#10559=ADVANCED_FACE('',(#709),#102,.T.);
#10560=ADVANCED_FACE('',(#710),#10495,.T.);
#10561=ADVANCED_FACE('',(#711,#47),#103,.T.);
#10562=ADVANCED_FACE('',(#712),#104,.F.);
#10563=ADVANCED_FACE('',(#713),#105,.F.);
#10564=ADVANCED_FACE('',(#714),#106,.F.);
#10565=ADVANCED_FACE('',(#715),#10496,.T.);
#10566=ADVANCED_FACE('',(#716),#107,.T.);
#10567=ADVANCED_FACE('',(#717),#10497,.F.);
#10568=ADVANCED_FACE('',(#718),#108,.T.);
#10569=ADVANCED_FACE('',(#719),#109,.F.);
#10570=ADVANCED_FACE('',(#720),#110,.F.);
#10571=ADVANCED_FACE('',(#721),#111,.F.);
#10572=ADVANCED_FACE('',(#722),#112,.F.);
#10573=ADVANCED_FACE('',(#723),#113,.F.);
#10574=ADVANCED_FACE('',(#724),#114,.F.);
#10575=ADVANCED_FACE('',(#725),#115,.F.);
#10576=ADVANCED_FACE('',(#726),#116,.T.);
#10577=ADVANCED_FACE('',(#727),#117,.T.);
#10578=ADVANCED_FACE('',(#728),#118,.T.);
#10579=ADVANCED_FACE('',(#729),#119,.T.);
#10580=ADVANCED_FACE('',(#730),#120,.T.);
#10581=ADVANCED_FACE('',(#731),#121,.T.);
#10582=ADVANCED_FACE('',(#732),#122,.T.);
#10583=ADVANCED_FACE('',(#733),#123,.F.);
#10584=ADVANCED_FACE('',(#734),#124,.T.);
#10585=ADVANCED_FACE('',(#735),#125,.T.);
#10586=ADVANCED_FACE('',(#736),#126,.T.);
#10587=ADVANCED_FACE('',(#737),#127,.T.);
#10588=ADVANCED_FACE('',(#738),#128,.T.);
#10589=ADVANCED_FACE('',(#739),#129,.T.);
#10590=ADVANCED_FACE('',(#740),#130,.T.);
#10591=ADVANCED_FACE('',(#741),#131,.F.);
#10592=ADVANCED_FACE('',(#742),#132,.T.);
#10593=ADVANCED_FACE('',(#743),#133,.T.);
#10594=ADVANCED_FACE('',(#744),#134,.T.);
#10595=ADVANCED_FACE('',(#745),#135,.T.);
#10596=ADVANCED_FACE('',(#746),#136,.T.);
#10597=ADVANCED_FACE('',(#747),#137,.T.);
#10598=ADVANCED_FACE('',(#748),#138,.T.);
#10599=ADVANCED_FACE('',(#749),#139,.T.);
#10600=ADVANCED_FACE('',(#750),#140,.T.);
#10601=ADVANCED_FACE('',(#751),#141,.T.);
#10602=ADVANCED_FACE('',(#752),#142,.T.);
#10603=ADVANCED_FACE('',(#753),#143,.F.);
#10604=ADVANCED_FACE('',(#754),#144,.F.);
#10605=ADVANCED_FACE('',(#755),#145,.F.);
#10606=ADVANCED_FACE('',(#756),#10498,.T.);
#10607=ADVANCED_FACE('',(#757),#146,.F.);
#10608=ADVANCED_FACE('',(#758),#147,.F.);
#10609=ADVANCED_FACE('',(#759),#148,.F.);
#10610=ADVANCED_FACE('',(#760),#149,.F.);
#10611=ADVANCED_FACE('',(#761),#150,.F.);
#10612=ADVANCED_FACE('',(#762),#151,.F.);
#10613=ADVANCED_FACE('',(#763),#152,.F.);
#10614=ADVANCED_FACE('',(#764),#153,.F.);
#10615=ADVANCED_FACE('',(#765),#10499,.F.);
#10616=ADVANCED_FACE('',(#766),#154,.F.);
#10617=ADVANCED_FACE('',(#767),#155,.F.);
#10618=ADVANCED_FACE('',(#768),#156,.F.);
#10619=ADVANCED_FACE('',(#769),#157,.F.);
#10620=ADVANCED_FACE('',(#770),#158,.F.);
#10621=ADVANCED_FACE('',(#771),#159,.F.);
#10622=ADVANCED_FACE('',(#772),#160,.F.);
#10623=ADVANCED_FACE('',(#773),#161,.F.);
#10624=ADVANCED_FACE('',(#774),#162,.F.);
#10625=ADVANCED_FACE('',(#775),#163,.F.);
#10626=ADVANCED_FACE('',(#776),#164,.F.);
#10627=ADVANCED_FACE('',(#777),#165,.F.);
#10628=ADVANCED_FACE('',(#778),#166,.F.);
#10629=ADVANCED_FACE('',(#779),#167,.F.);
#10630=ADVANCED_FACE('',(#780),#168,.F.);
#10631=ADVANCED_FACE('',(#781),#169,.F.);
#10632=ADVANCED_FACE('',(#782),#170,.F.);
#10633=ADVANCED_FACE('',(#783),#171,.F.);
#10634=ADVANCED_FACE('',(#784),#172,.F.);
#10635=ADVANCED_FACE('',(#785),#173,.F.);
#10636=ADVANCED_FACE('',(#786),#174,.F.);
#10637=ADVANCED_FACE('',(#787),#175,.F.);
#10638=ADVANCED_FACE('',(#788),#176,.F.);
#10639=ADVANCED_FACE('',(#789),#177,.F.);
#10640=ADVANCED_FACE('',(#790),#178,.F.);
#10641=ADVANCED_FACE('',(#791),#179,.F.);
#10642=ADVANCED_FACE('',(#792),#180,.F.);
#10643=ADVANCED_FACE('',(#793),#181,.F.);
#10644=ADVANCED_FACE('',(#794),#182,.F.);
#10645=ADVANCED_FACE('',(#795),#183,.F.);
#10646=ADVANCED_FACE('',(#796),#184,.T.);
#10647=ADVANCED_FACE('',(#797),#185,.T.);
#10648=ADVANCED_FACE('',(#798),#186,.T.);
#10649=ADVANCED_FACE('',(#799),#187,.T.);
#10650=ADVANCED_FACE('',(#800),#188,.T.);
#10651=ADVANCED_FACE('',(#801),#189,.T.);
#10652=ADVANCED_FACE('',(#802),#190,.T.);
#10653=ADVANCED_FACE('',(#803),#191,.T.);
#10654=ADVANCED_FACE('',(#804),#192,.T.);
#10655=ADVANCED_FACE('',(#805,#48),#193,.T.);
#10656=ADVANCED_FACE('',(#806),#194,.T.);
#10657=ADVANCED_FACE('',(#807),#195,.T.);
#10658=ADVANCED_FACE('',(#808),#196,.T.);
#10659=ADVANCED_FACE('',(#809),#197,.T.);
#10660=ADVANCED_FACE('',(#810),#198,.T.);
#10661=ADVANCED_FACE('',(#811,#49),#199,.T.);
#10662=ADVANCED_FACE('',(#812,#50),#200,.T.);
#10663=ADVANCED_FACE('',(#813),#201,.F.);
#10664=ADVANCED_FACE('',(#814),#202,.F.);
#10665=ADVANCED_FACE('',(#815),#203,.F.);
#10666=ADVANCED_FACE('',(#816),#204,.F.);
#10667=ADVANCED_FACE('',(#817),#205,.F.);
#10668=ADVANCED_FACE('',(#818),#206,.F.);
#10669=ADVANCED_FACE('',(#819),#207,.F.);
#10670=ADVANCED_FACE('',(#820),#208,.F.);
#10671=ADVANCED_FACE('',(#821),#209,.F.);
#10672=ADVANCED_FACE('',(#822),#210,.F.);
#10673=ADVANCED_FACE('',(#823),#211,.F.);
#10674=ADVANCED_FACE('',(#824),#212,.F.);
#10675=ADVANCED_FACE('',(#825),#213,.F.);
#10676=ADVANCED_FACE('',(#826),#214,.F.);
#10677=ADVANCED_FACE('',(#827),#215,.F.);
#10678=ADVANCED_FACE('',(#828),#216,.F.);
#10679=ADVANCED_FACE('',(#829),#217,.F.);
#10680=ADVANCED_FACE('',(#830),#218,.F.);
#10681=ADVANCED_FACE('',(#831),#219,.F.);
#10682=ADVANCED_FACE('',(#832),#220,.F.);
#10683=ADVANCED_FACE('',(#833),#221,.F.);
#10684=ADVANCED_FACE('',(#834),#222,.F.);
#10685=ADVANCED_FACE('',(#835),#223,.F.);
#10686=ADVANCED_FACE('',(#836),#224,.F.);
#10687=ADVANCED_FACE('',(#837),#225,.F.);
#10688=ADVANCED_FACE('',(#838),#226,.F.);
#10689=ADVANCED_FACE('',(#839),#227,.F.);
#10690=ADVANCED_FACE('',(#840),#228,.F.);
#10691=ADVANCED_FACE('',(#841),#229,.F.);
#10692=ADVANCED_FACE('',(#842),#230,.F.);
#10693=ADVANCED_FACE('',(#843),#231,.F.);
#10694=ADVANCED_FACE('',(#844),#232,.F.);
#10695=ADVANCED_FACE('',(#845),#233,.F.);
#10696=ADVANCED_FACE('',(#846),#234,.F.);
#10697=ADVANCED_FACE('',(#847),#235,.F.);
#10698=ADVANCED_FACE('',(#848),#236,.F.);
#10699=ADVANCED_FACE('',(#849),#237,.F.);
#10700=ADVANCED_FACE('',(#850),#238,.F.);
#10701=ADVANCED_FACE('',(#851),#239,.F.);
#10702=ADVANCED_FACE('',(#852),#240,.F.);
#10703=ADVANCED_FACE('',(#853),#241,.F.);
#10704=ADVANCED_FACE('',(#854),#242,.F.);
#10705=ADVANCED_FACE('',(#855),#243,.F.);
#10706=ADVANCED_FACE('',(#856),#244,.F.);
#10707=ADVANCED_FACE('',(#857),#245,.F.);
#10708=ADVANCED_FACE('',(#858),#246,.F.);
#10709=ADVANCED_FACE('',(#859),#247,.F.);
#10710=ADVANCED_FACE('',(#860),#248,.F.);
#10711=ADVANCED_FACE('',(#861),#249,.F.);
#10712=ADVANCED_FACE('',(#862),#250,.F.);
#10713=ADVANCED_FACE('',(#863),#251,.F.);
#10714=ADVANCED_FACE('',(#864),#252,.F.);
#10715=ADVANCED_FACE('',(#865),#253,.F.);
#10716=ADVANCED_FACE('',(#866),#254,.F.);
#10717=ADVANCED_FACE('',(#867),#255,.F.);
#10718=ADVANCED_FACE('',(#868),#256,.F.);
#10719=ADVANCED_FACE('',(#869),#257,.F.);
#10720=ADVANCED_FACE('',(#870),#258,.F.);
#10721=ADVANCED_FACE('',(#871),#259,.F.);
#10722=ADVANCED_FACE('',(#872),#260,.F.);
#10723=ADVANCED_FACE('',(#873),#261,.F.);
#10724=ADVANCED_FACE('',(#874),#262,.F.);
#10725=ADVANCED_FACE('',(#875),#263,.F.);
#10726=ADVANCED_FACE('',(#876),#264,.F.);
#10727=ADVANCED_FACE('',(#877),#265,.F.);
#10728=ADVANCED_FACE('',(#878),#266,.F.);
#10729=ADVANCED_FACE('',(#879),#267,.F.);
#10730=ADVANCED_FACE('',(#880),#268,.F.);
#10731=ADVANCED_FACE('',(#881),#269,.F.);
#10732=ADVANCED_FACE('',(#882),#270,.F.);
#10733=ADVANCED_FACE('',(#883),#271,.F.);
#10734=ADVANCED_FACE('',(#884),#272,.F.);
#10735=ADVANCED_FACE('',(#885),#273,.F.);
#10736=ADVANCED_FACE('',(#886),#274,.F.);
#10737=ADVANCED_FACE('',(#887),#275,.F.);
#10738=ADVANCED_FACE('',(#888),#276,.F.);
#10739=ADVANCED_FACE('',(#889),#277,.F.);
#10740=ADVANCED_FACE('',(#890),#278,.F.);
#10741=ADVANCED_FACE('',(#891),#279,.F.);
#10742=ADVANCED_FACE('',(#892),#280,.F.);
#10743=ADVANCED_FACE('',(#893),#281,.F.);
#10744=ADVANCED_FACE('',(#894),#282,.F.);
#10745=ADVANCED_FACE('',(#895),#283,.F.);
#10746=ADVANCED_FACE('',(#896),#284,.F.);
#10747=ADVANCED_FACE('',(#897),#285,.F.);
#10748=ADVANCED_FACE('',(#898),#286,.F.);
#10749=ADVANCED_FACE('',(#899),#287,.F.);
#10750=ADVANCED_FACE('',(#900),#288,.F.);
#10751=ADVANCED_FACE('',(#901),#289,.F.);
#10752=ADVANCED_FACE('',(#902),#290,.F.);
#10753=ADVANCED_FACE('',(#903),#291,.F.);
#10754=ADVANCED_FACE('',(#904),#292,.F.);
#10755=ADVANCED_FACE('',(#905),#293,.F.);
#10756=ADVANCED_FACE('',(#906),#294,.F.);
#10757=ADVANCED_FACE('',(#907),#295,.F.);
#10758=ADVANCED_FACE('',(#908),#296,.F.);
#10759=ADVANCED_FACE('',(#909),#297,.F.);
#10760=ADVANCED_FACE('',(#910),#298,.F.);
#10761=ADVANCED_FACE('',(#911),#299,.F.);
#10762=ADVANCED_FACE('',(#912),#300,.F.);
#10763=ADVANCED_FACE('',(#913),#301,.F.);
#10764=ADVANCED_FACE('',(#914),#302,.F.);
#10765=ADVANCED_FACE('',(#915),#303,.F.);
#10766=ADVANCED_FACE('',(#916),#304,.F.);
#10767=ADVANCED_FACE('',(#917),#305,.F.);
#10768=ADVANCED_FACE('',(#918),#306,.F.);
#10769=ADVANCED_FACE('',(#919),#307,.F.);
#10770=ADVANCED_FACE('',(#920),#308,.F.);
#10771=ADVANCED_FACE('',(#921),#309,.F.);
#10772=ADVANCED_FACE('',(#922),#310,.F.);
#10773=ADVANCED_FACE('',(#923),#311,.F.);
#10774=ADVANCED_FACE('',(#924),#312,.F.);
#10775=ADVANCED_FACE('',(#925),#313,.F.);
#10776=ADVANCED_FACE('',(#926),#314,.F.);
#10777=ADVANCED_FACE('',(#927),#315,.F.);
#10778=ADVANCED_FACE('',(#928),#316,.F.);
#10779=ADVANCED_FACE('',(#929),#317,.F.);
#10780=ADVANCED_FACE('',(#930),#318,.F.);
#10781=ADVANCED_FACE('',(#931),#319,.F.);
#10782=ADVANCED_FACE('',(#932),#320,.F.);
#10783=ADVANCED_FACE('',(#933),#321,.F.);
#10784=ADVANCED_FACE('',(#934),#322,.F.);
#10785=ADVANCED_FACE('',(#935),#323,.F.);
#10786=ADVANCED_FACE('',(#936),#324,.F.);
#10787=ADVANCED_FACE('',(#937),#325,.F.);
#10788=ADVANCED_FACE('',(#938),#326,.F.);
#10789=ADVANCED_FACE('',(#939),#327,.F.);
#10790=ADVANCED_FACE('',(#940),#328,.F.);
#10791=ADVANCED_FACE('',(#941),#329,.F.);
#10792=ADVANCED_FACE('',(#942),#330,.F.);
#10793=ADVANCED_FACE('',(#943),#331,.F.);
#10794=ADVANCED_FACE('',(#944),#332,.F.);
#10795=ADVANCED_FACE('',(#945),#333,.F.);
#10796=ADVANCED_FACE('',(#946),#334,.F.);
#10797=ADVANCED_FACE('',(#947),#335,.F.);
#10798=ADVANCED_FACE('',(#948),#336,.F.);
#10799=ADVANCED_FACE('',(#949),#337,.F.);
#10800=ADVANCED_FACE('',(#950),#338,.F.);
#10801=ADVANCED_FACE('',(#951),#339,.F.);
#10802=ADVANCED_FACE('',(#952),#340,.F.);
#10803=ADVANCED_FACE('',(#953),#341,.F.);
#10804=ADVANCED_FACE('',(#954),#342,.F.);
#10805=ADVANCED_FACE('',(#955),#343,.F.);
#10806=ADVANCED_FACE('',(#956),#344,.F.);
#10807=ADVANCED_FACE('',(#957),#345,.F.);
#10808=ADVANCED_FACE('',(#958),#346,.F.);
#10809=ADVANCED_FACE('',(#959),#347,.F.);
#10810=ADVANCED_FACE('',(#960),#348,.F.);
#10811=ADVANCED_FACE('',(#961),#349,.F.);
#10812=ADVANCED_FACE('',(#962),#350,.F.);
#10813=ADVANCED_FACE('',(#963),#351,.F.);
#10814=ADVANCED_FACE('',(#964),#352,.F.);
#10815=ADVANCED_FACE('',(#965),#353,.F.);
#10816=ADVANCED_FACE('',(#966),#354,.F.);
#10817=ADVANCED_FACE('',(#967),#355,.F.);
#10818=ADVANCED_FACE('',(#968),#356,.F.);
#10819=ADVANCED_FACE('',(#969),#357,.F.);
#10820=ADVANCED_FACE('',(#970),#358,.F.);
#10821=ADVANCED_FACE('',(#971),#359,.F.);
#10822=ADVANCED_FACE('',(#972),#360,.F.);
#10823=ADVANCED_FACE('',(#973),#361,.F.);
#10824=ADVANCED_FACE('',(#974),#362,.F.);
#10825=ADVANCED_FACE('',(#975),#363,.F.);
#10826=ADVANCED_FACE('',(#976),#364,.F.);
#10827=ADVANCED_FACE('',(#977),#365,.F.);
#10828=ADVANCED_FACE('',(#978),#366,.F.);
#10829=ADVANCED_FACE('',(#979),#367,.F.);
#10830=ADVANCED_FACE('',(#980),#368,.F.);
#10831=ADVANCED_FACE('',(#981),#369,.F.);
#10832=ADVANCED_FACE('',(#982),#370,.F.);
#10833=ADVANCED_FACE('',(#983),#371,.F.);
#10834=ADVANCED_FACE('',(#984),#372,.F.);
#10835=ADVANCED_FACE('',(#985),#373,.F.);
#10836=ADVANCED_FACE('',(#986),#374,.F.);
#10837=ADVANCED_FACE('',(#987),#375,.F.);
#10838=ADVANCED_FACE('',(#988),#376,.F.);
#10839=ADVANCED_FACE('',(#989),#377,.F.);
#10840=ADVANCED_FACE('',(#990),#378,.F.);
#10841=ADVANCED_FACE('',(#991),#379,.F.);
#10842=ADVANCED_FACE('',(#992),#380,.F.);
#10843=ADVANCED_FACE('',(#993),#381,.F.);
#10844=ADVANCED_FACE('',(#994),#382,.F.);
#10845=ADVANCED_FACE('',(#995),#383,.F.);
#10846=ADVANCED_FACE('',(#996),#384,.F.);
#10847=ADVANCED_FACE('',(#997),#385,.F.);
#10848=ADVANCED_FACE('',(#998),#386,.F.);
#10849=ADVANCED_FACE('',(#999),#387,.F.);
#10850=ADVANCED_FACE('',(#1000),#388,.F.);
#10851=ADVANCED_FACE('',(#1001),#389,.F.);
#10852=ADVANCED_FACE('',(#1002),#390,.F.);
#10853=ADVANCED_FACE('',(#1003),#391,.F.);
#10854=ADVANCED_FACE('',(#1004),#392,.F.);
#10855=ADVANCED_FACE('',(#1005),#393,.F.);
#10856=ADVANCED_FACE('',(#1006),#394,.F.);
#10857=ADVANCED_FACE('',(#1007),#395,.F.);
#10858=ADVANCED_FACE('',(#1008),#396,.F.);
#10859=ADVANCED_FACE('',(#1009),#397,.F.);
#10860=ADVANCED_FACE('',(#1010),#398,.F.);
#10861=ADVANCED_FACE('',(#1011),#399,.F.);
#10862=ADVANCED_FACE('',(#1012),#400,.F.);
#10863=ADVANCED_FACE('',(#1013),#401,.F.);
#10864=ADVANCED_FACE('',(#1014),#402,.F.);
#10865=ADVANCED_FACE('',(#1015),#403,.F.);
#10866=ADVANCED_FACE('',(#1016),#404,.F.);
#10867=ADVANCED_FACE('',(#1017),#405,.F.);
#10868=ADVANCED_FACE('',(#1018),#406,.F.);
#10869=ADVANCED_FACE('',(#1019),#407,.F.);
#10870=ADVANCED_FACE('',(#1020),#408,.F.);
#10871=ADVANCED_FACE('',(#1021),#409,.F.);
#10872=ADVANCED_FACE('',(#1022),#410,.F.);
#10873=ADVANCED_FACE('',(#1023),#411,.F.);
#10874=ADVANCED_FACE('',(#1024),#412,.F.);
#10875=ADVANCED_FACE('',(#1025),#413,.F.);
#10876=ADVANCED_FACE('',(#1026),#414,.F.);
#10877=ADVANCED_FACE('',(#1027),#415,.F.);
#10878=ADVANCED_FACE('',(#1028),#416,.F.);
#10879=ADVANCED_FACE('',(#1029),#417,.F.);
#10880=ADVANCED_FACE('',(#1030),#418,.F.);
#10881=ADVANCED_FACE('',(#1031),#419,.F.);
#10882=ADVANCED_FACE('',(#1032),#420,.F.);
#10883=ADVANCED_FACE('',(#1033),#421,.F.);
#10884=ADVANCED_FACE('',(#1034),#422,.F.);
#10885=ADVANCED_FACE('',(#1035),#423,.F.);
#10886=ADVANCED_FACE('',(#1036),#424,.F.);
#10887=ADVANCED_FACE('',(#1037),#425,.F.);
#10888=ADVANCED_FACE('',(#1038),#426,.F.);
#10889=ADVANCED_FACE('',(#1039),#427,.F.);
#10890=ADVANCED_FACE('',(#1040),#428,.F.);
#10891=ADVANCED_FACE('',(#1041),#429,.F.);
#10892=ADVANCED_FACE('',(#1042),#430,.F.);
#10893=ADVANCED_FACE('',(#1043),#431,.F.);
#10894=ADVANCED_FACE('',(#1044),#432,.F.);
#10895=ADVANCED_FACE('',(#1045),#433,.F.);
#10896=ADVANCED_FACE('',(#1046),#434,.F.);
#10897=ADVANCED_FACE('',(#1047),#435,.F.);
#10898=ADVANCED_FACE('',(#1048),#436,.F.);
#10899=ADVANCED_FACE('',(#1049),#437,.F.);
#10900=ADVANCED_FACE('',(#1050),#438,.F.);
#10901=ADVANCED_FACE('',(#1051),#439,.F.);
#10902=ADVANCED_FACE('',(#1052),#440,.F.);
#10903=ADVANCED_FACE('',(#1053),#441,.F.);
#10904=ADVANCED_FACE('',(#1054),#442,.F.);
#10905=ADVANCED_FACE('',(#1055),#443,.F.);
#10906=ADVANCED_FACE('',(#1056),#444,.F.);
#10907=ADVANCED_FACE('',(#1057),#445,.F.);
#10908=ADVANCED_FACE('',(#1058),#446,.F.);
#10909=ADVANCED_FACE('',(#1059),#447,.F.);
#10910=ADVANCED_FACE('',(#1060),#448,.F.);
#10911=ADVANCED_FACE('',(#1061),#449,.F.);
#10912=ADVANCED_FACE('',(#1062),#450,.F.);
#10913=ADVANCED_FACE('',(#1063),#451,.F.);
#10914=ADVANCED_FACE('',(#1064),#452,.F.);
#10915=ADVANCED_FACE('',(#1065),#453,.F.);
#10916=ADVANCED_FACE('',(#1066),#454,.F.);
#10917=ADVANCED_FACE('',(#1067),#455,.F.);
#10918=ADVANCED_FACE('',(#1068),#456,.F.);
#10919=ADVANCED_FACE('',(#1069),#457,.F.);
#10920=ADVANCED_FACE('',(#1070),#458,.F.);
#10921=ADVANCED_FACE('',(#1071),#459,.F.);
#10922=ADVANCED_FACE('',(#1072),#460,.F.);
#10923=ADVANCED_FACE('',(#1073),#461,.F.);
#10924=ADVANCED_FACE('',(#1074),#462,.F.);
#10925=ADVANCED_FACE('',(#1075),#463,.F.);
#10926=ADVANCED_FACE('',(#1076),#464,.F.);
#10927=ADVANCED_FACE('',(#1077),#465,.F.);
#10928=ADVANCED_FACE('',(#1078),#466,.F.);
#10929=ADVANCED_FACE('',(#1079),#467,.F.);
#10930=ADVANCED_FACE('',(#1080),#468,.F.);
#10931=ADVANCED_FACE('',(#1081),#469,.F.);
#10932=ADVANCED_FACE('',(#1082),#470,.F.);
#10933=ADVANCED_FACE('',(#1083),#471,.F.);
#10934=ADVANCED_FACE('',(#1084),#472,.F.);
#10935=ADVANCED_FACE('',(#1085),#473,.F.);
#10936=ADVANCED_FACE('',(#1086),#474,.F.);
#10937=ADVANCED_FACE('',(#1087),#475,.F.);
#10938=ADVANCED_FACE('',(#1088),#476,.F.);
#10939=ADVANCED_FACE('',(#1089),#477,.F.);
#10940=ADVANCED_FACE('',(#1090),#478,.F.);
#10941=ADVANCED_FACE('',(#1091),#479,.F.);
#10942=ADVANCED_FACE('',(#1092),#480,.F.);
#10943=ADVANCED_FACE('',(#1093),#481,.F.);
#10944=ADVANCED_FACE('',(#1094),#482,.F.);
#10945=ADVANCED_FACE('',(#1095),#483,.F.);
#10946=ADVANCED_FACE('',(#1096),#484,.F.);
#10947=ADVANCED_FACE('',(#1097),#485,.F.);
#10948=ADVANCED_FACE('',(#1098),#486,.F.);
#10949=ADVANCED_FACE('',(#1099),#487,.F.);
#10950=ADVANCED_FACE('',(#1100),#488,.F.);
#10951=ADVANCED_FACE('',(#1101),#489,.F.);
#10952=ADVANCED_FACE('',(#1102),#490,.F.);
#10953=ADVANCED_FACE('',(#1103),#491,.F.);
#10954=ADVANCED_FACE('',(#1104),#492,.F.);
#10955=ADVANCED_FACE('',(#1105),#493,.F.);
#10956=ADVANCED_FACE('',(#1106),#494,.F.);
#10957=ADVANCED_FACE('',(#1107),#495,.F.);
#10958=ADVANCED_FACE('',(#1108),#496,.F.);
#10959=ADVANCED_FACE('',(#1109),#497,.F.);
#10960=ADVANCED_FACE('',(#1110),#498,.F.);
#10961=ADVANCED_FACE('',(#1111),#499,.F.);
#10962=ADVANCED_FACE('',(#1112),#500,.F.);
#10963=ADVANCED_FACE('',(#1113),#501,.F.);
#10964=ADVANCED_FACE('',(#1114),#502,.F.);
#10965=ADVANCED_FACE('',(#1115),#503,.F.);
#10966=ADVANCED_FACE('',(#1116),#504,.F.);
#10967=ADVANCED_FACE('',(#1117),#505,.F.);
#10968=ADVANCED_FACE('',(#1118),#506,.F.);
#10969=ADVANCED_FACE('',(#1119),#507,.F.);
#10970=ADVANCED_FACE('',(#1120),#508,.F.);
#10971=ADVANCED_FACE('',(#1121),#509,.F.);
#10972=ADVANCED_FACE('',(#1122),#510,.F.);
#10973=ADVANCED_FACE('',(#1123),#511,.F.);
#10974=ADVANCED_FACE('',(#1124),#512,.F.);
#10975=ADVANCED_FACE('',(#1125),#513,.F.);
#10976=ADVANCED_FACE('',(#1126),#514,.F.);
#10977=ADVANCED_FACE('',(#1127),#515,.F.);
#10978=ADVANCED_FACE('',(#1128),#516,.F.);
#10979=ADVANCED_FACE('',(#1129),#517,.F.);
#10980=ADVANCED_FACE('',(#1130),#518,.F.);
#10981=ADVANCED_FACE('',(#1131),#519,.F.);
#10982=ADVANCED_FACE('',(#1132),#520,.F.);
#10983=ADVANCED_FACE('',(#1133),#521,.F.);
#10984=ADVANCED_FACE('',(#1134),#522,.F.);
#10985=ADVANCED_FACE('',(#1135),#523,.F.);
#10986=ADVANCED_FACE('',(#1136),#524,.F.);
#10987=ADVANCED_FACE('',(#1137),#525,.F.);
#10988=ADVANCED_FACE('',(#1138),#526,.F.);
#10989=ADVANCED_FACE('',(#1139),#527,.F.);
#10990=ADVANCED_FACE('',(#1140),#528,.F.);
#10991=ADVANCED_FACE('',(#1141),#529,.F.);
#10992=ADVANCED_FACE('',(#1142),#530,.F.);
#10993=ADVANCED_FACE('',(#1143),#531,.F.);
#10994=ADVANCED_FACE('',(#1144),#532,.F.);
#10995=ADVANCED_FACE('',(#1145),#533,.F.);
#10996=ADVANCED_FACE('',(#1146),#534,.F.);
#10997=ADVANCED_FACE('',(#1147),#535,.F.);
#10998=ADVANCED_FACE('',(#1148),#536,.F.);
#10999=ADVANCED_FACE('',(#1149),#537,.F.);
#11000=ADVANCED_FACE('',(#1150),#538,.F.);
#11001=ADVANCED_FACE('',(#1151),#539,.F.);
#11002=ADVANCED_FACE('',(#1152),#540,.F.);
#11003=ADVANCED_FACE('',(#1153),#541,.F.);
#11004=ADVANCED_FACE('',(#1154),#542,.F.);
#11005=ADVANCED_FACE('',(#1155),#543,.F.);
#11006=ADVANCED_FACE('',(#1156),#544,.F.);
#11007=ADVANCED_FACE('',(#1157),#545,.F.);
#11008=ADVANCED_FACE('',(#1158),#546,.F.);
#11009=ADVANCED_FACE('',(#1159),#547,.F.);
#11010=ADVANCED_FACE('',(#1160),#548,.F.);
#11011=ADVANCED_FACE('',(#1161),#549,.F.);
#11012=ADVANCED_FACE('',(#1162),#550,.F.);
#11013=ADVANCED_FACE('',(#1163),#551,.F.);
#11014=ADVANCED_FACE('',(#1164),#552,.F.);
#11015=ADVANCED_FACE('',(#1165),#553,.F.);
#11016=ADVANCED_FACE('',(#1166),#554,.F.);
#11017=ADVANCED_FACE('',(#1167),#555,.F.);
#11018=ADVANCED_FACE('',(#1168),#556,.F.);
#11019=ADVANCED_FACE('',(#1169),#557,.F.);
#11020=ADVANCED_FACE('',(#1170),#558,.F.);
#11021=ADVANCED_FACE('',(#1171),#559,.F.);
#11022=ADVANCED_FACE('',(#1172),#560,.F.);
#11023=ADVANCED_FACE('',(#1173),#561,.F.);
#11024=ADVANCED_FACE('',(#1174),#562,.F.);
#11025=ADVANCED_FACE('',(#1175),#563,.F.);
#11026=ADVANCED_FACE('',(#1176),#564,.F.);
#11027=ADVANCED_FACE('',(#1177),#565,.F.);
#11028=ADVANCED_FACE('',(#1178),#566,.F.);
#11029=ADVANCED_FACE('',(#1179),#567,.F.);
#11030=ADVANCED_FACE('',(#1180),#568,.F.);
#11031=ADVANCED_FACE('',(#1181),#569,.T.);
#11032=ADVANCED_FACE('',(#1182),#570,.F.);
#11033=ADVANCED_FACE('',(#1183),#571,.F.);
#11034=ADVANCED_FACE('',(#1184),#572,.F.);
#11035=ADVANCED_FACE('',(#1185),#573,.F.);
#11036=ADVANCED_FACE('',(#1186),#574,.F.);
#11037=ADVANCED_FACE('',(#1187),#575,.T.);
#11038=ADVANCED_FACE('',(#1188),#576,.T.);
#11039=ADVANCED_FACE('',(#1189),#577,.F.);
#11040=ADVANCED_FACE('',(#1190),#578,.T.);
#11041=ADVANCED_FACE('',(#1191),#579,.T.);
#11042=ADVANCED_FACE('',(#1192),#580,.T.);
#11043=ADVANCED_FACE('',(#1193),#581,.T.);
#11044=ADVANCED_FACE('',(#1194),#582,.T.);
#11045=ADVANCED_FACE('',(#1195),#583,.T.);
#11046=ADVANCED_FACE('',(#1196),#584,.F.);
#11047=ADVANCED_FACE('',(#1197),#585,.T.);
#11048=ADVANCED_FACE('',(#1198),#586,.T.);
#11049=CLOSED_SHELL('',(#10500,#10501,#10502,#10503,#10504,#10505,#10506,
#10507,#10508,#10509,#10510,#10511,#10512,#10513,#10514,#10515,#10516,#10517,
#10518,#10519,#10520,#10521,#10522,#10523,#10524,#10525,#10526,#10527,#10528,
#10529,#10530,#10531,#10532,#10533,#10534,#10535,#10536,#10537,#10538,#10539,
#10540,#10541,#10542,#10543,#10544,#10545,#10546,#10547,#10548,#10549,#10550,
#10551,#10552,#10553,#10554,#10555,#10556,#10557,#10558,#10559,#10560,#10561,
#10562,#10563,#10564,#10565,#10566,#10567,#10568,#10569,#10570,#10571,#10572,
#10573,#10574,#10575,#10576,#10577,#10578,#10579,#10580,#10581,#10582,#10583,
#10584,#10585,#10586,#10587,#10588,#10589,#10590,#10591,#10592,#10593,#10594,
#10595,#10596,#10597,#10598,#10599,#10600,#10601,#10602,#10603,#10604,#10605,
#10606,#10607,#10608,#10609,#10610,#10611,#10612,#10613,#10614,#10615,#10616,
#10617,#10618,#10619,#10620,#10621,#10622,#10623,#10624,#10625,#10626,#10627,
#10628,#10629,#10630,#10631,#10632,#10633,#10634,#10635,#10636,#10637,#10638,
#10639,#10640,#10641,#10642,#10643,#10644,#10645,#10646,#10647,#10648,#10649,
#10650,#10651,#10652,#10653,#10654,#10655,#10656,#10657,#10658,#10659,#10660,
#10661,#10662,#10663,#10664,#10665,#10666,#10667,#10668,#10669,#10670,#10671,
#10672,#10673,#10674,#10675,#10676,#10677,#10678,#10679,#10680,#10681,#10682,
#10683,#10684,#10685,#10686,#10687,#10688,#10689,#10690,#10691,#10692,#10693,
#10694,#10695,#10696,#10697,#10698,#10699,#10700,#10701,#10702,#10703,#10704,
#10705,#10706,#10707,#10708,#10709,#10710,#10711,#10712,#10713,#10714,#10715,
#10716,#10717,#10718,#10719,#10720,#10721,#10722,#10723,#10724,#10725,#10726,
#10727,#10728,#10729,#10730,#10731,#10732,#10733,#10734,#10735,#10736,#10737,
#10738,#10739,#10740,#10741,#10742,#10743,#10744,#10745,#10746,#10747,#10748,
#10749,#10750,#10751,#10752,#10753,#10754,#10755,#10756,#10757,#10758,#10759,
#10760,#10761,#10762,#10763,#10764,#10765,#10766,#10767,#10768,#10769,#10770,
#10771,#10772,#10773,#10774,#10775,#10776,#10777,#10778,#10779,#10780,#10781,
#10782,#10783,#10784,#10785,#10786,#10787,#10788,#10789,#10790,#10791,#10792,
#10793,#10794,#10795,#10796,#10797,#10798,#10799,#10800,#10801,#10802,#10803,
#10804,#10805,#10806,#10807,#10808,#10809,#10810,#10811,#10812,#10813,#10814,
#10815,#10816,#10817,#10818,#10819,#10820,#10821,#10822,#10823,#10824,#10825,
#10826,#10827,#10828,#10829,#10830,#10831,#10832,#10833,#10834,#10835,#10836,
#10837,#10838,#10839,#10840,#10841,#10842,#10843,#10844,#10845,#10846,#10847,
#10848,#10849,#10850,#10851,#10852,#10853,#10854,#10855,#10856,#10857,#10858,
#10859,#10860,#10861,#10862,#10863,#10864,#10865,#10866,#10867,#10868,#10869,
#10870,#10871,#10872,#10873,#10874,#10875,#10876,#10877,#10878,#10879,#10880,
#10881,#10882,#10883,#10884,#10885,#10886,#10887,#10888,#10889,#10890,#10891,
#10892,#10893,#10894,#10895,#10896,#10897,#10898,#10899,#10900,#10901,#10902,
#10903,#10904,#10905,#10906,#10907,#10908,#10909,#10910,#10911,#10912,#10913,
#10914,#10915,#10916,#10917,#10918,#10919,#10920,#10921,#10922,#10923,#10924,
#10925,#10926,#10927,#10928,#10929,#10930,#10931,#10932,#10933,#10934,#10935,
#10936,#10937,#10938,#10939,#10940,#10941,#10942,#10943,#10944,#10945,#10946,
#10947,#10948,#10949,#10950,#10951,#10952,#10953,#10954,#10955,#10956,#10957,
#10958,#10959,#10960,#10961,#10962,#10963,#10964,#10965,#10966,#10967,#10968,
#10969,#10970,#10971,#10972,#10973,#10974,#10975,#10976,#10977,#10978,#10979,
#10980,#10981,#10982,#10983,#10984,#10985,#10986,#10987,#10988,#10989,#10990,
#10991,#10992,#10993,#10994,#10995,#10996,#10997,#10998,#10999,#11000,#11001,
#11002,#11003,#11004,#11005,#11006,#11007,#11008,#11009,#11010,#11011,#11012,
#11013,#11014,#11015,#11016,#11017,#11018,#11019,#11020,#11021,#11022,#11023,
#11024,#11025,#11026,#11027,#11028,#11029,#11030));
#11050=CLOSED_SHELL('',(#11031,#11032,#11033,#11034,#11035,#11036));
#11051=CLOSED_SHELL('',(#11037,#11038,#11039,#11040,#11041,#11042));
#11052=CLOSED_SHELL('',(#11043,#11044,#11045,#11046,#11047,#11048));
#11053=DERIVED_UNIT_ELEMENT(#11055,1.);
#11054=DERIVED_UNIT_ELEMENT(#17430,-3.);
#11055=(
MASS_UNIT()
NAMED_UNIT(*)
SI_UNIT(.KILO.,.GRAM.)
);
#11056=DERIVED_UNIT((#11053,#11054));
#11057=MEASURE_REPRESENTATION_ITEM('density measure',
POSITIVE_RATIO_MEASURE(7850.),#11056);
#11058=PROPERTY_DEFINITION_REPRESENTATION(#11063,#11060);
#11059=PROPERTY_DEFINITION_REPRESENTATION(#11064,#11061);
#11060=REPRESENTATION('material name',(#11062),#17427);
#11061=REPRESENTATION('density',(#11057),#17427);
#11062=DESCRIPTIVE_REPRESENTATION_ITEM('Steel','Steel');
#11063=PROPERTY_DEFINITION('material property','material name',#17437);
#11064=PROPERTY_DEFINITION('material property','density of part',#17437);
#11065=AXIS2_PLACEMENT_3D('',#14308,#11641,#11642);
#11066=AXIS2_PLACEMENT_3D('',#14309,#11643,#11644);
#11067=AXIS2_PLACEMENT_3D('',#14312,#11645,#11646);
#11068=AXIS2_PLACEMENT_3D('',#14316,#11648,#11649);
#11069=AXIS2_PLACEMENT_3D('',#14318,#11651,#11652);
#11070=AXIS2_PLACEMENT_3D('',#14321,#11653,#11654);
#11071=AXIS2_PLACEMENT_3D('',#14325,#11656,#11657);
#11072=AXIS2_PLACEMENT_3D('',#14327,#11659,#11660);
#11073=AXIS2_PLACEMENT_3D('',#14330,#11661,#11662);
#11074=AXIS2_PLACEMENT_3D('',#14334,#11664,#11665);
#11075=AXIS2_PLACEMENT_3D('',#14336,#11667,#11668);
#11076=AXIS2_PLACEMENT_3D('',#14339,#11669,#11670);
#11077=AXIS2_PLACEMENT_3D('',#14343,#11672,#11673);
#11078=AXIS2_PLACEMENT_3D('',#14345,#11675,#11676);
#11079=AXIS2_PLACEMENT_3D('',#14348,#11677,#11678);
#11080=AXIS2_PLACEMENT_3D('',#14352,#11680,#11681);
#11081=AXIS2_PLACEMENT_3D('',#14354,#11683,#11684);
#11082=AXIS2_PLACEMENT_3D('',#14363,#11689,#11690);
#11083=AXIS2_PLACEMENT_3D('',#14370,#11693,#11694);
#11084=AXIS2_PLACEMENT_3D('',#14372,#11696,#11697);
#11085=AXIS2_PLACEMENT_3D('',#14381,#11701,#11702);
#11086=AXIS2_PLACEMENT_3D('',#14412,#11718,#11719);
#11087=AXIS2_PLACEMENT_3D('',#14429,#11728,#11729);
#11088=AXIS2_PLACEMENT_3D('',#15124,#12078,#12079);
#11089=AXIS2_PLACEMENT_3D('',#15165,#12100,#12101);
#11090=AXIS2_PLACEMENT_3D('',#15206,#12122,#12123);
#11091=AXIS2_PLACEMENT_3D('',#15227,#12134,#12135);
#11092=AXIS2_PLACEMENT_3D('',#15233,#12139,#12140);
#11093=AXIS2_PLACEMENT_3D('',#15237,#12143,#12144);
#11094=AXIS2_PLACEMENT_3D('',#15241,#12147,#12148);
#11095=AXIS2_PLACEMENT_3D('',#15243,#12150,#12151);
#11096=AXIS2_PLACEMENT_3D('',#15260,#12160,#12161);
#11097=AXIS2_PLACEMENT_3D('',#15268,#12167,#12168);
#11098=AXIS2_PLACEMENT_3D('',#15272,#12170,#12171);
#11099=AXIS2_PLACEMENT_3D('',#15276,#12173,#12174);
#11100=AXIS2_PLACEMENT_3D('',#15282,#12178,#12179);
#11101=AXIS2_PLACEMENT_3D('',#15285,#12182,#12183);
#11102=AXIS2_PLACEMENT_3D('',#15287,#12185,#12186);
#11103=AXIS2_PLACEMENT_3D('',#15289,#12188,#12189);
#11104=AXIS2_PLACEMENT_3D('',#15290,#12190,#12191);
#11105=AXIS2_PLACEMENT_3D('',#15292,#12193,#12194);
#11106=AXIS2_PLACEMENT_3D('',#15294,#12196,#12197);
#11107=AXIS2_PLACEMENT_3D('',#15295,#12198,#12199);
#11108=AXIS2_PLACEMENT_3D('',#15304,#12204,#12205);
#11109=AXIS2_PLACEMENT_3D('',#15314,#12210,#12211);
#11110=AXIS2_PLACEMENT_3D('',#15317,#12213,#12214);
#11111=AXIS2_PLACEMENT_3D('',#15318,#12215,#12216);
#11112=AXIS2_PLACEMENT_3D('',#15324,#12220,#12221);
#11113=AXIS2_PLACEMENT_3D('',#15330,#12225,#12226);
#11114=AXIS2_PLACEMENT_3D('',#15335,#12228,#12229);
#11115=AXIS2_PLACEMENT_3D('',#15343,#12234,#12235);
#11116=AXIS2_PLACEMENT_3D('',#15344,#12236,#12237);
#11117=AXIS2_PLACEMENT_3D('',#15370,#12251,#12252);
#11118=AXIS2_PLACEMENT_3D('',#15372,#12254,#12255);
#11119=AXIS2_PLACEMENT_3D('',#15381,#12260,#12261);
#11120=AXIS2_PLACEMENT_3D('',#15387,#12265,#12266);
#11121=AXIS2_PLACEMENT_3D('',#15396,#12271,#12272);
#11122=AXIS2_PLACEMENT_3D('',#15423,#12287,#12288);
#11123=AXIS2_PLACEMENT_3D('',#15429,#12292,#12293);
#11124=AXIS2_PLACEMENT_3D('',#15453,#12307,#12308);
#11125=AXIS2_PLACEMENT_3D('',#15455,#12310,#12311);
#11126=AXIS2_PLACEMENT_3D('',#15457,#12313,#12314);
#11127=AXIS2_PLACEMENT_3D('',#15459,#12316,#12317);
#11128=AXIS2_PLACEMENT_3D('',#15461,#12319,#12320);
#11129=AXIS2_PLACEMENT_3D('',#15463,#12322,#12323);
#11130=AXIS2_PLACEMENT_3D('',#15464,#12324,#12325);
#11131=AXIS2_PLACEMENT_3D('',#15470,#12329,#12330);
#11132=AXIS2_PLACEMENT_3D('',#15476,#12334,#12335);
#11133=AXIS2_PLACEMENT_3D('',#15483,#12340,#12341);
#11134=AXIS2_PLACEMENT_3D('',#15493,#12347,#12348);
#11135=AXIS2_PLACEMENT_3D('',#15503,#12354,#12355);
#11136=AXIS2_PLACEMENT_3D('',#15507,#12357,#12358);
#11137=AXIS2_PLACEMENT_3D('',#15515,#12362,#12363);
#11138=AXIS2_PLACEMENT_3D('',#15517,#12365,#12366);
#11139=AXIS2_PLACEMENT_3D('',#15523,#12370,#12371);
#11140=AXIS2_PLACEMENT_3D('',#15526,#12373,#12374);
#11141=AXIS2_PLACEMENT_3D('',#15527,#12375,#12376);
#11142=AXIS2_PLACEMENT_3D('',#15531,#12379,#12380);
#11143=AXIS2_PLACEMENT_3D('',#15535,#12382,#12383);
#11144=AXIS2_PLACEMENT_3D('',#15546,#12390,#12391);
#11145=AXIS2_PLACEMENT_3D('',#15548,#12393,#12394);
#11146=AXIS2_PLACEMENT_3D('',#15549,#12395,#12396);
#11147=AXIS2_PLACEMENT_3D('',#15552,#12399,#12400);
#11148=AXIS2_PLACEMENT_3D('',#15554,#12402,#12403);
#11149=AXIS2_PLACEMENT_3D('',#15556,#12405,#12406);
#11150=AXIS2_PLACEMENT_3D('',#15557,#12407,#12408);
#11151=AXIS2_PLACEMENT_3D('',#15559,#12410,#12411);
#11152=AXIS2_PLACEMENT_3D('',#15566,#12416,#12417);
#11153=AXIS2_PLACEMENT_3D('',#15568,#12419,#12420);
#11154=AXIS2_PLACEMENT_3D('',#15570,#12422,#12423);
#11155=AXIS2_PLACEMENT_3D('',#15571,#12424,#12425);
#11156=AXIS2_PLACEMENT_3D('',#15572,#12426,#12427);
#11157=AXIS2_PLACEMENT_3D('',#15574,#12429,#12430);
#11158=AXIS2_PLACEMENT_3D('',#15576,#12432,#12433);
#11159=AXIS2_PLACEMENT_3D('',#15577,#12434,#12435);
#11160=AXIS2_PLACEMENT_3D('',#15579,#12437,#12438);
#11161=AXIS2_PLACEMENT_3D('',#15581,#12440,#12441);
#11162=AXIS2_PLACEMENT_3D('',#15583,#12443,#12444);
#11163=AXIS2_PLACEMENT_3D('',#15585,#12446,#12447);
#11164=AXIS2_PLACEMENT_3D('',#15587,#12449,#12450);
#11165=AXIS2_PLACEMENT_3D('',#15588,#12451,#12452);
#11166=AXIS2_PLACEMENT_3D('',#15599,#12459,#12460);
#11167=AXIS2_PLACEMENT_3D('',#15603,#12463,#12464);
#11168=AXIS2_PLACEMENT_3D('',#15607,#12467,#12468);
#11169=AXIS2_PLACEMENT_3D('',#15609,#12470,#12471);
#11170=AXIS2_PLACEMENT_3D('',#15615,#12475,#12476);
#11171=AXIS2_PLACEMENT_3D('',#15617,#12478,#12479);
#11172=AXIS2_PLACEMENT_3D('',#15619,#12481,#12482);
#11173=AXIS2_PLACEMENT_3D('',#15620,#12483,#12484);
#11174=AXIS2_PLACEMENT_3D('',#15631,#12491,#12492);
#11175=AXIS2_PLACEMENT_3D('',#15635,#12495,#12496);
#11176=AXIS2_PLACEMENT_3D('',#15639,#12499,#12500);
#11177=AXIS2_PLACEMENT_3D('',#15641,#12502,#12503);
#11178=AXIS2_PLACEMENT_3D('',#15647,#12507,#12508);
#11179=AXIS2_PLACEMENT_3D('',#15649,#12510,#12511);
#11180=AXIS2_PLACEMENT_3D('',#15651,#12513,#12514);
#11181=AXIS2_PLACEMENT_3D('',#15652,#12515,#12516);
#11182=AXIS2_PLACEMENT_3D('',#15663,#12523,#12524);
#11183=AXIS2_PLACEMENT_3D('',#15667,#12527,#12528);
#11184=AXIS2_PLACEMENT_3D('',#15671,#12531,#12532);
#11185=AXIS2_PLACEMENT_3D('',#15673,#12534,#12535);
#11186=AXIS2_PLACEMENT_3D('',#15679,#12539,#12540);
#11187=AXIS2_PLACEMENT_3D('',#15681,#12542,#12543);
#11188=AXIS2_PLACEMENT_3D('',#15683,#12545,#12546);
#11189=AXIS2_PLACEMENT_3D('',#15684,#12547,#12548);
#11190=AXIS2_PLACEMENT_3D('',#15687,#12551,#12552);
#11191=AXIS2_PLACEMENT_3D('',#15689,#12554,#12555);
#11192=AXIS2_PLACEMENT_3D('',#15691,#12557,#12558);
#11193=AXIS2_PLACEMENT_3D('',#15692,#12559,#12560);
#11194=AXIS2_PLACEMENT_3D('',#15696,#12563,#12564);
#11195=AXIS2_PLACEMENT_3D('',#15700,#12567,#12568);
#11196=AXIS2_PLACEMENT_3D('',#15704,#12571,#12572);
#11197=AXIS2_PLACEMENT_3D('',#15706,#12573,#12574);
#11198=AXIS2_PLACEMENT_3D('',#15708,#12576,#12577);
#11199=AXIS2_PLACEMENT_3D('',#15712,#12580,#12581);
#11200=AXIS2_PLACEMENT_3D('',#15716,#12584,#12585);
#11201=AXIS2_PLACEMENT_3D('',#15720,#12588,#12589);
#11202=AXIS2_PLACEMENT_3D('',#15722,#12591,#12592);
#11203=AXIS2_PLACEMENT_3D('',#15726,#12595,#12596);
#11204=AXIS2_PLACEMENT_3D('',#15730,#12599,#12600);
#11205=AXIS2_PLACEMENT_3D('',#15734,#12603,#12604);
#11206=AXIS2_PLACEMENT_3D('',#15738,#12607,#12608);
#11207=AXIS2_PLACEMENT_3D('',#15740,#12609,#12610);
#11208=AXIS2_PLACEMENT_3D('',#15742,#12612,#12613);
#11209=AXIS2_PLACEMENT_3D('',#15746,#12616,#12617);
#11210=AXIS2_PLACEMENT_3D('',#15750,#12620,#12621);
#11211=AXIS2_PLACEMENT_3D('',#15754,#12624,#12625);
#11212=AXIS2_PLACEMENT_3D('',#15758,#12628,#12629);
#11213=AXIS2_PLACEMENT_3D('',#15762,#12632,#12633);
#11214=AXIS2_PLACEMENT_3D('',#15766,#12636,#12637);
#11215=AXIS2_PLACEMENT_3D('',#15770,#12640,#12641);
#11216=AXIS2_PLACEMENT_3D('',#15774,#12644,#12645);
#11217=AXIS2_PLACEMENT_3D('',#15778,#12648,#12649);
#11218=AXIS2_PLACEMENT_3D('',#15782,#12652,#12653);
#11219=AXIS2_PLACEMENT_3D('',#15786,#12656,#12657);
#11220=AXIS2_PLACEMENT_3D('',#15790,#12660,#12661);
#11221=AXIS2_PLACEMENT_3D('',#15794,#12664,#12665);
#11222=AXIS2_PLACEMENT_3D('',#15798,#12668,#12669);
#11223=AXIS2_PLACEMENT_3D('',#15802,#12672,#12673);
#11224=AXIS2_PLACEMENT_3D('',#15806,#12676,#12677);
#11225=AXIS2_PLACEMENT_3D('',#15810,#12680,#12681);
#11226=AXIS2_PLACEMENT_3D('',#15814,#12684,#12685);
#11227=AXIS2_PLACEMENT_3D('',#15818,#12688,#12689);
#11228=AXIS2_PLACEMENT_3D('',#15822,#12692,#12693);
#11229=AXIS2_PLACEMENT_3D('',#15826,#12696,#12697);
#11230=AXIS2_PLACEMENT_3D('',#15830,#12700,#12701);
#11231=AXIS2_PLACEMENT_3D('',#15834,#12704,#12705);
#11232=AXIS2_PLACEMENT_3D('',#15838,#12708,#12709);
#11233=AXIS2_PLACEMENT_3D('',#15842,#12712,#12713);
#11234=AXIS2_PLACEMENT_3D('',#15846,#12716,#12717);
#11235=AXIS2_PLACEMENT_3D('',#15850,#12720,#12721);
#11236=AXIS2_PLACEMENT_3D('',#15854,#12724,#12725);
#11237=AXIS2_PLACEMENT_3D('',#15858,#12728,#12729);
#11238=AXIS2_PLACEMENT_3D('',#15860,#12731,#12732);
#11239=AXIS2_PLACEMENT_3D('',#15861,#12733,#12734);
#11240=AXIS2_PLACEMENT_3D('',#15870,#12739,#12740);
#11241=AXIS2_PLACEMENT_3D('',#15979,#12795,#12796);
#11242=AXIS2_PLACEMENT_3D('',#16006,#12810,#12811);
#11243=AXIS2_PLACEMENT_3D('',#16015,#12816,#12817);
#11244=AXIS2_PLACEMENT_3D('',#16032,#12826,#12827);
#11245=AXIS2_PLACEMENT_3D('',#16113,#12868,#12869);
#11246=AXIS2_PLACEMENT_3D('',#16138,#12882,#12883);
#11247=AXIS2_PLACEMENT_3D('',#16219,#12924,#12925);
#11248=AXIS2_PLACEMENT_3D('',#16305,#12969,#12970);
#11249=AXIS2_PLACEMENT_3D('',#16326,#12981,#12982);
#11250=AXIS2_PLACEMENT_3D('',#16347,#12993,#12994);
#11251=AXIS2_PLACEMENT_3D('',#16372,#13007,#13008);
#11252=AXIS2_PLACEMENT_3D('',#16453,#13049,#13050);
#11253=AXIS2_PLACEMENT_3D('',#16470,#13059,#13060);
#11254=AXIS2_PLACEMENT_3D('',#16559,#13105,#13106);
#11255=AXIS2_PLACEMENT_3D('',#16612,#13133,#13134);
#11256=AXIS2_PLACEMENT_3D('',#16615,#13137,#13138);
#11257=AXIS2_PLACEMENT_3D('',#16617,#13140,#13141);
#11258=AXIS2_PLACEMENT_3D('',#16619,#13143,#13144);
#11259=AXIS2_PLACEMENT_3D('',#16620,#13145,#13146);
#11260=AXIS2_PLACEMENT_3D('',#16623,#13149,#13150);
#11261=AXIS2_PLACEMENT_3D('',#16625,#13152,#13153);
#11262=AXIS2_PLACEMENT_3D('',#16627,#13155,#13156);
#11263=AXIS2_PLACEMENT_3D('',#16629,#13158,#13159);
#11264=AXIS2_PLACEMENT_3D('',#16631,#13161,#13162);
#11265=AXIS2_PLACEMENT_3D('',#16633,#13164,#13165);
#11266=AXIS2_PLACEMENT_3D('',#16635,#13167,#13168);
#11267=AXIS2_PLACEMENT_3D('',#16637,#13170,#13171);
#11268=AXIS2_PLACEMENT_3D('',#16639,#13173,#13174);
#11269=AXIS2_PLACEMENT_3D('',#16641,#13176,#13177);
#11270=AXIS2_PLACEMENT_3D('',#16643,#13179,#13180);
#11271=AXIS2_PLACEMENT_3D('',#16645,#13182,#13183);
#11272=AXIS2_PLACEMENT_3D('',#16647,#13185,#13186);
#11273=AXIS2_PLACEMENT_3D('',#16649,#13188,#13189);
#11274=AXIS2_PLACEMENT_3D('',#16651,#13191,#13192);
#11275=AXIS2_PLACEMENT_3D('',#16653,#13194,#13195);
#11276=AXIS2_PLACEMENT_3D('',#16655,#13197,#13198);
#11277=AXIS2_PLACEMENT_3D('',#16657,#13200,#13201);
#11278=AXIS2_PLACEMENT_3D('',#16659,#13203,#13204);
#11279=AXIS2_PLACEMENT_3D('',#16661,#13206,#13207);
#11280=AXIS2_PLACEMENT_3D('',#16663,#13209,#13210);
#11281=AXIS2_PLACEMENT_3D('',#16665,#13212,#13213);
#11282=AXIS2_PLACEMENT_3D('',#16667,#13215,#13216);
#11283=AXIS2_PLACEMENT_3D('',#16669,#13218,#13219);
#11284=AXIS2_PLACEMENT_3D('',#16671,#13221,#13222);
#11285=AXIS2_PLACEMENT_3D('',#16673,#13224,#13225);
#11286=AXIS2_PLACEMENT_3D('',#16675,#13227,#13228);
#11287=AXIS2_PLACEMENT_3D('',#16677,#13230,#13231);
#11288=AXIS2_PLACEMENT_3D('',#16679,#13233,#13234);
#11289=AXIS2_PLACEMENT_3D('',#16681,#13236,#13237);
#11290=AXIS2_PLACEMENT_3D('',#16683,#13239,#13240);
#11291=AXIS2_PLACEMENT_3D('',#16685,#13242,#13243);
#11292=AXIS2_PLACEMENT_3D('',#16687,#13245,#13246);
#11293=AXIS2_PLACEMENT_3D('',#16689,#13248,#13249);
#11294=AXIS2_PLACEMENT_3D('',#16691,#13251,#13252);
#11295=AXIS2_PLACEMENT_3D('',#16693,#13254,#13255);
#11296=AXIS2_PLACEMENT_3D('',#16695,#13257,#13258);
#11297=AXIS2_PLACEMENT_3D('',#16697,#13260,#13261);
#11298=AXIS2_PLACEMENT_3D('',#16699,#13263,#13264);
#11299=AXIS2_PLACEMENT_3D('',#16701,#13266,#13267);
#11300=AXIS2_PLACEMENT_3D('',#16703,#13269,#13270);
#11301=AXIS2_PLACEMENT_3D('',#16705,#13272,#13273);
#11302=AXIS2_PLACEMENT_3D('',#16707,#13275,#13276);
#11303=AXIS2_PLACEMENT_3D('',#16709,#13278,#13279);
#11304=AXIS2_PLACEMENT_3D('',#16711,#13281,#13282);
#11305=AXIS2_PLACEMENT_3D('',#16713,#13284,#13285);
#11306=AXIS2_PLACEMENT_3D('',#16715,#13287,#13288);
#11307=AXIS2_PLACEMENT_3D('',#16717,#13290,#13291);
#11308=AXIS2_PLACEMENT_3D('',#16719,#13293,#13294);
#11309=AXIS2_PLACEMENT_3D('',#16721,#13296,#13297);
#11310=AXIS2_PLACEMENT_3D('',#16723,#13299,#13300);
#11311=AXIS2_PLACEMENT_3D('',#16725,#13302,#13303);
#11312=AXIS2_PLACEMENT_3D('',#16727,#13305,#13306);
#11313=AXIS2_PLACEMENT_3D('',#16728,#13307,#13308);
#11314=AXIS2_PLACEMENT_3D('',#16731,#13311,#13312);
#11315=AXIS2_PLACEMENT_3D('',#16733,#13314,#13315);
#11316=AXIS2_PLACEMENT_3D('',#16735,#13317,#13318);
#11317=AXIS2_PLACEMENT_3D('',#16737,#13320,#13321);
#11318=AXIS2_PLACEMENT_3D('',#16739,#13323,#13324);
#11319=AXIS2_PLACEMENT_3D('',#16741,#13326,#13327);
#11320=AXIS2_PLACEMENT_3D('',#16743,#13329,#13330);
#11321=AXIS2_PLACEMENT_3D('',#16745,#13332,#13333);
#11322=AXIS2_PLACEMENT_3D('',#16747,#13335,#13336);
#11323=AXIS2_PLACEMENT_3D('',#16749,#13338,#13339);
#11324=AXIS2_PLACEMENT_3D('',#16751,#13341,#13342);
#11325=AXIS2_PLACEMENT_3D('',#16753,#13344,#13345);
#11326=AXIS2_PLACEMENT_3D('',#16754,#13346,#13347);
#11327=AXIS2_PLACEMENT_3D('',#16757,#13350,#13351);
#11328=AXIS2_PLACEMENT_3D('',#16759,#13353,#13354);
#11329=AXIS2_PLACEMENT_3D('',#16761,#13356,#13357);
#11330=AXIS2_PLACEMENT_3D('',#16762,#13358,#13359);
#11331=AXIS2_PLACEMENT_3D('',#16765,#13362,#13363);
#11332=AXIS2_PLACEMENT_3D('',#16767,#13365,#13366);
#11333=AXIS2_PLACEMENT_3D('',#16769,#13368,#13369);
#11334=AXIS2_PLACEMENT_3D('',#16771,#13371,#13372);
#11335=AXIS2_PLACEMENT_3D('',#16773,#13374,#13375);
#11336=AXIS2_PLACEMENT_3D('',#16775,#13377,#13378);
#11337=AXIS2_PLACEMENT_3D('',#16777,#13380,#13381);
#11338=AXIS2_PLACEMENT_3D('',#16778,#13382,#13383);
#11339=AXIS2_PLACEMENT_3D('',#16781,#13386,#13387);
#11340=AXIS2_PLACEMENT_3D('',#16783,#13389,#13390);
#11341=AXIS2_PLACEMENT_3D('',#16785,#13392,#13393);
#11342=AXIS2_PLACEMENT_3D('',#16787,#13395,#13396);
#11343=AXIS2_PLACEMENT_3D('',#16789,#13398,#13399);
#11344=AXIS2_PLACEMENT_3D('',#16791,#13401,#13402);
#11345=AXIS2_PLACEMENT_3D('',#16793,#13404,#13405);
#11346=AXIS2_PLACEMENT_3D('',#16795,#13407,#13408);
#11347=AXIS2_PLACEMENT_3D('',#16797,#13410,#13411);
#11348=AXIS2_PLACEMENT_3D('',#16799,#13413,#13414);
#11349=AXIS2_PLACEMENT_3D('',#16801,#13416,#13417);
#11350=AXIS2_PLACEMENT_3D('',#16803,#13419,#13420);
#11351=AXIS2_PLACEMENT_3D('',#16805,#13422,#13423);
#11352=AXIS2_PLACEMENT_3D('',#16807,#13425,#13426);
#11353=AXIS2_PLACEMENT_3D('',#16809,#13428,#13429);
#11354=AXIS2_PLACEMENT_3D('',#16811,#13431,#13432);
#11355=AXIS2_PLACEMENT_3D('',#16813,#13434,#13435);
#11356=AXIS2_PLACEMENT_3D('',#16815,#13437,#13438);
#11357=AXIS2_PLACEMENT_3D('',#16817,#13440,#13441);
#11358=AXIS2_PLACEMENT_3D('',#16819,#13443,#13444);
#11359=AXIS2_PLACEMENT_3D('',#16821,#13446,#13447);
#11360=AXIS2_PLACEMENT_3D('',#16823,#13449,#13450);
#11361=AXIS2_PLACEMENT_3D('',#16825,#13452,#13453);
#11362=AXIS2_PLACEMENT_3D('',#16827,#13455,#13456);
#11363=AXIS2_PLACEMENT_3D('',#16829,#13458,#13459);
#11364=AXIS2_PLACEMENT_3D('',#16831,#13461,#13462);
#11365=AXIS2_PLACEMENT_3D('',#16833,#13464,#13465);
#11366=AXIS2_PLACEMENT_3D('',#16835,#13467,#13468);
#11367=AXIS2_PLACEMENT_3D('',#16837,#13470,#13471);
#11368=AXIS2_PLACEMENT_3D('',#16839,#13473,#13474);
#11369=AXIS2_PLACEMENT_3D('',#16841,#13476,#13477);
#11370=AXIS2_PLACEMENT_3D('',#16843,#13479,#13480);
#11371=AXIS2_PLACEMENT_3D('',#16845,#13482,#13483);
#11372=AXIS2_PLACEMENT_3D('',#16847,#13485,#13486);
#11373=AXIS2_PLACEMENT_3D('',#16849,#13488,#13489);
#11374=AXIS2_PLACEMENT_3D('',#16851,#13491,#13492);
#11375=AXIS2_PLACEMENT_3D('',#16853,#13494,#13495);
#11376=AXIS2_PLACEMENT_3D('',#16855,#13497,#13498);
#11377=AXIS2_PLACEMENT_3D('',#16857,#13500,#13501);
#11378=AXIS2_PLACEMENT_3D('',#16858,#13502,#13503);
#11379=AXIS2_PLACEMENT_3D('',#16861,#13506,#13507);
#11380=AXIS2_PLACEMENT_3D('',#16863,#13509,#13510);
#11381=AXIS2_PLACEMENT_3D('',#16865,#13512,#13513);
#11382=AXIS2_PLACEMENT_3D('',#16867,#13515,#13516);
#11383=AXIS2_PLACEMENT_3D('',#16869,#13518,#13519);
#11384=AXIS2_PLACEMENT_3D('',#16871,#13521,#13522);
#11385=AXIS2_PLACEMENT_3D('',#16873,#13524,#13525);
#11386=AXIS2_PLACEMENT_3D('',#16875,#13527,#13528);
#11387=AXIS2_PLACEMENT_3D('',#16877,#13530,#13531);
#11388=AXIS2_PLACEMENT_3D('',#16879,#13533,#13534);
#11389=AXIS2_PLACEMENT_3D('',#16881,#13536,#13537);
#11390=AXIS2_PLACEMENT_3D('',#16882,#13538,#13539);
#11391=AXIS2_PLACEMENT_3D('',#16885,#13542,#13543);
#11392=AXIS2_PLACEMENT_3D('',#16887,#13545,#13546);
#11393=AXIS2_PLACEMENT_3D('',#16889,#13548,#13549);
#11394=AXIS2_PLACEMENT_3D('',#16891,#13551,#13552);
#11395=AXIS2_PLACEMENT_3D('',#16893,#13554,#13555);
#11396=AXIS2_PLACEMENT_3D('',#16895,#13557,#13558);
#11397=AXIS2_PLACEMENT_3D('',#16897,#13560,#13561);
#11398=AXIS2_PLACEMENT_3D('',#16899,#13563,#13564);
#11399=AXIS2_PLACEMENT_3D('',#16901,#13566,#13567);
#11400=AXIS2_PLACEMENT_3D('',#16903,#13569,#13570);
#11401=AXIS2_PLACEMENT_3D('',#16905,#13572,#13573);
#11402=AXIS2_PLACEMENT_3D('',#16907,#13575,#13576);
#11403=AXIS2_PLACEMENT_3D('',#16909,#13578,#13579);
#11404=AXIS2_PLACEMENT_3D('',#16911,#13581,#13582);
#11405=AXIS2_PLACEMENT_3D('',#16913,#13584,#13585);
#11406=AXIS2_PLACEMENT_3D('',#16915,#13587,#13588);
#11407=AXIS2_PLACEMENT_3D('',#16917,#13590,#13591);
#11408=AXIS2_PLACEMENT_3D('',#16919,#13593,#13594);
#11409=AXIS2_PLACEMENT_3D('',#16921,#13596,#13597);
#11410=AXIS2_PLACEMENT_3D('',#16923,#13599,#13600);
#11411=AXIS2_PLACEMENT_3D('',#16925,#13602,#13603);
#11412=AXIS2_PLACEMENT_3D('',#16927,#13605,#13606);
#11413=AXIS2_PLACEMENT_3D('',#16929,#13608,#13609);
#11414=AXIS2_PLACEMENT_3D('',#16931,#13611,#13612);
#11415=AXIS2_PLACEMENT_3D('',#16933,#13614,#13615);
#11416=AXIS2_PLACEMENT_3D('',#16935,#13617,#13618);
#11417=AXIS2_PLACEMENT_3D('',#16937,#13620,#13621);
#11418=AXIS2_PLACEMENT_3D('',#16939,#13623,#13624);
#11419=AXIS2_PLACEMENT_3D('',#16941,#13626,#13627);
#11420=AXIS2_PLACEMENT_3D('',#16943,#13629,#13630);
#11421=AXIS2_PLACEMENT_3D('',#16945,#13632,#13633);
#11422=AXIS2_PLACEMENT_3D('',#16947,#13635,#13636);
#11423=AXIS2_PLACEMENT_3D('',#16949,#13638,#13639);
#11424=AXIS2_PLACEMENT_3D('',#16951,#13641,#13642);
#11425=AXIS2_PLACEMENT_3D('',#16953,#13644,#13645);
#11426=AXIS2_PLACEMENT_3D('',#16955,#13647,#13648);
#11427=AXIS2_PLACEMENT_3D('',#16957,#13650,#13651);
#11428=AXIS2_PLACEMENT_3D('',#16959,#13653,#13654);
#11429=AXIS2_PLACEMENT_3D('',#16961,#13656,#13657);
#11430=AXIS2_PLACEMENT_3D('',#16962,#13658,#13659);
#11431=AXIS2_PLACEMENT_3D('',#16965,#13662,#13663);
#11432=AXIS2_PLACEMENT_3D('',#16967,#13665,#13666);
#11433=AXIS2_PLACEMENT_3D('',#16969,#13668,#13669);
#11434=AXIS2_PLACEMENT_3D('',#16971,#13671,#13672);
#11435=AXIS2_PLACEMENT_3D('',#16973,#13674,#13675);
#11436=AXIS2_PLACEMENT_3D('',#16975,#13677,#13678);
#11437=AXIS2_PLACEMENT_3D('',#16977,#13680,#13681);
#11438=AXIS2_PLACEMENT_3D('',#16979,#13683,#13684);
#11439=AXIS2_PLACEMENT_3D('',#16981,#13686,#13687);
#11440=AXIS2_PLACEMENT_3D('',#16983,#13689,#13690);
#11441=AXIS2_PLACEMENT_3D('',#16985,#13692,#13693);
#11442=AXIS2_PLACEMENT_3D('',#16987,#13695,#13696);
#11443=AXIS2_PLACEMENT_3D('',#16989,#13698,#13699);
#11444=AXIS2_PLACEMENT_3D('',#16991,#13701,#13702);
#11445=AXIS2_PLACEMENT_3D('',#16993,#13704,#13705);
#11446=AXIS2_PLACEMENT_3D('',#16995,#13707,#13708);
#11447=AXIS2_PLACEMENT_3D('',#16997,#13710,#13711);
#11448=AXIS2_PLACEMENT_3D('',#16999,#13713,#13714);
#11449=AXIS2_PLACEMENT_3D('',#17001,#13716,#13717);
#11450=AXIS2_PLACEMENT_3D('',#17002,#13718,#13719);
#11451=AXIS2_PLACEMENT_3D('',#17005,#13722,#13723);
#11452=AXIS2_PLACEMENT_3D('',#17007,#13725,#13726);
#11453=AXIS2_PLACEMENT_3D('',#17009,#13728,#13729);
#11454=AXIS2_PLACEMENT_3D('',#17011,#13731,#13732);
#11455=AXIS2_PLACEMENT_3D('',#17013,#13734,#13735);
#11456=AXIS2_PLACEMENT_3D('',#17015,#13737,#13738);
#11457=AXIS2_PLACEMENT_3D('',#17017,#13740,#13741);
#11458=AXIS2_PLACEMENT_3D('',#17019,#13743,#13744);
#11459=AXIS2_PLACEMENT_3D('',#17021,#13746,#13747);
#11460=AXIS2_PLACEMENT_3D('',#17023,#13749,#13750);
#11461=AXIS2_PLACEMENT_3D('',#17025,#13752,#13753);
#11462=AXIS2_PLACEMENT_3D('',#17027,#13755,#13756);
#11463=AXIS2_PLACEMENT_3D('',#17029,#13758,#13759);
#11464=AXIS2_PLACEMENT_3D('',#17031,#13761,#13762);
#11465=AXIS2_PLACEMENT_3D('',#17033,#13764,#13765);
#11466=AXIS2_PLACEMENT_3D('',#17035,#13767,#13768);
#11467=AXIS2_PLACEMENT_3D('',#17037,#13770,#13771);
#11468=AXIS2_PLACEMENT_3D('',#17039,#13773,#13774);
#11469=AXIS2_PLACEMENT_3D('',#17041,#13776,#13777);
#11470=AXIS2_PLACEMENT_3D('',#17042,#13778,#13779);
#11471=AXIS2_PLACEMENT_3D('',#17044,#13781,#13782);
#11472=AXIS2_PLACEMENT_3D('',#17046,#13784,#13785);
#11473=AXIS2_PLACEMENT_3D('',#17047,#13786,#13787);
#11474=AXIS2_PLACEMENT_3D('',#17050,#13790,#13791);
#11475=AXIS2_PLACEMENT_3D('',#17052,#13793,#13794);
#11476=AXIS2_PLACEMENT_3D('',#17054,#13796,#13797);
#11477=AXIS2_PLACEMENT_3D('',#17056,#13799,#13800);
#11478=AXIS2_PLACEMENT_3D('',#17058,#13802,#13803);
#11479=AXIS2_PLACEMENT_3D('',#17060,#13805,#13806);
#11480=AXIS2_PLACEMENT_3D('',#17062,#13808,#13809);
#11481=AXIS2_PLACEMENT_3D('',#17064,#13811,#13812);
#11482=AXIS2_PLACEMENT_3D('',#17066,#13814,#13815);
#11483=AXIS2_PLACEMENT_3D('',#17067,#13816,#13817);
#11484=AXIS2_PLACEMENT_3D('',#17070,#13820,#13821);
#11485=AXIS2_PLACEMENT_3D('',#17072,#13823,#13824);
#11486=AXIS2_PLACEMENT_3D('',#17074,#13826,#13827);
#11487=AXIS2_PLACEMENT_3D('',#17076,#13829,#13830);
#11488=AXIS2_PLACEMENT_3D('',#17078,#13832,#13833);
#11489=AXIS2_PLACEMENT_3D('',#17080,#13835,#13836);
#11490=AXIS2_PLACEMENT_3D('',#17082,#13838,#13839);
#11491=AXIS2_PLACEMENT_3D('',#17084,#13841,#13842);
#11492=AXIS2_PLACEMENT_3D('',#17086,#13844,#13845);
#11493=AXIS2_PLACEMENT_3D('',#17087,#13846,#13847);
#11494=AXIS2_PLACEMENT_3D('',#17090,#13850,#13851);
#11495=AXIS2_PLACEMENT_3D('',#17092,#13853,#13854);
#11496=AXIS2_PLACEMENT_3D('',#17094,#13856,#13857);
#11497=AXIS2_PLACEMENT_3D('',#17096,#13859,#13860);
#11498=AXIS2_PLACEMENT_3D('',#17098,#13862,#13863);
#11499=AXIS2_PLACEMENT_3D('',#17100,#13865,#13866);
#11500=AXIS2_PLACEMENT_3D('',#17102,#13868,#13869);
#11501=AXIS2_PLACEMENT_3D('',#17104,#13871,#13872);
#11502=AXIS2_PLACEMENT_3D('',#17106,#13874,#13875);
#11503=AXIS2_PLACEMENT_3D('',#17108,#13877,#13878);
#11504=AXIS2_PLACEMENT_3D('',#17110,#13880,#13881);
#11505=AXIS2_PLACEMENT_3D('',#17111,#13882,#13883);
#11506=AXIS2_PLACEMENT_3D('',#17114,#13886,#13887);
#11507=AXIS2_PLACEMENT_3D('',#17116,#13889,#13890);
#11508=AXIS2_PLACEMENT_3D('',#17118,#13892,#13893);
#11509=AXIS2_PLACEMENT_3D('',#17120,#13895,#13896);
#11510=AXIS2_PLACEMENT_3D('',#17122,#13898,#13899);
#11511=AXIS2_PLACEMENT_3D('',#17124,#13901,#13902);
#11512=AXIS2_PLACEMENT_3D('',#17126,#13904,#13905);
#11513=AXIS2_PLACEMENT_3D('',#17128,#13907,#13908);
#11514=AXIS2_PLACEMENT_3D('',#17130,#13910,#13911);
#11515=AXIS2_PLACEMENT_3D('',#17132,#13913,#13914);
#11516=AXIS2_PLACEMENT_3D('',#17134,#13916,#13917);
#11517=AXIS2_PLACEMENT_3D('',#17136,#13919,#13920);
#11518=AXIS2_PLACEMENT_3D('',#17138,#13922,#13923);
#11519=AXIS2_PLACEMENT_3D('',#17140,#13925,#13926);
#11520=AXIS2_PLACEMENT_3D('',#17142,#13928,#13929);
#11521=AXIS2_PLACEMENT_3D('',#17144,#13931,#13932);
#11522=AXIS2_PLACEMENT_3D('',#17146,#13934,#13935);
#11523=AXIS2_PLACEMENT_3D('',#17148,#13937,#13938);
#11524=AXIS2_PLACEMENT_3D('',#17150,#13940,#13941);
#11525=AXIS2_PLACEMENT_3D('',#17152,#13943,#13944);
#11526=AXIS2_PLACEMENT_3D('',#17154,#13946,#13947);
#11527=AXIS2_PLACEMENT_3D('',#17156,#13949,#13950);
#11528=AXIS2_PLACEMENT_3D('',#17158,#13952,#13953);
#11529=AXIS2_PLACEMENT_3D('',#17160,#13955,#13956);
#11530=AXIS2_PLACEMENT_3D('',#17162,#13958,#13959);
#11531=AXIS2_PLACEMENT_3D('',#17164,#13961,#13962);
#11532=AXIS2_PLACEMENT_3D('',#17166,#13964,#13965);
#11533=AXIS2_PLACEMENT_3D('',#17168,#13967,#13968);
#11534=AXIS2_PLACEMENT_3D('',#17170,#13970,#13971);
#11535=AXIS2_PLACEMENT_3D('',#17172,#13973,#13974);
#11536=AXIS2_PLACEMENT_3D('',#17174,#13976,#13977);
#11537=AXIS2_PLACEMENT_3D('',#17176,#13979,#13980);
#11538=AXIS2_PLACEMENT_3D('',#17178,#13982,#13983);
#11539=AXIS2_PLACEMENT_3D('',#17180,#13985,#13986);
#11540=AXIS2_PLACEMENT_3D('',#17182,#13988,#13989);
#11541=AXIS2_PLACEMENT_3D('',#17184,#13991,#13992);
#11542=AXIS2_PLACEMENT_3D('',#17186,#13994,#13995);
#11543=AXIS2_PLACEMENT_3D('',#17188,#13997,#13998);
#11544=AXIS2_PLACEMENT_3D('',#17190,#14000,#14001);
#11545=AXIS2_PLACEMENT_3D('',#17191,#14002,#14003);
#11546=AXIS2_PLACEMENT_3D('',#17194,#14006,#14007);
#11547=AXIS2_PLACEMENT_3D('',#17196,#14009,#14010);
#11548=AXIS2_PLACEMENT_3D('',#17198,#14012,#14013);
#11549=AXIS2_PLACEMENT_3D('',#17200,#14015,#14016);
#11550=AXIS2_PLACEMENT_3D('',#17202,#14018,#14019);
#11551=AXIS2_PLACEMENT_3D('',#17204,#14021,#14022);
#11552=AXIS2_PLACEMENT_3D('',#17206,#14024,#14025);
#11553=AXIS2_PLACEMENT_3D('',#17207,#14026,#14027);
#11554=AXIS2_PLACEMENT_3D('',#17210,#14030,#14031);
#11555=AXIS2_PLACEMENT_3D('',#17212,#14033,#14034);
#11556=AXIS2_PLACEMENT_3D('',#17214,#14036,#14037);
#11557=AXIS2_PLACEMENT_3D('',#17216,#14039,#14040);
#11558=AXIS2_PLACEMENT_3D('',#17218,#14042,#14043);
#11559=AXIS2_PLACEMENT_3D('',#17220,#14045,#14046);
#11560=AXIS2_PLACEMENT_3D('',#17222,#14048,#14049);
#11561=AXIS2_PLACEMENT_3D('',#17224,#14051,#14052);
#11562=AXIS2_PLACEMENT_3D('',#17226,#14054,#14055);
#11563=AXIS2_PLACEMENT_3D('',#17228,#14057,#14058);
#11564=AXIS2_PLACEMENT_3D('',#17230,#14060,#14061);
#11565=AXIS2_PLACEMENT_3D('',#17232,#14063,#14064);
#11566=AXIS2_PLACEMENT_3D('',#17234,#14066,#14067);
#11567=AXIS2_PLACEMENT_3D('',#17236,#14069,#14070);
#11568=AXIS2_PLACEMENT_3D('',#17238,#14072,#14073);
#11569=AXIS2_PLACEMENT_3D('',#17240,#14075,#14076);
#11570=AXIS2_PLACEMENT_3D('',#17242,#14078,#14079);
#11571=AXIS2_PLACEMENT_3D('',#17244,#14081,#14082);
#11572=AXIS2_PLACEMENT_3D('',#17246,#14084,#14085);
#11573=AXIS2_PLACEMENT_3D('',#17247,#14086,#14087);
#11574=AXIS2_PLACEMENT_3D('',#17250,#14090,#14091);
#11575=AXIS2_PLACEMENT_3D('',#17252,#14093,#14094);
#11576=AXIS2_PLACEMENT_3D('',#17254,#14096,#14097);
#11577=AXIS2_PLACEMENT_3D('',#17256,#14099,#14100);
#11578=AXIS2_PLACEMENT_3D('',#17258,#14102,#14103);
#11579=AXIS2_PLACEMENT_3D('',#17260,#14105,#14106);
#11580=AXIS2_PLACEMENT_3D('',#17262,#14108,#14109);
#11581=AXIS2_PLACEMENT_3D('',#17264,#14111,#14112);
#11582=AXIS2_PLACEMENT_3D('',#17266,#14114,#14115);
#11583=AXIS2_PLACEMENT_3D('',#17268,#14117,#14118);
#11584=AXIS2_PLACEMENT_3D('',#17270,#14120,#14121);
#11585=AXIS2_PLACEMENT_3D('',#17272,#14123,#14124);
#11586=AXIS2_PLACEMENT_3D('',#17274,#14126,#14127);
#11587=AXIS2_PLACEMENT_3D('',#17276,#14129,#14130);
#11588=AXIS2_PLACEMENT_3D('',#17278,#14132,#14133);
#11589=AXIS2_PLACEMENT_3D('',#17280,#14135,#14136);
#11590=AXIS2_PLACEMENT_3D('',#17282,#14138,#14139);
#11591=AXIS2_PLACEMENT_3D('',#17284,#14141,#14142);
#11592=AXIS2_PLACEMENT_3D('',#17286,#14144,#14145);
#11593=AXIS2_PLACEMENT_3D('',#17288,#14147,#14148);
#11594=AXIS2_PLACEMENT_3D('',#17290,#14150,#14151);
#11595=AXIS2_PLACEMENT_3D('',#17292,#14153,#14154);
#11596=AXIS2_PLACEMENT_3D('',#17294,#14156,#14157);
#11597=AXIS2_PLACEMENT_3D('',#17295,#14158,#14159);
#11598=AXIS2_PLACEMENT_3D('',#17298,#14162,#14163);
#11599=AXIS2_PLACEMENT_3D('',#17300,#14165,#14166);
#11600=AXIS2_PLACEMENT_3D('',#17302,#14168,#14169);
#11601=AXIS2_PLACEMENT_3D('',#17304,#14171,#14172);
#11602=AXIS2_PLACEMENT_3D('',#17306,#14174,#14175);
#11603=AXIS2_PLACEMENT_3D('',#17308,#14177,#14178);
#11604=AXIS2_PLACEMENT_3D('',#17310,#14180,#14181);
#11605=AXIS2_PLACEMENT_3D('',#17312,#14183,#14184);
#11606=AXIS2_PLACEMENT_3D('',#17314,#14186,#14187);
#11607=AXIS2_PLACEMENT_3D('',#17316,#14189,#14190);
#11608=AXIS2_PLACEMENT_3D('',#17318,#14192,#14193);
#11609=AXIS2_PLACEMENT_3D('',#17320,#14195,#14196);
#11610=AXIS2_PLACEMENT_3D('',#17322,#14198,#14199);
#11611=AXIS2_PLACEMENT_3D('',#17324,#14201,#14202);
#11612=AXIS2_PLACEMENT_3D('',#17326,#14204,#14205);
#11613=AXIS2_PLACEMENT_3D('',#17327,#14206,#14207);
#11614=AXIS2_PLACEMENT_3D('',#17330,#14210,#14211);
#11615=AXIS2_PLACEMENT_3D('',#17332,#14213,#14214);
#11616=AXIS2_PLACEMENT_3D('',#17334,#14216,#14217);
#11617=AXIS2_PLACEMENT_3D('',#17336,#14219,#14220);
#11618=AXIS2_PLACEMENT_3D('',#17338,#14222,#14223);
#11619=AXIS2_PLACEMENT_3D('',#17340,#14225,#14226);
#11620=AXIS2_PLACEMENT_3D('',#17342,#14228,#14229);
#11621=AXIS2_PLACEMENT_3D('',#17344,#14231,#14232);
#11622=AXIS2_PLACEMENT_3D('',#17346,#14234,#14235);
#11623=AXIS2_PLACEMENT_3D('',#17347,#14236,#14237);
#11624=AXIS2_PLACEMENT_3D('',#17356,#14242,#14243);
#11625=AXIS2_PLACEMENT_3D('',#17362,#14247,#14248);
#11626=AXIS2_PLACEMENT_3D('',#17366,#14251,#14252);
#11627=AXIS2_PLACEMENT_3D('',#17370,#14255,#14256);
#11628=AXIS2_PLACEMENT_3D('',#17372,#14258,#14259);
#11629=AXIS2_PLACEMENT_3D('',#17373,#14260,#14261);
#11630=AXIS2_PLACEMENT_3D('',#17382,#14266,#14267);
#11631=AXIS2_PLACEMENT_3D('',#17388,#14271,#14272);
#11632=AXIS2_PLACEMENT_3D('',#17392,#14275,#14276);
#11633=AXIS2_PLACEMENT_3D('',#17396,#14279,#14280);
#11634=AXIS2_PLACEMENT_3D('',#17398,#14282,#14283);
#11635=AXIS2_PLACEMENT_3D('',#17399,#14284,#14285);
#11636=AXIS2_PLACEMENT_3D('',#17408,#14290,#14291);
#11637=AXIS2_PLACEMENT_3D('',#17414,#14295,#14296);
#11638=AXIS2_PLACEMENT_3D('',#17418,#14299,#14300);
#11639=AXIS2_PLACEMENT_3D('',#17422,#14303,#14304);
#11640=AXIS2_PLACEMENT_3D('',#17424,#14306,#14307);
#11641=DIRECTION('axis',(0.,0.,1.));
#11642=DIRECTION('refdir',(1.,0.,0.));
#11643=DIRECTION('center_axis',(0.,0.,-1.));
#11644=DIRECTION('ref_axis',(1.,0.,0.));
#11645=DIRECTION('center_axis',(0.,0.,1.));
#11646=DIRECTION('ref_axis',(0.981737036166681,-0.190242980997096,0.));
#11647=DIRECTION('',(0.,0.,-1.));
#11648=DIRECTION('center_axis',(0.,0.,1.));
#11649=DIRECTION('ref_axis',(0.981737036166681,-0.190242980997096,0.));
#11650=DIRECTION('',(0.,0.,-1.));
#11651=DIRECTION('center_axis',(0.,0.,-1.));
#11652=DIRECTION('ref_axis',(1.,0.,0.));
#11653=DIRECTION('center_axis',(0.,0.,-1.));
#11654=DIRECTION('ref_axis',(0.,1.,0.));
#11655=DIRECTION('',(0.,0.,-1.));
#11656=DIRECTION('center_axis',(0.,0.,1.));
#11657=DIRECTION('ref_axis',(0.981737036166662,-0.190242980997193,0.));
#11658=DIRECTION('',(0.,1.7763568394E-14,-1.));
#11659=DIRECTION('center_axis',(1.,0.,0.));
#11660=DIRECTION('ref_axis',(0.,-1.,0.));
#11661=DIRECTION('center_axis',(1.,0.,0.));
#11662=DIRECTION('ref_axis',(0.,0.,1.));
#11663=DIRECTION('',(-1.,0.,0.));
#11664=DIRECTION('center_axis',(-1.,0.,0.));
#11665=DIRECTION('ref_axis',(0.,0.,-1.));
#11666=DIRECTION('',(-1.,0.,0.));
#11667=DIRECTION('center_axis',(1.,0.,0.));
#11668=DIRECTION('ref_axis',(0.,-1.,0.));
#11669=DIRECTION('center_axis',(1.,0.,0.));
#11670=DIRECTION('ref_axis',(0.,0.,1.));
#11671=DIRECTION('',(-1.,0.,0.));
#11672=DIRECTION('center_axis',(-1.,0.,0.));
#11673=DIRECTION('ref_axis',(0.,0.,-1.));
#11674=DIRECTION('',(-1.,0.,0.));
#11675=DIRECTION('center_axis',(1.,0.,0.));
#11676=DIRECTION('ref_axis',(0.,-1.,0.));
#11677=DIRECTION('center_axis',(1.,0.,0.));
#11678=DIRECTION('ref_axis',(0.,0.,1.));
#11679=DIRECTION('',(-1.,0.,0.));
#11680=DIRECTION('center_axis',(-1.,0.,0.));
#11681=DIRECTION('ref_axis',(0.,0.,-1.));
#11682=DIRECTION('',(-1.,0.,0.));
#11683=DIRECTION('center_axis',(0.454776425531418,0.890605638192835,0.));
#11684=DIRECTION('ref_axis',(0.,0.,-1.));
#11685=DIRECTION('',(0.,0.,-1.));
#11686=DIRECTION('',(-0.890605638192795,0.454776425531497,0.));
#11687=DIRECTION('',(0.,-1.7763568394E-14,-1.));
#11688=DIRECTION('',(-0.890605638192835,0.454776425531418,0.));
#11689=DIRECTION('center_axis',(0.,0.,1.));
#11690=DIRECTION('ref_axis',(1.,0.,0.));
#11691=DIRECTION('',(-1.,0.,0.));
#11692=DIRECTION('',(0.,1.,0.));
#11693=DIRECTION('center_axis',(0.,0.,1.));
#11694=DIRECTION('ref_axis',(1.,0.,0.));
#11695=DIRECTION('',(0.,1.,0.));
#11696=DIRECTION('center_axis',(0.,0.,1.));
#11697=DIRECTION('ref_axis',(1.,0.,0.));
#11698=DIRECTION('',(0.,1.,0.));
#11699=DIRECTION('',(1.,0.,0.));
#11700=DIRECTION('',(0.,1.,0.));
#11701=DIRECTION('center_axis',(0.,0.,1.));
#11702=DIRECTION('ref_axis',(1.,0.,0.));
#11703=DIRECTION('',(0.,1.,0.));
#11704=DIRECTION('',(1.,0.,0.));
#11705=DIRECTION('',(0.,1.,0.));
#11706=DIRECTION('',(1.,0.,0.));
#11707=DIRECTION('',(-1.,0.,0.));
#11708=DIRECTION('',(0.,1.,0.));
#11709=DIRECTION('',(1.,0.,0.));
#11710=DIRECTION('',(0.,-1.,0.));
#11711=DIRECTION('',(-1.,0.,0.));
#11712=DIRECTION('',(0.,1.,0.));
#11713=DIRECTION('',(1.,0.,0.));
#11714=DIRECTION('',(0.,-1.,0.));
#11715=DIRECTION('',(1.,0.,0.));
#11716=DIRECTION('',(-0.190242980997096,-0.981737036166681,0.));
#11717=DIRECTION('',(-1.,0.,0.));
#11718=DIRECTION('center_axis',(0.,0.,1.));
#11719=DIRECTION('ref_axis',(0.,-1.,0.));
#11720=DIRECTION('',(-0.190242980997096,-0.981737036166681,0.));
#11721=DIRECTION('',(1.,0.,0.));
#11722=DIRECTION('',(-0.190242980997096,-0.981737036166681,0.));
#11723=DIRECTION('',(-1.,0.,0.));
#11724=DIRECTION('',(0.190242980997096,0.981737036166681,0.));
#11725=DIRECTION('',(0.777551808550099,0.628818880935099,0.));
#11726=DIRECTION('',(-0.606724464111908,0.794912211912811,0.));
#11727=DIRECTION('',(0.190242980997096,0.981737036166681,0.));
#11728=DIRECTION('center_axis',(0.,0.,1.));
#11729=DIRECTION('ref_axis',(0.,-1.,0.));
#11730=DIRECTION('',(1.,0.,0.));
#11731=DIRECTION('',(0.444009746106191,-0.896021955848581,0.));
#11732=DIRECTION('',(0.76244251101145,0.647055961569442,0.));
#11733=DIRECTION('',(0.190242980997096,0.981737036166681,0.));
#11734=DIRECTION('',(1.,0.,0.));
#11735=DIRECTION('',(-0.190242980997096,-0.981737036166681,0.));
#11736=DIRECTION('',(1.,0.,0.));
#11737=DIRECTION('',(0.633515923575406,0.773729652124307,0.));
#11738=DIRECTION('',(-0.558179625921499,0.829720136676299,0.));
#11739=DIRECTION('',(1.,0.,0.));
#11740=DIRECTION('',(0.558179625921499,-0.829720136676299,0.));
#11741=DIRECTION('',(0.633515923575406,0.773729652124307,0.));
#11742=DIRECTION('',(1.,0.,0.));
#11743=DIRECTION('',(-0.633515923575406,-0.773729652124307,0.));
#11744=DIRECTION('',(0.558179625921499,-0.829720136676299,0.));
#11745=DIRECTION('',(-1.,0.,0.));
#11746=DIRECTION('',(-0.558179625921499,0.829720136676299,0.));
#11747=DIRECTION('',(-0.633515923575406,-0.773729652124307,0.));
#11748=DIRECTION('',(-1.,0.,0.));
#11749=DIRECTION('',(0.190242980997096,0.981737036166681,0.));
#11750=DIRECTION('',(-0.76244251101145,-0.647055961569442,0.));
#11751=DIRECTION('',(-1.,0.,0.));
#11752=DIRECTION('',(0.76244251101145,0.647055961569442,0.));
#11753=DIRECTION('',(-0.444009746106191,0.896021955848581,0.));
#11754=DIRECTION('',(-1.,0.,0.));
#11755=DIRECTION('',(-0.190242980997096,-0.981737036166681,0.));
#11756=DIRECTION('',(-1.,0.,0.));
#11757=DIRECTION('',(0.190242980997096,0.981737036166681,0.));
#11758=DIRECTION('',(-1.,0.,0.));
#11759=DIRECTION('',(-0.190242980997096,-0.981737036166681,0.));
#11760=DIRECTION('',(-2.22044604925E-14,-1.,0.));
#11761=DIRECTION('',(-1.,0.,0.));
#11762=DIRECTION('',(0.,1.,0.));
#11763=DIRECTION('',(1.,0.,0.));
#11764=DIRECTION('',(-1.,0.,0.));
#11765=DIRECTION('',(-0.979770705536111,0.200123373380702,0.));
#11766=DIRECTION('',(-0.890605242949786,0.454777199549793,0.));
#11767=DIRECTION('',(-0.699625005501663,0.714510218035262,0.));
#11768=DIRECTION('',(-0.439713033353818,0.898138323588735,0.));
#11769=DIRECTION('',(0.,1.,0.));
#11770=DIRECTION('',(0.439713095456995,0.898138293184089,0.));
#11771=DIRECTION('',(0.699624974232905,0.714510248652605,0.));
#11772=DIRECTION('',(0.890605218761708,0.454777246918104,0.));
#11773=DIRECTION('',(0.979770702100943,0.200123390198709,0.));
#11774=DIRECTION('',(1.,0.,0.));
#11775=DIRECTION('',(0.979770702100943,-0.200123390198709,0.));
#11776=DIRECTION('',(0.852653396684114,-0.522476970902109,0.));
#11777=DIRECTION('',(0.506549025624294,-0.862211160122089,0.));
#11778=DIRECTION('',(0.237771359153287,-0.971321152228447,0.));
#11779=DIRECTION('',(-1.,0.,0.));
#11780=DIRECTION('',(-0.310279998114283,0.950645213931149,0.));
#11781=DIRECTION('',(-0.699624751803604,0.714510466448005,0.));
#11782=DIRECTION('',(-0.968917714158776,0.247383231423094,0.));
#11783=DIRECTION('',(-1.,0.,0.));
#11784=DIRECTION('',(-0.968917724761795,-0.247383189894599,0.));
#11785=DIRECTION('',(-0.8265991871191,-0.5627910658975,0.));
#11786=DIRECTION('',(-0.546622181089484,-0.837379359156276,0.));
#11787=DIRECTION('',(-1.932610680658E-14,-1.,0.));
#11788=DIRECTION('',(0.546622002128502,-0.837379475977903,0.));
#11789=DIRECTION('',(0.826599278799634,-0.562790931241723,0.));
#11790=DIRECTION('',(0.968917724761795,-0.247383189894599,0.));
#11791=DIRECTION('',(1.,0.,0.));
#11792=DIRECTION('',(0.968917724761819,-0.247383189894505,0.));
#11793=DIRECTION('',(0.890605275886817,-0.454777135048109,0.));
#11794=DIRECTION('',(0.699624845831562,-0.714510374378961,0.));
#11795=DIRECTION('',(0.23777137920989,-0.971321147318757,0.));
#11796=DIRECTION('',(0.,-1.,0.));
#11797=DIRECTION('',(-0.23777137920989,-0.971321147318757,0.));
#11798=DIRECTION('',(-0.699624845831612,-0.714510374378912,0.));
#11799=DIRECTION('',(-0.890605275886777,-0.454777135048188,0.));
#11800=DIRECTION('',(-0.968917724761795,-0.247383189894599,0.));
#11801=DIRECTION('',(-1.,0.,0.));
#11802=DIRECTION('',(-0.979770716762532,0.200123318418007,0.));
#11803=DIRECTION('',(-0.793878111008622,0.608076923473817,0.));
#11804=DIRECTION('',(-0.591909548749597,0.806004395831095,0.));
#11805=DIRECTION('',(-0.310279797550593,0.950645279392878,0.));
#11806=DIRECTION('',(1.,0.,0.));
#11807=DIRECTION('',(0.439713157560209,-0.898138262779418,0.));
#11808=DIRECTION('',(0.699625005501713,-0.714510218035213,0.));
#11809=DIRECTION('',(0.946649870890512,-0.322263901085704,0.));
#11810=DIRECTION('',(1.,0.,0.));
#11811=DIRECTION('',(0.946649917769977,0.322263763377292,0.));
#11812=DIRECTION('',(0.826599341220478,0.562790839561085,0.));
#11813=DIRECTION('',(0.310279736267494,0.950645299394982,0.));
#11814=DIRECTION('',(-5.797832041977E-14,1.,0.));
#11815=DIRECTION('',(-0.310279998114283,0.950645213931149,0.));
#11816=DIRECTION('',(-0.8265993412204,0.5627908395612,0.));
#11817=DIRECTION('',(-0.946649917769977,0.322263763377292,0.));
#11818=DIRECTION('',(-1.,0.,0.));
#11819=DIRECTION('',(-0.161063778195798,0.986944000110085,0.));
#11820=DIRECTION('',(-0.212617402687294,-0.977135527997273,0.));
#11821=DIRECTION('',(-1.,0.,0.));
#11822=DIRECTION('',(-0.212617402687294,0.977135527997273,0.));
#11823=DIRECTION('',(-0.161063778195798,-0.986944000110085,0.));
#11824=DIRECTION('',(-1.,0.,0.));
#11825=DIRECTION('',(0.164398949168903,0.986393930188219,0.));
#11826=DIRECTION('',(1.,0.,0.));
#11827=DIRECTION('',(0.201895272706698,-0.979407115993491,0.));
#11828=DIRECTION('',(0.201895272706698,0.979407115993491,0.));
#11829=DIRECTION('',(1.,0.,0.));
#11830=DIRECTION('',(0.164398949168903,-0.986393930188219,0.));
#11831=DIRECTION('',(-1.,0.,0.));
#11832=DIRECTION('',(0.,1.,0.));
#11833=DIRECTION('',(1.,0.,0.));
#11834=DIRECTION('',(0.,-1.,0.));
#11835=DIRECTION('',(1.,0.,0.));
#11836=DIRECTION('',(0.,-1.,0.));
#11837=DIRECTION('',(1.,0.,0.));
#11838=DIRECTION('',(0.,-1.,0.));
#11839=DIRECTION('',(-1.,0.,0.));
#11840=DIRECTION('',(0.,1.,0.));
#11841=DIRECTION('',(1.,0.,0.));
#11842=DIRECTION('',(0.,1.,0.));
#11843=DIRECTION('',(-0.237770496720602,0.971321363344407,0.));
#11844=DIRECTION('',(-0.546623277701382,0.837378643311972,0.));
#11845=DIRECTION('',(-0.8265991871191,0.5627910658975,0.));
#11846=DIRECTION('',(-0.968917661143723,0.247383439065306,0.));
#11847=DIRECTION('',(-1.,0.,0.));
#11848=DIRECTION('',(-0.968917661143723,-0.247383439065306,0.));
#11849=DIRECTION('',(-0.826600185848313,-0.562789599011509,0.));
#11850=DIRECTION('',(-0.310275786269019,-0.950646588620157,0.));
#11851=DIRECTION('',(-1.,0.,0.));
#11852=DIRECTION('',(0.192180003319093,0.981359692632764,0.));
#11853=DIRECTION('',(0.699625485176478,0.714509748353077,0.));
#11854=DIRECTION('',(0.890605087013522,0.454777504924811,0.));
#11855=DIRECTION('',(0.979770735780184,0.200123225310697,0.));
#11856=DIRECTION('',(1.,0.,0.));
#11857=DIRECTION('',(0.979770735780184,-0.200123225310697,0.));
#11858=DIRECTION('',(0.890605087013522,-0.454777504924811,0.));
#11859=DIRECTION('',(0.699624463288314,-0.714510748952414,0.));
#11860=DIRECTION('',(0.439714110249412,-0.898137796358425,0.));
#11861=DIRECTION('',(0.1921821473726,-0.981359272759603,0.));
#11862=DIRECTION('',(0.,-1.,0.));
#11863=DIRECTION('',(-0.192182043672993,-0.981359293067362,0.));
#11864=DIRECTION('',(-0.439714172352712,-0.898137765953625,0.));
#11865=DIRECTION('',(-0.699624494557094,-0.714510718335093,0.));
#11866=DIRECTION('',(-0.890605111201655,-0.454777457556428,0.));
#11867=DIRECTION('',(-0.979770739215349,-0.20012320849269,0.));
#11868=DIRECTION('',(-1.,0.,0.));
#11869=DIRECTION('',(-0.979770739215345,0.200123208492709,0.));
#11870=DIRECTION('',(-0.890605111201675,0.454777457556387,0.));
#11871=DIRECTION('',(-0.699625516445213,0.714509717735713,0.));
#11872=DIRECTION('',(-0.192179925545209,0.981359707863247,0.));
#11873=DIRECTION('',(1.,0.,0.));
#11874=DIRECTION('',(0.310275524425091,-0.950646674081772,0.));
#11875=DIRECTION('',(0.826600277528435,-0.562789464355824,0.));
#11876=DIRECTION('',(0.968917661143723,-0.247383439065306,0.));
#11877=DIRECTION('',(1.,0.,0.));
#11878=DIRECTION('',(0.968917661143723,0.247383439065306,0.));
#11879=DIRECTION('',(0.826599278799634,0.562790931241723,0.));
#11880=DIRECTION('',(0.546622919779378,0.837378876955866,0.));
#11881=DIRECTION('',(0.237770496720602,0.971321363344407,0.));
#11882=DIRECTION('',(0.,1.,0.));
#11883=DIRECTION('',(-1.,0.,0.));
#11884=DIRECTION('',(0.,1.,0.));
#11885=DIRECTION('',(-1.,0.,0.));
#11886=DIRECTION('',(0.,-1.,0.));
#11887=DIRECTION('',(-1.,0.,0.));
#11888=DIRECTION('',(0.,1.,0.));
#11889=DIRECTION('',(1.,0.,0.));
#11890=DIRECTION('',(0.,-1.,0.));
#11891=DIRECTION('',(1.,0.,0.));
#11892=DIRECTION('',(0.,1.,0.));
#11893=DIRECTION('',(1.,0.,0.));
#11894=DIRECTION('',(0.,-1.,0.));
#11895=DIRECTION('',(-0.237767929475994,0.971321991778575,0.));
#11896=DIRECTION('',(-0.546625470916724,0.837377211622737,0.));
#11897=DIRECTION('',(-0.8265991871191,0.5627910658975,0.));
#11898=DIRECTION('',(-0.968917491494592,0.247384103522898,0.));
#11899=DIRECTION('',(-1.,0.,0.));
#11900=DIRECTION('',(-0.968917830791456,-0.247382774611289,0.));
#11901=DIRECTION('',(-0.8265991871191,-0.5627910658975,0.));
#11902=DIRECTION('',(-0.310282204311603,-0.95064449385011,0.));
#11903=DIRECTION('',(-1.,0.,0.));
#11904=DIRECTION('',(0.192184239573505,0.981358863036124,0.));
#11905=DIRECTION('',(0.699625485176478,0.714509748353077,0.));
#11906=DIRECTION('',(0.890604560018726,0.454778536953813,0.));
#11907=DIRECTION('',(0.979770825591075,0.200122785610695,0.));
#11908=DIRECTION('',(1.,0.,0.));
#11909=DIRECTION('',(0.979770645968681,-0.200123665012696,0.));
#11910=DIRECTION('',(0.890605614004778,-0.454776472899789,0.));
#11911=DIRECTION('',(0.699623441395874,-0.714511749553074,0.));
#11912=DIRECTION('',(0.439716139829202,-0.898136802705304,0.));
#11913=DIRECTION('',(0.192180029243804,-0.981359687555919,0.));
#11914=DIRECTION('',(0.,-1.,0.));
#11915=DIRECTION('',(-0.192179925545306,-0.981359707863228,0.));
#11916=DIRECTION('',(-0.439716201932593,-0.898136772300286,0.));
#11917=DIRECTION('',(-0.699623472664698,-0.714511718935798,0.));
#11918=DIRECTION('',(-0.890605638192795,-0.454776425531497,0.));
#11919=DIRECTION('',(-0.979770649403873,-0.200123648194594,0.));
#11920=DIRECTION('',(-1.,0.,0.));
#11921=DIRECTION('',(-0.979770829026228,0.200122768792706,0.));
#11922=DIRECTION('',(-0.890604584206934,0.454778489585418,0.));
#11923=DIRECTION('',(-0.699625516445163,0.714509717735762,0.));
#11924=DIRECTION('',(-0.192184161798091,0.981358878267255,0.));
#11925=DIRECTION('',(1.,0.,0.));
#11926=DIRECTION('',(0.310281942463393,-0.950644579315079,0.));
#11927=DIRECTION('',(0.826599278799665,-0.562790931241676,0.));
#11928=DIRECTION('',(0.96891783079148,-0.247382774611195,0.));
#11929=DIRECTION('',(1.,0.,0.));
#11930=DIRECTION('',(0.968917491494592,0.247384103522898,0.));
#11931=DIRECTION('',(0.826599278799634,0.562790931241723,0.));
#11932=DIRECTION('',(0.546625112994506,0.837377445268108,0.));
#11933=DIRECTION('',(0.237767929475994,0.971321991778575,0.));
#11934=DIRECTION('',(0.,1.,0.));
#11935=DIRECTION('',(0.192180029243804,0.981359687555919,0.));
#11936=DIRECTION('',(0.439716139829202,0.898136802705304,0.));
#11937=DIRECTION('',(0.699623441395874,0.714511749553074,0.));
#11938=DIRECTION('',(0.890605614004778,0.454776472899789,0.));
#11939=DIRECTION('',(0.979770645968701,0.2001236650126,0.));
#11940=DIRECTION('',(1.,0.,0.));
#11941=DIRECTION('',(0.979770825591075,-0.200122785610695,0.));
#11942=DIRECTION('',(0.890604560018726,-0.454778536953813,0.));
#11943=DIRECTION('',(0.699625485176478,-0.714509748353077,0.));
#11944=DIRECTION('',(0.4397120806628,-0.898138790009201,0.));
#11945=DIRECTION('',(0.192184265498694,-0.981358857959069,0.));
#11946=DIRECTION('',(0.,-1.,0.));
#11947=DIRECTION('',(-0.192184161798091,-0.981358878267255,0.));
#11948=DIRECTION('',(-0.43971214276601,-0.898138759604619,0.));
#11949=DIRECTION('',(-0.699625516445213,-0.714509717735713,0.));
#11950=DIRECTION('',(-0.890604584206894,-0.454778489585497,0.));
#11951=DIRECTION('',(-0.979770829026228,-0.200122768792706,0.));
#11952=DIRECTION('',(-1.,0.,0.));
#11953=DIRECTION('',(-0.979770649403873,0.200123648194594,0.));
#11954=DIRECTION('',(-0.699623472664698,0.714511718935798,0.));
#11955=DIRECTION('',(-0.439716201932674,0.898136772300246,0.));
#11956=DIRECTION('',(-0.192179925545209,0.981359707863247,0.));
#11957=DIRECTION('',(0.,1.,0.));
#11958=DIRECTION('',(-1.,0.,0.));
#11959=DIRECTION('',(-0.5219887572981,0.8529523651731,0.));
#11960=DIRECTION('',(0.,-1.,0.));
#11961=DIRECTION('',(-1.,0.,0.));
#11962=DIRECTION('',(0.,1.,0.));
#11963=DIRECTION('',(1.,0.,0.));
#11964=DIRECTION('',(0.512633683251806,-0.85860742297961,0.));
#11965=DIRECTION('',(0.,1.,0.));
#11966=DIRECTION('',(1.,0.,0.));
#11967=DIRECTION('',(0.,-1.,0.));
#11968=DIRECTION('',(-1.,0.,0.));
#11969=DIRECTION('',(-0.5219887572981,0.8529523651731,0.));
#11970=DIRECTION('',(0.,-1.,0.));
#11971=DIRECTION('',(-1.,0.,0.));
#11972=DIRECTION('',(0.,1.,0.));
#11973=DIRECTION('',(1.,0.,0.));
#11974=DIRECTION('',(0.512633683251806,-0.85860742297961,0.));
#11975=DIRECTION('',(0.,1.,0.));
#11976=DIRECTION('',(1.,0.,0.));
#11977=DIRECTION('',(0.,-1.,0.));
#11978=DIRECTION('',(-1.,0.,0.));
#11979=DIRECTION('',(0.,1.,0.));
#11980=DIRECTION('',(1.,0.,0.));
#11981=DIRECTION('',(0.,-1.,0.));
#11982=DIRECTION('',(-1.,0.,0.));
#11983=DIRECTION('',(0.,1.,0.));
#11984=DIRECTION('',(1.,0.,0.));
#11985=DIRECTION('',(0.,1.,0.));
#11986=DIRECTION('',(-1.,0.,0.));
#11987=DIRECTION('',(0.,1.,0.));
#11988=DIRECTION('',(1.,0.,0.));
#11989=DIRECTION('',(0.,1.,0.));
#11990=DIRECTION('',(-0.237767929475994,0.971321991778575,0.));
#11991=DIRECTION('',(-0.546625470916724,0.837377211622737,0.));
#11992=DIRECTION('',(-0.8265991871191,0.5627910658975,0.));
#11993=DIRECTION('',(-0.968917491494592,0.247384103522898,0.));
#11994=DIRECTION('',(-1.,0.,0.));
#11995=DIRECTION('',(-0.968917491494592,-0.247384103522898,0.));
#11996=DIRECTION('',(-0.8265991871191,-0.5627910658975,0.));
#11997=DIRECTION('',(-0.310288622311696,-0.950642399045987,0.));
#11998=DIRECTION('',(-1.,0.,0.));
#11999=DIRECTION('',(0.192188475817199,0.981358033422594,0.));
#12000=DIRECTION('',(0.699623441395874,0.714511749553074,0.));
#12001=DIRECTION('',(0.890604560018726,0.454778536953813,0.));
#12002=DIRECTION('',(0.979770825591075,0.200122785610695,0.));
#12003=DIRECTION('',(1.,0.,0.));
#12004=DIRECTION('',(0.979770825591075,-0.200122785610695,0.));
#12005=DIRECTION('',(0.890604560018726,-0.454778536953813,0.));
#12006=DIRECTION('',(0.699623441395874,-0.714511749553074,0.));
#12007=DIRECTION('',(0.439716139829283,-0.898136802705264,0.));
#12008=DIRECTION('',(0.192180029243707,-0.981359687555938,0.));
#12009=DIRECTION('',(0.,-1.,0.));
#12010=DIRECTION('',(-0.192179925545209,-0.981359707863247,0.));
#12011=DIRECTION('',(-0.439716201932674,-0.898136772300246,0.));
#12012=DIRECTION('',(-0.699623472664698,-0.714511718935798,0.));
#12013=DIRECTION('',(-0.890604584206934,-0.454778489585418,0.));
#12014=DIRECTION('',(-0.979770829026228,-0.200122768792706,0.));
#12015=DIRECTION('',(-1.,0.,0.));
#12016=DIRECTION('',(-0.979770829026228,0.200122768792706,0.));
#12017=DIRECTION('',(-0.890604584206934,0.454778489585418,0.));
#12018=DIRECTION('',(-0.699623472664698,0.714511718935798,0.));
#12019=DIRECTION('',(-0.192188398040101,0.981358048654404,0.));
#12020=DIRECTION('',(1.,0.,0.));
#12021=DIRECTION('',(0.310288360459203,-0.95064248451431,0.));
#12022=DIRECTION('',(0.826599278799665,-0.562790931241676,0.));
#12023=DIRECTION('',(0.968917491494592,-0.247384103522898,0.));
#12024=DIRECTION('',(1.,0.,0.));
#12025=DIRECTION('',(0.968917491494592,0.247384103522898,0.));
#12026=DIRECTION('',(0.826599278799634,0.562790931241723,0.));
#12027=DIRECTION('',(0.546625112994506,0.837377445268108,0.));
#12028=DIRECTION('',(0.237767929475994,0.971321991778575,0.));
#12029=DIRECTION('',(0.,1.,0.));
#12030=DIRECTION('',(1.,0.,0.));
#12031=DIRECTION('',(1.159566408395E-14,-1.,0.));
#12032=DIRECTION('',(-1.,0.,0.));
#12033=DIRECTION('',(1.159566408395E-14,1.,0.));
#12034=DIRECTION('',(1.,0.,0.));
#12035=DIRECTION('',(0.,1.,0.));
#12036=DIRECTION('',(1.,0.,0.));
#12037=DIRECTION('',(0.,-1.,0.));
#12038=DIRECTION('',(-0.192179925545209,-0.981359707863247,0.));
#12039=DIRECTION('',(-0.439716201932713,-0.898136772300227,0.));
#12040=DIRECTION('',(-0.699623472664698,-0.714511718935798,0.));
#12041=DIRECTION('',(-0.890604584206934,-0.454778489585418,0.));
#12042=DIRECTION('',(-0.979770829026228,-0.200122768792706,0.));
#12043=DIRECTION('',(-1.,0.,0.));
#12044=DIRECTION('',(-0.979770469779162,0.200124527603992,0.));
#12045=DIRECTION('',(-0.890606692164331,0.454774361493816,0.));
#12046=DIRECTION('',(-0.699623472664698,0.714511718935798,0.));
#12047=DIRECTION('',(-0.439716201932674,0.898136772300246,0.));
#12048=DIRECTION('',(-0.192179925545306,0.981359707863228,0.));
#12049=DIRECTION('',(0.,1.,0.));
#12050=DIRECTION('',(0.192180029243804,0.981359687555919,0.));
#12051=DIRECTION('',(0.439716139829283,0.898136802705264,0.));
#12052=DIRECTION('',(0.699623441395874,0.714511749553074,0.));
#12053=DIRECTION('',(0.890606667976507,0.454774408862003,0.));
#12054=DIRECTION('',(0.979770466343951,0.20012454442211,0.));
#12055=DIRECTION('',(1.,0.,0.));
#12056=DIRECTION('',(0.979770825591075,-0.200122785610695,0.));
#12057=DIRECTION('',(0.890604560018726,-0.454778536953813,0.));
#12058=DIRECTION('',(0.699623441395874,-0.714511749553074,0.));
#12059=DIRECTION('',(0.439716139829283,-0.898136802705264,0.));
#12060=DIRECTION('',(0.192180029243707,-0.981359687555938,0.));
#12061=DIRECTION('',(0.,-1.,0.));
#12062=DIRECTION('',(0.,1.,0.));
#12063=DIRECTION('',(1.,0.,0.));
#12064=DIRECTION('',(0.,-1.,0.));
#12065=DIRECTION('',(-1.,0.,0.));
#12066=DIRECTION('',(-0.979770469779162,0.200124527603992,0.));
#12067=DIRECTION('',(-0.793880420528941,0.608073908255232,0.));
#12068=DIRECTION('',(-0.591909548749597,0.806004395831095,0.));
#12069=DIRECTION('',(-0.310275786268989,0.950646588620167,0.));
#12070=DIRECTION('',(0.,1.,0.));
#12071=DIRECTION('',(0.310275786268989,0.950646588620167,0.));
#12072=DIRECTION('',(0.591909548749597,0.806004395831095,0.));
#12073=DIRECTION('',(0.890606692164331,0.454774361493816,0.));
#12074=DIRECTION('',(-0.357788512600894,0.933802645236583,0.));
#12075=DIRECTION('',(1.,0.,0.));
#12076=DIRECTION('',(0.349493677161788,-0.936938722448769,0.));
#12077=DIRECTION('',(1.,0.,0.));
#12078=DIRECTION('center_axis',(0.,0.,1.));
#12079=DIRECTION('ref_axis',(1.,0.,0.));
#12080=DIRECTION('',(-0.546621084474778,-0.837380075000366,0.));
#12081=DIRECTION('',(-0.237767929475994,-0.971321991778575,0.));
#12082=DIRECTION('',(0.,-1.,0.));
#12083=DIRECTION('',(0.237767929475994,-0.971321991778575,0.));
#12084=DIRECTION('',(0.546620726552919,-0.837380308642829,0.));
#12085=DIRECTION('',(0.826599278799634,-0.562790931241723,0.));
#12086=DIRECTION('',(0.96891783079148,-0.247382774611195,0.));
#12087=DIRECTION('',(1.,0.,0.));
#12088=DIRECTION('',(0.96891783079148,0.247382774611195,0.));
#12089=DIRECTION('',(0.826599278799634,0.562790931241723,0.));
#12090=DIRECTION('',(0.546620726552919,0.837380308642829,0.));
#12091=DIRECTION('',(0.237773063960311,0.971320734904247,0.));
#12092=DIRECTION('',(0.,1.,0.));
#12093=DIRECTION('',(-0.237773063960311,0.971320734904247,0.));
#12094=DIRECTION('',(-0.546621084474778,0.837380075000366,0.));
#12095=DIRECTION('',(-0.8265991871191,0.5627910658975,0.));
#12096=DIRECTION('',(-0.96891783079148,0.247382774611195,0.));
#12097=DIRECTION('',(-1.,0.,0.));
#12098=DIRECTION('',(-0.96891783079148,-0.247382774611195,0.));
#12099=DIRECTION('',(-0.8265991871191,-0.5627910658975,0.));
#12100=DIRECTION('center_axis',(0.,0.,1.));
#12101=DIRECTION('ref_axis',(1.,0.,0.));
#12102=DIRECTION('',(0.,1.,0.));
#12103=DIRECTION('',(-0.237767929475994,0.971321991778575,0.));
#12104=DIRECTION('',(-0.546625470916678,0.837377211622767,0.));
#12105=DIRECTION('',(-0.8265991871191,0.5627910658975,0.));
#12106=DIRECTION('',(-0.968917491494592,0.247384103522898,0.));
#12107=DIRECTION('',(-1.,0.,0.));
#12108=DIRECTION('',(-0.968917491494592,-0.247384103522898,0.));
#12109=DIRECTION('',(-0.8265991871191,-0.5627910658975,0.));
#12110=DIRECTION('',(-0.546625470916678,-0.837377211622767,0.));
#12111=DIRECTION('',(-0.237767929475994,-0.971321991778575,0.));
#12112=DIRECTION('',(0.,-1.,0.));
#12113=DIRECTION('',(0.237767929475994,-0.971321991778575,0.));
#12114=DIRECTION('',(0.546625112994506,-0.837377445268108,0.));
#12115=DIRECTION('',(0.826599278799634,-0.562790931241723,0.));
#12116=DIRECTION('',(0.968917491494592,-0.247384103522898,0.));
#12117=DIRECTION('',(1.,0.,0.));
#12118=DIRECTION('',(0.968917491494616,0.247384103522804,0.));
#12119=DIRECTION('',(0.826599278799587,0.562790931241791,0.));
#12120=DIRECTION('',(0.546625112994506,0.837377445268108,0.));
#12121=DIRECTION('',(0.237767929475994,0.971321991778575,0.));
#12122=DIRECTION('center_axis',(0.,0.,1.));
#12123=DIRECTION('ref_axis',(1.,0.,0.));
#12124=DIRECTION('',(-0.946649917770008,-0.322263763377203,0.));
#12125=DIRECTION('',(-0.699627560208524,-0.714507716541024,0.));
#12126=DIRECTION('',(-0.310275786268989,-0.950646588620167,0.));
#12127=DIRECTION('',(0.,-1.,0.));
#12128=DIRECTION('',(0.310275786268989,-0.950646588620167,0.));
#12129=DIRECTION('',(0.699627560208524,-0.714507716541024,0.));
#12130=DIRECTION('',(0.946649917770008,-0.322263763377203,0.));
#12131=DIRECTION('',(1.,0.,0.));
#12132=DIRECTION('',(0.,1.,0.));
#12133=DIRECTION('',(-1.,0.,0.));
#12134=DIRECTION('center_axis',(-1.,0.,0.));
#12135=DIRECTION('ref_axis',(0.,0.,1.));
#12136=DIRECTION('',(0.,0.,-1.));
#12137=DIRECTION('',(0.,-1.,0.));
#12138=DIRECTION('',(0.,0.,-1.));
#12139=DIRECTION('center_axis',(0.,1.,0.));
#12140=DIRECTION('ref_axis',(1.,0.,0.));
#12141=DIRECTION('',(-1.,0.,0.));
#12142=DIRECTION('',(0.,0.,-1.));
#12143=DIRECTION('center_axis',(1.,0.,0.));
#12144=DIRECTION('ref_axis',(0.,1.,0.));
#12145=DIRECTION('',(0.,1.,0.));
#12146=DIRECTION('',(0.,0.,-1.));
#12147=DIRECTION('center_axis',(0.,-1.,0.));
#12148=DIRECTION('ref_axis',(0.,0.,-1.));
#12149=DIRECTION('',(1.,0.,0.));
#12150=DIRECTION('center_axis',(0.,0.,1.));
#12151=DIRECTION('ref_axis',(1.,0.,0.));
#12152=DIRECTION('',(0.,-1.,0.));
#12153=DIRECTION('',(-1.,0.,0.));
#12154=DIRECTION('',(0.,1.,0.));
#12155=DIRECTION('',(1.,0.,0.));
#12156=DIRECTION('',(1.,0.,0.));
#12157=DIRECTION('',(0.,1.,0.));
#12158=DIRECTION('',(-1.,0.,0.));
#12159=DIRECTION('',(0.,-1.,0.));
#12160=DIRECTION('center_axis',(0.,1.,0.));
#12161=DIRECTION('ref_axis',(1.,0.,0.));
#12162=DIRECTION('',(0.,0.,-1.));
#12163=DIRECTION('',(0.,0.,-1.));
#12164=DIRECTION('',(0.,0.,-1.));
#12165=DIRECTION('',(0.,0.,-1.));
#12166=DIRECTION('',(1.,0.,0.));
#12167=DIRECTION('center_axis',(0.,0.,1.));
#12168=DIRECTION('ref_axis',(1.,0.,0.));
#12169=DIRECTION('',(0.,1.,0.));
#12170=DIRECTION('center_axis',(0.,0.,1.));
#12171=DIRECTION('ref_axis',(1.,0.,0.));
#12172=DIRECTION('',(0.,-1.,0.));
#12173=DIRECTION('center_axis',(0.,0.,-1.));
#12174=DIRECTION('ref_axis',(-1.,0.,0.));
#12175=DIRECTION('',(0.,-1.,0.));
#12176=DIRECTION('',(-1.,0.,0.));
#12177=DIRECTION('',(0.,1.,0.));
#12178=DIRECTION('center_axis',(1.,0.,0.));
#12179=DIRECTION('ref_axis',(0.,1.,0.));
#12180=DIRECTION('',(0.,0.,-1.));
#12181=DIRECTION('',(0.,0.,-1.));
#12182=DIRECTION('center_axis',(0.,1.,0.));
#12183=DIRECTION('ref_axis',(1.,0.,0.));
#12184=DIRECTION('',(0.,0.,-1.));
#12185=DIRECTION('center_axis',(-1.,0.,0.));
#12186=DIRECTION('ref_axis',(0.,0.,1.));
#12187=DIRECTION('',(0.,0.,-1.));
#12188=DIRECTION('center_axis',(0.,0.,-1.));
#12189=DIRECTION('ref_axis',(1.,0.,0.));
#12190=DIRECTION('center_axis',(-1.,0.,0.));
#12191=DIRECTION('ref_axis',(0.,0.,1.));
#12192=DIRECTION('',(0.,0.,-1.));
#12193=DIRECTION('center_axis',(0.,0.,-1.));
#12194=DIRECTION('ref_axis',(1.,0.,0.));
#12195=DIRECTION('',(0.,0.,-1.));
#12196=DIRECTION('center_axis',(1.,0.,0.));
#12197=DIRECTION('ref_axis',(0.,1.,0.));
#12198=DIRECTION('center_axis',(1.,0.,0.));
#12199=DIRECTION('ref_axis',(0.,1.,0.));
#12200=DIRECTION('',(0.,0.,-1.));
#12201=DIRECTION('',(0.,1.,0.));
#12202=DIRECTION('',(0.,0.,-1.));
#12203=DIRECTION('',(0.,-1.,0.));
#12204=DIRECTION('center_axis',(1.,0.,0.));
#12205=DIRECTION('ref_axis',(0.,1.,0.));
#12206=DIRECTION('',(0.,0.,1.));
#12207=DIRECTION('',(0.,-1.,0.));
#12208=DIRECTION('',(0.,0.,1.));
#12209=DIRECTION('',(0.,1.,0.));
#12210=DIRECTION('center_axis',(1.,0.,0.));
#12211=DIRECTION('ref_axis',(0.,0.,-1.));
#12212=DIRECTION('',(0.,0.,-1.));
#12213=DIRECTION('center_axis',(1.,0.,0.));
#12214=DIRECTION('ref_axis',(0.,1.,0.));
#12215=DIRECTION('center_axis',(0.,0.,-1.));
#12216=DIRECTION('ref_axis',(0.,-1.,0.));
#12217=DIRECTION('',(1.,0.,0.));
#12218=DIRECTION('',(-1.,0.,0.));
#12219=DIRECTION('',(0.,1.,0.));
#12220=DIRECTION('center_axis',(-1.,0.,0.));
#12221=DIRECTION('ref_axis',(0.,0.,1.));
#12222=DIRECTION('',(0.,0.,-1.));
#12223=DIRECTION('',(0.,-1.,0.));
#12224=DIRECTION('',(0.,0.,1.));
#12225=DIRECTION('center_axis',(-1.,0.,0.));
#12226=DIRECTION('ref_axis',(0.,0.,1.));
#12227=DIRECTION('',(0.,0.,1.));
#12228=DIRECTION('center_axis',(-1.,0.,0.));
#12229=DIRECTION('ref_axis',(0.,1.,0.));
#12230=DIRECTION('',(0.,1.,0.));
#12231=DIRECTION('',(0.,0.,1.));
#12232=DIRECTION('',(0.,1.,0.));
#12233=DIRECTION('',(0.,0.,1.));
#12234=DIRECTION('center_axis',(-1.,0.,0.));
#12235=DIRECTION('ref_axis',(0.,0.,1.));
#12236=DIRECTION('center_axis',(0.,1.,0.));
#12237=DIRECTION('ref_axis',(1.,0.,0.));
#12238=DIRECTION('',(1.,0.,0.));
#12239=DIRECTION('',(1.,0.,0.));
#12240=DIRECTION('',(0.,0.,-1.));
#12241=DIRECTION('',(1.,0.,0.));
#12242=DIRECTION('',(0.,0.,-1.));
#12243=DIRECTION('',(1.,0.,0.));
#12244=DIRECTION('',(0.,0.,-1.));
#12245=DIRECTION('',(1.,0.,0.));
#12246=DIRECTION('',(0.,0.,-1.));
#12247=DIRECTION('',(1.,0.,0.));
#12248=DIRECTION('',(0.,0.,-1.));
#12249=DIRECTION('',(1.,0.,0.));
#12250=DIRECTION('',(0.,0.,-1.));
#12251=DIRECTION('center_axis',(0.,0.,1.));
#12252=DIRECTION('ref_axis',(1.,0.,0.));
#12253=DIRECTION('',(-1.,0.,0.));
#12254=DIRECTION('center_axis',(0.,-1.,0.));
#12255=DIRECTION('ref_axis',(0.,0.,-1.));
#12256=DIRECTION('',(-1.,0.,0.));
#12257=DIRECTION('',(0.,0.,-1.));
#12258=DIRECTION('',(1.,0.,0.));
#12259=DIRECTION('',(0.,0.,1.));
#12260=DIRECTION('center_axis',(-1.,0.,0.));
#12261=DIRECTION('ref_axis',(0.,0.,1.));
#12262=DIRECTION('',(0.,1.,0.));
#12263=DIRECTION('',(0.,0.,1.));
#12264=DIRECTION('',(-2.22044604925E-14,1.,0.));
#12265=DIRECTION('center_axis',(-1.,0.,0.));
#12266=DIRECTION('ref_axis',(0.,0.,1.));
#12267=DIRECTION('',(0.,1.,0.));
#12268=DIRECTION('',(0.,0.,1.));
#12269=DIRECTION('',(0.,1.,0.));
#12270=DIRECTION('',(0.,0.,1.));
#12271=DIRECTION('center_axis',(0.,0.,-1.));
#12272=DIRECTION('ref_axis',(0.,-1.,0.));
#12273=DIRECTION('',(0.707106781186547,0.707106781186547,0.));
#12274=DIRECTION('',(0.707106781186547,-0.707106781186547,0.));
#12275=DIRECTION('',(0.707106781186547,0.707106781186547,0.));
#12276=DIRECTION('',(0.707106781186547,-0.707106781186547,0.));
#12277=DIRECTION('',(0.707106781186598,0.707106781186498,0.));
#12278=DIRECTION('',(0.,1.,0.));
#12279=DIRECTION('',(0.,1.,0.));
#12280=DIRECTION('',(0.707106781186548,-0.707106781186548,0.));
#12281=DIRECTION('',(0.707106781186547,0.707106781186547,0.));
#12282=DIRECTION('',(0.707106781186547,-0.707106781186547,0.));
#12283=DIRECTION('',(0.707106781186547,0.707106781186547,0.));
#12284=DIRECTION('',(0.707106781186498,-0.707106781186598,0.));
#12285=DIRECTION('',(0.707106781186498,0.707106781186598,0.));
#12286=DIRECTION('',(0.707106781186547,-0.707106781186547,0.));
#12287=DIRECTION('center_axis',(-0.707106781186548,-0.707106781186548,0.));
#12288=DIRECTION('ref_axis',(-0.707106781186548,0.707106781186548,0.));
#12289=DIRECTION('',(0.,0.,-1.));
#12290=DIRECTION('',(0.,0.,-1.));
#12291=DIRECTION('',(0.707106781186598,-0.707106781186498,0.));
#12292=DIRECTION('center_axis',(0.,0.,1.));
#12293=DIRECTION('ref_axis',(1.,0.,0.));
#12294=DIRECTION('',(0.707106781186547,0.707106781186547,0.));
#12295=DIRECTION('',(0.707106781186547,-0.707106781186547,0.));
#12296=DIRECTION('',(0.707106781186547,0.707106781186547,0.));
#12297=DIRECTION('',(0.707106781186547,-0.707106781186547,0.));
#12298=DIRECTION('',(0.707106781186547,0.707106781186547,0.));
#12299=DIRECTION('',(0.707106781186548,-0.707106781186548,0.));
#12300=DIRECTION('',(0.,1.,0.));
#12301=DIRECTION('',(0.,1.,0.));
#12302=DIRECTION('',(0.707106781186598,0.707106781186498,0.));
#12303=DIRECTION('',(0.707106781186547,-0.707106781186547,0.));
#12304=DIRECTION('',(0.707106781186547,0.707106781186547,0.));
#12305=DIRECTION('',(0.707106781186547,-0.707106781186547,0.));
#12306=DIRECTION('',(0.707106781186547,0.707106781186547,0.));
#12307=DIRECTION('center_axis',(0.707106781186548,-0.707106781186548,0.));
#12308=DIRECTION('ref_axis',(0.,0.,-1.));
#12309=DIRECTION('',(0.,0.,-1.));
#12310=DIRECTION('center_axis',(-0.707106781186548,-0.707106781186548,0.));
#12311=DIRECTION('ref_axis',(-0.707106781186548,0.707106781186548,0.));
#12312=DIRECTION('',(0.,0.,-1.));
#12313=DIRECTION('center_axis',(0.707106781186548,-0.707106781186548,0.));
#12314=DIRECTION('ref_axis',(0.,0.,-1.));
#12315=DIRECTION('',(0.,0.,-1.));
#12316=DIRECTION('center_axis',(-0.707106781186548,-0.707106781186548,0.));
#12317=DIRECTION('ref_axis',(-0.707106781186548,0.707106781186548,0.));
#12318=DIRECTION('',(0.,0.,-1.));
#12319=DIRECTION('center_axis',(0.707106781186548,-0.707106781186548,0.));
#12320=DIRECTION('ref_axis',(0.,0.,-1.));
#12321=DIRECTION('',(0.,0.,-1.));
#12322=DIRECTION('center_axis',(1.,0.,0.));
#12323=DIRECTION('ref_axis',(0.,1.,0.));
#12324=DIRECTION('center_axis',(-1.,0.,0.));
#12325=DIRECTION('ref_axis',(0.,0.,1.));
#12326=DIRECTION('',(0.,0.,1.));
#12327=DIRECTION('',(0.,-1.,0.));
#12328=DIRECTION('',(4.440892098501E-14,0.,1.));
#12329=DIRECTION('center_axis',(-1.,0.,0.));
#12330=DIRECTION('ref_axis',(0.,0.,1.));
#12331=DIRECTION('',(-4.440892098501E-14,0.,1.));
#12332=DIRECTION('',(0.,-1.,0.));
#12333=DIRECTION('',(-4.440892098501E-14,0.,1.));
#12334=DIRECTION('center_axis',(0.,1.,0.));
#12335=DIRECTION('ref_axis',(1.,0.,0.));
#12336=DIRECTION('',(-1.,0.,0.));
#12337=DIRECTION('',(1.,0.,0.));
#12338=DIRECTION('',(0.,0.,-1.));
#12339=DIRECTION('',(-1.,0.,0.));
#12340=DIRECTION('center_axis',(0.,0.,-1.));
#12341=DIRECTION('ref_axis',(0.,-1.,0.));
#12342=DIRECTION('',(1.,0.,0.));
#12343=DIRECTION('',(-1.,0.,0.));
#12344=DIRECTION('',(0.,1.,0.));
#12345=DIRECTION('',(1.,0.,0.));
#12346=DIRECTION('',(0.,-1.,0.));
#12347=DIRECTION('center_axis',(0.,1.,0.));
#12348=DIRECTION('ref_axis',(1.,0.,0.));
#12349=DIRECTION('',(0.,0.,1.));
#12350=DIRECTION('',(-1.,0.,0.));
#12351=DIRECTION('',(-1.,0.,0.));
#12352=DIRECTION('',(0.,0.,1.));
#12353=DIRECTION('',(1.,0.,0.));
#12354=DIRECTION('center_axis',(0.,0.,1.));
#12355=DIRECTION('ref_axis',(1.,0.,0.));
#12356=DIRECTION('',(0.,-1.,0.));
#12357=DIRECTION('center_axis',(0.,0.,1.));
#12358=DIRECTION('ref_axis',(1.,0.,0.));
#12359=DIRECTION('',(0.,1.,0.));
#12360=DIRECTION('',(-1.,0.,0.));
#12361=DIRECTION('',(0.,-1.,0.));
#12362=DIRECTION('center_axis',(0.,0.,-1.));
#12363=DIRECTION('ref_axis',(-1.,0.,0.));
#12364=DIRECTION('',(0.,1.,0.));
#12365=DIRECTION('center_axis',(-1.,0.,0.));
#12366=DIRECTION('ref_axis',(0.,0.,1.));
#12367=DIRECTION('',(0.,1.,0.));
#12368=DIRECTION('',(0.,0.,1.));
#12369=DIRECTION('',(0.,0.,1.));
#12370=DIRECTION('center_axis',(0.,0.,-1.));
#12371=DIRECTION('ref_axis',(1.,0.,0.));
#12372=DIRECTION('',(0.,0.,1.));
#12373=DIRECTION('center_axis',(0.,0.,1.));
#12374=DIRECTION('ref_axis',(1.,0.,0.));
#12375=DIRECTION('center_axis',(0.,0.,-1.));
#12376=DIRECTION('ref_axis',(0.,-1.,0.));
#12377=DIRECTION('',(0.,-1.,0.));
#12378=DIRECTION('',(-1.,0.,0.));
#12379=DIRECTION('center_axis',(0.,0.,-1.));
#12380=DIRECTION('ref_axis',(0.,-1.,0.));
#12381=DIRECTION('',(0.,1.,0.));
#12382=DIRECTION('center_axis',(0.,0.,1.));
#12383=DIRECTION('ref_axis',(1.,0.,0.));
#12384=DIRECTION('',(0.,1.,0.));
#12385=DIRECTION('',(-1.,0.,0.));
#12386=DIRECTION('',(1.,0.,0.));
#12387=DIRECTION('',(0.,1.,0.));
#12388=DIRECTION('',(-1.,0.,0.));
#12389=DIRECTION('',(0.,-1.,0.));
#12390=DIRECTION('center_axis',(0.,-1.,0.));
#12391=DIRECTION('ref_axis',(0.,0.,-1.));
#12392=DIRECTION('',(0.,0.,1.));
#12393=DIRECTION('center_axis',(1.,0.,0.));
#12394=DIRECTION('ref_axis',(0.,1.,0.));
#12395=DIRECTION('center_axis',(1.,0.,0.));
#12396=DIRECTION('ref_axis',(0.,1.,0.));
#12397=DIRECTION('',(0.,0.,1.));
#12398=DIRECTION('',(0.,0.,1.));
#12399=DIRECTION('center_axis',(0.,-1.,0.));
#12400=DIRECTION('ref_axis',(0.,0.,-1.));
#12401=DIRECTION('',(0.,0.,1.));
#12402=DIRECTION('center_axis',(-1.,0.,0.));
#12403=DIRECTION('ref_axis',(0.,0.,1.));
#12404=DIRECTION('',(0.,0.,1.));
#12405=DIRECTION('center_axis',(0.,1.,0.));
#12406=DIRECTION('ref_axis',(1.,0.,0.));
#12407=DIRECTION('center_axis',(1.,0.,0.));
#12408=DIRECTION('ref_axis',(0.,1.,0.));
#12409=DIRECTION('',(-1.,0.,0.));
#12410=DIRECTION('center_axis',(0.,1.,0.));
#12411=DIRECTION('ref_axis',(1.,0.,0.));
#12412=DIRECTION('',(1.,0.,0.));
#12413=DIRECTION('',(-1.,0.,0.));
#12414=DIRECTION('',(0.,0.,-1.));
#12415=DIRECTION('',(1.,0.,0.));
#12416=DIRECTION('center_axis',(0.,0.,1.));
#12417=DIRECTION('ref_axis',(1.,0.,0.));
#12418=DIRECTION('',(0.,-1.,0.));
#12419=DIRECTION('center_axis',(1.,0.,0.));
#12420=DIRECTION('ref_axis',(0.,1.,0.));
#12421=DIRECTION('',(0.,-1.,0.));
#12422=DIRECTION('center_axis',(0.,0.,-1.));
#12423=DIRECTION('ref_axis',(0.,-1.,0.));
#12424=DIRECTION('center_axis',(-1.,0.,0.));
#12425=DIRECTION('ref_axis',(0.,1.,0.));
#12426=DIRECTION('center_axis',(1.,0.,0.));
#12427=DIRECTION('ref_axis',(0.,1.,0.));
#12428=DIRECTION('',(0.,0.,1.));
#12429=DIRECTION('center_axis',(0.,0.,-1.));
#12430=DIRECTION('ref_axis',(1.,0.,0.));
#12431=DIRECTION('',(0.,0.,1.));
#12432=DIRECTION('center_axis',(-1.,0.,0.));
#12433=DIRECTION('ref_axis',(0.,0.,1.));
#12434=DIRECTION('center_axis',(-0.707106781186548,-0.707106781186548,0.));
#12435=DIRECTION('ref_axis',(-0.707106781186548,0.707106781186548,0.));
#12436=DIRECTION('',(0.,0.,-1.));
#12437=DIRECTION('center_axis',(0.707106781186548,-0.707106781186548,0.));
#12438=DIRECTION('ref_axis',(0.,0.,-1.));
#12439=DIRECTION('',(0.,0.,-1.));
#12440=DIRECTION('center_axis',(-0.707106781186548,-0.707106781186548,0.));
#12441=DIRECTION('ref_axis',(-0.707106781186548,0.707106781186548,0.));
#12442=DIRECTION('',(0.,0.,-1.));
#12443=DIRECTION('center_axis',(0.707106781186548,-0.707106781186548,0.));
#12444=DIRECTION('ref_axis',(0.,0.,-1.));
#12445=DIRECTION('',(0.,0.,-1.));
#12446=DIRECTION('center_axis',(-0.707106781186548,-0.707106781186548,0.));
#12447=DIRECTION('ref_axis',(-0.707106781186548,0.707106781186548,0.));
#12448=DIRECTION('',(0.,0.,-1.));
#12449=DIRECTION('center_axis',(0.707106781186548,-0.707106781186548,0.));
#12450=DIRECTION('ref_axis',(0.,0.,-1.));
#12451=DIRECTION('center_axis',(1.,0.,0.));
#12452=DIRECTION('ref_axis',(0.,1.,0.));
#12453=DIRECTION('',(0.,-1.,0.));
#12454=DIRECTION('',(0.,-0.943858356366017,-0.330350424728106));
#12455=DIRECTION('',(0.,-1.,0.));
#12456=DIRECTION('',(0.,1.,0.));
#12457=DIRECTION('',(0.,0.943858356366017,-0.330350424728106));
#12458=DIRECTION('',(0.,1.,0.));
#12459=DIRECTION('center_axis',(0.,0.,1.));
#12460=DIRECTION('ref_axis',(1.,0.,0.));
#12461=DIRECTION('',(0.,-1.,0.));
#12462=DIRECTION('',(1.,0.,0.));
#12463=DIRECTION('center_axis',(0.,-0.330350424728106,0.943858356366017));
#12464=DIRECTION('ref_axis',(-1.,0.,0.));
#12465=DIRECTION('',(0.,-0.943858356366017,-0.330350424728106));
#12466=DIRECTION('',(1.,0.,0.));
#12467=DIRECTION('center_axis',(0.,0.,1.));
#12468=DIRECTION('ref_axis',(1.,0.,0.));
#12469=DIRECTION('',(0.,-1.,0.));
#12470=DIRECTION('center_axis',(1.,0.,0.));
#12471=DIRECTION('ref_axis',(0.,1.,0.));
#12472=DIRECTION('',(0.,1.,0.));
#12473=DIRECTION('',(0.,0.943858356366017,-0.330350424728106));
#12474=DIRECTION('',(0.,1.,0.));
#12475=DIRECTION('center_axis',(0.,0.,-1.));
#12476=DIRECTION('ref_axis',(0.,-1.,0.));
#12477=DIRECTION('',(1.,0.,0.));
#12478=DIRECTION('center_axis',(0.,-0.330350424728106,-0.943858356366017));
#12479=DIRECTION('ref_axis',(0.,-0.943858356366017,0.330350424728106));
#12480=DIRECTION('',(1.,0.,0.));
#12481=DIRECTION('center_axis',(0.,0.,-1.));
#12482=DIRECTION('ref_axis',(0.,-1.,0.));
#12483=DIRECTION('center_axis',(1.,0.,0.));
#12484=DIRECTION('ref_axis',(0.,1.,0.));
#12485=DIRECTION('',(0.,-1.,0.));
#12486=DIRECTION('',(0.,-0.943858356366017,-0.330350424728106));
#12487=DIRECTION('',(0.,-1.,0.));
#12488=DIRECTION('',(0.,1.,0.));
#12489=DIRECTION('',(0.,0.943858356366017,-0.330350424728106));
#12490=DIRECTION('',(0.,1.,0.));
#12491=DIRECTION('center_axis',(0.,0.,1.));
#12492=DIRECTION('ref_axis',(1.,0.,0.));
#12493=DIRECTION('',(0.,-1.,0.));
#12494=DIRECTION('',(1.,0.,0.));
#12495=DIRECTION('center_axis',(0.,-0.330350424728106,0.943858356366017));
#12496=DIRECTION('ref_axis',(-1.,0.,0.));
#12497=DIRECTION('',(0.,-0.943858356366017,-0.330350424728106));
#12498=DIRECTION('',(1.,0.,0.));
#12499=DIRECTION('center_axis',(0.,0.,1.));
#12500=DIRECTION('ref_axis',(1.,0.,0.));
#12501=DIRECTION('',(0.,-1.,0.));
#12502=DIRECTION('center_axis',(1.,0.,0.));
#12503=DIRECTION('ref_axis',(0.,1.,0.));
#12504=DIRECTION('',(0.,1.,0.));
#12505=DIRECTION('',(0.,0.943858356366017,-0.330350424728106));
#12506=DIRECTION('',(0.,1.,0.));
#12507=DIRECTION('center_axis',(0.,0.,-1.));
#12508=DIRECTION('ref_axis',(0.,-1.,0.));
#12509=DIRECTION('',(1.,0.,0.));
#12510=DIRECTION('center_axis',(0.,-0.330350424728106,-0.943858356366017));
#12511=DIRECTION('ref_axis',(0.,-0.943858356366017,0.330350424728106));
#12512=DIRECTION('',(1.,0.,0.));
#12513=DIRECTION('center_axis',(0.,0.,-1.));
#12514=DIRECTION('ref_axis',(0.,-1.,0.));
#12515=DIRECTION('center_axis',(1.,0.,0.));
#12516=DIRECTION('ref_axis',(0.,1.,0.));
#12517=DIRECTION('',(0.,-1.,0.));
#12518=DIRECTION('',(0.,-0.943858356366017,-0.330350424728106));
#12519=DIRECTION('',(0.,-1.,0.));
#12520=DIRECTION('',(0.,1.,0.));
#12521=DIRECTION('',(0.,0.943858356366017,-0.330350424728106));
#12522=DIRECTION('',(0.,1.,0.));
#12523=DIRECTION('center_axis',(0.,0.,1.));
#12524=DIRECTION('ref_axis',(1.,0.,0.));
#12525=DIRECTION('',(0.,-1.,0.));
#12526=DIRECTION('',(1.,0.,0.));
#12527=DIRECTION('center_axis',(0.,-0.330350424728106,0.943858356366017));
#12528=DIRECTION('ref_axis',(-1.,0.,0.));
#12529=DIRECTION('',(0.,-0.943858356366017,-0.330350424728106));
#12530=DIRECTION('',(1.,0.,0.));
#12531=DIRECTION('center_axis',(0.,0.,1.));
#12532=DIRECTION('ref_axis',(1.,0.,0.));
#12533=DIRECTION('',(0.,-1.,0.));
#12534=DIRECTION('center_axis',(1.,0.,0.));
#12535=DIRECTION('ref_axis',(0.,1.,0.));
#12536=DIRECTION('',(0.,1.,0.));
#12537=DIRECTION('',(0.,0.943858356366017,-0.330350424728106));
#12538=DIRECTION('',(0.,1.,0.));
#12539=DIRECTION('center_axis',(0.,0.,-1.));
#12540=DIRECTION('ref_axis',(0.,-1.,0.));
#12541=DIRECTION('',(1.,0.,0.));
#12542=DIRECTION('center_axis',(0.,-0.330350424728106,-0.943858356366017));
#12543=DIRECTION('ref_axis',(0.,-0.943858356366017,0.330350424728106));
#12544=DIRECTION('',(1.,0.,0.));
#12545=DIRECTION('center_axis',(0.,0.,-1.));
#12546=DIRECTION('ref_axis',(0.,-1.,0.));
#12547=DIRECTION('center_axis',(-1.,0.,0.));
#12548=DIRECTION('ref_axis',(0.,0.,1.));
#12549=DIRECTION('',(0.,0.,-1.));
#12550=DIRECTION('',(0.,0.,-1.));
#12551=DIRECTION('center_axis',(0.,-1.,0.));
#12552=DIRECTION('ref_axis',(0.,0.,-1.));
#12553=DIRECTION('',(0.,0.,-1.));
#12554=DIRECTION('center_axis',(1.,0.,0.));
#12555=DIRECTION('ref_axis',(0.,1.,0.));
#12556=DIRECTION('',(0.,0.,-1.));
#12557=DIRECTION('center_axis',(0.,1.,0.));
#12558=DIRECTION('ref_axis',(1.,0.,0.));
#12559=DIRECTION('center_axis',(0.,-1.,0.));
#12560=DIRECTION('ref_axis',(0.,0.,-1.));
#12561=DIRECTION('',(1.,0.,0.));
#12562=DIRECTION('',(0.,0.,-1.));
#12563=DIRECTION('center_axis',(-0.981737036166681,0.190242980997096,0.));
#12564=DIRECTION('ref_axis',(0.,0.,1.));
#12565=DIRECTION('',(-0.190242980997096,-0.981737036166681,0.));
#12566=DIRECTION('',(0.,0.,-1.));
#12567=DIRECTION('center_axis',(0.,1.,0.));
#12568=DIRECTION('ref_axis',(1.,0.,0.));
#12569=DIRECTION('',(-1.,0.,0.));
#12570=DIRECTION('',(0.,0.,-1.));
#12571=DIRECTION('center_axis',(0.,0.,-1.));
#12572=DIRECTION('ref_axis',(1.,0.,0.));
#12573=DIRECTION('center_axis',(0.,0.,-1.));
#12574=DIRECTION('ref_axis',(0.981737036166681,-0.190242980997096,0.));
#12575=DIRECTION('',(0.,-1.7763568394E-14,-1.));
#12576=DIRECTION('center_axis',(-0.981737036166681,0.190242980997096,0.));
#12577=DIRECTION('ref_axis',(0.,0.,1.));
#12578=DIRECTION('',(-0.190242980997096,-0.981737036166681,0.));
#12579=DIRECTION('',(0.,0.,-1.));
#12580=DIRECTION('center_axis',(0.,-1.,0.));
#12581=DIRECTION('ref_axis',(0.,0.,-1.));
#12582=DIRECTION('',(1.,0.,0.));
#12583=DIRECTION('',(0.,0.,-1.));
#12584=DIRECTION('center_axis',(-0.981737036166681,0.190242980997096,0.));
#12585=DIRECTION('ref_axis',(0.,0.,1.));
#12586=DIRECTION('',(-0.190242980997096,-0.981737036166681,0.));
#12587=DIRECTION('',(0.,0.,-1.));
#12588=DIRECTION('center_axis',(0.,1.,0.));
#12589=DIRECTION('ref_axis',(1.,0.,0.));
#12590=DIRECTION('',(-1.,0.,0.));
#12591=DIRECTION('center_axis',(0.981737036166681,-0.190242980997096,0.));
#12592=DIRECTION('ref_axis',(0.,0.,-1.));
#12593=DIRECTION('',(0.190242980997096,0.981737036166681,0.));
#12594=DIRECTION('',(0.,0.,-1.));
#12595=DIRECTION('center_axis',(0.628818880935099,-0.777551808550099,0.));
#12596=DIRECTION('ref_axis',(0.,0.,-1.));
#12597=DIRECTION('',(0.777551808550099,0.628818880935099,0.));
#12598=DIRECTION('',(0.,0.,-1.));
#12599=DIRECTION('center_axis',(0.794912211912811,0.606724464111908,0.));
#12600=DIRECTION('ref_axis',(0.,0.,-1.));
#12601=DIRECTION('',(-0.606724464111908,0.794912211912811,0.));
#12602=DIRECTION('',(0.,-3.552713678801E-14,-1.));
#12603=DIRECTION('center_axis',(0.981737036166681,-0.190242980997096,0.));
#12604=DIRECTION('ref_axis',(0.,0.,-1.));
#12605=DIRECTION('',(0.190242980997096,0.981737036166681,0.));
#12606=DIRECTION('',(0.,0.,-1.));
#12607=DIRECTION('center_axis',(0.,0.,-1.));
#12608=DIRECTION('ref_axis',(1.,0.,0.));
#12609=DIRECTION('center_axis',(0.,0.,1.));
#12610=DIRECTION('ref_axis',(0.,-1.,0.));
#12611=DIRECTION('',(0.,0.,-1.));
#12612=DIRECTION('center_axis',(0.,-1.,0.));
#12613=DIRECTION('ref_axis',(0.,0.,-1.));
#12614=DIRECTION('',(1.,0.,0.));
#12615=DIRECTION('',(0.,0.,-1.));
#12616=DIRECTION('center_axis',(-0.896021955848581,-0.444009746106191,0.));
#12617=DIRECTION('ref_axis',(-0.444009746106191,0.896021955848581,0.));
#12618=DIRECTION('',(0.444009746106191,-0.896021955848581,0.));
#12619=DIRECTION('',(0.,0.,-1.));
#12620=DIRECTION('center_axis',(0.647055961569442,-0.76244251101145,0.));
#12621=DIRECTION('ref_axis',(0.,0.,-1.));
#12622=DIRECTION('',(0.76244251101145,0.647055961569442,0.));
#12623=DIRECTION('',(0.,0.,-1.));
#12624=DIRECTION('center_axis',(0.981737036166681,-0.190242980997096,0.));
#12625=DIRECTION('ref_axis',(0.,0.,-1.));
#12626=DIRECTION('',(0.190242980997096,0.981737036166681,0.));
#12627=DIRECTION('',(0.,0.,-1.));
#12628=DIRECTION('center_axis',(0.,-1.,0.));
#12629=DIRECTION('ref_axis',(0.,0.,-1.));
#12630=DIRECTION('',(1.,0.,0.));
#12631=DIRECTION('',(0.,0.,-1.));
#12632=DIRECTION('center_axis',(-0.981737036166681,0.190242980997096,0.));
#12633=DIRECTION('ref_axis',(0.,0.,1.));
#12634=DIRECTION('',(-0.190242980997096,-0.981737036166681,0.));
#12635=DIRECTION('',(0.,0.,-1.));
#12636=DIRECTION('center_axis',(0.,-1.,0.));
#12637=DIRECTION('ref_axis',(0.,0.,-1.));
#12638=DIRECTION('',(1.,0.,0.));
#12639=DIRECTION('',(0.,0.,-1.));
#12640=DIRECTION('center_axis',(0.773729652124307,-0.633515923575406,0.));
#12641=DIRECTION('ref_axis',(0.,0.,-1.));
#12642=DIRECTION('',(0.633515923575406,0.773729652124307,0.));
#12643=DIRECTION('',(0.,0.,-1.));
#12644=DIRECTION('center_axis',(0.829720136676299,0.558179625921499,0.));
#12645=DIRECTION('ref_axis',(0.,0.,-1.));
#12646=DIRECTION('',(-0.558179625921499,0.829720136676299,0.));
#12647=DIRECTION('',(0.,0.,-1.));
#12648=DIRECTION('center_axis',(0.,-1.,0.));
#12649=DIRECTION('ref_axis',(0.,0.,-1.));
#12650=DIRECTION('',(1.,0.,0.));
#12651=DIRECTION('',(0.,0.,-1.));
#12652=DIRECTION('center_axis',(-0.829720136676299,-0.558179625921499,0.));
#12653=DIRECTION('ref_axis',(-0.558179625921499,0.829720136676299,0.));
#12654=DIRECTION('',(0.558179625921499,-0.829720136676299,0.));
#12655=DIRECTION('',(0.,0.,-1.));
#12656=DIRECTION('center_axis',(0.773729652124307,-0.633515923575406,0.));
#12657=DIRECTION('ref_axis',(0.,0.,-1.));
#12658=DIRECTION('',(0.633515923575406,0.773729652124307,0.));
#12659=DIRECTION('',(0.,0.,-1.));
#12660=DIRECTION('center_axis',(0.,-1.,0.));
#12661=DIRECTION('ref_axis',(0.,0.,-1.));
#12662=DIRECTION('',(1.,0.,0.));
#12663=DIRECTION('',(0.,0.,-1.));
#12664=DIRECTION('center_axis',(-0.773729652124307,0.633515923575406,0.));
#12665=DIRECTION('ref_axis',(0.,0.,1.));
#12666=DIRECTION('',(-0.633515923575406,-0.773729652124307,0.));
#12667=DIRECTION('',(0.,1.7763568394E-14,-1.));
#12668=DIRECTION('center_axis',(-0.829720136676299,-0.558179625921499,0.));
#12669=DIRECTION('ref_axis',(-0.558179625921499,0.829720136676299,0.));
#12670=DIRECTION('',(0.558179625921568,-0.829720136676252,0.));
#12671=DIRECTION('',(0.,0.,-1.));
#12672=DIRECTION('center_axis',(0.,1.,0.));
#12673=DIRECTION('ref_axis',(1.,0.,0.));
#12674=DIRECTION('',(-1.,0.,0.));
#12675=DIRECTION('',(0.,0.,-1.));
#12676=DIRECTION('center_axis',(0.829720136676299,0.558179625921499,0.));
#12677=DIRECTION('ref_axis',(0.,0.,-1.));
#12678=DIRECTION('',(-0.558179625921499,0.829720136676299,0.));
#12679=DIRECTION('',(0.,0.,-1.));
#12680=DIRECTION('center_axis',(-0.773729652124307,0.633515923575406,0.));
#12681=DIRECTION('ref_axis',(0.,0.,1.));
#12682=DIRECTION('',(-0.633515923575406,-0.773729652124307,0.));
#12683=DIRECTION('',(0.,0.,-1.));
#12684=DIRECTION('center_axis',(0.,1.,0.));
#12685=DIRECTION('ref_axis',(1.,0.,0.));
#12686=DIRECTION('',(-1.,0.,0.));
#12687=DIRECTION('',(0.,0.,-1.));
#12688=DIRECTION('center_axis',(0.981737036166681,-0.190242980997096,0.));
#12689=DIRECTION('ref_axis',(0.,0.,-1.));
#12690=DIRECTION('',(0.190242980997096,0.981737036166681,0.));
#12691=DIRECTION('',(0.,0.,-1.));
#12692=DIRECTION('center_axis',(-0.647055961569442,0.76244251101145,0.));
#12693=DIRECTION('ref_axis',(0.,0.,1.));
#12694=DIRECTION('',(-0.76244251101145,-0.647055961569442,0.));
#12695=DIRECTION('',(0.,0.,-1.));
#12696=DIRECTION('center_axis',(0.,1.,0.));
#12697=DIRECTION('ref_axis',(1.,0.,0.));
#12698=DIRECTION('',(-1.,0.,0.));
#12699=DIRECTION('',(0.,-3.552713678801E-14,-1.));
#12700=DIRECTION('center_axis',(0.647055961569442,-0.76244251101145,0.));
#12701=DIRECTION('ref_axis',(0.,0.,-1.));
#12702=DIRECTION('',(0.76244251101145,0.647055961569442,0.));
#12703=DIRECTION('',(0.,0.,-1.));
#12704=DIRECTION('center_axis',(0.896021955848581,0.444009746106191,0.));
#12705=DIRECTION('ref_axis',(0.,0.,-1.));
#12706=DIRECTION('',(-0.444009746106191,0.896021955848581,0.));
#12707=DIRECTION('',(0.,0.,-1.));
#12708=DIRECTION('center_axis',(0.,1.,0.));
#12709=DIRECTION('ref_axis',(1.,0.,0.));
#12710=DIRECTION('',(-1.,0.,0.));
#12711=DIRECTION('',(0.,0.,-1.));
#12712=DIRECTION('center_axis',(-0.981737036166681,0.190242980997096,0.));
#12713=DIRECTION('ref_axis',(0.,0.,1.));
#12714=DIRECTION('',(-0.190242980997096,-0.981737036166681,0.));
#12715=DIRECTION('',(0.,0.,-1.));
#12716=DIRECTION('center_axis',(0.,1.,0.));
#12717=DIRECTION('ref_axis',(1.,0.,0.));
#12718=DIRECTION('',(-1.,0.,0.));
#12719=DIRECTION('',(0.,-3.552713678801E-14,-1.));
#12720=DIRECTION('center_axis',(0.981737036166681,-0.190242980997096,0.));
#12721=DIRECTION('ref_axis',(0.,0.,-1.));
#12722=DIRECTION('',(0.190242980997096,0.981737036166681,0.));
#12723=DIRECTION('',(0.,0.,-1.));
#12724=DIRECTION('center_axis',(0.,1.,0.));
#12725=DIRECTION('ref_axis',(1.,0.,0.));
#12726=DIRECTION('',(-1.,0.,0.));
#12727=DIRECTION('',(0.,0.,-1.));
#12728=DIRECTION('center_axis',(-0.981737036166681,0.190242980997096,0.));
#12729=DIRECTION('ref_axis',(0.,0.,1.));
#12730=DIRECTION('',(-0.190242980997096,-0.981737036166681,0.));
#12731=DIRECTION('center_axis',(0.,0.,1.));
#12732=DIRECTION('ref_axis',(1.,0.,0.));
#12733=DIRECTION('center_axis',(0.,0.,1.));
#12734=DIRECTION('ref_axis',(1.,0.,0.));
#12735=DIRECTION('',(0.,1.,0.));
#12736=DIRECTION('',(-1.,0.,0.));
#12737=DIRECTION('',(-1.110223024625E-14,-1.,0.));
#12738=DIRECTION('',(1.,0.,0.));
#12739=DIRECTION('center_axis',(0.,0.,1.));
#12740=DIRECTION('ref_axis',(1.,0.,0.));
#12741=DIRECTION('',(-0.8265993412204,0.5627908395612,0.));
#12742=DIRECTION('',(-0.310279998114283,0.950645213931149,0.));
#12743=DIRECTION('',(0.,1.,0.));
#12744=DIRECTION('',(0.310279736267494,0.950645299394982,0.));
#12745=DIRECTION('',(0.8265993412204,0.5627908395612,0.));
#12746=DIRECTION('',(0.946649917769977,0.322263763377292,0.));
#12747=DIRECTION('',(1.,0.,0.));
#12748=DIRECTION('',(0.946649870890512,-0.322263901085704,0.));
#12749=DIRECTION('',(0.699625005501713,-0.714510218035213,0.));
#12750=DIRECTION('',(0.439713157560209,-0.898138262779418,0.));
#12751=DIRECTION('',(1.,0.,0.));
#12752=DIRECTION('',(-0.310279797550593,0.950645279392878,0.));
#12753=DIRECTION('',(-0.591909548749597,0.806004395831095,0.));
#12754=DIRECTION('',(-0.793878111008659,0.608076923473769,0.));
#12755=DIRECTION('',(-0.979770716762532,0.200123318418007,0.));
#12756=DIRECTION('',(-1.,0.,0.));
#12757=DIRECTION('',(-0.968917724761819,-0.247383189894505,0.));
#12758=DIRECTION('',(-0.890605275886777,-0.454777135048188,0.));
#12759=DIRECTION('',(-0.699624845831612,-0.714510374378912,0.));
#12760=DIRECTION('',(-0.237771379209889,-0.971321147318757,0.));
#12761=DIRECTION('',(0.,-1.,0.));
#12762=DIRECTION('',(0.237771379209795,-0.97132114731878,0.));
#12763=DIRECTION('',(0.699624845831612,-0.714510374378912,0.));
#12764=DIRECTION('',(0.890605275886777,-0.454777135048188,0.));
#12765=DIRECTION('',(0.968917724761819,-0.247383189894505,0.));
#12766=DIRECTION('',(1.,0.,0.));
#12767=DIRECTION('',(0.968917724761795,-0.247383189894599,0.));
#12768=DIRECTION('',(0.826599278799634,-0.562790931241723,0.));
#12769=DIRECTION('',(0.546622002128502,-0.837379475977903,0.));
#12770=DIRECTION('',(0.,-1.,0.));
#12771=DIRECTION('',(-0.546622181089484,-0.837379359156276,0.));
#12772=DIRECTION('',(-0.8265991871191,-0.5627910658975,0.));
#12773=DIRECTION('',(-0.968917724761795,-0.247383189894599,0.));
#12774=DIRECTION('',(-1.,0.,0.));
#12775=DIRECTION('',(-0.968917714158776,0.247383231423094,0.));
#12776=DIRECTION('',(-0.699624751803604,0.714510466448005,0.));
#12777=DIRECTION('',(-0.310279998114193,0.950645213931179,0.));
#12778=DIRECTION('',(-1.,0.,0.));
#12779=DIRECTION('',(0.237771359153287,-0.971321152228447,0.));
#12780=DIRECTION('',(0.506549025624294,-0.862211160122089,0.));
#12781=DIRECTION('',(0.852653396684186,-0.522476970901991,0.));
#12782=DIRECTION('',(0.979770702100943,-0.200123390198709,0.));
#12783=DIRECTION('',(1.,0.,0.));
#12784=DIRECTION('',(0.979770702100943,0.200123390198709,0.));
#12785=DIRECTION('',(0.890605218761708,0.454777246918104,0.));
#12786=DIRECTION('',(0.699624974232905,0.714510248652605,0.));
#12787=DIRECTION('',(0.439713095456995,0.898138293184089,0.));
#12788=DIRECTION('',(0.,1.,0.));
#12789=DIRECTION('',(-0.439713033353818,0.898138323588735,0.));
#12790=DIRECTION('',(-0.699625005501663,0.714510218035262,0.));
#12791=DIRECTION('',(-0.890605242949786,0.454777199549793,0.));
#12792=DIRECTION('',(-0.979770705536111,0.200123373380702,0.));
#12793=DIRECTION('',(-1.,0.,0.));
#12794=DIRECTION('',(-0.946649917769977,0.322263763377292,0.));
#12795=DIRECTION('center_axis',(0.,0.,1.));
#12796=DIRECTION('ref_axis',(1.,0.,0.));
#12797=DIRECTION('',(1.,0.,0.));
#12798=DIRECTION('',(0.201895272706698,0.979407115993491,0.));
#12799=DIRECTION('',(0.201895272706698,-0.979407115993491,0.));
#12800=DIRECTION('',(1.,0.,0.));
#12801=DIRECTION('',(0.164398949168903,0.986393930188219,0.));
#12802=DIRECTION('',(-1.,0.,0.));
#12803=DIRECTION('',(-0.161063778195798,-0.986944000110085,0.));
#12804=DIRECTION('',(-0.212617402687294,0.977135527997273,0.));
#12805=DIRECTION('',(-1.,0.,0.));
#12806=DIRECTION('',(-0.212617402687294,-0.977135527997273,0.));
#12807=DIRECTION('',(-0.161063778195798,0.986944000110085,0.));
#12808=DIRECTION('',(-1.,0.,0.));
#12809=DIRECTION('',(0.164398949168903,-0.986393930188219,0.));
#12810=DIRECTION('center_axis',(0.,0.,1.));
#12811=DIRECTION('ref_axis',(1.,0.,0.));
#12812=DIRECTION('',(1.,0.,0.));
#12813=DIRECTION('',(0.,1.,0.));
#12814=DIRECTION('',(-1.,0.,0.));
#12815=DIRECTION('',(0.,-1.,0.));
#12816=DIRECTION('center_axis',(0.,0.,1.));
#12817=DIRECTION('ref_axis',(1.,0.,0.));
#12818=DIRECTION('',(1.,0.,0.));
#12819=DIRECTION('',(0.,1.,0.));
#12820=DIRECTION('',(-1.,0.,0.));
#12821=DIRECTION('',(0.,-1.,0.));
#12822=DIRECTION('',(1.,0.,0.));
#12823=DIRECTION('',(0.,-1.,0.));
#12824=DIRECTION('',(1.,0.,0.));
#12825=DIRECTION('',(0.,1.,0.));
#12826=DIRECTION('center_axis',(0.,0.,1.));
#12827=DIRECTION('ref_axis',(1.,0.,0.));
#12828=DIRECTION('',(0.237770496720602,0.971321363344407,0.));
#12829=DIRECTION('',(0.546622919779308,0.837378876955912,0.));
#12830=DIRECTION('',(0.826599278799634,0.562790931241723,0.));
#12831=DIRECTION('',(0.968917661143723,0.247383439065306,0.));
#12832=DIRECTION('',(1.,0.,0.));
#12833=DIRECTION('',(0.968917661143723,-0.247383439065306,0.));
#12834=DIRECTION('',(0.826600277528466,-0.562789464355777,0.));
#12835=DIRECTION('',(0.310275524425091,-0.950646674081772,0.));
#12836=DIRECTION('',(1.,0.,0.));
#12837=DIRECTION('',(-0.192179925545306,0.981359707863228,0.));
#12838=DIRECTION('',(-0.699625516445213,0.714509717735713,0.));
#12839=DIRECTION('',(-0.890605111201675,0.454777457556387,0.));
#12840=DIRECTION('',(-0.979770739215345,0.200123208492709,0.));
#12841=DIRECTION('',(-1.,0.,0.));
#12842=DIRECTION('',(-0.979770739215345,-0.200123208492709,0.));
#12843=DIRECTION('',(-0.890605111201675,-0.454777457556387,0.));
#12844=DIRECTION('',(-0.699624494557094,-0.714510718335093,0.));
#12845=DIRECTION('',(-0.439714172352712,-0.898137765953625,0.));
#12846=DIRECTION('',(-0.192182043672993,-0.981359293067362,0.));
#12847=DIRECTION('',(0.,-1.,0.));
#12848=DIRECTION('',(0.1921821473726,-0.981359272759603,0.));
#12849=DIRECTION('',(0.439714110249412,-0.898137796358425,0.));
#12850=DIRECTION('',(0.699624463288314,-0.714510748952414,0.));
#12851=DIRECTION('',(0.890605087013522,-0.454777504924811,0.));
#12852=DIRECTION('',(0.979770735780184,-0.200123225310697,0.));
#12853=DIRECTION('',(1.,0.,0.));
#12854=DIRECTION('',(0.979770735780184,0.200123225310697,0.));
#12855=DIRECTION('',(0.890605087013522,0.454777504924811,0.));
#12856=DIRECTION('',(0.699625485176478,0.714509748353077,0.));
#12857=DIRECTION('',(0.192180003319093,0.981359692632764,0.));
#12858=DIRECTION('',(-1.,0.,0.));
#12859=DIRECTION('',(-0.310275786268989,-0.950646588620167,0.));
#12860=DIRECTION('',(-0.826600185848313,-0.562789599011509,0.));
#12861=DIRECTION('',(-0.968917661143723,-0.247383439065306,0.));
#12862=DIRECTION('',(-1.,0.,0.));
#12863=DIRECTION('',(-0.968917661143723,0.247383439065306,0.));
#12864=DIRECTION('',(-0.8265991871191,0.5627910658975,0.));
#12865=DIRECTION('',(-0.546623277701382,0.837378643311972,0.));
#12866=DIRECTION('',(-0.237770496720602,0.971321363344407,0.));
#12867=DIRECTION('',(0.,1.,0.));
#12868=DIRECTION('center_axis',(0.,0.,1.));
#12869=DIRECTION('ref_axis',(1.,0.,0.));
#12870=DIRECTION('',(1.,0.,0.));
#12871=DIRECTION('',(0.,1.,0.));
#12872=DIRECTION('',(1.,0.,0.));
#12873=DIRECTION('',(0.,-1.,0.));
#12874=DIRECTION('',(1.,0.,0.));
#12875=DIRECTION('',(0.,1.,0.));
#12876=DIRECTION('',(-1.,0.,0.));
#12877=DIRECTION('',(0.,-1.,0.));
#12878=DIRECTION('',(-1.,0.,0.));
#12879=DIRECTION('',(0.,1.,0.));
#12880=DIRECTION('',(-1.,0.,0.));
#12881=DIRECTION('',(0.,-1.,0.));
#12882=DIRECTION('center_axis',(0.,0.,1.));
#12883=DIRECTION('ref_axis',(1.,0.,0.));
#12884=DIRECTION('',(0.237767929475994,0.971321991778575,0.));
#12885=DIRECTION('',(0.546625112994506,0.837377445268108,0.));
#12886=DIRECTION('',(0.826599278799634,0.562790931241723,0.));
#12887=DIRECTION('',(0.968917491494592,0.247384103522898,0.));
#12888=DIRECTION('',(1.,0.,0.));
#12889=DIRECTION('',(0.96891783079148,-0.247382774611195,0.));
#12890=DIRECTION('',(0.826599278799634,-0.562790931241723,0.));
#12891=DIRECTION('',(0.310281942463393,-0.950644579315079,0.));
#12892=DIRECTION('',(1.,0.,0.));
#12893=DIRECTION('',(-0.192184161798091,0.981358878267255,0.));
#12894=DIRECTION('',(-0.699625516445213,0.714509717735713,0.));
#12895=DIRECTION('',(-0.890604584206934,0.454778489585418,0.));
#12896=DIRECTION('',(-0.979770829026228,0.200122768792706,0.));
#12897=DIRECTION('',(-1.,0.,0.));
#12898=DIRECTION('',(-0.979770649403873,-0.200123648194594,0.));
#12899=DIRECTION('',(-0.890605638192795,-0.454776425531497,0.));
#12900=DIRECTION('',(-0.699623472664698,-0.714511718935798,0.));
#12901=DIRECTION('',(-0.439716201932713,-0.898136772300227,0.));
#12902=DIRECTION('',(-0.192179925545209,-0.981359707863247,0.));
#12903=DIRECTION('',(0.,-1.,0.));
#12904=DIRECTION('',(0.192180029243804,-0.981359687555919,0.));
#12905=DIRECTION('',(0.439716139829202,-0.898136802705304,0.));
#12906=DIRECTION('',(0.699623441395874,-0.714511749553074,0.));
#12907=DIRECTION('',(0.890605614004778,-0.454776472899789,0.));
#12908=DIRECTION('',(0.979770645968701,-0.2001236650126,0.));
#12909=DIRECTION('',(1.,0.,0.));
#12910=DIRECTION('',(0.979770825591075,0.200122785610695,0.));
#12911=DIRECTION('',(0.890604560018726,0.454778536953813,0.));
#12912=DIRECTION('',(0.699625485176478,0.714509748353077,0.));
#12913=DIRECTION('',(0.192184239573505,0.981358863036124,0.));
#12914=DIRECTION('',(-1.,0.,0.));
#12915=DIRECTION('',(-0.310282204311603,-0.95064449385011,0.));
#12916=DIRECTION('',(-0.8265991871191,-0.5627910658975,0.));
#12917=DIRECTION('',(-0.96891783079148,-0.247382774611195,0.));
#12918=DIRECTION('',(-1.,0.,0.));
#12919=DIRECTION('',(-0.968917491494592,0.247384103522898,0.));
#12920=DIRECTION('',(-0.8265991871191,0.5627910658975,0.));
#12921=DIRECTION('',(-0.546625470916724,0.837377211622737,0.));
#12922=DIRECTION('',(-0.237767929475994,0.971321991778575,0.));
#12923=DIRECTION('',(0.,1.,0.));
#12924=DIRECTION('center_axis',(0.,0.,1.));
#12925=DIRECTION('ref_axis',(1.,0.,0.));
#12926=DIRECTION('',(-0.192179925545306,0.981359707863228,0.));
#12927=DIRECTION('',(-0.439716201932674,0.898136772300246,0.));
#12928=DIRECTION('',(-0.699623472664698,0.714511718935798,0.));
#12929=DIRECTION('',(-0.979770649403873,0.200123648194594,0.));
#12930=DIRECTION('',(-1.,0.,0.));
#12931=DIRECTION('',(-0.979770829026228,-0.200122768792706,0.));
#12932=DIRECTION('',(-0.890604584206934,-0.454778489585418,0.));
#12933=DIRECTION('',(-0.699625516445213,-0.714509717735713,0.));
#12934=DIRECTION('',(-0.43971214276601,-0.898138759604619,0.));
#12935=DIRECTION('',(-0.192184161798091,-0.981358878267255,0.));
#12936=DIRECTION('',(0.,-1.,0.));
#12937=DIRECTION('',(0.192184265498694,-0.981358857959069,0.));
#12938=DIRECTION('',(0.439712080662881,-0.898138790009161,0.));
#12939=DIRECTION('',(0.699625485176478,-0.714509748353077,0.));
#12940=DIRECTION('',(0.890604560018726,-0.454778536953813,0.));
#12941=DIRECTION('',(0.979770825591075,-0.200122785610695,0.));
#12942=DIRECTION('',(1.,0.,0.));
#12943=DIRECTION('',(0.979770645968701,0.2001236650126,0.));
#12944=DIRECTION('',(0.890605614004778,0.454776472899789,0.));
#12945=DIRECTION('',(0.699623441395874,0.714511749553074,0.));
#12946=DIRECTION('',(0.439716139829202,0.898136802705304,0.));
#12947=DIRECTION('',(0.192180029243804,0.981359687555919,0.));
#12948=DIRECTION('',(0.,1.,0.));
#12949=DIRECTION('',(-0.96891783079148,-0.247382774611195,0.));
#12950=DIRECTION('',(-1.,0.,0.));
#12951=DIRECTION('',(-0.96891783079148,0.247382774611195,0.));
#12952=DIRECTION('',(-0.8265991871191,0.5627910658975,0.));
#12953=DIRECTION('',(-0.546621084474778,0.837380075000366,0.));
#12954=DIRECTION('',(-0.237773063960311,0.971320734904247,0.));
#12955=DIRECTION('',(0.,1.,0.));
#12956=DIRECTION('',(0.237773063960311,0.971320734904247,0.));
#12957=DIRECTION('',(0.546620726552919,0.837380308642829,0.));
#12958=DIRECTION('',(0.826599278799634,0.562790931241723,0.));
#12959=DIRECTION('',(0.96891783079148,0.247382774611195,0.));
#12960=DIRECTION('',(1.,0.,0.));
#12961=DIRECTION('',(0.96891783079148,-0.247382774611195,0.));
#12962=DIRECTION('',(0.826599278799634,-0.562790931241723,0.));
#12963=DIRECTION('',(0.546620726552919,-0.837380308642829,0.));
#12964=DIRECTION('',(0.237767929475994,-0.971321991778575,0.));
#12965=DIRECTION('',(0.,-1.,0.));
#12966=DIRECTION('',(-0.237767929475994,-0.971321991778575,0.));
#12967=DIRECTION('',(-0.546621084474778,-0.837380075000366,0.));
#12968=DIRECTION('',(-0.8265991871191,-0.5627910658975,0.));
#12969=DIRECTION('center_axis',(0.,0.,1.));
#12970=DIRECTION('ref_axis',(1.,0.,0.));
#12971=DIRECTION('',(1.,0.,0.));
#12972=DIRECTION('',(0.,1.,0.));
#12973=DIRECTION('',(0.512633683251806,-0.85860742297961,0.));
#12974=DIRECTION('',(1.,0.,0.));
#12975=DIRECTION('',(0.,1.,0.));
#12976=DIRECTION('',(-1.,0.,0.));
#12977=DIRECTION('',(0.,-1.,0.));
#12978=DIRECTION('',(-0.5219887572981,0.8529523651731,0.));
#12979=DIRECTION('',(-1.,0.,0.));
#12980=DIRECTION('',(0.,-1.,0.));
#12981=DIRECTION('center_axis',(0.,0.,1.));
#12982=DIRECTION('ref_axis',(1.,0.,0.));
#12983=DIRECTION('',(1.,0.,0.));
#12984=DIRECTION('',(0.,1.,0.));
#12985=DIRECTION('',(0.512633683251806,-0.85860742297961,0.));
#12986=DIRECTION('',(1.,0.,0.));
#12987=DIRECTION('',(0.,1.,0.));
#12988=DIRECTION('',(-1.,0.,0.));
#12989=DIRECTION('',(0.,-1.,0.));
#12990=DIRECTION('',(-0.5219887572981,0.8529523651731,0.));
#12991=DIRECTION('',(-1.,0.,0.));
#12992=DIRECTION('',(0.,-1.,0.));
#12993=DIRECTION('center_axis',(0.,0.,1.));
#12994=DIRECTION('ref_axis',(1.,0.,0.));
#12995=DIRECTION('',(1.,0.,0.));
#12996=DIRECTION('',(0.,1.,0.));
#12997=DIRECTION('',(-1.,0.,0.));
#12998=DIRECTION('',(0.,1.,0.));
#12999=DIRECTION('',(1.,0.,0.));
#13000=DIRECTION('',(0.,1.,0.));
#13001=DIRECTION('',(-1.,0.,0.));
#13002=DIRECTION('',(0.,-1.,0.));
#13003=DIRECTION('',(1.,0.,0.));
#13004=DIRECTION('',(0.,1.,0.));
#13005=DIRECTION('',(-1.,0.,0.));
#13006=DIRECTION('',(0.,1.,0.));
#13007=DIRECTION('center_axis',(0.,0.,1.));
#13008=DIRECTION('ref_axis',(1.,0.,0.));
#13009=DIRECTION('',(0.237767929475994,0.971321991778575,0.));
#13010=DIRECTION('',(0.546625112994506,0.837377445268108,0.));
#13011=DIRECTION('',(0.826599278799634,0.562790931241723,0.));
#13012=DIRECTION('',(0.968917491494592,0.247384103522898,0.));
#13013=DIRECTION('',(1.,0.,0.));
#13014=DIRECTION('',(0.968917491494592,-0.247384103522898,0.));
#13015=DIRECTION('',(0.826599278799634,-0.562790931241723,0.));
#13016=DIRECTION('',(0.310288360459294,-0.95064248451428,0.));
#13017=DIRECTION('',(1.,0.,0.));
#13018=DIRECTION('',(-0.192188398040197,0.981358048654385,0.));
#13019=DIRECTION('',(-0.699623472664698,0.714511718935798,0.));
#13020=DIRECTION('',(-0.890604584206934,0.454778489585418,0.));
#13021=DIRECTION('',(-0.979770829026228,0.200122768792706,0.));
#13022=DIRECTION('',(-1.,0.,0.));
#13023=DIRECTION('',(-0.979770829026228,-0.200122768792706,0.));
#13024=DIRECTION('',(-0.890604584206934,-0.454778489585418,0.));
#13025=DIRECTION('',(-0.699623472664698,-0.714511718935798,0.));
#13026=DIRECTION('',(-0.439716201932713,-0.898136772300227,0.));
#13027=DIRECTION('',(-0.192179925545209,-0.981359707863247,0.));
#13028=DIRECTION('',(0.,-1.,0.));
#13029=DIRECTION('',(0.192180029243707,-0.981359687555938,0.));
#13030=DIRECTION('',(0.439716139829283,-0.898136802705264,0.));
#13031=DIRECTION('',(0.699623441395874,-0.714511749553074,0.));
#13032=DIRECTION('',(0.890604560018726,-0.454778536953813,0.));
#13033=DIRECTION('',(0.979770825591075,-0.200122785610695,0.));
#13034=DIRECTION('',(1.,0.,0.));
#13035=DIRECTION('',(0.979770825591075,0.200122785610695,0.));
#13036=DIRECTION('',(0.890604560018726,0.454778536953813,0.));
#13037=DIRECTION('',(0.699623441395874,0.714511749553074,0.));
#13038=DIRECTION('',(0.192188475817199,0.981358033422594,0.));
#13039=DIRECTION('',(-1.,0.,0.));
#13040=DIRECTION('',(-0.310288622311696,-0.950642399045987,0.));
#13041=DIRECTION('',(-0.8265991871191,-0.5627910658975,0.));
#13042=DIRECTION('',(-0.968917491494592,-0.247384103522898,0.));
#13043=DIRECTION('',(-1.,0.,0.));
#13044=DIRECTION('',(-0.968917491494592,0.247384103522898,0.));
#13045=DIRECTION('',(-0.8265991871191,0.5627910658975,0.));
#13046=DIRECTION('',(-0.546625470916724,0.837377211622737,0.));
#13047=DIRECTION('',(-0.237767929475994,0.971321991778575,0.));
#13048=DIRECTION('',(0.,1.,0.));
#13049=DIRECTION('center_axis',(0.,0.,1.));
#13050=DIRECTION('ref_axis',(1.,0.,0.));
#13051=DIRECTION('',(1.,0.,0.));
#13052=DIRECTION('',(0.,1.,0.));
#13053=DIRECTION('',(1.,0.,0.));
#13054=DIRECTION('',(0.,1.,0.));
#13055=DIRECTION('',(-1.,0.,0.));
#13056=DIRECTION('',(0.,-1.,0.));
#13057=DIRECTION('',(1.,0.,0.));
#13058=DIRECTION('',(0.,-1.,0.));
#13059=DIRECTION('center_axis',(0.,0.,1.));
#13060=DIRECTION('ref_axis',(1.,0.,0.));
#13061=DIRECTION('',(0.192180029243707,-0.981359687555938,0.));
#13062=DIRECTION('',(0.439716139829283,-0.898136802705264,0.));
#13063=DIRECTION('',(0.699623441395874,-0.714511749553074,0.));
#13064=DIRECTION('',(0.890604560018726,-0.454778536953813,0.));
#13065=DIRECTION('',(0.979770825591075,-0.200122785610695,0.));
#13066=DIRECTION('',(1.,0.,0.));
#13067=DIRECTION('',(0.979770466343951,0.20012454442211,0.));
#13068=DIRECTION('',(0.890606667976507,0.454774408862003,0.));
#13069=DIRECTION('',(0.699623441395874,0.714511749553074,0.));
#13070=DIRECTION('',(0.439716139829202,0.898136802705304,0.));
#13071=DIRECTION('',(0.192180029243804,0.981359687555919,0.));
#13072=DIRECTION('',(0.,1.,0.));
#13073=DIRECTION('',(-0.192179925545306,0.981359707863228,0.));
#13074=DIRECTION('',(-0.439716201932674,0.898136772300246,0.));
#13075=DIRECTION('',(-0.699623472664698,0.714511718935798,0.));
#13076=DIRECTION('',(-0.890606692164331,0.454774361493816,0.));
#13077=DIRECTION('',(-0.979770469779162,0.200124527603992,0.));
#13078=DIRECTION('',(-1.,0.,0.));
#13079=DIRECTION('',(-0.979770829026228,-0.200122768792706,0.));
#13080=DIRECTION('',(-0.890604584206934,-0.454778489585418,0.));
#13081=DIRECTION('',(-0.699623472664698,-0.714511718935798,0.));
#13082=DIRECTION('',(-0.439716201932713,-0.898136772300227,0.));
#13083=DIRECTION('',(-0.192179925545209,-0.981359707863247,0.));
#13084=DIRECTION('',(0.,-1.,0.));
#13085=DIRECTION('',(0.546625112994506,0.837377445268108,0.));
#13086=DIRECTION('',(0.826599278799634,0.562790931241723,0.));
#13087=DIRECTION('',(0.968917491494592,0.247384103522898,0.));
#13088=DIRECTION('',(1.,0.,0.));
#13089=DIRECTION('',(0.968917491494592,-0.247384103522898,0.));
#13090=DIRECTION('',(0.826599278799634,-0.562790931241723,0.));
#13091=DIRECTION('',(0.546625112994506,-0.837377445268108,0.));
#13092=DIRECTION('',(0.237767929475994,-0.971321991778575,0.));
#13093=DIRECTION('',(0.,-1.,0.));
#13094=DIRECTION('',(-0.237767929475994,-0.971321991778575,0.));
#13095=DIRECTION('',(-0.546625470916724,-0.837377211622737,0.));
#13096=DIRECTION('',(-0.8265991871191,-0.5627910658975,0.));
#13097=DIRECTION('',(-0.968917491494592,-0.247384103522898,0.));
#13098=DIRECTION('',(-1.,0.,0.));
#13099=DIRECTION('',(-0.968917491494592,0.247384103522898,0.));
#13100=DIRECTION('',(-0.8265991871191,0.5627910658975,0.));
#13101=DIRECTION('',(-0.546625470916724,0.837377211622737,0.));
#13102=DIRECTION('',(-0.237767929475994,0.971321991778575,0.));
#13103=DIRECTION('',(0.,1.,0.));
#13104=DIRECTION('',(0.237767929475994,0.971321991778575,0.));
#13105=DIRECTION('center_axis',(0.,0.,1.));
#13106=DIRECTION('ref_axis',(1.,0.,0.));
#13107=DIRECTION('',(0.349493677161788,-0.936938722448769,0.));
#13108=DIRECTION('',(1.,0.,0.));
#13109=DIRECTION('',(-0.357788512600894,0.933802645236583,0.));
#13110=DIRECTION('',(0.890606692164352,0.454774361493775,0.));
#13111=DIRECTION('',(0.591909548749597,0.806004395831095,0.));
#13112=DIRECTION('',(0.310275786268989,0.950646588620167,0.));
#13113=DIRECTION('',(0.,1.,0.));
#13114=DIRECTION('',(-0.310275786268989,0.950646588620167,0.));
#13115=DIRECTION('',(-0.591909548749597,0.806004395831095,0.));
#13116=DIRECTION('',(-0.793880420528941,0.608073908255232,0.));
#13117=DIRECTION('',(-0.979770469779162,0.200124527603992,0.));
#13118=DIRECTION('',(-1.,0.,0.));
#13119=DIRECTION('',(0.,-1.,0.));
#13120=DIRECTION('',(1.,0.,0.));
#13121=DIRECTION('',(0.,1.,0.));
#13122=DIRECTION('',(1.,0.,0.));
#13123=DIRECTION('',(0.,1.,0.));
#13124=DIRECTION('',(1.,0.,0.));
#13125=DIRECTION('',(0.946649917770008,-0.322263763377203,0.));
#13126=DIRECTION('',(0.699627560208524,-0.714507716541024,0.));
#13127=DIRECTION('',(0.310275786268989,-0.950646588620167,0.));
#13128=DIRECTION('',(0.,-1.,0.));
#13129=DIRECTION('',(-0.310275786268989,-0.950646588620167,0.));
#13130=DIRECTION('',(-0.699627560208524,-0.714507716541024,0.));
#13131=DIRECTION('',(-0.946649917770008,-0.322263763377203,0.));
#13132=DIRECTION('',(-1.,0.,0.));
#13133=DIRECTION('center_axis',(0.,-1.,0.));
#13134=DIRECTION('ref_axis',(0.,0.,-1.));
#13135=DIRECTION('',(0.,0.,-1.));
#13136=DIRECTION('',(0.,0.,-1.));
#13137=DIRECTION('center_axis',(-1.,0.,0.));
#13138=DIRECTION('ref_axis',(0.,0.,1.));
#13139=DIRECTION('',(0.,0.,-1.));
#13140=DIRECTION('center_axis',(0.,1.,0.));
#13141=DIRECTION('ref_axis',(1.,0.,0.));
#13142=DIRECTION('',(0.,0.,-1.));
#13143=DIRECTION('center_axis',(1.,0.,0.));
#13144=DIRECTION('ref_axis',(0.,1.,0.));
#13145=DIRECTION('center_axis',(0.322263763377292,0.946649917769977,0.));
#13146=DIRECTION('ref_axis',(0.,0.,-1.));
#13147=DIRECTION('',(0.,0.,-1.));
#13148=DIRECTION('',(0.,0.,-1.));
#13149=DIRECTION('center_axis',(0.,1.,0.));
#13150=DIRECTION('ref_axis',(1.,0.,0.));
#13151=DIRECTION('',(0.,0.,-1.));
#13152=DIRECTION('center_axis',(0.200123373380702,0.979770705536111,0.));
#13153=DIRECTION('ref_axis',(0.,0.,-1.));
#13154=DIRECTION('',(0.,0.,-1.));
#13155=DIRECTION('center_axis',(0.454777199549714,0.890605242949827,0.));
#13156=DIRECTION('ref_axis',(0.,0.,-1.));
#13157=DIRECTION('',(0.,0.,-1.));
#13158=DIRECTION('center_axis',(0.714510218035262,0.699625005501663,0.));
#13159=DIRECTION('ref_axis',(0.,0.,-1.));
#13160=DIRECTION('',(0.,0.,-1.));
#13161=DIRECTION('center_axis',(0.898138323588736,0.439713033353818,0.));
#13162=DIRECTION('ref_axis',(0.,0.,-1.));
#13163=DIRECTION('',(0.,0.,-1.));
#13164=DIRECTION('center_axis',(1.,0.,0.));
#13165=DIRECTION('ref_axis',(0.,1.,0.));
#13166=DIRECTION('',(0.,1.7763568394E-14,-1.));
#13167=DIRECTION('center_axis',(0.898138293184089,-0.439713095456995,0.));
#13168=DIRECTION('ref_axis',(0.,0.,-1.));
#13169=DIRECTION('',(0.,0.,-1.));
#13170=DIRECTION('center_axis',(0.714510248652605,-0.699624974232905,0.));
#13171=DIRECTION('ref_axis',(0.,0.,-1.));
#13172=DIRECTION('',(0.,0.,-1.));
#13173=DIRECTION('center_axis',(0.454777246918104,-0.890605218761708,0.));
#13174=DIRECTION('ref_axis',(0.,0.,-1.));
#13175=DIRECTION('',(1.33226762955E-14,0.,-1.));
#13176=DIRECTION('center_axis',(0.200123390198805,-0.979770702100924,0.));
#13177=DIRECTION('ref_axis',(0.,0.,-1.));
#13178=DIRECTION('',(0.,0.,-1.));
#13179=DIRECTION('center_axis',(0.,-1.,0.));
#13180=DIRECTION('ref_axis',(0.,0.,-1.));
#13181=DIRECTION('',(0.,0.,-1.));
#13182=DIRECTION('center_axis',(-0.200123390198805,-0.979770702100924,0.));
#13183=DIRECTION('ref_axis',(-0.979770702100924,0.200123390198805,0.));
#13184=DIRECTION('',(0.,0.,-1.));
#13185=DIRECTION('center_axis',(-0.522476970901991,-0.852653396684186,0.));
#13186=DIRECTION('ref_axis',(-0.852653396684186,0.522476970901991,0.));
#13187=DIRECTION('',(0.,0.,-1.));
#13188=DIRECTION('center_axis',(-0.862211160122133,-0.506549025624219,0.));
#13189=DIRECTION('ref_axis',(-0.506549025624219,0.862211160122133,0.));
#13190=DIRECTION('',(0.,0.,-1.));
#13191=DIRECTION('center_axis',(-0.971321152228442,-0.23777135915331,0.));
#13192=DIRECTION('ref_axis',(-0.23777135915331,0.971321152228442,0.));
#13193=DIRECTION('',(0.,0.,-1.));
#13194=DIRECTION('center_axis',(0.,1.,0.));
#13195=DIRECTION('ref_axis',(1.,0.,0.));
#13196=DIRECTION('',(0.,0.,-1.));
#13197=DIRECTION('center_axis',(0.950645213931179,0.310279998114193,0.));
#13198=DIRECTION('ref_axis',(0.,0.,-1.));
#13199=DIRECTION('',(0.,0.,-1.));
#13200=DIRECTION('center_axis',(0.714510466448005,0.699624751803604,0.));
#13201=DIRECTION('ref_axis',(0.,0.,-1.));
#13202=DIRECTION('',(0.,1.7763568394E-14,-1.));
#13203=DIRECTION('center_axis',(0.247383231423094,0.968917714158776,0.));
#13204=DIRECTION('ref_axis',(0.,0.,-1.));
#13205=DIRECTION('',(0.,0.,-1.));
#13206=DIRECTION('center_axis',(0.,1.,0.));
#13207=DIRECTION('ref_axis',(1.,0.,0.));
#13208=DIRECTION('',(0.,0.,-1.));
#13209=DIRECTION('center_axis',(-0.247383189894599,0.968917724761795,0.));
#13210=DIRECTION('ref_axis',(0.,0.,1.));
#13211=DIRECTION('',(0.,0.,-1.));
#13212=DIRECTION('center_axis',(-0.5627910658975,0.8265991871191,0.));
#13213=DIRECTION('ref_axis',(0.,0.,1.));
#13214=DIRECTION('',(0.,0.,-1.));
#13215=DIRECTION('center_axis',(-0.837379359156276,0.546622181089484,0.));
#13216=DIRECTION('ref_axis',(0.,0.,1.));
#13217=DIRECTION('',(0.,0.,-1.));
#13218=DIRECTION('center_axis',(-1.,0.,0.));
#13219=DIRECTION('ref_axis',(0.,0.,1.));
#13220=DIRECTION('',(0.,0.,-1.));
#13221=DIRECTION('center_axis',(-0.837379475977903,-0.546622002128502,0.));
#13222=DIRECTION('ref_axis',(-0.546622002128502,0.837379475977903,0.));
#13223=DIRECTION('',(-1.33226762955E-14,0.,-1.));
#13224=DIRECTION('center_axis',(-0.562790931241791,-0.826599278799587,0.));
#13225=DIRECTION('ref_axis',(-0.826599278799587,0.562790931241791,0.));
#13226=DIRECTION('',(0.,0.,-1.));
#13227=DIRECTION('center_axis',(-0.247383189894599,-0.968917724761795,0.));
#13228=DIRECTION('ref_axis',(-0.968917724761795,0.247383189894599,0.));
#13229=DIRECTION('',(0.,0.,-1.));
#13230=DIRECTION('center_axis',(0.,-1.,0.));
#13231=DIRECTION('ref_axis',(0.,0.,-1.));
#13232=DIRECTION('',(0.,0.,-1.));
#13233=DIRECTION('center_axis',(-0.247383189894599,-0.968917724761795,0.));
#13234=DIRECTION('ref_axis',(-0.968917724761795,0.247383189894599,0.));
#13235=DIRECTION('',(1.7763568394E-14,0.,-1.));
#13236=DIRECTION('center_axis',(-0.454777135048188,-0.890605275886777,0.));
#13237=DIRECTION('ref_axis',(-0.890605275886777,0.454777135048188,0.));
#13238=DIRECTION('',(0.,0.,-1.));
#13239=DIRECTION('center_axis',(-0.714510374378912,-0.699624845831612,0.));
#13240=DIRECTION('ref_axis',(-0.699624845831612,0.714510374378912,0.));
#13241=DIRECTION('',(0.,0.,-1.));
#13242=DIRECTION('center_axis',(-0.971321147318757,-0.23777137920989,0.));
#13243=DIRECTION('ref_axis',(-0.23777137920989,0.971321147318757,0.));
#13244=DIRECTION('',(0.,0.,-1.));
#13245=DIRECTION('center_axis',(-1.,0.,0.));
#13246=DIRECTION('ref_axis',(0.,0.,1.));
#13247=DIRECTION('',(0.,0.,-1.));
#13248=DIRECTION('center_axis',(-0.971321147318757,0.23777137920989,0.));
#13249=DIRECTION('ref_axis',(0.,0.,1.));
#13250=DIRECTION('',(0.,-3.552713678801E-14,-1.));
#13251=DIRECTION('center_axis',(-0.714510374378912,0.699624845831612,0.));
#13252=DIRECTION('ref_axis',(0.,0.,1.));
#13253=DIRECTION('',(0.,-1.7763568394E-14,-1.));
#13254=DIRECTION('center_axis',(-0.454777135048188,0.890605275886777,0.));
#13255=DIRECTION('ref_axis',(0.,0.,1.));
#13256=DIRECTION('',(1.7763568394E-14,1.7763568394E-14,-1.));
#13257=DIRECTION('center_axis',(-0.247383189894599,0.968917724761795,0.));
#13258=DIRECTION('ref_axis',(0.,0.,1.));
#13259=DIRECTION('',(0.,0.,-1.));
#13260=DIRECTION('center_axis',(0.,1.,0.));
#13261=DIRECTION('ref_axis',(1.,0.,0.));
#13262=DIRECTION('',(0.,0.,-1.));
#13263=DIRECTION('center_axis',(0.200123318418006,0.979770716762532,0.));
#13264=DIRECTION('ref_axis',(0.,0.,-1.));
#13265=DIRECTION('',(0.,0.,-1.));
#13266=DIRECTION('center_axis',(0.608076923473769,0.793878111008659,0.));
#13267=DIRECTION('ref_axis',(0.,0.,-1.));
#13268=DIRECTION('',(1.7763568394E-14,0.,-1.));
#13269=DIRECTION('center_axis',(0.806004395831095,0.591909548749597,0.));
#13270=DIRECTION('ref_axis',(0.,0.,-1.));
#13271=DIRECTION('',(0.,1.7763568394E-14,-1.));
#13272=DIRECTION('center_axis',(0.950645279392878,0.310279797550593,0.));
#13273=DIRECTION('ref_axis',(0.,0.,-1.));
#13274=DIRECTION('',(0.,0.,-1.));
#13275=DIRECTION('center_axis',(0.,-1.,0.));
#13276=DIRECTION('ref_axis',(0.,0.,-1.));
#13277=DIRECTION('',(0.,0.,-1.));
#13278=DIRECTION('center_axis',(-0.898138262779458,-0.439713157560128,0.));
#13279=DIRECTION('ref_axis',(-0.439713157560128,0.898138262779458,0.));
#13280=DIRECTION('',(0.,0.,-1.));
#13281=DIRECTION('center_axis',(-0.714510218035213,-0.699625005501713,0.));
#13282=DIRECTION('ref_axis',(-0.699625005501713,0.714510218035213,0.));
#13283=DIRECTION('',(0.,0.,-1.));
#13284=DIRECTION('center_axis',(-0.322263901085615,-0.946649870890543,0.));
#13285=DIRECTION('ref_axis',(-0.946649870890543,0.322263901085615,0.));
#13286=DIRECTION('',(0.,0.,-1.));
#13287=DIRECTION('center_axis',(0.,-1.,0.));
#13288=DIRECTION('ref_axis',(0.,0.,-1.));
#13289=DIRECTION('',(0.,0.,-1.));
#13290=DIRECTION('center_axis',(0.322263763377203,-0.946649917770008,0.));
#13291=DIRECTION('ref_axis',(0.,0.,-1.));
#13292=DIRECTION('',(0.,0.,-1.));
#13293=DIRECTION('center_axis',(0.5627908395612,-0.8265993412204,0.));
#13294=DIRECTION('ref_axis',(0.,0.,-1.));
#13295=DIRECTION('',(0.,-3.552713678801E-14,-1.));
#13296=DIRECTION('center_axis',(0.950645299394982,-0.310279736267494,0.));
#13297=DIRECTION('ref_axis',(0.,0.,-1.));
#13298=DIRECTION('',(0.,0.,-1.));
#13299=DIRECTION('center_axis',(1.,0.,0.));
#13300=DIRECTION('ref_axis',(0.,1.,0.));
#13301=DIRECTION('',(0.,0.,-1.));
#13302=DIRECTION('center_axis',(0.950645213931179,0.310279998114193,0.));
#13303=DIRECTION('ref_axis',(0.,0.,-1.));
#13304=DIRECTION('',(0.,0.,-1.));
#13305=DIRECTION('center_axis',(0.5627908395612,0.8265993412204,0.));
#13306=DIRECTION('ref_axis',(0.,0.,-1.));
#13307=DIRECTION('center_axis',(-0.986393930188219,-0.164398949168903,0.));
#13308=DIRECTION('ref_axis',(-0.164398949168903,0.986393930188219,0.));
#13309=DIRECTION('',(0.,0.,-1.));
#13310=DIRECTION('',(0.,0.,-1.));
#13311=DIRECTION('center_axis',(0.,1.,0.));
#13312=DIRECTION('ref_axis',(1.,0.,0.));
#13313=DIRECTION('',(0.,0.,-1.));
#13314=DIRECTION('center_axis',(0.986944000110085,0.161063778195798,0.));
#13315=DIRECTION('ref_axis',(0.,0.,-1.));
#13316=DIRECTION('',(0.,1.7763568394E-14,-1.));
#13317=DIRECTION('center_axis',(-0.977135527997273,0.212617402687294,0.));
#13318=DIRECTION('ref_axis',(0.,0.,1.));
#13319=DIRECTION('',(0.,0.,-1.));
#13320=DIRECTION('center_axis',(0.,1.,0.));
#13321=DIRECTION('ref_axis',(1.,0.,0.));
#13322=DIRECTION('',(0.,0.,-1.));
#13323=DIRECTION('center_axis',(0.977135527997273,0.212617402687294,0.));
#13324=DIRECTION('ref_axis',(0.,0.,-1.));
#13325=DIRECTION('',(0.,0.,-1.));
#13326=DIRECTION('center_axis',(-0.986944000110085,0.161063778195798,0.));
#13327=DIRECTION('ref_axis',(0.,0.,1.));
#13328=DIRECTION('',(0.,0.,-1.));
#13329=DIRECTION('center_axis',(0.,1.,0.));
#13330=DIRECTION('ref_axis',(1.,0.,0.));
#13331=DIRECTION('',(0.,0.,-1.));
#13332=DIRECTION('center_axis',(0.986393930188219,-0.164398949168903,0.));
#13333=DIRECTION('ref_axis',(0.,0.,-1.));
#13334=DIRECTION('',(0.,0.,-1.));
#13335=DIRECTION('center_axis',(0.,-1.,0.));
#13336=DIRECTION('ref_axis',(0.,0.,-1.));
#13337=DIRECTION('',(0.,0.,-1.));
#13338=DIRECTION('center_axis',(-0.979407115993491,-0.201895272706698,0.));
#13339=DIRECTION('ref_axis',(-0.201895272706698,0.979407115993491,0.));
#13340=DIRECTION('',(0.,0.,-1.));
#13341=DIRECTION('center_axis',(0.979407115993491,-0.201895272706698,0.));
#13342=DIRECTION('ref_axis',(0.,0.,-1.));
#13343=DIRECTION('',(0.,0.,-1.));
#13344=DIRECTION('center_axis',(0.,-1.,0.));
#13345=DIRECTION('ref_axis',(0.,0.,-1.));
#13346=DIRECTION('center_axis',(-1.,0.,0.));
#13347=DIRECTION('ref_axis',(0.,0.,1.));
#13348=DIRECTION('',(0.,0.,-1.));
#13349=DIRECTION('',(0.,0.,-1.));
#13350=DIRECTION('center_axis',(0.,1.,0.));
#13351=DIRECTION('ref_axis',(1.,0.,0.));
#13352=DIRECTION('',(0.,0.,-1.));
#13353=DIRECTION('center_axis',(1.,0.,0.));
#13354=DIRECTION('ref_axis',(0.,1.,0.));
#13355=DIRECTION('',(0.,0.,-1.));
#13356=DIRECTION('center_axis',(0.,-1.,0.));
#13357=DIRECTION('ref_axis',(0.,0.,-1.));
#13358=DIRECTION('center_axis',(1.,0.,0.));
#13359=DIRECTION('ref_axis',(0.,1.,0.));
#13360=DIRECTION('',(0.,0.,-1.));
#13361=DIRECTION('',(0.,0.,-1.));
#13362=DIRECTION('center_axis',(0.,-1.,0.));
#13363=DIRECTION('ref_axis',(0.,0.,-1.));
#13364=DIRECTION('',(0.,0.,-1.));
#13365=DIRECTION('center_axis',(-1.,0.,0.));
#13366=DIRECTION('ref_axis',(0.,0.,1.));
#13367=DIRECTION('',(0.,0.,-1.));
#13368=DIRECTION('center_axis',(0.,-1.,0.));
#13369=DIRECTION('ref_axis',(0.,0.,-1.));
#13370=DIRECTION('',(0.,0.,-1.));
#13371=DIRECTION('center_axis',(-1.,0.,0.));
#13372=DIRECTION('ref_axis',(0.,0.,1.));
#13373=DIRECTION('',(0.,0.,-1.));
#13374=DIRECTION('center_axis',(0.,1.,0.));
#13375=DIRECTION('ref_axis',(1.,0.,0.));
#13376=DIRECTION('',(0.,0.,-1.));
#13377=DIRECTION('center_axis',(1.,0.,0.));
#13378=DIRECTION('ref_axis',(0.,1.,0.));
#13379=DIRECTION('',(0.,0.,-1.));
#13380=DIRECTION('center_axis',(0.,-1.,0.));
#13381=DIRECTION('ref_axis',(0.,0.,-1.));
#13382=DIRECTION('center_axis',(1.,0.,0.));
#13383=DIRECTION('ref_axis',(0.,1.,0.));
#13384=DIRECTION('',(0.,0.,-1.));
#13385=DIRECTION('',(0.,0.,-1.));
#13386=DIRECTION('center_axis',(0.971321363344384,0.237770496720696,0.));
#13387=DIRECTION('ref_axis',(0.,0.,-1.));
#13388=DIRECTION('',(0.,0.,-1.));
#13389=DIRECTION('center_axis',(0.837378643311972,0.546623277701382,0.));
#13390=DIRECTION('ref_axis',(0.,0.,-1.));
#13391=DIRECTION('',(0.,0.,-1.));
#13392=DIRECTION('center_axis',(0.5627910658975,0.8265991871191,0.));
#13393=DIRECTION('ref_axis',(0.,0.,-1.));
#13394=DIRECTION('',(-1.554312234475E-14,0.,-1.));
#13395=DIRECTION('center_axis',(0.247383439065306,0.968917661143723,0.));
#13396=DIRECTION('ref_axis',(0.,0.,-1.));
#13397=DIRECTION('',(0.,0.,-1.));
#13398=DIRECTION('center_axis',(0.,1.,0.));
#13399=DIRECTION('ref_axis',(1.,0.,0.));
#13400=DIRECTION('',(0.,0.,-1.));
#13401=DIRECTION('center_axis',(-0.247383439065306,0.968917661143723,0.));
#13402=DIRECTION('ref_axis',(0.,0.,1.));
#13403=DIRECTION('',(0.,0.,-1.));
#13404=DIRECTION('center_axis',(-0.562789599011577,0.826600185848266,0.));
#13405=DIRECTION('ref_axis',(0.,0.,1.));
#13406=DIRECTION('',(0.,0.,-1.));
#13407=DIRECTION('center_axis',(-0.950646588620167,0.310275786268989,0.));
#13408=DIRECTION('ref_axis',(0.,0.,1.));
#13409=DIRECTION('',(0.,0.,-1.));
#13410=DIRECTION('center_axis',(0.,1.,0.));
#13411=DIRECTION('ref_axis',(1.,0.,0.));
#13412=DIRECTION('',(0.,0.,-1.));
#13413=DIRECTION('center_axis',(0.981359692632764,-0.192180003319093,0.));
#13414=DIRECTION('ref_axis',(0.,0.,-1.));
#13415=DIRECTION('',(0.,3.552713678801E-14,-1.));
#13416=DIRECTION('center_axis',(0.714509748353077,-0.699625485176478,0.));
#13417=DIRECTION('ref_axis',(0.,0.,-1.));
#13418=DIRECTION('',(0.,0.,-1.));
#13419=DIRECTION('center_axis',(0.454777504924691,-0.890605087013583,0.));
#13420=DIRECTION('ref_axis',(0.,0.,-1.));
#13421=DIRECTION('',(1.33226762955E-14,0.,-1.));
#13422=DIRECTION('center_axis',(0.200123225310793,-0.979770735780165,0.));
#13423=DIRECTION('ref_axis',(0.,0.,-1.));
#13424=DIRECTION('',(0.,0.,-1.));
#13425=DIRECTION('center_axis',(0.,-1.,0.));
#13426=DIRECTION('ref_axis',(0.,0.,-1.));
#13427=DIRECTION('',(0.,0.,-1.));
#13428=DIRECTION('center_axis',(-0.200123225310793,-0.979770735780165,0.));
#13429=DIRECTION('ref_axis',(-0.979770735780165,0.200123225310793,0.));
#13430=DIRECTION('',(-1.110223024625E-14,0.,-1.));
#13431=DIRECTION('center_axis',(-0.454777504924691,-0.890605087013583,0.));
#13432=DIRECTION('ref_axis',(-0.890605087013583,0.454777504924691,0.));
#13433=DIRECTION('',(0.,0.,-1.));
#13434=DIRECTION('center_axis',(-0.714510748952414,-0.699624463288314,0.));
#13435=DIRECTION('ref_axis',(-0.699624463288314,0.714510748952414,0.));
#13436=DIRECTION('',(0.,0.,-1.));
#13437=DIRECTION('center_axis',(-0.898137796358425,-0.439714110249412,0.));
#13438=DIRECTION('ref_axis',(-0.439714110249412,0.898137796358425,0.));
#13439=DIRECTION('',(0.,0.,-1.));
#13440=DIRECTION('center_axis',(-0.981359272759603,-0.192182147372601,0.));
#13441=DIRECTION('ref_axis',(-0.192182147372601,0.981359272759602,0.));
#13442=DIRECTION('',(0.,0.,-1.));
#13443=DIRECTION('center_axis',(-1.,0.,0.));
#13444=DIRECTION('ref_axis',(0.,0.,1.));
#13445=DIRECTION('',(0.,-1.7763568394E-14,-1.));
#13446=DIRECTION('center_axis',(-0.981359293067362,0.192182043672993,0.));
#13447=DIRECTION('ref_axis',(0.,0.,1.));
#13448=DIRECTION('',(0.,0.,-1.));
#13449=DIRECTION('center_axis',(-0.898137765953625,0.439714172352712,0.));
#13450=DIRECTION('ref_axis',(0.,0.,1.));
#13451=DIRECTION('',(0.,0.,-1.));
#13452=DIRECTION('center_axis',(-0.714510718335093,0.699624494557094,0.));
#13453=DIRECTION('ref_axis',(0.,0.,1.));
#13454=DIRECTION('',(1.33226762955E-14,0.,-1.));
#13455=DIRECTION('center_axis',(-0.454777457556387,0.890605111201675,0.));
#13456=DIRECTION('ref_axis',(0.,0.,1.));
#13457=DIRECTION('',(-1.110223024625E-14,0.,-1.));
#13458=DIRECTION('center_axis',(-0.200123208492709,0.979770739215345,0.));
#13459=DIRECTION('ref_axis',(0.,0.,1.));
#13460=DIRECTION('',(0.,0.,-1.));
#13461=DIRECTION('center_axis',(0.,1.,0.));
#13462=DIRECTION('ref_axis',(1.,0.,0.));
#13463=DIRECTION('',(0.,0.,-1.));
#13464=DIRECTION('center_axis',(0.200123208492709,0.979770739215345,0.));
#13465=DIRECTION('ref_axis',(0.,0.,-1.));
#13466=DIRECTION('',(-1.110223024625E-14,1.7763568394E-14,-1.));
#13467=DIRECTION('center_axis',(0.454777457556387,0.890605111201675,0.));
#13468=DIRECTION('ref_axis',(0.,0.,-1.));
#13469=DIRECTION('',(0.,-1.7763568394E-14,-1.));
#13470=DIRECTION('center_axis',(0.714509717735713,0.699625516445213,0.));
#13471=DIRECTION('ref_axis',(0.,0.,-1.));
#13472=DIRECTION('',(0.,0.,-1.));
#13473=DIRECTION('center_axis',(0.981359707863228,0.192179925545306,0.));
#13474=DIRECTION('ref_axis',(0.,0.,-1.));
#13475=DIRECTION('',(0.,0.,-1.));
#13476=DIRECTION('center_axis',(0.,-1.,0.));
#13477=DIRECTION('ref_axis',(0.,0.,-1.));
#13478=DIRECTION('',(0.,0.,-1.));
#13479=DIRECTION('center_axis',(-0.950646674081772,-0.310275524425091,0.));
#13480=DIRECTION('ref_axis',(-0.310275524425091,0.950646674081772,0.));
#13481=DIRECTION('',(0.,0.,-1.));
#13482=DIRECTION('center_axis',(-0.562789464355777,-0.826600277528466,0.));
#13483=DIRECTION('ref_axis',(-0.826600277528466,0.562789464355777,0.));
#13484=DIRECTION('',(1.554312234475E-14,-1.7763568394E-14,-1.));
#13485=DIRECTION('center_axis',(-0.247383439065306,-0.968917661143723,0.));
#13486=DIRECTION('ref_axis',(-0.968917661143723,0.247383439065306,0.));
#13487=DIRECTION('',(0.,0.,-1.));
#13488=DIRECTION('center_axis',(0.,-1.,0.));
#13489=DIRECTION('ref_axis',(0.,0.,-1.));
#13490=DIRECTION('',(0.,0.,-1.));
#13491=DIRECTION('center_axis',(0.247383439065306,-0.968917661143723,0.));
#13492=DIRECTION('ref_axis',(0.,0.,-1.));
#13493=DIRECTION('',(0.,0.,-1.));
#13494=DIRECTION('center_axis',(0.562790931241723,-0.826599278799634,0.));
#13495=DIRECTION('ref_axis',(0.,0.,-1.));
#13496=DIRECTION('',(-1.7763568394E-14,-1.7763568394E-14,-1.));
#13497=DIRECTION('center_axis',(0.837378876955912,-0.546622919779308,0.));
#13498=DIRECTION('ref_axis',(0.,0.,-1.));
#13499=DIRECTION('',(0.,0.,-1.));
#13500=DIRECTION('center_axis',(0.971321363344384,-0.237770496720696,0.));
#13501=DIRECTION('ref_axis',(0.,0.,-1.));
#13502=DIRECTION('center_axis',(-1.,0.,0.));
#13503=DIRECTION('ref_axis',(0.,0.,1.));
#13504=DIRECTION('',(0.,0.,-1.));
#13505=DIRECTION('',(0.,0.,-1.));
#13506=DIRECTION('center_axis',(0.,1.,0.));
#13507=DIRECTION('ref_axis',(1.,0.,0.));
#13508=DIRECTION('',(0.,0.,-1.));
#13509=DIRECTION('center_axis',(1.,0.,0.));
#13510=DIRECTION('ref_axis',(0.,1.,0.));
#13511=DIRECTION('',(0.,0.,-1.));
#13512=DIRECTION('center_axis',(0.,1.,0.));
#13513=DIRECTION('ref_axis',(1.,0.,0.));
#13514=DIRECTION('',(0.,0.,-1.));
#13515=DIRECTION('center_axis',(-1.,0.,0.));
#13516=DIRECTION('ref_axis',(0.,0.,1.));
#13517=DIRECTION('',(0.,0.,-1.));
#13518=DIRECTION('center_axis',(0.,1.,0.));
#13519=DIRECTION('ref_axis',(1.,0.,0.));
#13520=DIRECTION('',(0.,0.,-1.));
#13521=DIRECTION('center_axis',(1.,0.,0.));
#13522=DIRECTION('ref_axis',(0.,1.,0.));
#13523=DIRECTION('',(0.,0.,-1.));
#13524=DIRECTION('center_axis',(0.,-1.,0.));
#13525=DIRECTION('ref_axis',(0.,0.,-1.));
#13526=DIRECTION('',(0.,0.,-1.));
#13527=DIRECTION('center_axis',(-1.,0.,0.));
#13528=DIRECTION('ref_axis',(0.,0.,1.));
#13529=DIRECTION('',(0.,0.,-1.));
#13530=DIRECTION('center_axis',(0.,-1.,0.));
#13531=DIRECTION('ref_axis',(0.,0.,-1.));
#13532=DIRECTION('',(0.,0.,-1.));
#13533=DIRECTION('center_axis',(1.,0.,0.));
#13534=DIRECTION('ref_axis',(0.,1.,0.));
#13535=DIRECTION('',(0.,0.,-1.));
#13536=DIRECTION('center_axis',(0.,-1.,0.));
#13537=DIRECTION('ref_axis',(0.,0.,-1.));
#13538=DIRECTION('center_axis',(1.,0.,0.));
#13539=DIRECTION('ref_axis',(0.,1.,0.));
#13540=DIRECTION('',(0.,0.,-1.));
#13541=DIRECTION('',(0.,0.,-1.));
#13542=DIRECTION('center_axis',(0.971321991778575,0.237767929475994,0.));
#13543=DIRECTION('ref_axis',(0.,0.,-1.));
#13544=DIRECTION('',(0.,0.,-1.));
#13545=DIRECTION('center_axis',(0.837377211622737,0.546625470916724,0.));
#13546=DIRECTION('ref_axis',(0.,0.,-1.));
#13547=DIRECTION('',(0.,-1.7763568394E-14,-1.));
#13548=DIRECTION('center_axis',(0.5627910658975,0.8265991871191,0.));
#13549=DIRECTION('ref_axis',(0.,0.,-1.));
#13550=DIRECTION('',(0.,0.,-1.));
#13551=DIRECTION('center_axis',(0.247384103522898,0.968917491494592,0.));
#13552=DIRECTION('ref_axis',(0.,0.,-1.));
#13553=DIRECTION('',(0.,0.,-1.));
#13554=DIRECTION('center_axis',(0.,1.,0.));
#13555=DIRECTION('ref_axis',(1.,0.,0.));
#13556=DIRECTION('',(0.,0.,-1.));
#13557=DIRECTION('center_axis',(-0.247382774611195,0.96891783079148,0.));
#13558=DIRECTION('ref_axis',(0.,0.,1.));
#13559=DIRECTION('',(-1.054711873394E-14,0.,-1.));
#13560=DIRECTION('center_axis',(-0.5627910658975,0.8265991871191,0.));
#13561=DIRECTION('ref_axis',(0.,0.,1.));
#13562=DIRECTION('',(0.,0.,-1.));
#13563=DIRECTION('center_axis',(-0.95064449385011,0.310282204311603,0.));
#13564=DIRECTION('ref_axis',(0.,0.,1.));
#13565=DIRECTION('',(0.,0.,-1.));
#13566=DIRECTION('center_axis',(0.,1.,0.));
#13567=DIRECTION('ref_axis',(1.,0.,0.));
#13568=DIRECTION('',(0.,0.,-1.));
#13569=DIRECTION('center_axis',(0.981358863036124,-0.192184239573505,0.));
#13570=DIRECTION('ref_axis',(0.,0.,-1.));
#13571=DIRECTION('',(0.,0.,-1.));
#13572=DIRECTION('center_axis',(0.714509748353077,-0.699625485176478,0.));
#13573=DIRECTION('ref_axis',(0.,0.,-1.));
#13574=DIRECTION('',(0.,0.,-1.));
#13575=DIRECTION('center_axis',(0.454778536953813,-0.890604560018726,0.));
#13576=DIRECTION('ref_axis',(0.,0.,-1.));
#13577=DIRECTION('',(0.,0.,-1.));
#13578=DIRECTION('center_axis',(0.200122785610791,-0.979770825591055,0.));
#13579=DIRECTION('ref_axis',(0.,0.,-1.));
#13580=DIRECTION('',(0.,0.,-1.));
#13581=DIRECTION('center_axis',(0.,-1.,0.));
#13582=DIRECTION('ref_axis',(0.,0.,-1.));
#13583=DIRECTION('',(0.,0.,-1.));
#13584=DIRECTION('center_axis',(-0.200123665012696,-0.979770645968681,0.));
#13585=DIRECTION('ref_axis',(-0.979770645968681,0.200123665012696,0.));
#13586=DIRECTION('',(-1.33226762955E-14,0.,-1.));
#13587=DIRECTION('center_axis',(-0.45477647289971,-0.890605614004818,0.));
#13588=DIRECTION('ref_axis',(-0.890605614004819,0.45477647289971,0.));
#13589=DIRECTION('',(0.,0.,-1.));
#13590=DIRECTION('center_axis',(-0.714511749553074,-0.699623441395874,0.));
#13591=DIRECTION('ref_axis',(-0.699623441395874,0.714511749553074,0.));
#13592=DIRECTION('',(0.,0.,-1.));
#13593=DIRECTION('center_axis',(-0.898136802705304,-0.439716139829202,0.));
#13594=DIRECTION('ref_axis',(-0.439716139829202,0.898136802705304,0.));
#13595=DIRECTION('',(0.,0.,-1.));
#13596=DIRECTION('center_axis',(-0.981359687555919,-0.192180029243804,0.));
#13597=DIRECTION('ref_axis',(-0.192180029243804,0.981359687555919,0.));
#13598=DIRECTION('',(0.,0.,-1.));
#13599=DIRECTION('center_axis',(-1.,0.,0.));
#13600=DIRECTION('ref_axis',(0.,0.,1.));
#13601=DIRECTION('',(0.,-1.7763568394E-14,-1.));
#13602=DIRECTION('center_axis',(-0.981359707863247,0.192179925545209,0.));
#13603=DIRECTION('ref_axis',(0.,0.,1.));
#13604=DIRECTION('',(0.,3.552713678801E-14,-1.));
#13605=DIRECTION('center_axis',(-0.898136772300246,0.439716201932674,0.));
#13606=DIRECTION('ref_axis',(0.,0.,1.));
#13607=DIRECTION('',(0.,0.,-1.));
#13608=DIRECTION('center_axis',(-0.714511718935798,0.699623472664698,0.));
#13609=DIRECTION('ref_axis',(0.,0.,1.));
#13610=DIRECTION('',(0.,0.,-1.));
#13611=DIRECTION('center_axis',(-0.454776425531418,0.890605638192835,0.));
#13612=DIRECTION('ref_axis',(0.,0.,1.));
#13613=DIRECTION('',(-1.33226762955E-14,0.,-1.));
#13614=DIRECTION('center_axis',(-0.200123648194594,0.979770649403873,0.));
#13615=DIRECTION('ref_axis',(0.,0.,1.));
#13616=DIRECTION('',(0.,0.,-1.));
#13617=DIRECTION('center_axis',(0.,1.,0.));
#13618=DIRECTION('ref_axis',(1.,0.,0.));
#13619=DIRECTION('',(0.,0.,-1.));
#13620=DIRECTION('center_axis',(0.200122768792802,0.979770829026208,0.));
#13621=DIRECTION('ref_axis',(0.,0.,-1.));
#13622=DIRECTION('',(0.,0.,-1.));
#13623=DIRECTION('center_axis',(0.454778489585418,0.890604584206934,0.));
#13624=DIRECTION('ref_axis',(0.,0.,-1.));
#13625=DIRECTION('',(0.,0.,-1.));
#13626=DIRECTION('center_axis',(0.714509717735713,0.699625516445213,0.));
#13627=DIRECTION('ref_axis',(0.,0.,-1.));
#13628=DIRECTION('',(0.,0.,-1.));
#13629=DIRECTION('center_axis',(0.981358878267255,0.192184161798091,0.));
#13630=DIRECTION('ref_axis',(0.,0.,-1.));
#13631=DIRECTION('',(0.,0.,-1.));
#13632=DIRECTION('center_axis',(0.,-1.,0.));
#13633=DIRECTION('ref_axis',(0.,0.,-1.));
#13634=DIRECTION('',(0.,0.,-1.));
#13635=DIRECTION('center_axis',(-0.950644579315079,-0.310281942463393,0.));
#13636=DIRECTION('ref_axis',(-0.310281942463393,0.950644579315079,0.));
#13637=DIRECTION('',(0.,-1.7763568394E-14,-1.));
#13638=DIRECTION('center_axis',(-0.562790931241723,-0.826599278799634,0.));
#13639=DIRECTION('ref_axis',(-0.826599278799634,0.562790931241723,0.));
#13640=DIRECTION('',(0.,0.,-1.));
#13641=DIRECTION('center_axis',(-0.247382774611195,-0.96891783079148,0.));
#13642=DIRECTION('ref_axis',(-0.96891783079148,0.247382774611195,0.));
#13643=DIRECTION('',(0.,0.,-1.));
#13644=DIRECTION('center_axis',(0.,-1.,0.));
#13645=DIRECTION('ref_axis',(0.,0.,-1.));
#13646=DIRECTION('',(0.,0.,-1.));
#13647=DIRECTION('center_axis',(0.247384103522804,-0.968917491494616,0.));
#13648=DIRECTION('ref_axis',(0.,0.,-1.));
#13649=DIRECTION('',(0.,0.,-1.));
#13650=DIRECTION('center_axis',(0.562790931241723,-0.826599278799634,0.));
#13651=DIRECTION('ref_axis',(0.,0.,-1.));
#13652=DIRECTION('',(0.,0.,-1.));
#13653=DIRECTION('center_axis',(0.837377445268108,-0.546625112994506,0.));
#13654=DIRECTION('ref_axis',(0.,0.,-1.));
#13655=DIRECTION('',(0.,-1.7763568394E-14,-1.));
#13656=DIRECTION('center_axis',(0.971321991778575,-0.237767929475994,0.));
#13657=DIRECTION('ref_axis',(0.,0.,-1.));
#13658=DIRECTION('center_axis',(-0.5627910658975,0.8265991871191,0.));
#13659=DIRECTION('ref_axis',(0.,0.,1.));
#13660=DIRECTION('',(1.33226762955E-14,0.,-1.));
#13661=DIRECTION('',(0.,0.,-1.));
#13662=DIRECTION('center_axis',(-0.837380075000366,0.546621084474778,0.));
#13663=DIRECTION('ref_axis',(0.,0.,1.));
#13664=DIRECTION('',(0.,-1.7763568394E-14,-1.));
#13665=DIRECTION('center_axis',(-0.971321991778575,0.237767929475994,0.));
#13666=DIRECTION('ref_axis',(0.,0.,1.));
#13667=DIRECTION('',(0.,-1.7763568394E-14,-1.));
#13668=DIRECTION('center_axis',(-1.,0.,0.));
#13669=DIRECTION('ref_axis',(0.,0.,1.));
#13670=DIRECTION('',(0.,0.,-1.));
#13671=DIRECTION('center_axis',(-0.971321991778575,-0.237767929475994,0.));
#13672=DIRECTION('ref_axis',(-0.237767929475994,0.971321991778575,0.));
#13673=DIRECTION('',(0.,0.,-1.));
#13674=DIRECTION('center_axis',(-0.837380308642829,-0.546620726552919,0.));
#13675=DIRECTION('ref_axis',(-0.546620726552919,0.837380308642829,0.));
#13676=DIRECTION('',(0.,0.,-1.));
#13677=DIRECTION('center_axis',(-0.562790931241723,-0.826599278799634,0.));
#13678=DIRECTION('ref_axis',(-0.826599278799634,0.562790931241723,0.));
#13679=DIRECTION('',(0.,0.,-1.));
#13680=DIRECTION('center_axis',(-0.247382774611195,-0.96891783079148,0.));
#13681=DIRECTION('ref_axis',(-0.96891783079148,0.247382774611195,0.));
#13682=DIRECTION('',(0.,0.,-1.));
#13683=DIRECTION('center_axis',(0.,-1.,0.));
#13684=DIRECTION('ref_axis',(0.,0.,-1.));
#13685=DIRECTION('',(0.,0.,-1.));
#13686=DIRECTION('center_axis',(0.247382774611195,-0.96891783079148,0.));
#13687=DIRECTION('ref_axis',(0.,0.,-1.));
#13688=DIRECTION('',(1.033895191682E-14,0.,-1.));
#13689=DIRECTION('center_axis',(0.562790931241723,-0.826599278799634,0.));
#13690=DIRECTION('ref_axis',(0.,0.,-1.));
#13691=DIRECTION('',(0.,0.,-1.));
#13692=DIRECTION('center_axis',(0.837380308642829,-0.546620726552919,0.));
#13693=DIRECTION('ref_axis',(0.,0.,-1.));
#13694=DIRECTION('',(0.,0.,-1.));
#13695=DIRECTION('center_axis',(0.971320734904247,-0.237773063960311,0.));
#13696=DIRECTION('ref_axis',(0.,0.,-1.));
#13697=DIRECTION('',(0.,0.,-1.));
#13698=DIRECTION('center_axis',(1.,0.,0.));
#13699=DIRECTION('ref_axis',(0.,1.,0.));
#13700=DIRECTION('',(0.,0.,-1.));
#13701=DIRECTION('center_axis',(0.971320734904247,0.237773063960311,0.));
#13702=DIRECTION('ref_axis',(0.,0.,-1.));
#13703=DIRECTION('',(0.,0.,-1.));
#13704=DIRECTION('center_axis',(0.837380075000366,0.546621084474778,0.));
#13705=DIRECTION('ref_axis',(0.,0.,-1.));
#13706=DIRECTION('',(0.,-1.7763568394E-14,-1.));
#13707=DIRECTION('center_axis',(0.5627910658975,0.8265991871191,0.));
#13708=DIRECTION('ref_axis',(0.,0.,-1.));
#13709=DIRECTION('',(0.,0.,-1.));
#13710=DIRECTION('center_axis',(0.247382774611195,0.96891783079148,0.));
#13711=DIRECTION('ref_axis',(0.,0.,-1.));
#13712=DIRECTION('',(0.,0.,-1.));
#13713=DIRECTION('center_axis',(0.,1.,0.));
#13714=DIRECTION('ref_axis',(1.,0.,0.));
#13715=DIRECTION('',(0.,0.,-1.));
#13716=DIRECTION('center_axis',(-0.247382774611195,0.96891783079148,0.));
#13717=DIRECTION('ref_axis',(0.,0.,1.));
#13718=DIRECTION('center_axis',(1.,0.,0.));
#13719=DIRECTION('ref_axis',(0.,1.,0.));
#13720=DIRECTION('',(0.,0.,-1.));
#13721=DIRECTION('',(0.,-1.7763568394E-14,-1.));
#13722=DIRECTION('center_axis',(0.981359687555919,-0.192180029243804,0.));
#13723=DIRECTION('ref_axis',(0.,0.,-1.));
#13724=DIRECTION('',(0.,-1.7763568394E-14,-1.));
#13725=DIRECTION('center_axis',(0.898136802705304,-0.439716139829202,0.));
#13726=DIRECTION('ref_axis',(0.,0.,-1.));
#13727=DIRECTION('',(0.,0.,-1.));
#13728=DIRECTION('center_axis',(0.714511749553074,-0.699623441395874,0.));
#13729=DIRECTION('ref_axis',(0.,0.,-1.));
#13730=DIRECTION('',(0.,0.,-1.));
#13731=DIRECTION('center_axis',(0.45477647289971,-0.890605614004818,0.));
#13732=DIRECTION('ref_axis',(0.,0.,-1.));
#13733=DIRECTION('',(0.,0.,-1.));
#13734=DIRECTION('center_axis',(0.200123665012696,-0.979770645968681,0.));
#13735=DIRECTION('ref_axis',(0.,0.,-1.));
#13736=DIRECTION('',(0.,0.,-1.));
#13737=DIRECTION('center_axis',(0.,-1.,0.));
#13738=DIRECTION('ref_axis',(0.,0.,-1.));
#13739=DIRECTION('',(0.,0.,-1.));
#13740=DIRECTION('center_axis',(-0.200122785610791,-0.979770825591055,0.));
#13741=DIRECTION('ref_axis',(-0.979770825591055,0.200122785610791,0.));
#13742=DIRECTION('',(0.,0.,-1.));
#13743=DIRECTION('center_axis',(-0.454778536953813,-0.890604560018726,0.));
#13744=DIRECTION('ref_axis',(-0.890604560018726,0.454778536953813,0.));
#13745=DIRECTION('',(0.,0.,-1.));
#13746=DIRECTION('center_axis',(-0.714509748353077,-0.699625485176478,0.));
#13747=DIRECTION('ref_axis',(-0.699625485176478,0.714509748353077,0.));
#13748=DIRECTION('',(0.,0.,-1.));
#13749=DIRECTION('center_axis',(-0.898138790009161,-0.439712080662881,0.));
#13750=DIRECTION('ref_axis',(-0.439712080662881,0.898138790009161,0.));
#13751=DIRECTION('',(0.,-1.7763568394E-14,-1.));
#13752=DIRECTION('center_axis',(-0.981358857959069,-0.192184265498694,0.));
#13753=DIRECTION('ref_axis',(-0.192184265498694,0.981358857959069,0.));
#13754=DIRECTION('',(0.,-1.7763568394E-14,-1.));
#13755=DIRECTION('center_axis',(-1.,0.,0.));
#13756=DIRECTION('ref_axis',(0.,0.,1.));
#13757=DIRECTION('',(0.,1.7763568394E-14,-1.));
#13758=DIRECTION('center_axis',(-0.981358878267255,0.192184161798091,0.));
#13759=DIRECTION('ref_axis',(0.,0.,1.));
#13760=DIRECTION('',(0.,0.,-1.));
#13761=DIRECTION('center_axis',(-0.898138759604619,0.43971214276601,0.));
#13762=DIRECTION('ref_axis',(0.,0.,1.));
#13763=DIRECTION('',(0.,0.,-1.));
#13764=DIRECTION('center_axis',(-0.714509717735713,0.699625516445213,0.));
#13765=DIRECTION('ref_axis',(0.,0.,1.));
#13766=DIRECTION('',(0.,0.,-1.));
#13767=DIRECTION('center_axis',(-0.454778489585418,0.890604584206934,0.));
#13768=DIRECTION('ref_axis',(0.,0.,1.));
#13769=DIRECTION('',(1.33226762955E-14,0.,-1.));
#13770=DIRECTION('center_axis',(-0.200122768792802,0.979770829026208,0.));
#13771=DIRECTION('ref_axis',(0.,0.,1.));
#13772=DIRECTION('',(0.,0.,-1.));
#13773=DIRECTION('center_axis',(0.,1.,0.));
#13774=DIRECTION('ref_axis',(1.,0.,0.));
#13775=DIRECTION('',(0.,0.,-1.));
#13776=DIRECTION('center_axis',(0.200123648194594,0.979770649403873,0.));
#13777=DIRECTION('ref_axis',(0.,0.,-1.));
#13778=DIRECTION('center_axis',(0.981359707863228,0.192179925545306,0.));
#13779=DIRECTION('ref_axis',(0.,0.,-1.));
#13780=DIRECTION('',(0.,0.,-1.));
#13781=DIRECTION('center_axis',(0.898136772300286,0.439716201932593,0.));
#13782=DIRECTION('ref_axis',(0.,0.,-1.));
#13783=DIRECTION('',(0.,0.,-1.));
#13784=DIRECTION('center_axis',(0.714511718935798,0.699623472664698,0.));
#13785=DIRECTION('ref_axis',(0.,0.,-1.));
#13786=DIRECTION('center_axis',(-1.,0.,0.));
#13787=DIRECTION('ref_axis',(0.,0.,1.));
#13788=DIRECTION('',(0.,0.,-1.));
#13789=DIRECTION('',(0.,0.,-1.));
#13790=DIRECTION('center_axis',(0.,1.,0.));
#13791=DIRECTION('ref_axis',(1.,0.,0.));
#13792=DIRECTION('',(0.,0.,-1.));
#13793=DIRECTION('center_axis',(0.8529523651731,0.5219887572981,0.));
#13794=DIRECTION('ref_axis',(0.,0.,-1.));
#13795=DIRECTION('',(0.,0.,-1.));
#13796=DIRECTION('center_axis',(-1.,0.,0.));
#13797=DIRECTION('ref_axis',(0.,0.,1.));
#13798=DIRECTION('',(0.,0.,-1.));
#13799=DIRECTION('center_axis',(0.,1.,0.));
#13800=DIRECTION('ref_axis',(1.,0.,0.));
#13801=DIRECTION('',(0.,0.,-1.));
#13802=DIRECTION('center_axis',(1.,0.,0.));
#13803=DIRECTION('ref_axis',(0.,1.,0.));
#13804=DIRECTION('',(0.,0.,-1.));
#13805=DIRECTION('center_axis',(0.,-1.,0.));
#13806=DIRECTION('ref_axis',(0.,0.,-1.));
#13807=DIRECTION('',(0.,0.,-1.));
#13808=DIRECTION('center_axis',(-0.85860742297961,-0.512633683251806,0.));
#13809=DIRECTION('ref_axis',(-0.512633683251806,0.85860742297961,0.));
#13810=DIRECTION('',(0.,0.,-1.));
#13811=DIRECTION('center_axis',(1.,0.,0.));
#13812=DIRECTION('ref_axis',(0.,1.,0.));
#13813=DIRECTION('',(0.,0.,-1.));
#13814=DIRECTION('center_axis',(0.,-1.,0.));
#13815=DIRECTION('ref_axis',(0.,0.,-1.));
#13816=DIRECTION('center_axis',(-1.,0.,0.));
#13817=DIRECTION('ref_axis',(0.,0.,1.));
#13818=DIRECTION('',(0.,0.,-1.));
#13819=DIRECTION('',(0.,0.,-1.));
#13820=DIRECTION('center_axis',(0.,1.,0.));
#13821=DIRECTION('ref_axis',(1.,0.,0.));
#13822=DIRECTION('',(0.,0.,-1.));
#13823=DIRECTION('center_axis',(0.8529523651731,0.5219887572981,0.));
#13824=DIRECTION('ref_axis',(0.,0.,-1.));
#13825=DIRECTION('',(0.,0.,-1.));
#13826=DIRECTION('center_axis',(-1.,0.,0.));
#13827=DIRECTION('ref_axis',(0.,0.,1.));
#13828=DIRECTION('',(0.,0.,-1.));
#13829=DIRECTION('center_axis',(0.,1.,0.));
#13830=DIRECTION('ref_axis',(1.,0.,0.));
#13831=DIRECTION('',(0.,0.,-1.));
#13832=DIRECTION('center_axis',(1.,0.,0.));
#13833=DIRECTION('ref_axis',(0.,1.,0.));
#13834=DIRECTION('',(0.,0.,-1.));
#13835=DIRECTION('center_axis',(0.,-1.,0.));
#13836=DIRECTION('ref_axis',(0.,0.,-1.));
#13837=DIRECTION('',(0.,0.,-1.));
#13838=DIRECTION('center_axis',(-0.85860742297961,-0.512633683251806,0.));
#13839=DIRECTION('ref_axis',(-0.512633683251806,0.85860742297961,0.));
#13840=DIRECTION('',(0.,0.,-1.));
#13841=DIRECTION('center_axis',(1.,0.,0.));
#13842=DIRECTION('ref_axis',(0.,1.,0.));
#13843=DIRECTION('',(0.,0.,-1.));
#13844=DIRECTION('center_axis',(0.,-1.,0.));
#13845=DIRECTION('ref_axis',(0.,0.,-1.));
#13846=DIRECTION('center_axis',(1.,0.,0.));
#13847=DIRECTION('ref_axis',(0.,1.,0.));
#13848=DIRECTION('',(0.,0.,-1.));
#13849=DIRECTION('',(0.,0.,-1.));
#13850=DIRECTION('center_axis',(0.,1.,0.));
#13851=DIRECTION('ref_axis',(1.,0.,0.));
#13852=DIRECTION('',(0.,0.,-1.));
#13853=DIRECTION('center_axis',(1.,0.,0.));
#13854=DIRECTION('ref_axis',(0.,1.,0.));
#13855=DIRECTION('',(0.,0.,-1.));
#13856=DIRECTION('center_axis',(0.,-1.,0.));
#13857=DIRECTION('ref_axis',(0.,0.,-1.));
#13858=DIRECTION('',(0.,0.,-1.));
#13859=DIRECTION('center_axis',(-1.,0.,0.));
#13860=DIRECTION('ref_axis',(0.,0.,1.));
#13861=DIRECTION('',(0.,0.,-1.));
#13862=DIRECTION('center_axis',(0.,1.,0.));
#13863=DIRECTION('ref_axis',(1.,0.,0.));
#13864=DIRECTION('',(0.,0.,-1.));
#13865=DIRECTION('center_axis',(1.,0.,0.));
#13866=DIRECTION('ref_axis',(0.,1.,0.));
#13867=DIRECTION('',(0.,0.,-1.));
#13868=DIRECTION('center_axis',(0.,-1.,0.));
#13869=DIRECTION('ref_axis',(0.,0.,-1.));
#13870=DIRECTION('',(0.,0.,-1.));
#13871=DIRECTION('center_axis',(1.,0.,0.));
#13872=DIRECTION('ref_axis',(0.,1.,0.));
#13873=DIRECTION('',(0.,0.,-1.));
#13874=DIRECTION('center_axis',(0.,1.,0.));
#13875=DIRECTION('ref_axis',(1.,0.,0.));
#13876=DIRECTION('',(0.,0.,-1.));
#13877=DIRECTION('center_axis',(1.,0.,0.));
#13878=DIRECTION('ref_axis',(0.,1.,0.));
#13879=DIRECTION('',(0.,0.,-1.));
#13880=DIRECTION('center_axis',(0.,-1.,0.));
#13881=DIRECTION('ref_axis',(0.,0.,-1.));
#13882=DIRECTION('center_axis',(1.,0.,0.));
#13883=DIRECTION('ref_axis',(0.,1.,0.));
#13884=DIRECTION('',(0.,0.,-1.));
#13885=DIRECTION('',(0.,0.,-1.));
#13886=DIRECTION('center_axis',(0.971321991778575,0.237767929475994,0.));
#13887=DIRECTION('ref_axis',(0.,0.,-1.));
#13888=DIRECTION('',(0.,-1.7763568394E-14,-1.));
#13889=DIRECTION('center_axis',(0.837377211622737,0.546625470916724,0.));
#13890=DIRECTION('ref_axis',(0.,0.,-1.));
#13891=DIRECTION('',(0.,-1.7763568394E-14,-1.));
#13892=DIRECTION('center_axis',(0.5627910658975,0.8265991871191,0.));
#13893=DIRECTION('ref_axis',(0.,0.,-1.));
#13894=DIRECTION('',(0.,0.,-1.));
#13895=DIRECTION('center_axis',(0.247384103522898,0.968917491494592,0.));
#13896=DIRECTION('ref_axis',(0.,0.,-1.));
#13897=DIRECTION('',(0.,0.,-1.));
#13898=DIRECTION('center_axis',(0.,1.,0.));
#13899=DIRECTION('ref_axis',(1.,0.,0.));
#13900=DIRECTION('',(0.,0.,-1.));
#13901=DIRECTION('center_axis',(-0.247384103522898,0.968917491494592,0.));
#13902=DIRECTION('ref_axis',(0.,0.,1.));
#13903=DIRECTION('',(0.,0.,-1.));
#13904=DIRECTION('center_axis',(-0.5627910658975,0.8265991871191,0.));
#13905=DIRECTION('ref_axis',(0.,0.,1.));
#13906=DIRECTION('',(0.,0.,-1.));
#13907=DIRECTION('center_axis',(-0.950642399045987,0.310288622311696,0.));
#13908=DIRECTION('ref_axis',(0.,0.,1.));
#13909=DIRECTION('',(0.,0.,-1.));
#13910=DIRECTION('center_axis',(0.,1.,0.));
#13911=DIRECTION('ref_axis',(1.,0.,0.));
#13912=DIRECTION('',(0.,0.,-1.));
#13913=DIRECTION('center_axis',(0.981358033422595,-0.192188475817199,0.));
#13914=DIRECTION('ref_axis',(0.,0.,-1.));
#13915=DIRECTION('',(0.,0.,-1.));
#13916=DIRECTION('center_axis',(0.714511749553074,-0.699623441395874,0.));
#13917=DIRECTION('ref_axis',(0.,0.,-1.));
#13918=DIRECTION('',(0.,0.,-1.));
#13919=DIRECTION('center_axis',(0.454778536953813,-0.890604560018726,0.));
#13920=DIRECTION('ref_axis',(0.,0.,-1.));
#13921=DIRECTION('',(0.,0.,-1.));
#13922=DIRECTION('center_axis',(0.200122785610791,-0.979770825591055,0.));
#13923=DIRECTION('ref_axis',(0.,0.,-1.));
#13924=DIRECTION('',(0.,0.,-1.));
#13925=DIRECTION('center_axis',(0.,-1.,0.));
#13926=DIRECTION('ref_axis',(0.,0.,-1.));
#13927=DIRECTION('',(0.,0.,-1.));
#13928=DIRECTION('center_axis',(-0.200122785610791,-0.979770825591055,0.));
#13929=DIRECTION('ref_axis',(-0.979770825591055,0.200122785610791,0.));
#13930=DIRECTION('',(0.,0.,-1.));
#13931=DIRECTION('center_axis',(-0.454778536953813,-0.890604560018726,0.));
#13932=DIRECTION('ref_axis',(-0.890604560018726,0.454778536953813,0.));
#13933=DIRECTION('',(0.,0.,-1.));
#13934=DIRECTION('center_axis',(-0.714511749553074,-0.699623441395874,0.));
#13935=DIRECTION('ref_axis',(-0.699623441395874,0.714511749553074,0.));
#13936=DIRECTION('',(0.,-1.7763568394E-14,-1.));
#13937=DIRECTION('center_axis',(-0.898136802705264,-0.439716139829283,0.));
#13938=DIRECTION('ref_axis',(-0.439716139829283,0.898136802705264,0.));
#13939=DIRECTION('',(0.,0.,-1.));
#13940=DIRECTION('center_axis',(-0.981359687555938,-0.192180029243707,0.));
#13941=DIRECTION('ref_axis',(-0.192180029243707,0.981359687555938,0.));
#13942=DIRECTION('',(0.,-1.7763568394E-14,-1.));
#13943=DIRECTION('center_axis',(-1.,0.,0.));
#13944=DIRECTION('ref_axis',(0.,0.,1.));
#13945=DIRECTION('',(0.,0.,-1.));
#13946=DIRECTION('center_axis',(-0.981359707863247,0.192179925545209,0.));
#13947=DIRECTION('ref_axis',(0.,0.,1.));
#13948=DIRECTION('',(0.,0.,-1.));
#13949=DIRECTION('center_axis',(-0.898136772300246,0.439716201932674,0.));
#13950=DIRECTION('ref_axis',(0.,0.,1.));
#13951=DIRECTION('',(0.,0.,-1.));
#13952=DIRECTION('center_axis',(-0.714511718935798,0.699623472664698,0.));
#13953=DIRECTION('ref_axis',(0.,0.,1.));
#13954=DIRECTION('',(0.,0.,-1.));
#13955=DIRECTION('center_axis',(-0.454778489585418,0.890604584206934,0.));
#13956=DIRECTION('ref_axis',(0.,0.,1.));
#13957=DIRECTION('',(1.110223024625E-14,0.,-1.));
#13958=DIRECTION('center_axis',(-0.200122768792802,0.979770829026208,0.));
#13959=DIRECTION('ref_axis',(0.,0.,1.));
#13960=DIRECTION('',(0.,0.,-1.));
#13961=DIRECTION('center_axis',(0.,1.,0.));
#13962=DIRECTION('ref_axis',(1.,0.,0.));
#13963=DIRECTION('',(0.,0.,-1.));
#13964=DIRECTION('center_axis',(0.200122768792802,0.979770829026208,0.));
#13965=DIRECTION('ref_axis',(0.,0.,-1.));
#13966=DIRECTION('',(-1.110223024625E-14,0.,-1.));
#13967=DIRECTION('center_axis',(0.454778489585418,0.890604584206934,0.));
#13968=DIRECTION('ref_axis',(0.,0.,-1.));
#13969=DIRECTION('',(-1.7763568394E-14,0.,-1.));
#13970=DIRECTION('center_axis',(0.714511718935798,0.699623472664698,0.));
#13971=DIRECTION('ref_axis',(0.,0.,-1.));
#13972=DIRECTION('',(0.,0.,-1.));
#13973=DIRECTION('center_axis',(0.981358048654385,0.192188398040197,0.));
#13974=DIRECTION('ref_axis',(0.,0.,-1.));
#13975=DIRECTION('',(0.,0.,-1.));
#13976=DIRECTION('center_axis',(0.,-1.,0.));
#13977=DIRECTION('ref_axis',(0.,0.,-1.));
#13978=DIRECTION('',(0.,0.,-1.));
#13979=DIRECTION('center_axis',(-0.95064248451428,-0.310288360459294,0.));
#13980=DIRECTION('ref_axis',(-0.310288360459294,0.95064248451428,0.));
#13981=DIRECTION('',(-1.554312234475E-14,0.,-1.));
#13982=DIRECTION('center_axis',(-0.562790931241723,-0.826599278799634,0.));
#13983=DIRECTION('ref_axis',(-0.826599278799634,0.562790931241723,0.));
#13984=DIRECTION('',(0.,0.,-1.));
#13985=DIRECTION('center_axis',(-0.247384103522898,-0.968917491494592,0.));
#13986=DIRECTION('ref_axis',(-0.968917491494592,0.247384103522898,0.));
#13987=DIRECTION('',(0.,0.,-1.));
#13988=DIRECTION('center_axis',(0.,-1.,0.));
#13989=DIRECTION('ref_axis',(0.,0.,-1.));
#13990=DIRECTION('',(0.,0.,-1.));
#13991=DIRECTION('center_axis',(0.247384103522804,-0.968917491494616,0.));
#13992=DIRECTION('ref_axis',(0.,0.,-1.));
#13993=DIRECTION('',(0.,0.,-1.));
#13994=DIRECTION('center_axis',(0.562790931241723,-0.826599278799634,0.));
#13995=DIRECTION('ref_axis',(0.,0.,-1.));
#13996=DIRECTION('',(0.,0.,-1.));
#13997=DIRECTION('center_axis',(0.837377445268108,-0.546625112994506,0.));
#13998=DIRECTION('ref_axis',(0.,0.,-1.));
#13999=DIRECTION('',(0.,0.,-1.));
#14000=DIRECTION('center_axis',(0.971321991778575,-0.237767929475994,0.));
#14001=DIRECTION('ref_axis',(0.,0.,-1.));
#14002=DIRECTION('center_axis',(-1.,0.,0.));
#14003=DIRECTION('ref_axis',(0.,0.,1.));
#14004=DIRECTION('',(0.,0.,-1.));
#14005=DIRECTION('',(0.,0.,-1.));
#14006=DIRECTION('center_axis',(0.,-1.,0.));
#14007=DIRECTION('ref_axis',(0.,0.,-1.));
#14008=DIRECTION('',(0.,0.,-1.));
#14009=DIRECTION('center_axis',(-1.,0.,0.));
#14010=DIRECTION('ref_axis',(0.,0.,1.));
#14011=DIRECTION('',(0.,0.,-1.));
#14012=DIRECTION('center_axis',(0.,1.,0.));
#14013=DIRECTION('ref_axis',(1.,0.,0.));
#14014=DIRECTION('',(0.,0.,-1.));
#14015=DIRECTION('center_axis',(1.,0.,0.));
#14016=DIRECTION('ref_axis',(0.,1.,0.));
#14017=DIRECTION('',(0.,0.,-1.));
#14018=DIRECTION('center_axis',(0.,-1.,0.));
#14019=DIRECTION('ref_axis',(0.,0.,-1.));
#14020=DIRECTION('',(0.,0.,-1.));
#14021=DIRECTION('center_axis',(1.,0.,0.));
#14022=DIRECTION('ref_axis',(0.,1.,0.));
#14023=DIRECTION('',(0.,0.,-1.));
#14024=DIRECTION('center_axis',(0.,-1.,0.));
#14025=DIRECTION('ref_axis',(0.,0.,-1.));
#14026=DIRECTION('center_axis',(0.971321991778575,-0.237767929475994,0.));
#14027=DIRECTION('ref_axis',(0.,0.,-1.));
#14028=DIRECTION('',(0.,0.,-1.));
#14029=DIRECTION('',(0.,0.,-1.));
#14030=DIRECTION('center_axis',(1.,0.,0.));
#14031=DIRECTION('ref_axis',(0.,1.,0.));
#14032=DIRECTION('',(0.,0.,-1.));
#14033=DIRECTION('center_axis',(0.971321991778575,0.237767929475994,0.));
#14034=DIRECTION('ref_axis',(0.,0.,-1.));
#14035=DIRECTION('',(0.,-1.7763568394E-14,-1.));
#14036=DIRECTION('center_axis',(0.837377211622737,0.546625470916724,0.));
#14037=DIRECTION('ref_axis',(0.,0.,-1.));
#14038=DIRECTION('',(0.,0.,-1.));
#14039=DIRECTION('center_axis',(0.5627910658975,0.8265991871191,0.));
#14040=DIRECTION('ref_axis',(0.,0.,-1.));
#14041=DIRECTION('',(-1.33226762955E-14,0.,-1.));
#14042=DIRECTION('center_axis',(0.247384103522898,0.968917491494592,0.));
#14043=DIRECTION('ref_axis',(0.,0.,-1.));
#14044=DIRECTION('',(0.,0.,-1.));
#14045=DIRECTION('center_axis',(0.,1.,0.));
#14046=DIRECTION('ref_axis',(1.,0.,0.));
#14047=DIRECTION('',(0.,0.,-1.));
#14048=DIRECTION('center_axis',(-0.247384103522898,0.968917491494592,0.));
#14049=DIRECTION('ref_axis',(0.,0.,1.));
#14050=DIRECTION('',(0.,0.,-1.));
#14051=DIRECTION('center_axis',(-0.5627910658975,0.8265991871191,0.));
#14052=DIRECTION('ref_axis',(0.,0.,1.));
#14053=DIRECTION('',(-1.33226762955E-14,-1.7763568394E-14,-1.));
#14054=DIRECTION('center_axis',(-0.837377211622737,0.546625470916724,0.));
#14055=DIRECTION('ref_axis',(0.,0.,1.));
#14056=DIRECTION('',(0.,-1.7763568394E-14,-1.));
#14057=DIRECTION('center_axis',(-0.971321991778575,0.237767929475994,0.));
#14058=DIRECTION('ref_axis',(0.,0.,1.));
#14059=DIRECTION('',(0.,-1.7763568394E-14,-1.));
#14060=DIRECTION('center_axis',(-1.,0.,0.));
#14061=DIRECTION('ref_axis',(0.,0.,1.));
#14062=DIRECTION('',(0.,0.,-1.));
#14063=DIRECTION('center_axis',(-0.971321991778575,-0.237767929475994,0.));
#14064=DIRECTION('ref_axis',(-0.237767929475994,0.971321991778575,0.));
#14065=DIRECTION('',(0.,-1.7763568394E-14,-1.));
#14066=DIRECTION('center_axis',(-0.837377445268108,-0.546625112994506,0.));
#14067=DIRECTION('ref_axis',(-0.546625112994506,0.837377445268108,0.));
#14068=DIRECTION('',(0.,0.,-1.));
#14069=DIRECTION('center_axis',(-0.562790931241723,-0.826599278799634,0.));
#14070=DIRECTION('ref_axis',(-0.826599278799634,0.562790931241723,0.));
#14071=DIRECTION('',(0.,0.,-1.));
#14072=DIRECTION('center_axis',(-0.247384103522804,-0.968917491494616,0.));
#14073=DIRECTION('ref_axis',(-0.968917491494616,0.247384103522804,0.));
#14074=DIRECTION('',(0.,0.,-1.));
#14075=DIRECTION('center_axis',(0.,-1.,0.));
#14076=DIRECTION('ref_axis',(0.,0.,-1.));
#14077=DIRECTION('',(0.,0.,-1.));
#14078=DIRECTION('center_axis',(0.247384103522804,-0.968917491494616,0.));
#14079=DIRECTION('ref_axis',(0.,0.,-1.));
#14080=DIRECTION('',(-1.33226762955E-14,-1.7763568394E-14,-1.));
#14081=DIRECTION('center_axis',(0.562790931241723,-0.826599278799634,0.));
#14082=DIRECTION('ref_axis',(0.,0.,-1.));
#14083=DIRECTION('',(0.,0.,-1.));
#14084=DIRECTION('center_axis',(0.837377445268108,-0.546625112994506,0.));
#14085=DIRECTION('ref_axis',(0.,0.,-1.));
#14086=DIRECTION('center_axis',(-1.,0.,0.));
#14087=DIRECTION('ref_axis',(0.,0.,1.));
#14088=DIRECTION('',(0.,-1.7763568394E-14,-1.));
#14089=DIRECTION('',(0.,0.,-1.));
#14090=DIRECTION('center_axis',(-0.981359707863247,0.192179925545209,0.));
#14091=DIRECTION('ref_axis',(0.,0.,1.));
#14092=DIRECTION('',(0.,0.,-1.));
#14093=DIRECTION('center_axis',(-0.898136772300246,0.439716201932674,0.));
#14094=DIRECTION('ref_axis',(0.,0.,1.));
#14095=DIRECTION('',(0.,-1.7763568394E-14,-1.));
#14096=DIRECTION('center_axis',(-0.714511718935798,0.699623472664698,0.));
#14097=DIRECTION('ref_axis',(0.,0.,1.));
#14098=DIRECTION('',(0.,0.,-1.));
#14099=DIRECTION('center_axis',(-0.454778489585418,0.890604584206934,0.));
#14100=DIRECTION('ref_axis',(0.,0.,1.));
#14101=DIRECTION('',(0.,0.,-1.));
#14102=DIRECTION('center_axis',(-0.200122768792802,0.979770829026208,0.));
#14103=DIRECTION('ref_axis',(0.,0.,1.));
#14104=DIRECTION('',(0.,0.,-1.));
#14105=DIRECTION('center_axis',(0.,1.,0.));
#14106=DIRECTION('ref_axis',(1.,0.,0.));
#14107=DIRECTION('',(0.,0.,-1.));
#14108=DIRECTION('center_axis',(0.200124527604108,0.979770469779138,0.));
#14109=DIRECTION('ref_axis',(0.,0.,-1.));
#14110=DIRECTION('',(0.,0.,-1.));
#14111=DIRECTION('center_axis',(0.454774361493776,0.890606692164352,0.));
#14112=DIRECTION('ref_axis',(0.,0.,-1.));
#14113=DIRECTION('',(0.,0.,-1.));
#14114=DIRECTION('center_axis',(0.714511718935798,0.699623472664698,0.));
#14115=DIRECTION('ref_axis',(0.,0.,-1.));
#14116=DIRECTION('',(0.,0.,-1.));
#14117=DIRECTION('center_axis',(0.898136772300286,0.439716201932593,0.));
#14118=DIRECTION('ref_axis',(0.,0.,-1.));
#14119=DIRECTION('',(0.,0.,-1.));
#14120=DIRECTION('center_axis',(0.981359707863228,0.192179925545306,0.));
#14121=DIRECTION('ref_axis',(0.,0.,-1.));
#14122=DIRECTION('',(0.,0.,-1.));
#14123=DIRECTION('center_axis',(1.,0.,0.));
#14124=DIRECTION('ref_axis',(0.,1.,0.));
#14125=DIRECTION('',(0.,0.,-1.));
#14126=DIRECTION('center_axis',(0.981359687555919,-0.192180029243804,0.));
#14127=DIRECTION('ref_axis',(0.,0.,-1.));
#14128=DIRECTION('',(0.,1.7763568394E-14,-1.));
#14129=DIRECTION('center_axis',(0.898136802705304,-0.439716139829202,0.));
#14130=DIRECTION('ref_axis',(0.,0.,-1.));
#14131=DIRECTION('',(0.,0.,-1.));
#14132=DIRECTION('center_axis',(0.714511749553074,-0.699623441395874,0.));
#14133=DIRECTION('ref_axis',(0.,0.,-1.));
#14134=DIRECTION('',(0.,0.,-1.));
#14135=DIRECTION('center_axis',(0.454774408862003,-0.890606667976507,0.));
#14136=DIRECTION('ref_axis',(0.,0.,-1.));
#14137=DIRECTION('',(0.,0.,-1.));
#14138=DIRECTION('center_axis',(0.200124544422206,-0.979770466343931,0.));
#14139=DIRECTION('ref_axis',(0.,0.,-1.));
#14140=DIRECTION('',(-1.33226762955E-14,0.,-1.));
#14141=DIRECTION('center_axis',(0.,-1.,0.));
#14142=DIRECTION('ref_axis',(0.,0.,-1.));
#14143=DIRECTION('',(0.,0.,-1.));
#14144=DIRECTION('center_axis',(-0.200122785610791,-0.979770825591055,0.));
#14145=DIRECTION('ref_axis',(-0.979770825591055,0.200122785610791,0.));
#14146=DIRECTION('',(-1.33226762955E-14,0.,-1.));
#14147=DIRECTION('center_axis',(-0.454778536953813,-0.890604560018726,0.));
#14148=DIRECTION('ref_axis',(-0.890604560018726,0.454778536953813,0.));
#14149=DIRECTION('',(0.,0.,-1.));
#14150=DIRECTION('center_axis',(-0.714511749553074,-0.699623441395874,0.));
#14151=DIRECTION('ref_axis',(-0.699623441395874,0.714511749553074,0.));
#14152=DIRECTION('',(0.,1.7763568394E-14,-1.));
#14153=DIRECTION('center_axis',(-0.898136802705264,-0.439716139829283,0.));
#14154=DIRECTION('ref_axis',(-0.439716139829283,0.898136802705264,0.));
#14155=DIRECTION('',(0.,0.,-1.));
#14156=DIRECTION('center_axis',(-0.981359687555938,-0.192180029243707,0.));
#14157=DIRECTION('ref_axis',(-0.192180029243707,0.981359687555938,0.));
#14158=DIRECTION('center_axis',(0.,-1.,0.));
#14159=DIRECTION('ref_axis',(0.,0.,-1.));
#14160=DIRECTION('',(0.,0.,-1.));
#14161=DIRECTION('',(0.,0.,-1.));
#14162=DIRECTION('center_axis',(1.,0.,0.));
#14163=DIRECTION('ref_axis',(0.,1.,0.));
#14164=DIRECTION('',(0.,0.,-1.));
#14165=DIRECTION('center_axis',(0.,-1.,0.));
#14166=DIRECTION('ref_axis',(0.,0.,-1.));
#14167=DIRECTION('',(0.,0.,-1.));
#14168=DIRECTION('center_axis',(-1.,0.,0.));
#14169=DIRECTION('ref_axis',(0.,0.,1.));
#14170=DIRECTION('',(0.,0.,-1.));
#14171=DIRECTION('center_axis',(0.,1.,0.));
#14172=DIRECTION('ref_axis',(1.,0.,0.));
#14173=DIRECTION('',(0.,0.,-1.));
#14174=DIRECTION('center_axis',(0.200124527604108,0.979770469779138,0.));
#14175=DIRECTION('ref_axis',(0.,0.,-1.));
#14176=DIRECTION('',(0.,0.,-1.));
#14177=DIRECTION('center_axis',(0.608073908255232,0.793880420528941,0.));
#14178=DIRECTION('ref_axis',(0.,0.,-1.));
#14179=DIRECTION('',(0.,0.,-1.));
#14180=DIRECTION('center_axis',(0.806004395831095,0.591909548749597,0.));
#14181=DIRECTION('ref_axis',(0.,0.,-1.));
#14182=DIRECTION('',(0.,0.,-1.));
#14183=DIRECTION('center_axis',(0.950646588620157,0.310275786269019,0.));
#14184=DIRECTION('ref_axis',(0.,0.,-1.));
#14185=DIRECTION('',(0.,0.,-1.));
#14186=DIRECTION('center_axis',(1.,0.,0.));
#14187=DIRECTION('ref_axis',(0.,1.,0.));
#14188=DIRECTION('',(0.,0.,-1.));
#14189=DIRECTION('center_axis',(0.950646588620157,-0.310275786269019,0.));
#14190=DIRECTION('ref_axis',(0.,0.,-1.));
#14191=DIRECTION('',(0.,0.,-1.));
#14192=DIRECTION('center_axis',(0.806004395831095,-0.591909548749597,0.));
#14193=DIRECTION('ref_axis',(0.,0.,-1.));
#14194=DIRECTION('',(0.,0.,-1.));
#14195=DIRECTION('center_axis',(0.454774361493776,-0.890606692164352,0.));
#14196=DIRECTION('ref_axis',(0.,0.,-1.));
#14197=DIRECTION('',(0.,1.7763568394E-14,-1.));
#14198=DIRECTION('center_axis',(0.933802645236583,0.357788512600894,0.));
#14199=DIRECTION('ref_axis',(0.,0.,-1.));
#14200=DIRECTION('',(0.,0.,-1.));
#14201=DIRECTION('center_axis',(0.,-1.,0.));
#14202=DIRECTION('ref_axis',(0.,0.,-1.));
#14203=DIRECTION('',(0.,0.,-1.));
#14204=DIRECTION('center_axis',(-0.936938722448769,-0.349493677161788,0.));
#14205=DIRECTION('ref_axis',(-0.349493677161788,0.936938722448769,0.));
#14206=DIRECTION('center_axis',(0.,1.,0.));
#14207=DIRECTION('ref_axis',(1.,0.,0.));
#14208=DIRECTION('',(0.,0.,-1.));
#14209=DIRECTION('',(0.,0.,-1.));
#14210=DIRECTION('center_axis',(-0.322263763377203,0.946649917770008,0.));
#14211=DIRECTION('ref_axis',(0.,0.,1.));
#14212=DIRECTION('',(0.,0.,-1.));
#14213=DIRECTION('center_axis',(-0.714507716541024,0.699627560208524,0.));
#14214=DIRECTION('ref_axis',(0.,0.,1.));
#14215=DIRECTION('',(0.,0.,-1.));
#14216=DIRECTION('center_axis',(-0.950646588620157,0.310275786269019,0.));
#14217=DIRECTION('ref_axis',(0.,0.,1.));
#14218=DIRECTION('',(0.,0.,-1.));
#14219=DIRECTION('center_axis',(-1.,0.,0.));
#14220=DIRECTION('ref_axis',(0.,0.,1.));
#14221=DIRECTION('',(0.,0.,-1.));
#14222=DIRECTION('center_axis',(-0.950646588620157,-0.310275786269019,0.));
#14223=DIRECTION('ref_axis',(-0.310275786269019,0.950646588620157,0.));
#14224=DIRECTION('',(0.,0.,-1.));
#14225=DIRECTION('center_axis',(-0.714507716541024,-0.699627560208524,0.));
#14226=DIRECTION('ref_axis',(-0.699627560208524,0.714507716541024,0.));
#14227=DIRECTION('',(0.,0.,-1.));
#14228=DIRECTION('center_axis',(-0.322263763377203,-0.946649917770008,0.));
#14229=DIRECTION('ref_axis',(-0.946649917770008,0.322263763377203,0.));
#14230=DIRECTION('',(0.,0.,-1.));
#14231=DIRECTION('center_axis',(0.,-1.,0.));
#14232=DIRECTION('ref_axis',(0.,0.,-1.));
#14233=DIRECTION('',(0.,0.,-1.));
#14234=DIRECTION('center_axis',(1.,0.,0.));
#14235=DIRECTION('ref_axis',(0.,1.,0.));
#14236=DIRECTION('center_axis',(0.,0.,1.));
#14237=DIRECTION('ref_axis',(1.,0.,0.));
#14238=DIRECTION('',(0.,1.,0.));
#14239=DIRECTION('',(-1.,0.,0.));
#14240=DIRECTION('',(0.,-1.,0.));
#14241=DIRECTION('',(1.,0.,0.));
#14242=DIRECTION('center_axis',(0.,-1.,0.));
#14243=DIRECTION('ref_axis',(0.,0.,-1.));
#14244=DIRECTION('',(0.,0.,-1.));
#14245=DIRECTION('',(1.,0.,0.));
#14246=DIRECTION('',(0.,0.,-1.));
#14247=DIRECTION('center_axis',(1.,0.,0.));
#14248=DIRECTION('ref_axis',(0.,1.,0.));
#14249=DIRECTION('',(0.,1.,0.));
#14250=DIRECTION('',(0.,0.,-1.));
#14251=DIRECTION('center_axis',(0.,1.,0.));
#14252=DIRECTION('ref_axis',(1.,0.,0.));
#14253=DIRECTION('',(-1.,0.,0.));
#14254=DIRECTION('',(0.,0.,-1.));
#14255=DIRECTION('center_axis',(-1.,0.,0.));
#14256=DIRECTION('ref_axis',(0.,0.,1.));
#14257=DIRECTION('',(0.,-1.,0.));
#14258=DIRECTION('center_axis',(0.,0.,1.));
#14259=DIRECTION('ref_axis',(1.,0.,0.));
#14260=DIRECTION('center_axis',(0.,1.,0.));
#14261=DIRECTION('ref_axis',(1.,0.,0.));
#14262=DIRECTION('',(-1.,0.,0.));
#14263=DIRECTION('',(0.,0.,-1.));
#14264=DIRECTION('',(-1.,0.,0.));
#14265=DIRECTION('',(0.,0.,-1.));
#14266=DIRECTION('center_axis',(1.,0.,0.));
#14267=DIRECTION('ref_axis',(0.,1.,0.));
#14268=DIRECTION('',(0.,1.,0.));
#14269=DIRECTION('',(0.,0.,-1.));
#14270=DIRECTION('',(0.,1.,0.));
#14271=DIRECTION('center_axis',(0.,0.,1.));
#14272=DIRECTION('ref_axis',(1.,0.,0.));
#14273=DIRECTION('',(1.,0.,0.));
#14274=DIRECTION('',(0.,-1.,0.));
#14275=DIRECTION('center_axis',(-1.,0.,0.));
#14276=DIRECTION('ref_axis',(0.,0.,1.));
#14277=DIRECTION('',(0.,0.,-1.));
#14278=DIRECTION('',(0.,-1.,0.));
#14279=DIRECTION('center_axis',(0.,0.,1.));
#14280=DIRECTION('ref_axis',(1.,0.,0.));
#14281=DIRECTION('',(1.,0.,0.));
#14282=DIRECTION('center_axis',(0.,-1.,0.));
#14283=DIRECTION('ref_axis',(0.,0.,-1.));
#14284=DIRECTION('center_axis',(0.,0.,-1.));
#14285=DIRECTION('ref_axis',(0.,-1.,0.));
#14286=DIRECTION('',(0.,-1.,0.));
#14287=DIRECTION('',(-1.,0.,0.));
#14288=DIRECTION('',(0.,1.,0.));
#14289=DIRECTION('',(1.,0.,0.));
#14290=DIRECTION('center_axis',(0.,1.,0.));
#14291=DIRECTION('ref_axis',(1.,0.,0.));
#14292=DIRECTION('',(1.,0.,0.));
#14293=DIRECTION('',(0.,0.,1.));
#14294=DIRECTION('',(0.,0.,1.));
#14295=DIRECTION('center_axis',(-1.,0.,0.));
#14296=DIRECTION('ref_axis',(0.,0.,1.));
#14297=DIRECTION('',(0.,0.,1.));
#14298=DIRECTION('',(0.,1.,0.));
#14299=DIRECTION('center_axis',(0.,0.,-1.));
#14300=DIRECTION('ref_axis',(0.,-1.,0.));
#14301=DIRECTION('',(-1.,0.,0.));
#14302=DIRECTION('',(0.,-1.,0.));
#14303=DIRECTION('center_axis',(1.,0.,0.));
#14304=DIRECTION('ref_axis',(0.,1.,0.));
#14305=DIRECTION('',(0.,0.,1.));
#14306=DIRECTION('center_axis',(0.,-1.,0.));
#14307=DIRECTION('ref_axis',(0.,0.,-1.));
#14308=CARTESIAN_POINT('',(0.,0.,0.));
#14309=CARTESIAN_POINT('Origin',(1.27666956533,5.798946451045,3.4));
#14310=CARTESIAN_POINT('',(1.369934583765,5.780873367851,3.4));
#14311=CARTESIAN_POINT('',(1.27666956533,5.893946451045,3.4));
#14312=CARTESIAN_POINT('Origin',(1.27666956533,5.798946451045,3.4));
#14313=CARTESIAN_POINT('',(1.27666956533,5.893946451045,3.35));
#14314=CARTESIAN_POINT('',(1.27666956533,5.893946451045,3.4));
#14315=CARTESIAN_POINT('',(1.369934583765,5.780873367851,3.35));
#14316=CARTESIAN_POINT('Origin',(1.27666956533,5.798946451045,3.35));
#14317=CARTESIAN_POINT('',(1.369934583765,5.780873367851,3.4));
#14318=CARTESIAN_POINT('Origin',(1.080576554506,5.338946451045,3.4));
#14319=CARTESIAN_POINT('',(1.080576554506,5.383946451045,3.35));
#14320=CARTESIAN_POINT('',(1.124754721134,5.330385516901,3.35));
#14321=CARTESIAN_POINT('Origin',(1.080576554506,5.338946451045,3.35));
#14322=CARTESIAN_POINT('',(1.080576554506,5.383946451045,3.4));
#14323=CARTESIAN_POINT('',(1.080576554506,5.383946451045,3.4));
#14324=CARTESIAN_POINT('',(1.124754721134,5.3303855169,3.4));
#14325=CARTESIAN_POINT('Origin',(1.080576554506,5.338946451045,3.4));
#14326=CARTESIAN_POINT('',(1.124754721134,5.330385516901,3.4));
#14327=CARTESIAN_POINT('Origin',(23.4468,-6.25,0.));
#14328=CARTESIAN_POINT('',(-4.3,-6.25,0.65));
#14329=CARTESIAN_POINT('',(-4.3,-6.25,-0.65));
#14330=CARTESIAN_POINT('Origin',(-4.3,-6.25,0.));
#14331=CARTESIAN_POINT('',(-5.1,-6.25,0.65));
#14332=CARTESIAN_POINT('',(-4.3,-6.25,0.65));
#14333=CARTESIAN_POINT('',(-5.1,-6.25,-0.65));
#14334=CARTESIAN_POINT('Origin',(-5.1,-6.25,0.));
#14335=CARTESIAN_POINT('',(-4.3,-6.25,-0.65));
#14336=CARTESIAN_POINT('Origin',(23.4468,-6.25,0.));
#14337=CARTESIAN_POINT('',(5.1,-6.25,0.65));
#14338=CARTESIAN_POINT('',(5.1,-6.25,-0.65));
#14339=CARTESIAN_POINT('Origin',(5.1,-6.25,0.));
#14340=CARTESIAN_POINT('',(4.3,-6.25,0.65));
#14341=CARTESIAN_POINT('',(5.1,-6.25,0.65));
#14342=CARTESIAN_POINT('',(4.3,-6.25,-0.65));
#14343=CARTESIAN_POINT('Origin',(4.3,-6.25,0.));
#14344=CARTESIAN_POINT('',(5.1,-6.25,-0.65));
#14345=CARTESIAN_POINT('Origin',(23.4468,-6.25,0.));
#14346=CARTESIAN_POINT('',(0.4,-6.25,0.65));
#14347=CARTESIAN_POINT('',(0.4,-6.25,-0.65));
#14348=CARTESIAN_POINT('Origin',(0.4,-6.25,0.));
#14349=CARTESIAN_POINT('',(-0.4,-6.25,0.65));
#14350=CARTESIAN_POINT('',(0.4,-6.25,0.65));
#14351=CARTESIAN_POINT('',(-0.4,-6.25,-0.65));
#14352=CARTESIAN_POINT('Origin',(-0.4,-6.25,0.));
#14353=CARTESIAN_POINT('',(0.4,-6.25,-0.65));
#14354=CARTESIAN_POINT('Origin',(0.06833043467041,4.793265074162,3.4));
#14355=CARTESIAN_POINT('',(0.05333040606018,4.800924647717,3.4));
#14356=CARTESIAN_POINT('',(0.05333040606018,4.800924647717,3.35));
#14357=CARTESIAN_POINT('',(0.05333040606018,4.800924647717,3.4));
#14358=CARTESIAN_POINT('',(0.06833043467041,4.793265074162,3.35));
#14359=CARTESIAN_POINT('',(0.06833043467041,4.793265074162,3.35));
#14360=CARTESIAN_POINT('',(0.06833043467041,4.793265074162,3.4));
#14361=CARTESIAN_POINT('',(0.06833043467041,4.793265074162,3.4));
#14362=CARTESIAN_POINT('',(0.06833043467041,4.793265074162,3.4));
#14363=CARTESIAN_POINT('Origin',(-6.5,0.,3.4));
#14364=CARTESIAN_POINT('',(0.95,1.55,3.4));
#14365=CARTESIAN_POINT('',(-0.95,1.55,3.4));
#14366=CARTESIAN_POINT('',(0.95,1.55,3.4));
#14367=CARTESIAN_POINT('',(0.95,3.3,3.4));
#14368=CARTESIAN_POINT('',(0.95,1.55,3.4));
#14369=CARTESIAN_POINT('',(-0.95,3.3,3.4));
#14370=CARTESIAN_POINT('Origin',(0.,3.3,3.4));
#14371=CARTESIAN_POINT('',(-0.95,1.55,3.4));
#14372=CARTESIAN_POINT('Origin',(-6.5,0.,3.4));
#14373=CARTESIAN_POINT('',(-6.5,1.5,3.4));
#14374=CARTESIAN_POINT('',(-6.5,6.2,3.4));
#14375=CARTESIAN_POINT('',(-6.5,1.5,3.4));
#14376=CARTESIAN_POINT('',(-1.,1.5,3.4));
#14377=CARTESIAN_POINT('',(-6.5,1.5,3.4));
#14378=CARTESIAN_POINT('',(-1.,3.3,3.4));
#14379=CARTESIAN_POINT('',(-1.,1.5,3.4));
#14380=CARTESIAN_POINT('',(1.,3.3,3.4));
#14381=CARTESIAN_POINT('Origin',(0.,3.3,3.4));
#14382=CARTESIAN_POINT('',(1.,1.5,3.4));
#14383=CARTESIAN_POINT('',(1.,1.5,3.4));
#14384=CARTESIAN_POINT('',(6.5,1.5,3.4));
#14385=CARTESIAN_POINT('',(1.,1.5,3.4));
#14386=CARTESIAN_POINT('',(6.5,6.2,3.4));
#14387=CARTESIAN_POINT('',(6.5,1.5,3.4));
#14388=CARTESIAN_POINT('',(-6.5,6.2,3.4));
#14389=CARTESIAN_POINT('',(-2.324693705619,3.758398789738,3.4));
#14390=CARTESIAN_POINT('',(-4.684788838228,3.758398789738,3.4));
#14391=CARTESIAN_POINT('',(-2.324693705619,3.758398789738,3.4));
#14392=CARTESIAN_POINT('',(-2.324693705619,2.200736002216,3.4));
#14393=CARTESIAN_POINT('',(-2.324693705619,2.200736002216,3.4));
#14394=CARTESIAN_POINT('',(-4.684788838228,2.200736002216,3.4));
#14395=CARTESIAN_POINT('',(-4.684788838228,2.200736002216,3.4));
#14396=CARTESIAN_POINT('',(-4.684788838228,3.758398789738,3.4));
#14397=CARTESIAN_POINT('',(4.684788838228,2.200736002216,3.4));
#14398=CARTESIAN_POINT('',(2.324693705619,2.200736002216,3.4));
#14399=CARTESIAN_POINT('',(4.684788838228,2.200736002216,3.4));
#14400=CARTESIAN_POINT('',(2.324693705619,3.758398789738,3.4));
#14401=CARTESIAN_POINT('',(2.324693705619,2.200736002216,3.4));
#14402=CARTESIAN_POINT('',(4.684788838228,3.758398789738,3.4));
#14403=CARTESIAN_POINT('',(2.324693705619,3.758398789738,3.4));
#14404=CARTESIAN_POINT('',(4.684788838228,3.758398789738,3.4));
#14405=CARTESIAN_POINT('',(0.8730172860481,5.383946451045,3.4));
#14406=CARTESIAN_POINT('',(0.8730172860481,5.383946451045,3.4));
#14407=CARTESIAN_POINT('',(0.9030534983618,5.538946451045,3.4));
#14408=CARTESIAN_POINT('',(0.9030534983618,5.538946451045,3.4));
#14409=CARTESIAN_POINT('',(1.111556734375,5.538946451045,3.4));
#14410=CARTESIAN_POINT('',(1.111556734375,5.538946451045,3.4));
#14411=CARTESIAN_POINT('',(1.175369641726,5.591580657281,3.4));
#14412=CARTESIAN_POINT('Origin',(1.111556734375,5.603946451045,3.4));
#14413=CARTESIAN_POINT('',(1.203926482173,5.738946451045,3.4));
#14414=CARTESIAN_POINT('',(1.203926482173,5.738946451045,3.4));
#14415=CARTESIAN_POINT('',(0.9418099013473,5.738946451045,3.4));
#14416=CARTESIAN_POINT('',(0.9418099013473,5.738946451045,3.4));
#14417=CARTESIAN_POINT('',(0.971846113661,5.893946451045,3.4));
#14418=CARTESIAN_POINT('',(0.971846113661,5.893946451045,3.4));
#14419=CARTESIAN_POINT('',(1.27666956533,5.893946451045,3.4));
#14420=CARTESIAN_POINT('',(1.331410648225,5.582073001598,3.4));
#14421=CARTESIAN_POINT('',(1.331410648225,5.582073001598,3.4));
#14422=CARTESIAN_POINT('',(1.185343925667,5.463946451045,3.4));
#14423=CARTESIAN_POINT('',(1.185343925667,5.463946451045,3.4));
#14424=CARTESIAN_POINT('',(1.283579160061,5.335241590637,3.4));
#14425=CARTESIAN_POINT('',(1.283579160061,5.335241590637,3.4));
#14426=CARTESIAN_POINT('',(1.226441355979,5.040385516901,3.4));
#14427=CARTESIAN_POINT('',(1.226441355979,5.040385516901,3.4));
#14428=CARTESIAN_POINT('',(1.182263189352,5.003946451045,3.4));
#14429=CARTESIAN_POINT('Origin',(1.182263189352,5.048946451045,3.4));
#14430=CARTESIAN_POINT('',(0.2276359449277,5.003946451045,3.4));
#14431=CARTESIAN_POINT('',(0.2276359449277,5.003946451045,3.4));
#14432=CARTESIAN_POINT('',(0.01431679865667,5.434429431065,3.4));
#14433=CARTESIAN_POINT('',(0.01431679865667,5.434429431065,3.4));
#14434=CARTESIAN_POINT('',(-0.07046730931415,5.362476383174,3.4));
#14435=CARTESIAN_POINT('',(-0.07046730931415,5.362476383174,3.4));
#14436=CARTESIAN_POINT('',(-0.1399439619739,5.003946451045,3.4));
#14437=CARTESIAN_POINT('',(-0.1399439619739,5.003946451045,3.4));
#14438=CARTESIAN_POINT('',(-0.2949439619739,5.003946451045,3.4));
#14439=CARTESIAN_POINT('',(-0.2949439619739,5.003946451045,3.4));
#14440=CARTESIAN_POINT('',(-0.1302292492857,5.853946451045,3.4));
#14441=CARTESIAN_POINT('',(-0.1302292492857,5.853946451045,3.4));
#14442=CARTESIAN_POINT('',(-0.3652292492857,5.853946451045,3.4));
#14443=CARTESIAN_POINT('',(-0.3652292492857,5.853946451045,3.4));
#14444=CARTESIAN_POINT('',(-0.6715289673362,5.479854552999,3.4));
#14445=CARTESIAN_POINT('',(-0.6715289673362,5.479854552999,3.4));
#14446=CARTESIAN_POINT('',(-0.3513701636877,5.003946451045,3.4));
#14447=CARTESIAN_POINT('',(-0.3513701636877,5.003946451045,3.4));
#14448=CARTESIAN_POINT('',(-0.5413701636877,5.003946451045,3.4));
#14449=CARTESIAN_POINT('',(-0.5413701636877,5.003946451045,3.4));
#14450=CARTESIAN_POINT('',(-0.7758314000807,5.352467249855,3.4));
#14451=CARTESIAN_POINT('',(-0.7758314000807,5.352467249855,3.4));
#14452=CARTESIAN_POINT('',(-1.061193961974,5.003946451045,3.4));
#14453=CARTESIAN_POINT('',(-1.061193961974,5.003946451045,3.4));
#14454=CARTESIAN_POINT('',(-1.261193961974,5.003946451045,3.4));
#14455=CARTESIAN_POINT('',(-1.261193961974,5.003946451045,3.4));
#14456=CARTESIAN_POINT('',(-0.8660393656129,5.486559147901,3.4));
#14457=CARTESIAN_POINT('',(-0.8660393656129,5.486559147901,3.4));
#14458=CARTESIAN_POINT('',(-1.140102007247,5.893946451045,3.4));
#14459=CARTESIAN_POINT('',(-1.140102007247,5.893946451045,3.4));
#14460=CARTESIAN_POINT('',(-0.9501020072466,5.893946451045,3.4));
#14461=CARTESIAN_POINT('',(-0.9501020072466,5.893946451045,3.4));
#14462=CARTESIAN_POINT('',(-0.7617369328684,5.613946451045,3.4));
#14463=CARTESIAN_POINT('',(-0.7617369328684,5.613946451045,3.4));
#14464=CARTESIAN_POINT('',(-0.5324779686886,5.893946451045,3.4));
#14465=CARTESIAN_POINT('',(-0.5324779686886,5.893946451045,3.4));
#14466=CARTESIAN_POINT('',(0.03252203131139,5.893946451045,3.4));
#14467=CARTESIAN_POINT('',(0.03252203131139,5.893946451045,3.4));
#14468=CARTESIAN_POINT('',(-0.0232294916216,5.606244194704,3.4));
#14469=CARTESIAN_POINT('',(-0.0232294916216,5.606244194704,3.4));
#14470=CARTESIAN_POINT('',(0.3157774007911,5.893946451045,3.4));
#14471=CARTESIAN_POINT('',(0.3157774007911,5.893946451045,3.4));
#14472=CARTESIAN_POINT('',(0.5557774007911,5.893946451045,3.4));
#14473=CARTESIAN_POINT('',(0.5557774007911,5.893946451045,3.4));
#14474=CARTESIAN_POINT('',(0.1360920963992,5.537775494851,3.4));
#14475=CARTESIAN_POINT('',(0.1360920963992,5.537775494851,3.4));
#14476=CARTESIAN_POINT('',(0.3832790717239,5.038946451045,3.4));
#14477=CARTESIAN_POINT('',(0.3832790717239,5.038946451045,3.4));
#14478=CARTESIAN_POINT('',(0.4932790717239,5.038946451045,3.4));
#14479=CARTESIAN_POINT('',(0.4932790717239,5.038946451045,3.4));
#14480=CARTESIAN_POINT('',(0.6589626944867,5.893946451045,3.4));
#14481=CARTESIAN_POINT('',(0.6589626944867,5.893946451045,3.4));
#14482=CARTESIAN_POINT('',(0.8139626944867,5.893946451045,3.4));
#14483=CARTESIAN_POINT('',(0.8139626944867,5.893946451045,3.4));
#14484=CARTESIAN_POINT('',(0.6715329135152,5.158946451045,3.4));
#14485=CARTESIAN_POINT('',(0.6715329135152,5.158946451045,3.4));
#14486=CARTESIAN_POINT('',(1.091532913515,5.158946451045,3.4));
#14487=CARTESIAN_POINT('',(1.091532913515,5.158946451045,3.4));
#14488=CARTESIAN_POINT('',(1.124754721134,5.330385516901,3.4));
#14489=CARTESIAN_POINT('',(-1.307736810648,4.963946451045,3.4));
#14490=CARTESIAN_POINT('',(-1.307736810648,4.943946451045,3.4));
#14491=CARTESIAN_POINT('',(-1.307736810648,4.963946451045,3.4));
#14492=CARTESIAN_POINT('',(1.217263189352,4.963946451045,3.4));
#14493=CARTESIAN_POINT('',(1.217263189352,4.963946451045,3.4));
#14494=CARTESIAN_POINT('',(1.217263189352,4.943946451045,3.4));
#14495=CARTESIAN_POINT('',(1.217263189352,4.943946451045,3.4));
#14496=CARTESIAN_POINT('',(-1.307736810648,4.943946451045,3.4));
#14497=CARTESIAN_POINT('',(-1.289169563541,4.728158688216,3.4));
#14498=CARTESIAN_POINT('',(-1.311669563541,4.728158688216,3.4));
#14499=CARTESIAN_POINT('',(-1.289169563541,4.728158688216,3.4));
#14500=CARTESIAN_POINT('',(-1.27041956533,4.724328901438,3.4));
#14501=CARTESIAN_POINT('',(-1.27041956533,4.724328901438,3.4));
#14502=CARTESIAN_POINT('',(-1.255419568906,4.716669327883,3.4));
#14503=CARTESIAN_POINT('',(-1.255419568906,4.716669327883,3.4));
#14504=CARTESIAN_POINT('',(-1.240419561753,4.701350180773,3.4));
#14505=CARTESIAN_POINT('',(-1.240419561753,4.701350180773,3.4));
#14506=CARTESIAN_POINT('',(-1.232919568906,4.686031028299,3.4));
#14507=CARTESIAN_POINT('',(-1.232919568906,4.686031028299,3.4));
#14508=CARTESIAN_POINT('',(-1.232919568906,4.666882094412,3.4));
#14509=CARTESIAN_POINT('',(-1.232919568906,4.666882094412,3.4));
#14510=CARTESIAN_POINT('',(-1.240419561753,4.651562944619,3.4));
#14511=CARTESIAN_POINT('',(-1.240419561753,4.651562944619,3.4));
#14512=CARTESIAN_POINT('',(-1.255419568906,4.636243796168,3.4));
#14513=CARTESIAN_POINT('',(-1.255419568906,4.636243796168,3.4));
#14514=CARTESIAN_POINT('',(-1.27041956533,4.628584221607,3.4));
#14515=CARTESIAN_POINT('',(-1.27041956533,4.628584221607,3.4));
#14516=CARTESIAN_POINT('',(-1.289169563541,4.624754434495,3.4));
#14517=CARTESIAN_POINT('',(-1.289169563541,4.624754434495,3.4));
#14518=CARTESIAN_POINT('',(-1.319169567118,4.624754434495,3.4));
#14519=CARTESIAN_POINT('',(-1.319169567118,4.624754434495,3.4));
#14520=CARTESIAN_POINT('',(-1.33791956533,4.628584221607,3.4));
#14521=CARTESIAN_POINT('',(-1.33791956533,4.628584221607,3.4));
#14522=CARTESIAN_POINT('',(-1.356669564883,4.640073582946,3.4));
#14523=CARTESIAN_POINT('',(-1.356669564883,4.640073582946,3.4));
#14524=CARTESIAN_POINT('',(-1.367919565218,4.659222520857,3.4));
#14525=CARTESIAN_POINT('',(-1.367919565218,4.659222520857,3.4));
#14526=CARTESIAN_POINT('',(-1.37166956533,4.674541667967,3.4));
#14527=CARTESIAN_POINT('',(-1.37166956533,4.674541667967,3.4));
#14528=CARTESIAN_POINT('',(-1.34916956533,4.674541667967,3.4));
#14529=CARTESIAN_POINT('',(-1.34916956533,4.674541667967,3.4));
#14530=CARTESIAN_POINT('',(-1.345419566224,4.663052307634,3.4));
#14531=CARTESIAN_POINT('',(-1.345419566224,4.663052307634,3.4));
#14532=CARTESIAN_POINT('',(-1.334169566224,4.651562944619,3.4));
#14533=CARTESIAN_POINT('',(-1.334169566224,4.651562944619,3.4));
#14534=CARTESIAN_POINT('',(-1.319169567118,4.647733157842,3.4));
#14535=CARTESIAN_POINT('',(-1.319169567118,4.647733157842,3.4));
#14536=CARTESIAN_POINT('',(-1.289169563541,4.647733157842,3.4));
#14537=CARTESIAN_POINT('',(-1.289169563541,4.647733157842,3.4));
#14538=CARTESIAN_POINT('',(-1.274169561753,4.651562944619,3.4));
#14539=CARTESIAN_POINT('',(-1.274169561753,4.651562944619,3.4));
#14540=CARTESIAN_POINT('',(-1.262919561753,4.659222520857,3.4));
#14541=CARTESIAN_POINT('',(-1.262919561753,4.659222520857,3.4));
#14542=CARTESIAN_POINT('',(-1.255419568906,4.670711881189,3.4));
#14543=CARTESIAN_POINT('',(-1.255419568906,4.670711881189,3.4));
#14544=CARTESIAN_POINT('',(-1.255419568906,4.682201241522,3.4));
#14545=CARTESIAN_POINT('',(-1.255419568906,4.682201241522,3.4));
#14546=CARTESIAN_POINT('',(-1.262919561753,4.693690607218,3.4));
#14547=CARTESIAN_POINT('',(-1.262919561753,4.693690607218,3.4));
#14548=CARTESIAN_POINT('',(-1.274169561753,4.701350180773,3.4));
#14549=CARTESIAN_POINT('',(-1.274169561753,4.701350180773,3.4));
#14550=CARTESIAN_POINT('',(-1.289169563541,4.705179967551,3.4));
#14551=CARTESIAN_POINT('',(-1.289169563541,4.705179967551,3.4));
#14552=CARTESIAN_POINT('',(-1.311669563541,4.705179967551,3.4));
#14553=CARTESIAN_POINT('',(-1.311669563541,4.705179967551,3.4));
#14554=CARTESIAN_POINT('',(-1.32666956533,4.709009754328,3.4));
#14555=CARTESIAN_POINT('',(-1.32666956533,4.709009754328,3.4));
#14556=CARTESIAN_POINT('',(-1.341669564436,4.716669327883,3.4));
#14557=CARTESIAN_POINT('',(-1.341669564436,4.716669327883,3.4));
#14558=CARTESIAN_POINT('',(-1.356669564883,4.731988474993,3.4));
#14559=CARTESIAN_POINT('',(-1.356669564883,4.731988474993,3.4));
#14560=CARTESIAN_POINT('',(-1.36041956533,4.747307622103,3.4));
#14561=CARTESIAN_POINT('',(-1.36041956533,4.747307622103,3.4));
#14562=CARTESIAN_POINT('',(-1.36041956533,4.762626779942,3.4));
#14563=CARTESIAN_POINT('',(-1.36041956533,4.762626779942,3.4));
#14564=CARTESIAN_POINT('',(-1.356669564883,4.777945927052,3.4));
#14565=CARTESIAN_POINT('',(-1.356669564883,4.777945927052,3.4));
#14566=CARTESIAN_POINT('',(-1.341669564436,4.793265074162,3.4));
#14567=CARTESIAN_POINT('',(-1.341669564436,4.793265074162,3.4));
#14568=CARTESIAN_POINT('',(-1.32666956533,4.800924647717,3.4));
#14569=CARTESIAN_POINT('',(-1.32666956533,4.800924647717,3.4));
#14570=CARTESIAN_POINT('',(-1.311669563541,4.804754434495,3.4));
#14571=CARTESIAN_POINT('',(-1.311669563541,4.804754434495,3.4));
#14572=CARTESIAN_POINT('',(-1.29291956533,4.804754434495,3.4));
#14573=CARTESIAN_POINT('',(-1.29291956533,4.804754434495,3.4));
#14574=CARTESIAN_POINT('',(-1.274169561753,4.800924647717,3.4));
#14575=CARTESIAN_POINT('',(-1.274169561753,4.800924647717,3.4));
#14576=CARTESIAN_POINT('',(-1.25916956533,4.789435287385,3.4));
#14577=CARTESIAN_POINT('',(-1.25916956533,4.789435287385,3.4));
#14578=CARTESIAN_POINT('',(-1.24791956533,4.774116140275,3.4));
#14579=CARTESIAN_POINT('',(-1.24791956533,4.774116140275,3.4));
#14580=CARTESIAN_POINT('',(-1.244169568906,4.762626779942,3.4));
#14581=CARTESIAN_POINT('',(-1.244169568906,4.762626779942,3.4));
#14582=CARTESIAN_POINT('',(-1.266669568906,4.762626779942,3.4));
#14583=CARTESIAN_POINT('',(-1.266669568906,4.762626779942,3.4));
#14584=CARTESIAN_POINT('',(-1.27041956533,4.770286353497,3.4));
#14585=CARTESIAN_POINT('',(-1.27041956533,4.770286353497,3.4));
#14586=CARTESIAN_POINT('',(-1.277919568906,4.777945927052,3.4));
#14587=CARTESIAN_POINT('',(-1.277919568906,4.777945927052,3.4));
#14588=CARTESIAN_POINT('',(-1.289169563541,4.78177571383,3.4));
#14589=CARTESIAN_POINT('',(-1.289169563541,4.78177571383,3.4));
#14590=CARTESIAN_POINT('',(-1.311669563541,4.78177571383,3.4));
#14591=CARTESIAN_POINT('',(-1.311669563541,4.78177571383,3.4));
#14592=CARTESIAN_POINT('',(-1.322919563541,4.777945927052,3.4));
#14593=CARTESIAN_POINT('',(-1.322919563541,4.777945927052,3.4));
#14594=CARTESIAN_POINT('',(-1.334169566224,4.770286353497,3.4));
#14595=CARTESIAN_POINT('',(-1.334169566224,4.770286353497,3.4));
#14596=CARTESIAN_POINT('',(-1.33791956533,4.758796982436,3.4));
#14597=CARTESIAN_POINT('',(-1.33791956533,4.758796982436,3.4));
#14598=CARTESIAN_POINT('',(-1.33791956533,4.751137408881,3.4));
#14599=CARTESIAN_POINT('',(-1.33791956533,4.751137408881,3.4));
#14600=CARTESIAN_POINT('',(-1.334169566224,4.739648048548,3.4));
#14601=CARTESIAN_POINT('',(-1.334169566224,4.739648048548,3.4));
#14602=CARTESIAN_POINT('',(-1.322919563541,4.731988474993,3.4));
#14603=CARTESIAN_POINT('',(-1.322919563541,4.731988474993,3.4));
#14604=CARTESIAN_POINT('',(-1.311669563541,4.728158688216,3.4));
#14605=CARTESIAN_POINT('',(-1.18041956533,4.804754434495,3.4));
#14606=CARTESIAN_POINT('',(-1.20291956533,4.804754434495,3.4));
#14607=CARTESIAN_POINT('',(-1.18041956533,4.804754434495,3.4));
#14608=CARTESIAN_POINT('',(-1.15791956533,4.666882094412,3.4));
#14609=CARTESIAN_POINT('',(-1.15791956533,4.666882094412,3.4));
#14610=CARTESIAN_POINT('',(-1.127919572482,4.804754434495,3.4));
#14611=CARTESIAN_POINT('',(-1.127919572482,4.804754434495,3.4));
#14612=CARTESIAN_POINT('',(-1.097919558177,4.804754434495,3.4));
#14613=CARTESIAN_POINT('',(-1.097919558177,4.804754434495,3.4));
#14614=CARTESIAN_POINT('',(-1.06791956533,4.666882094412,3.4));
#14615=CARTESIAN_POINT('',(-1.06791956533,4.666882094412,3.4));
#14616=CARTESIAN_POINT('',(-1.04541956533,4.804754434495,3.4));
#14617=CARTESIAN_POINT('',(-1.04541956533,4.804754434495,3.4));
#14618=CARTESIAN_POINT('',(-1.02291956533,4.804754434495,3.4));
#14619=CARTESIAN_POINT('',(-1.02291956533,4.804754434495,3.4));
#14620=CARTESIAN_POINT('',(-1.052919558177,4.624754434495,3.4));
#14621=CARTESIAN_POINT('',(-1.052919558177,4.624754434495,3.4));
#14622=CARTESIAN_POINT('',(-1.082919572482,4.624754434495,3.4));
#14623=CARTESIAN_POINT('',(-1.082919572482,4.624754434495,3.4));
#14624=CARTESIAN_POINT('',(-1.11291956533,4.770286353497,3.4));
#14625=CARTESIAN_POINT('',(-1.11291956533,4.770286353497,3.4));
#14626=CARTESIAN_POINT('',(-1.142919558177,4.624754434495,3.4));
#14627=CARTESIAN_POINT('',(-1.142919558177,4.624754434495,3.4));
#14628=CARTESIAN_POINT('',(-1.172919572482,4.624754434495,3.4));
#14629=CARTESIAN_POINT('',(-1.172919572482,4.624754434495,3.4));
#14630=CARTESIAN_POINT('',(-1.20291956533,4.804754434495,3.4));
#14631=CARTESIAN_POINT('',(-0.9704195510245,4.804754434495,3.4));
#14632=CARTESIAN_POINT('',(-0.9929195510245,4.804754434495,3.4));
#14633=CARTESIAN_POINT('',(-0.9704195510245,4.804754434495,3.4));
#14634=CARTESIAN_POINT('',(-0.9704195510245,4.624754434495,3.4));
#14635=CARTESIAN_POINT('',(-0.9704195510245,4.624754434495,3.4));
#14636=CARTESIAN_POINT('',(-0.9929195510245,4.624754434495,3.4));
#14637=CARTESIAN_POINT('',(-0.9929195510245,4.624754434495,3.4));
#14638=CARTESIAN_POINT('',(-0.9929195510245,4.804754434495,3.4));
#14639=CARTESIAN_POINT('',(-0.8804195510245,4.624754434495,3.4));
#14640=CARTESIAN_POINT('',(-0.8579195510245,4.624754434495,3.4));
#14641=CARTESIAN_POINT('',(-0.8804195510245,4.624754434495,3.4));
#14642=CARTESIAN_POINT('',(-0.8804195510245,4.785605500607,3.4));
#14643=CARTESIAN_POINT('',(-0.8804195510245,4.785605500607,3.4));
#14644=CARTESIAN_POINT('',(-0.9404195796347,4.785605500607,3.4));
#14645=CARTESIAN_POINT('',(-0.9404195796347,4.785605500607,3.4));
#14646=CARTESIAN_POINT('',(-0.9404195796347,4.804754434495,3.4));
#14647=CARTESIAN_POINT('',(-0.9404195796347,4.804754434495,3.4));
#14648=CARTESIAN_POINT('',(-0.7979195653296,4.804754434495,3.4));
#14649=CARTESIAN_POINT('',(-0.7979195653296,4.804754434495,3.4));
#14650=CARTESIAN_POINT('',(-0.7979195653296,4.785605500607,3.4));
#14651=CARTESIAN_POINT('',(-0.7979195653296,4.785605500607,3.4));
#14652=CARTESIAN_POINT('',(-0.8579195510245,4.785605500607,3.4));
#14653=CARTESIAN_POINT('',(-0.8579195510245,4.785605500607,3.4));
#14654=CARTESIAN_POINT('',(-0.8579195510245,4.624754434495,3.4));
#14655=CARTESIAN_POINT('',(-0.7416695653296,4.670711881189,3.4));
#14656=CARTESIAN_POINT('',(-0.7454195510245,4.686031028299,3.4));
#14657=CARTESIAN_POINT('',(-0.7416695653296,4.670711881189,3.4));
#14658=CARTESIAN_POINT('',(-0.7341695510245,4.659222520857,3.4));
#14659=CARTESIAN_POINT('',(-0.7341695510245,4.659222520857,3.4));
#14660=CARTESIAN_POINT('',(-0.7229195510245,4.651562944619,3.4));
#14661=CARTESIAN_POINT('',(-0.7229195510245,4.651562944619,3.4));
#14662=CARTESIAN_POINT('',(-0.7079195653296,4.647733157842,3.4));
#14663=CARTESIAN_POINT('',(-0.7079195653296,4.647733157842,3.4));
#14664=CARTESIAN_POINT('',(-0.6741695653296,4.647733157842,3.4));
#14665=CARTESIAN_POINT('',(-0.6741695653296,4.647733157842,3.4));
#14666=CARTESIAN_POINT('',(-0.6591695796347,4.651562944619,3.4));
#14667=CARTESIAN_POINT('',(-0.6591695796347,4.651562944619,3.4));
#14668=CARTESIAN_POINT('',(-0.6479195367194,4.659222520857,3.4));
#14669=CARTESIAN_POINT('',(-0.6479195367194,4.659222520857,3.4));
#14670=CARTESIAN_POINT('',(-0.6441695939398,4.670711881189,3.4));
#14671=CARTESIAN_POINT('',(-0.6441695939398,4.670711881189,3.4));
#14672=CARTESIAN_POINT('',(-0.6216695939398,4.670711881189,3.4));
#14673=CARTESIAN_POINT('',(-0.6216695939398,4.670711881189,3.4));
#14674=CARTESIAN_POINT('',(-0.6254195367194,4.651562944619,3.4));
#14675=CARTESIAN_POINT('',(-0.6254195367194,4.651562944619,3.4));
#14676=CARTESIAN_POINT('',(-0.6404195653296,4.636243796168,3.4));
#14677=CARTESIAN_POINT('',(-0.6404195653296,4.636243796168,3.4));
#14678=CARTESIAN_POINT('',(-0.6554195510245,4.628584221607,3.4));
#14679=CARTESIAN_POINT('',(-0.6554195510245,4.628584221607,3.4));
#14680=CARTESIAN_POINT('',(-0.6741695653296,4.624754434495,3.4));
#14681=CARTESIAN_POINT('',(-0.6741695653296,4.624754434495,3.4));
#14682=CARTESIAN_POINT('',(-0.7079195653296,4.624754434495,3.4));
#14683=CARTESIAN_POINT('',(-0.7079195653296,4.624754434495,3.4));
#14684=CARTESIAN_POINT('',(-0.7266695796347,4.628584221607,3.4));
#14685=CARTESIAN_POINT('',(-0.7266695796347,4.628584221607,3.4));
#14686=CARTESIAN_POINT('',(-0.7416695653296,4.636243796168,3.4));
#14687=CARTESIAN_POINT('',(-0.7416695653296,4.636243796168,3.4));
#14688=CARTESIAN_POINT('',(-0.7566695510245,4.651562944619,3.4));
#14689=CARTESIAN_POINT('',(-0.7566695510245,4.651562944619,3.4));
#14690=CARTESIAN_POINT('',(-0.7641695653296,4.666882094412,3.4));
#14691=CARTESIAN_POINT('',(-0.7641695653296,4.666882094412,3.4));
#14692=CARTESIAN_POINT('',(-0.7679195510245,4.686031028299,3.4));
#14693=CARTESIAN_POINT('',(-0.7679195510245,4.686031028299,3.4));
#14694=CARTESIAN_POINT('',(-0.7679195510245,4.743477835326,3.4));
#14695=CARTESIAN_POINT('',(-0.7679195510245,4.743477835326,3.4));
#14696=CARTESIAN_POINT('',(-0.7641695653296,4.762626779942,3.4));
#14697=CARTESIAN_POINT('',(-0.7641695653296,4.762626779942,3.4));
#14698=CARTESIAN_POINT('',(-0.7566695510245,4.777945927052,3.4));
#14699=CARTESIAN_POINT('',(-0.7566695510245,4.777945927052,3.4));
#14700=CARTESIAN_POINT('',(-0.7416695653296,4.793265074162,3.4));
#14701=CARTESIAN_POINT('',(-0.7416695653296,4.793265074162,3.4));
#14702=CARTESIAN_POINT('',(-0.7266695796347,4.800924647717,3.4));
#14703=CARTESIAN_POINT('',(-0.7266695796347,4.800924647717,3.4));
#14704=CARTESIAN_POINT('',(-0.7079195653296,4.804754434495,3.4));
#14705=CARTESIAN_POINT('',(-0.7079195653296,4.804754434495,3.4));
#14706=CARTESIAN_POINT('',(-0.6741695653296,4.804754434495,3.4));
#14707=CARTESIAN_POINT('',(-0.6741695653296,4.804754434495,3.4));
#14708=CARTESIAN_POINT('',(-0.6554195510245,4.800924647717,3.4));
#14709=CARTESIAN_POINT('',(-0.6554195510245,4.800924647717,3.4));
#14710=CARTESIAN_POINT('',(-0.6404195653296,4.793265074162,3.4));
#14711=CARTESIAN_POINT('',(-0.6404195653296,4.793265074162,3.4));
#14712=CARTESIAN_POINT('',(-0.6254195367194,4.777945927052,3.4));
#14713=CARTESIAN_POINT('',(-0.6254195367194,4.777945927052,3.4));
#14714=CARTESIAN_POINT('',(-0.6216695939398,4.758796982436,3.4));
#14715=CARTESIAN_POINT('',(-0.6216695939398,4.758796982436,3.4));
#14716=CARTESIAN_POINT('',(-0.6441695939398,4.758796982436,3.4));
#14717=CARTESIAN_POINT('',(-0.6441695939398,4.758796982436,3.4));
#14718=CARTESIAN_POINT('',(-0.6479195367194,4.770286353497,3.4));
#14719=CARTESIAN_POINT('',(-0.6479195367194,4.770286353497,3.4));
#14720=CARTESIAN_POINT('',(-0.6591695796347,4.777945927052,3.4));
#14721=CARTESIAN_POINT('',(-0.6591695796347,4.777945927052,3.4));
#14722=CARTESIAN_POINT('',(-0.6741695653296,4.78177571383,3.4));
#14723=CARTESIAN_POINT('',(-0.6741695653296,4.78177571383,3.4));
#14724=CARTESIAN_POINT('',(-0.7079195653296,4.78177571383,3.4));
#14725=CARTESIAN_POINT('',(-0.7079195653296,4.78177571383,3.4));
#14726=CARTESIAN_POINT('',(-0.7229195510245,4.777945927052,3.4));
#14727=CARTESIAN_POINT('',(-0.7229195510245,4.777945927052,3.4));
#14728=CARTESIAN_POINT('',(-0.7341695510245,4.770286353497,3.4));
#14729=CARTESIAN_POINT('',(-0.7341695510245,4.770286353497,3.4));
#14730=CARTESIAN_POINT('',(-0.7416695653296,4.758796982436,3.4));
#14731=CARTESIAN_POINT('',(-0.7416695653296,4.758796982436,3.4));
#14732=CARTESIAN_POINT('',(-0.7454195510245,4.743477835326,3.4));
#14733=CARTESIAN_POINT('',(-0.7454195510245,4.743477835326,3.4));
#14734=CARTESIAN_POINT('',(-0.7454195510245,4.686031028299,3.4));
#14735=CARTESIAN_POINT('',(-0.5691695367194,4.804754434495,3.4));
#14736=CARTESIAN_POINT('',(-0.5916695367194,4.804754434495,3.4));
#14737=CARTESIAN_POINT('',(-0.5691695367194,4.804754434495,3.4));
#14738=CARTESIAN_POINT('',(-0.5691695367194,4.731988474993,3.4));
#14739=CARTESIAN_POINT('',(-0.5691695367194,4.731988474993,3.4));
#14740=CARTESIAN_POINT('',(-0.4641695939398,4.731988474993,3.4));
#14741=CARTESIAN_POINT('',(-0.4641695939398,4.731988474993,3.4));
#14742=CARTESIAN_POINT('',(-0.4641695939398,4.804754434495,3.4));
#14743=CARTESIAN_POINT('',(-0.4641695939398,4.804754434495,3.4));
#14744=CARTESIAN_POINT('',(-0.4416695939398,4.804754434495,3.4));
#14745=CARTESIAN_POINT('',(-0.4416695939398,4.804754434495,3.4));
#14746=CARTESIAN_POINT('',(-0.4416695939398,4.624754434495,3.4));
#14747=CARTESIAN_POINT('',(-0.4416695939398,4.624754434495,3.4));
#14748=CARTESIAN_POINT('',(-0.4641695939398,4.624754434495,3.4));
#14749=CARTESIAN_POINT('',(-0.4641695939398,4.624754434495,3.4));
#14750=CARTESIAN_POINT('',(-0.4641695939398,4.709009754328,3.4));
#14751=CARTESIAN_POINT('',(-0.4641695939398,4.709009754328,3.4));
#14752=CARTESIAN_POINT('',(-0.5691695367194,4.709009754328,3.4));
#14753=CARTESIAN_POINT('',(-0.5691695367194,4.709009754328,3.4));
#14754=CARTESIAN_POINT('',(-0.5691695367194,4.624754434495,3.4));
#14755=CARTESIAN_POINT('',(-0.5691695367194,4.624754434495,3.4));
#14756=CARTESIAN_POINT('',(-0.5916695367194,4.624754434495,3.4));
#14757=CARTESIAN_POINT('',(-0.5916695367194,4.624754434495,3.4));
#14758=CARTESIAN_POINT('',(-0.5916695367194,4.804754434495,3.4));
#14759=CARTESIAN_POINT('',(-0.2054195939398,4.670711881189,3.4));
#14760=CARTESIAN_POINT('',(-0.2091695367194,4.686031028299,3.4));
#14761=CARTESIAN_POINT('',(-0.2054195939398,4.670711881189,3.4));
#14762=CARTESIAN_POINT('',(-0.1979195367194,4.659222520857,3.4));
#14763=CARTESIAN_POINT('',(-0.1979195367194,4.659222520857,3.4));
#14764=CARTESIAN_POINT('',(-0.1866695367194,4.651562944619,3.4));
#14765=CARTESIAN_POINT('',(-0.1866695367194,4.651562944619,3.4));
#14766=CARTESIAN_POINT('',(-0.1716695939398,4.647733157842,3.4));
#14767=CARTESIAN_POINT('',(-0.1716695939398,4.647733157842,3.4));
#14768=CARTESIAN_POINT('',(-0.1379195939398,4.647733157842,3.4));
#14769=CARTESIAN_POINT('',(-0.1379195939398,4.647733157842,3.4));
#14770=CARTESIAN_POINT('',(-0.1229195653296,4.651562944619,3.4));
#14771=CARTESIAN_POINT('',(-0.1229195653296,4.651562944619,3.4));
#14772=CARTESIAN_POINT('',(-0.1116695653296,4.659222520857,3.4));
#14773=CARTESIAN_POINT('',(-0.1116695653296,4.659222520857,3.4));
#14774=CARTESIAN_POINT('',(-0.1079195367194,4.670711881189,3.4));
#14775=CARTESIAN_POINT('',(-0.1079195367194,4.670711881189,3.4));
#14776=CARTESIAN_POINT('',(-0.08541953671936,4.670711881189,3.4));
#14777=CARTESIAN_POINT('',(-0.08541953671936,4.670711881189,3.4));
#14778=CARTESIAN_POINT('',(-0.08916956532959,4.651562944619,3.4));
#14779=CARTESIAN_POINT('',(-0.08916956532959,4.651562944619,3.4));
#14780=CARTESIAN_POINT('',(-0.1041695939398,4.636243796168,3.4));
#14781=CARTESIAN_POINT('',(-0.1041695939398,4.636243796168,3.4));
#14782=CARTESIAN_POINT('',(-0.1191695367194,4.628584221607,3.4));
#14783=CARTESIAN_POINT('',(-0.1191695367194,4.628584221607,3.4));
#14784=CARTESIAN_POINT('',(-0.1379195939398,4.624754434495,3.4));
#14785=CARTESIAN_POINT('',(-0.1379195939398,4.624754434495,3.4));
#14786=CARTESIAN_POINT('',(-0.1716695939398,4.624754434495,3.4));
#14787=CARTESIAN_POINT('',(-0.1716695939398,4.624754434495,3.4));
#14788=CARTESIAN_POINT('',(-0.1904195653296,4.628584221607,3.4));
#14789=CARTESIAN_POINT('',(-0.1904195653296,4.628584221607,3.4));
#14790=CARTESIAN_POINT('',(-0.2054195939398,4.636243796168,3.4));
#14791=CARTESIAN_POINT('',(-0.2054195939398,4.636243796168,3.4));
#14792=CARTESIAN_POINT('',(-0.2204195367194,4.651562944619,3.4));
#14793=CARTESIAN_POINT('',(-0.2204195367194,4.651562944619,3.4));
#14794=CARTESIAN_POINT('',(-0.2279195939398,4.666882094412,3.4));
#14795=CARTESIAN_POINT('',(-0.2279195939398,4.666882094412,3.4));
#14796=CARTESIAN_POINT('',(-0.2316695367194,4.686031028299,3.4));
#14797=CARTESIAN_POINT('',(-0.2316695367194,4.686031028299,3.4));
#14798=CARTESIAN_POINT('',(-0.2316695367194,4.743477835326,3.4));
#14799=CARTESIAN_POINT('',(-0.2316695367194,4.743477835326,3.4));
#14800=CARTESIAN_POINT('',(-0.2279195939398,4.762626779942,3.4));
#14801=CARTESIAN_POINT('',(-0.2279195939398,4.762626779942,3.4));
#14802=CARTESIAN_POINT('',(-0.2204195367194,4.777945927052,3.4));
#14803=CARTESIAN_POINT('',(-0.2204195367194,4.777945927052,3.4));
#14804=CARTESIAN_POINT('',(-0.2054195939398,4.793265074162,3.4));
#14805=CARTESIAN_POINT('',(-0.2054195939398,4.793265074162,3.4));
#14806=CARTESIAN_POINT('',(-0.1904195653296,4.800924647717,3.4));
#14807=CARTESIAN_POINT('',(-0.1904195653296,4.800924647717,3.4));
#14808=CARTESIAN_POINT('',(-0.1716695939398,4.804754434495,3.4));
#14809=CARTESIAN_POINT('',(-0.1716695939398,4.804754434495,3.4));
#14810=CARTESIAN_POINT('',(-0.1379195939398,4.804754434495,3.4));
#14811=CARTESIAN_POINT('',(-0.1379195939398,4.804754434495,3.4));
#14812=CARTESIAN_POINT('',(-0.1191695367194,4.800924647717,3.4));
#14813=CARTESIAN_POINT('',(-0.1191695367194,4.800924647717,3.4));
#14814=CARTESIAN_POINT('',(-0.1041695939398,4.793265074162,3.4));
#14815=CARTESIAN_POINT('',(-0.1041695939398,4.793265074162,3.4));
#14816=CARTESIAN_POINT('',(-0.08916956532959,4.777945927052,3.4));
#14817=CARTESIAN_POINT('',(-0.08916956532959,4.777945927052,3.4));
#14818=CARTESIAN_POINT('',(-0.08541953671936,4.758796982436,3.4));
#14819=CARTESIAN_POINT('',(-0.08541953671936,4.758796982436,3.4));
#14820=CARTESIAN_POINT('',(-0.1079195367194,4.758796982436,3.4));
#14821=CARTESIAN_POINT('',(-0.1079195367194,4.758796982436,3.4));
#14822=CARTESIAN_POINT('',(-0.1116695653296,4.770286353497,3.4));
#14823=CARTESIAN_POINT('',(-0.1116695653296,4.770286353497,3.4));
#14824=CARTESIAN_POINT('',(-0.1229195653296,4.777945927052,3.4));
#14825=CARTESIAN_POINT('',(-0.1229195653296,4.777945927052,3.4));
#14826=CARTESIAN_POINT('',(-0.1379195939398,4.78177571383,3.4));
#14827=CARTESIAN_POINT('',(-0.1379195939398,4.78177571383,3.4));
#14828=CARTESIAN_POINT('',(-0.1716695939398,4.78177571383,3.4));
#14829=CARTESIAN_POINT('',(-0.1716695939398,4.78177571383,3.4));
#14830=CARTESIAN_POINT('',(-0.1866695367194,4.777945927052,3.4));
#14831=CARTESIAN_POINT('',(-0.1866695367194,4.777945927052,3.4));
#14832=CARTESIAN_POINT('',(-0.1979195367194,4.770286353497,3.4));
#14833=CARTESIAN_POINT('',(-0.1979195367194,4.770286353497,3.4));
#14834=CARTESIAN_POINT('',(-0.2054195939398,4.758796982436,3.4));
#14835=CARTESIAN_POINT('',(-0.2054195939398,4.758796982436,3.4));
#14836=CARTESIAN_POINT('',(-0.2091695367194,4.743477835326,3.4));
#14837=CARTESIAN_POINT('',(-0.2091695367194,4.743477835326,3.4));
#14838=CARTESIAN_POINT('',(-0.2091695367194,4.686031028299,3.4));
#14839=CARTESIAN_POINT('',(0.09083043467041,4.666882094412,3.4));
#14840=CARTESIAN_POINT('',(0.09458037744996,4.686031028299,3.4));
#14841=CARTESIAN_POINT('',(0.09083043467041,4.666882094412,3.4));
#14842=CARTESIAN_POINT('',(0.08333037744996,4.651562944619,3.4));
#14843=CARTESIAN_POINT('',(0.08333037744996,4.651562944619,3.4));
#14844=CARTESIAN_POINT('',(0.06833043467041,4.636243796168,3.4));
#14845=CARTESIAN_POINT('',(0.06833043467041,4.636243796168,3.4));
#14846=CARTESIAN_POINT('',(0.05333040606019,4.628584221607,3.4));
#14847=CARTESIAN_POINT('',(0.05333040606019,4.628584221607,3.4));
#14848=CARTESIAN_POINT('',(0.03458043467041,4.624754434495,3.4));
#14849=CARTESIAN_POINT('',(0.03458043467041,4.624754434495,3.4));
#14850=CARTESIAN_POINT('',(0.004580463280644,4.624754434495,3.4));
#14851=CARTESIAN_POINT('',(0.004580463280644,4.624754434495,3.4));
#14852=CARTESIAN_POINT('',(-0.01416959393981,4.628584221607,3.4));
#14853=CARTESIAN_POINT('',(-0.01416959393981,4.628584221607,3.4));
#14854=CARTESIAN_POINT('',(-0.02916953671936,4.636243796168,3.4));
#14855=CARTESIAN_POINT('',(-0.02916953671936,4.636243796168,3.4));
#14856=CARTESIAN_POINT('',(-0.04416956532959,4.651562944619,3.4));
#14857=CARTESIAN_POINT('',(-0.04416956532959,4.651562944619,3.4));
#14858=CARTESIAN_POINT('',(-0.05166953671936,4.666882094412,3.4));
#14859=CARTESIAN_POINT('',(-0.05166953671936,4.666882094412,3.4));
#14860=CARTESIAN_POINT('',(-0.05541956532959,4.686031028299,3.4));
#14861=CARTESIAN_POINT('',(-0.05541956532959,4.686031028299,3.4));
#14862=CARTESIAN_POINT('',(-0.05541956532959,4.743477835326,3.4));
#14863=CARTESIAN_POINT('',(-0.05541956532959,4.743477835326,3.4));
#14864=CARTESIAN_POINT('',(-0.05166953671936,4.762626779942,3.4));
#14865=CARTESIAN_POINT('',(-0.05166953671936,4.762626779942,3.4));
#14866=CARTESIAN_POINT('',(-0.04416956532959,4.777945927052,3.4));
#14867=CARTESIAN_POINT('',(-0.04416956532959,4.777945927052,3.4));
#14868=CARTESIAN_POINT('',(-0.02916953671936,4.793265074162,3.4));
#14869=CARTESIAN_POINT('',(-0.02916953671936,4.793265074162,3.4));
#14870=CARTESIAN_POINT('',(-0.01416959393982,4.800924647717,3.4));
#14871=CARTESIAN_POINT('',(-0.01416959393982,4.800924647717,3.4));
#14872=CARTESIAN_POINT('',(0.004580463280644,4.804754434495,3.4));
#14873=CARTESIAN_POINT('',(0.004580463280644,4.804754434495,3.4));
#14874=CARTESIAN_POINT('',(0.03458043467041,4.804754434495,3.4));
#14875=CARTESIAN_POINT('',(0.03458043467041,4.804754434495,3.4));
#14876=CARTESIAN_POINT('',(0.05333040606018,4.800924647717,3.4));
#14877=CARTESIAN_POINT('',(0.08333037744996,4.777945927052,3.4));
#14878=CARTESIAN_POINT('',(0.08333037744996,4.777945927052,3.4));
#14879=CARTESIAN_POINT('',(0.09083043467041,4.762626779942,3.4));
#14880=CARTESIAN_POINT('',(0.09083043467041,4.762626779942,3.4));
#14881=CARTESIAN_POINT('',(0.09458037744996,4.743477835326,3.4));
#14882=CARTESIAN_POINT('',(0.09458037744996,4.743477835326,3.4));
#14883=CARTESIAN_POINT('',(0.09458037744996,4.686031028299,3.4));
#14884=CARTESIAN_POINT('',(0.1583304346704,4.804754434495,3.4));
#14885=CARTESIAN_POINT('',(0.1245804346704,4.804754434495,3.4));
#14886=CARTESIAN_POINT('',(0.1583304346704,4.804754434495,3.4));
#14887=CARTESIAN_POINT('',(0.25208037745,4.651562944619,3.4));
#14888=CARTESIAN_POINT('',(0.25208037745,4.651562944619,3.4));
#14889=CARTESIAN_POINT('',(0.25208037745,4.804754434495,3.4));
#14890=CARTESIAN_POINT('',(0.25208037745,4.804754434495,3.4));
#14891=CARTESIAN_POINT('',(0.27458037745,4.804754434495,3.4));
#14892=CARTESIAN_POINT('',(0.27458037745,4.804754434495,3.4));
#14893=CARTESIAN_POINT('',(0.27458037745,4.624754434495,3.4));
#14894=CARTESIAN_POINT('',(0.27458037745,4.624754434495,3.4));
#14895=CARTESIAN_POINT('',(0.24083037745,4.624754434495,3.4));
#14896=CARTESIAN_POINT('',(0.24083037745,4.624754434495,3.4));
#14897=CARTESIAN_POINT('',(0.1470804346704,4.78177571383,3.4));
#14898=CARTESIAN_POINT('',(0.1470804346704,4.78177571383,3.4));
#14899=CARTESIAN_POINT('',(0.1470804346704,4.624754434495,3.4));
#14900=CARTESIAN_POINT('',(0.1470804346704,4.624754434495,3.4));
#14901=CARTESIAN_POINT('',(0.1245804346704,4.624754434495,3.4));
#14902=CARTESIAN_POINT('',(0.1245804346704,4.624754434495,3.4));
#14903=CARTESIAN_POINT('',(0.1245804346704,4.804754434495,3.4));
#14904=CARTESIAN_POINT('',(0.3383304346704,4.804754434495,3.4));
#14905=CARTESIAN_POINT('',(0.3045804346704,4.804754434495,3.4));
#14906=CARTESIAN_POINT('',(0.3383304346704,4.804754434495,3.4));
#14907=CARTESIAN_POINT('',(0.43208037745,4.651562944619,3.4));
#14908=CARTESIAN_POINT('',(0.43208037745,4.651562944619,3.4));
#14909=CARTESIAN_POINT('',(0.43208037745,4.804754434495,3.4));
#14910=CARTESIAN_POINT('',(0.43208037745,4.804754434495,3.4));
#14911=CARTESIAN_POINT('',(0.45458037745,4.804754434495,3.4));
#14912=CARTESIAN_POINT('',(0.45458037745,4.804754434495,3.4));
#14913=CARTESIAN_POINT('',(0.45458037745,4.624754434495,3.4));
#14914=CARTESIAN_POINT('',(0.45458037745,4.624754434495,3.4));
#14915=CARTESIAN_POINT('',(0.42083037745,4.624754434495,3.4));
#14916=CARTESIAN_POINT('',(0.42083037745,4.624754434495,3.4));
#14917=CARTESIAN_POINT('',(0.3270804346704,4.78177571383,3.4));
#14918=CARTESIAN_POINT('',(0.3270804346704,4.78177571383,3.4));
#14919=CARTESIAN_POINT('',(0.3270804346704,4.624754434495,3.4));
#14920=CARTESIAN_POINT('',(0.3270804346704,4.624754434495,3.4));
#14921=CARTESIAN_POINT('',(0.3045804346704,4.624754434495,3.4));
#14922=CARTESIAN_POINT('',(0.3045804346704,4.624754434495,3.4));
#14923=CARTESIAN_POINT('',(0.3045804346704,4.804754434495,3.4));
#14924=CARTESIAN_POINT('',(0.6195804346704,4.647733157842,3.4));
#14925=CARTESIAN_POINT('',(0.5070804346704,4.647733157842,3.4));
#14926=CARTESIAN_POINT('',(0.6195804346704,4.647733157842,3.4));
#14927=CARTESIAN_POINT('',(0.6195804346704,4.624754434495,3.4));
#14928=CARTESIAN_POINT('',(0.6195804346704,4.624754434495,3.4));
#14929=CARTESIAN_POINT('',(0.4845804346704,4.624754434495,3.4));
#14930=CARTESIAN_POINT('',(0.4845804346704,4.624754434495,3.4));
#14931=CARTESIAN_POINT('',(0.4845804346704,4.804754434495,3.4));
#14932=CARTESIAN_POINT('',(0.4845804346704,4.804754434495,3.4));
#14933=CARTESIAN_POINT('',(0.6195804346704,4.804754434495,3.4));
#14934=CARTESIAN_POINT('',(0.6195804346704,4.804754434495,3.4));
#14935=CARTESIAN_POINT('',(0.6195804346704,4.78177571383,3.4));
#14936=CARTESIAN_POINT('',(0.6195804346704,4.78177571383,3.4));
#14937=CARTESIAN_POINT('',(0.5070804346704,4.78177571383,3.4));
#14938=CARTESIAN_POINT('',(0.5070804346704,4.78177571383,3.4));
#14939=CARTESIAN_POINT('',(0.5070804346704,4.731988474993,3.4));
#14940=CARTESIAN_POINT('',(0.5070804346704,4.731988474993,3.4));
#14941=CARTESIAN_POINT('',(0.6045804918909,4.731988474993,3.4));
#14942=CARTESIAN_POINT('',(0.6045804918909,4.731988474993,3.4));
#14943=CARTESIAN_POINT('',(0.6045804918909,4.709009754328,3.4));
#14944=CARTESIAN_POINT('',(0.6045804918909,4.709009754328,3.4));
#14945=CARTESIAN_POINT('',(0.5070804346704,4.709009754328,3.4));
#14946=CARTESIAN_POINT('',(0.5070804346704,4.709009754328,3.4));
#14947=CARTESIAN_POINT('',(0.5070804346704,4.647733157842,3.4));
#14948=CARTESIAN_POINT('',(0.6758304346704,4.670711881189,3.4));
#14949=CARTESIAN_POINT('',(0.6720804918909,4.686031028299,3.4));
#14950=CARTESIAN_POINT('',(0.6758304346704,4.670711881189,3.4));
#14951=CARTESIAN_POINT('',(0.6833304918909,4.659222520857,3.4));
#14952=CARTESIAN_POINT('',(0.6833304918909,4.659222520857,3.4));
#14953=CARTESIAN_POINT('',(0.6945804918909,4.651562944619,3.4));
#14954=CARTESIAN_POINT('',(0.6945804918909,4.651562944619,3.4));
#14955=CARTESIAN_POINT('',(0.7095804346704,4.647733157842,3.4));
#14956=CARTESIAN_POINT('',(0.7095804346704,4.647733157842,3.4));
#14957=CARTESIAN_POINT('',(0.7433304346704,4.647733157842,3.4));
#14958=CARTESIAN_POINT('',(0.7433304346704,4.647733157842,3.4));
#14959=CARTESIAN_POINT('',(0.75833037745,4.651562944619,3.4));
#14960=CARTESIAN_POINT('',(0.75833037745,4.651562944619,3.4));
#14961=CARTESIAN_POINT('',(0.76958037745,4.659222520857,3.4));
#14962=CARTESIAN_POINT('',(0.76958037745,4.659222520857,3.4));
#14963=CARTESIAN_POINT('',(0.7733304918909,4.670711881189,3.4));
#14964=CARTESIAN_POINT('',(0.7733304918909,4.670711881189,3.4));
#14965=CARTESIAN_POINT('',(0.7958304918909,4.670711881189,3.4));
#14966=CARTESIAN_POINT('',(0.7958304918909,4.670711881189,3.4));
#14967=CARTESIAN_POINT('',(0.79208037745,4.651562944619,3.4));
#14968=CARTESIAN_POINT('',(0.79208037745,4.651562944619,3.4));
#14969=CARTESIAN_POINT('',(0.7770804346704,4.636243796168,3.4));
#14970=CARTESIAN_POINT('',(0.7770804346704,4.636243796168,3.4));
#14971=CARTESIAN_POINT('',(0.7620804918909,4.628584221607,3.4));
#14972=CARTESIAN_POINT('',(0.7620804918909,4.628584221607,3.4));
#14973=CARTESIAN_POINT('',(0.7433304346704,4.624754434495,3.4));
#14974=CARTESIAN_POINT('',(0.7433304346704,4.624754434495,3.4));
#14975=CARTESIAN_POINT('',(0.7095804346704,4.624754434495,3.4));
#14976=CARTESIAN_POINT('',(0.7095804346704,4.624754434495,3.4));
#14977=CARTESIAN_POINT('',(0.69083037745,4.628584221607,3.4));
#14978=CARTESIAN_POINT('',(0.69083037745,4.628584221607,3.4));
#14979=CARTESIAN_POINT('',(0.6758304346704,4.636243796168,3.4));
#14980=CARTESIAN_POINT('',(0.6758304346704,4.636243796168,3.4));
#14981=CARTESIAN_POINT('',(0.6608304918909,4.651562944619,3.4));
#14982=CARTESIAN_POINT('',(0.6608304918909,4.651562944619,3.4));
#14983=CARTESIAN_POINT('',(0.6533304346704,4.666882094412,3.4));
#14984=CARTESIAN_POINT('',(0.6533304346704,4.666882094412,3.4));
#14985=CARTESIAN_POINT('',(0.6495804918909,4.686031028299,3.4));
#14986=CARTESIAN_POINT('',(0.6495804918909,4.686031028299,3.4));
#14987=CARTESIAN_POINT('',(0.6495804918909,4.743477835326,3.4));
#14988=CARTESIAN_POINT('',(0.6495804918909,4.743477835326,3.4));
#14989=CARTESIAN_POINT('',(0.6533304346704,4.762626779942,3.4));
#14990=CARTESIAN_POINT('',(0.6533304346704,4.762626779942,3.4));
#14991=CARTESIAN_POINT('',(0.6608304918909,4.777945927052,3.4));
#14992=CARTESIAN_POINT('',(0.6608304918909,4.777945927052,3.4));
#14993=CARTESIAN_POINT('',(0.6758304346704,4.793265074162,3.4));
#14994=CARTESIAN_POINT('',(0.6758304346704,4.793265074162,3.4));
#14995=CARTESIAN_POINT('',(0.69083037745,4.800924647717,3.4));
#14996=CARTESIAN_POINT('',(0.69083037745,4.800924647717,3.4));
#14997=CARTESIAN_POINT('',(0.7095804346704,4.804754434495,3.4));
#14998=CARTESIAN_POINT('',(0.7095804346704,4.804754434495,3.4));
#14999=CARTESIAN_POINT('',(0.7433304346704,4.804754434495,3.4));
#15000=CARTESIAN_POINT('',(0.7433304346704,4.804754434495,3.4));
#15001=CARTESIAN_POINT('',(0.7620804918909,4.800924647717,3.4));
#15002=CARTESIAN_POINT('',(0.7620804918909,4.800924647717,3.4));
#15003=CARTESIAN_POINT('',(0.7770804346704,4.793265074162,3.4));
#15004=CARTESIAN_POINT('',(0.7770804346704,4.793265074162,3.4));
#15005=CARTESIAN_POINT('',(0.79208037745,4.777945927052,3.4));
#15006=CARTESIAN_POINT('',(0.79208037745,4.777945927052,3.4));
#15007=CARTESIAN_POINT('',(0.7958304918909,4.758796982436,3.4));
#15008=CARTESIAN_POINT('',(0.7958304918909,4.758796982436,3.4));
#15009=CARTESIAN_POINT('',(0.7733304918909,4.758796982436,3.4));
#15010=CARTESIAN_POINT('',(0.7733304918909,4.758796982436,3.4));
#15011=CARTESIAN_POINT('',(0.76958037745,4.770286353497,3.4));
#15012=CARTESIAN_POINT('',(0.76958037745,4.770286353497,3.4));
#15013=CARTESIAN_POINT('',(0.75833037745,4.777945927052,3.4));
#15014=CARTESIAN_POINT('',(0.75833037745,4.777945927052,3.4));
#15015=CARTESIAN_POINT('',(0.7433304346704,4.78177571383,3.4));
#15016=CARTESIAN_POINT('',(0.7433304346704,4.78177571383,3.4));
#15017=CARTESIAN_POINT('',(0.7095804346704,4.78177571383,3.4));
#15018=CARTESIAN_POINT('',(0.7095804346704,4.78177571383,3.4));
#15019=CARTESIAN_POINT('',(0.6945804918909,4.777945927052,3.4));
#15020=CARTESIAN_POINT('',(0.6945804918909,4.777945927052,3.4));
#15021=CARTESIAN_POINT('',(0.6833304918909,4.770286353497,3.4));
#15022=CARTESIAN_POINT('',(0.6833304918909,4.770286353497,3.4));
#15023=CARTESIAN_POINT('',(0.6758304346704,4.758796982436,3.4));
#15024=CARTESIAN_POINT('',(0.6758304346704,4.758796982436,3.4));
#15025=CARTESIAN_POINT('',(0.6720804918909,4.743477835326,3.4));
#15026=CARTESIAN_POINT('',(0.6720804918909,4.743477835326,3.4));
#15027=CARTESIAN_POINT('',(0.6720804918909,4.686031028299,3.4));
#15028=CARTESIAN_POINT('',(0.82583037745,4.785605500607,3.4));
#15029=CARTESIAN_POINT('',(0.8858304918909,4.785605500607,3.4));
#15030=CARTESIAN_POINT('',(0.82583037745,4.785605500607,3.4));
#15031=CARTESIAN_POINT('',(0.82583037745,4.804754434495,3.4));
#15032=CARTESIAN_POINT('',(0.82583037745,4.804754434495,3.4));
#15033=CARTESIAN_POINT('',(0.9683304346704,4.804754434495,3.4));
#15034=CARTESIAN_POINT('',(0.9683304346704,4.804754434495,3.4));
#15035=CARTESIAN_POINT('',(0.9683304346704,4.785605500607,3.4));
#15036=CARTESIAN_POINT('',(0.9683304346704,4.785605500607,3.4));
#15037=CARTESIAN_POINT('',(0.9083304918909,4.785605500607,3.4));
#15038=CARTESIAN_POINT('',(0.9083304918909,4.785605500607,3.4));
#15039=CARTESIAN_POINT('',(0.9083304918909,4.624754434495,3.4));
#15040=CARTESIAN_POINT('',(0.9083304918909,4.624754434495,3.4));
#15041=CARTESIAN_POINT('',(0.8858304918909,4.624754434495,3.4));
#15042=CARTESIAN_POINT('',(0.8858304918909,4.624754434495,3.4));
#15043=CARTESIAN_POINT('',(0.8858304918909,4.785605500607,3.4));
#15044=CARTESIAN_POINT('',(1.00208043467,4.762626779942,3.4));
#15045=CARTESIAN_POINT('',(0.9983304918909,4.743477835326,3.4));
#15046=CARTESIAN_POINT('',(1.00208043467,4.762626779942,3.4));
#15047=CARTESIAN_POINT('',(1.009580491891,4.777945927052,3.4));
#15048=CARTESIAN_POINT('',(1.009580491891,4.777945927052,3.4));
#15049=CARTESIAN_POINT('',(1.02458043467,4.793265074162,3.4));
#15050=CARTESIAN_POINT('',(1.02458043467,4.793265074162,3.4));
#15051=CARTESIAN_POINT('',(1.03958037745,4.800924647717,3.4));
#15052=CARTESIAN_POINT('',(1.03958037745,4.800924647717,3.4));
#15053=CARTESIAN_POINT('',(1.05833043467,4.804754434495,3.4));
#15054=CARTESIAN_POINT('',(1.05833043467,4.804754434495,3.4));
#15055=CARTESIAN_POINT('',(1.088330491891,4.804754434495,3.4));
#15056=CARTESIAN_POINT('',(1.088330491891,4.804754434495,3.4));
#15057=CARTESIAN_POINT('',(1.10708037745,4.800924647717,3.4));
#15058=CARTESIAN_POINT('',(1.10708037745,4.800924647717,3.4));
#15059=CARTESIAN_POINT('',(1.122080491891,4.793265074162,3.4));
#15060=CARTESIAN_POINT('',(1.122080491891,4.793265074162,3.4));
#15061=CARTESIAN_POINT('',(1.13708043467,4.777945927052,3.4));
#15062=CARTESIAN_POINT('',(1.13708043467,4.777945927052,3.4));
#15063=CARTESIAN_POINT('',(1.144580491891,4.762626779942,3.4));
#15064=CARTESIAN_POINT('',(1.144580491891,4.762626779942,3.4));
#15065=CARTESIAN_POINT('',(1.14833043467,4.743477835326,3.4));
#15066=CARTESIAN_POINT('',(1.14833043467,4.743477835326,3.4));
#15067=CARTESIAN_POINT('',(1.14833043467,4.686031028299,3.4));
#15068=CARTESIAN_POINT('',(1.14833043467,4.686031028299,3.4));
#15069=CARTESIAN_POINT('',(1.144580491891,4.666882094412,3.4));
#15070=CARTESIAN_POINT('',(1.144580491891,4.666882094412,3.4));
#15071=CARTESIAN_POINT('',(1.13708043467,4.651562944619,3.4));
#15072=CARTESIAN_POINT('',(1.13708043467,4.651562944619,3.4));
#15073=CARTESIAN_POINT('',(1.122080491891,4.636243796168,3.4));
#15074=CARTESIAN_POINT('',(1.122080491891,4.636243796168,3.4));
#15075=CARTESIAN_POINT('',(1.10708037745,4.628584221607,3.4));
#15076=CARTESIAN_POINT('',(1.10708037745,4.628584221607,3.4));
#15077=CARTESIAN_POINT('',(1.088330491891,4.624754434495,3.4));
#15078=CARTESIAN_POINT('',(1.088330491891,4.624754434495,3.4));
#15079=CARTESIAN_POINT('',(1.05833043467,4.624754434495,3.4));
#15080=CARTESIAN_POINT('',(1.05833043467,4.624754434495,3.4));
#15081=CARTESIAN_POINT('',(1.03958037745,4.628584221607,3.4));
#15082=CARTESIAN_POINT('',(1.03958037745,4.628584221607,3.4));
#15083=CARTESIAN_POINT('',(1.02458043467,4.636243796168,3.4));
#15084=CARTESIAN_POINT('',(1.02458043467,4.636243796168,3.4));
#15085=CARTESIAN_POINT('',(1.009580491891,4.651562944619,3.4));
#15086=CARTESIAN_POINT('',(1.009580491891,4.651562944619,3.4));
#15087=CARTESIAN_POINT('',(1.00208043467,4.666882094412,3.4));
#15088=CARTESIAN_POINT('',(1.00208043467,4.666882094412,3.4));
#15089=CARTESIAN_POINT('',(0.9983304918909,4.686031028299,3.4));
#15090=CARTESIAN_POINT('',(0.9983304918909,4.686031028299,3.4));
#15091=CARTESIAN_POINT('',(0.9983304918909,4.743477835326,3.4));
#15092=CARTESIAN_POINT('',(1.200830491891,4.624754434495,3.4));
#15093=CARTESIAN_POINT('',(1.200830491891,4.705179967551,3.4));
#15094=CARTESIAN_POINT('',(1.200830491891,4.624754434495,3.4));
#15095=CARTESIAN_POINT('',(1.178330491891,4.624754434495,3.4));
#15096=CARTESIAN_POINT('',(1.178330491891,4.624754434495,3.4));
#15097=CARTESIAN_POINT('',(1.178330491891,4.804754434495,3.4));
#15098=CARTESIAN_POINT('',(1.178330491891,4.804754434495,3.4));
#15099=CARTESIAN_POINT('',(1.268330491891,4.804754434495,3.4));
#15100=CARTESIAN_POINT('',(1.268330491891,4.804754434495,3.4));
#15101=CARTESIAN_POINT('',(1.28708037745,4.800924647717,3.4));
#15102=CARTESIAN_POINT('',(1.28708037745,4.800924647717,3.4));
#15103=CARTESIAN_POINT('',(1.302080491891,4.789435287385,3.4));
#15104=CARTESIAN_POINT('',(1.302080491891,4.789435287385,3.4));
#15105=CARTESIAN_POINT('',(1.313330491891,4.774116140275,3.4));
#15106=CARTESIAN_POINT('',(1.313330491891,4.774116140275,3.4));
#15107=CARTESIAN_POINT('',(1.31708043467,4.762626779942,3.4));
#15108=CARTESIAN_POINT('',(1.31708043467,4.762626779942,3.4));
#15109=CARTESIAN_POINT('',(1.31708043467,4.747307622103,3.4));
#15110=CARTESIAN_POINT('',(1.31708043467,4.747307622103,3.4));
#15111=CARTESIAN_POINT('',(1.313330491891,4.735818261771,3.4));
#15112=CARTESIAN_POINT('',(1.313330491891,4.735818261771,3.4));
#15113=CARTESIAN_POINT('',(1.302080491891,4.720499114661,3.4));
#15114=CARTESIAN_POINT('',(1.302080491891,4.720499114661,3.4));
#15115=CARTESIAN_POINT('',(1.28708037745,4.712839541106,3.4));
#15116=CARTESIAN_POINT('',(1.28708037745,4.712839541106,3.4));
#15117=CARTESIAN_POINT('',(1.32083037745,4.624754434495,3.4));
#15118=CARTESIAN_POINT('',(1.32083037745,4.624754434495,3.4));
#15119=CARTESIAN_POINT('',(1.29458043467,4.624754434495,3.4));
#15120=CARTESIAN_POINT('',(1.29458043467,4.624754434495,3.4));
#15121=CARTESIAN_POINT('',(1.26458037745,4.705179967551,3.4));
#15122=CARTESIAN_POINT('',(1.26458037745,4.705179967551,3.4));
#15123=CARTESIAN_POINT('',(1.200830491891,4.705179967551,3.4));
#15124=CARTESIAN_POINT('Origin',(-6.5,0.,3.4));
#15125=CARTESIAN_POINT('',(0.06833043467041,4.670711881189,3.4));
#15126=CARTESIAN_POINT('',(0.06083046328064,4.659222520857,3.4));
#15127=CARTESIAN_POINT('',(0.06833043467041,4.670711881189,3.4));
#15128=CARTESIAN_POINT('',(0.07208037744996,4.686031028299,3.4));
#15129=CARTESIAN_POINT('',(0.07208037744996,4.686031028299,3.4));
#15130=CARTESIAN_POINT('',(0.07208037744996,4.743477835326,3.4));
#15131=CARTESIAN_POINT('',(0.07208037744996,4.743477835326,3.4));
#15132=CARTESIAN_POINT('',(0.06833043467041,4.758796982436,3.4));
#15133=CARTESIAN_POINT('',(0.06833043467041,4.758796982436,3.4));
#15134=CARTESIAN_POINT('',(0.06083046328064,4.770286353497,3.4));
#15135=CARTESIAN_POINT('',(0.06083046328064,4.770286353497,3.4));
#15136=CARTESIAN_POINT('',(0.04958046328064,4.777945927052,3.4));
#15137=CARTESIAN_POINT('',(0.04958046328064,4.777945927052,3.4));
#15138=CARTESIAN_POINT('',(0.03458043467041,4.78177571383,3.4));
#15139=CARTESIAN_POINT('',(0.03458043467041,4.78177571383,3.4));
#15140=CARTESIAN_POINT('',(0.004580463280644,4.78177571383,3.4));
#15141=CARTESIAN_POINT('',(0.004580463280644,4.78177571383,3.4));
#15142=CARTESIAN_POINT('',(-0.01041956532959,4.777945927052,3.4));
#15143=CARTESIAN_POINT('',(-0.01041956532959,4.777945927052,3.4));
#15144=CARTESIAN_POINT('',(-0.02166956532959,4.770286353497,3.4));
#15145=CARTESIAN_POINT('',(-0.02166956532959,4.770286353497,3.4));
#15146=CARTESIAN_POINT('',(-0.02916953671936,4.758796982436,3.4));
#15147=CARTESIAN_POINT('',(-0.02916953671936,4.758796982436,3.4));
#15148=CARTESIAN_POINT('',(-0.03291956532959,4.743477835326,3.4));
#15149=CARTESIAN_POINT('',(-0.03291956532959,4.743477835326,3.4));
#15150=CARTESIAN_POINT('',(-0.03291956532959,4.686031028299,3.4));
#15151=CARTESIAN_POINT('',(-0.03291956532959,4.686031028299,3.4));
#15152=CARTESIAN_POINT('',(-0.02916953671936,4.670711881189,3.4));
#15153=CARTESIAN_POINT('',(-0.02916953671936,4.670711881189,3.4));
#15154=CARTESIAN_POINT('',(-0.02166956532959,4.659222520857,3.4));
#15155=CARTESIAN_POINT('',(-0.02166956532959,4.659222520857,3.4));
#15156=CARTESIAN_POINT('',(-0.01041956532959,4.651562944619,3.4));
#15157=CARTESIAN_POINT('',(-0.01041956532959,4.651562944619,3.4));
#15158=CARTESIAN_POINT('',(0.004580463280644,4.647733157842,3.4));
#15159=CARTESIAN_POINT('',(0.004580463280644,4.647733157842,3.4));
#15160=CARTESIAN_POINT('',(0.03458043467041,4.647733157842,3.4));
#15161=CARTESIAN_POINT('',(0.03458043467041,4.647733157842,3.4));
#15162=CARTESIAN_POINT('',(0.04958046328064,4.651562944619,3.4));
#15163=CARTESIAN_POINT('',(0.04958046328064,4.651562944619,3.4));
#15164=CARTESIAN_POINT('',(0.06083046328064,4.659222520857,3.4));
#15165=CARTESIAN_POINT('Origin',(-6.5,0.,3.4));
#15166=CARTESIAN_POINT('',(1.020830491891,4.686031028299,3.4));
#15167=CARTESIAN_POINT('',(1.020830491891,4.743477835326,3.4));
#15168=CARTESIAN_POINT('',(1.020830491891,4.686031028299,3.4));
#15169=CARTESIAN_POINT('',(1.02458043467,4.670711881189,3.4));
#15170=CARTESIAN_POINT('',(1.02458043467,4.670711881189,3.4));
#15171=CARTESIAN_POINT('',(1.032080491891,4.659222520857,3.4));
#15172=CARTESIAN_POINT('',(1.032080491891,4.659222520857,3.4));
#15173=CARTESIAN_POINT('',(1.043330491891,4.651562944619,3.4));
#15174=CARTESIAN_POINT('',(1.043330491891,4.651562944619,3.4));
#15175=CARTESIAN_POINT('',(1.05833043467,4.647733157842,3.4));
#15176=CARTESIAN_POINT('',(1.05833043467,4.647733157842,3.4));
#15177=CARTESIAN_POINT('',(1.088330491891,4.647733157842,3.4));
#15178=CARTESIAN_POINT('',(1.088330491891,4.647733157842,3.4));
#15179=CARTESIAN_POINT('',(1.10333043467,4.651562944619,3.4));
#15180=CARTESIAN_POINT('',(1.10333043467,4.651562944619,3.4));
#15181=CARTESIAN_POINT('',(1.11458043467,4.659222520857,3.4));
#15182=CARTESIAN_POINT('',(1.11458043467,4.659222520857,3.4));
#15183=CARTESIAN_POINT('',(1.122080491891,4.670711881189,3.4));
#15184=CARTESIAN_POINT('',(1.122080491891,4.670711881189,3.4));
#15185=CARTESIAN_POINT('',(1.12583043467,4.686031028299,3.4));
#15186=CARTESIAN_POINT('',(1.12583043467,4.686031028299,3.4));
#15187=CARTESIAN_POINT('',(1.12583043467,4.743477835326,3.4));
#15188=CARTESIAN_POINT('',(1.12583043467,4.743477835326,3.4));
#15189=CARTESIAN_POINT('',(1.122080491891,4.758796982436,3.4));
#15190=CARTESIAN_POINT('',(1.122080491891,4.758796982436,3.4));
#15191=CARTESIAN_POINT('',(1.11458043467,4.770286353497,3.4));
#15192=CARTESIAN_POINT('',(1.11458043467,4.770286353497,3.4));
#15193=CARTESIAN_POINT('',(1.10333043467,4.777945927052,3.4));
#15194=CARTESIAN_POINT('',(1.10333043467,4.777945927052,3.4));
#15195=CARTESIAN_POINT('',(1.088330491891,4.78177571383,3.4));
#15196=CARTESIAN_POINT('',(1.088330491891,4.78177571383,3.4));
#15197=CARTESIAN_POINT('',(1.05833043467,4.78177571383,3.4));
#15198=CARTESIAN_POINT('',(1.05833043467,4.78177571383,3.4));
#15199=CARTESIAN_POINT('',(1.043330491891,4.777945927052,3.4));
#15200=CARTESIAN_POINT('',(1.043330491891,4.777945927052,3.4));
#15201=CARTESIAN_POINT('',(1.032080491891,4.770286353497,3.4));
#15202=CARTESIAN_POINT('',(1.032080491891,4.770286353497,3.4));
#15203=CARTESIAN_POINT('',(1.02458043467,4.758796982436,3.4));
#15204=CARTESIAN_POINT('',(1.02458043467,4.758796982436,3.4));
#15205=CARTESIAN_POINT('',(1.020830491891,4.743477835326,3.4));
#15206=CARTESIAN_POINT('Origin',(-6.5,0.,3.4));
#15207=CARTESIAN_POINT('',(1.28333043467,4.731988474993,3.4));
#15208=CARTESIAN_POINT('',(1.27208043467,4.728158688216,3.4));
#15209=CARTESIAN_POINT('',(1.28333043467,4.731988474993,3.4));
#15210=CARTESIAN_POINT('',(1.290830491891,4.739648048548,3.4));
#15211=CARTESIAN_POINT('',(1.290830491891,4.739648048548,3.4));
#15212=CARTESIAN_POINT('',(1.29458043467,4.751137408881,3.4));
#15213=CARTESIAN_POINT('',(1.29458043467,4.751137408881,3.4));
#15214=CARTESIAN_POINT('',(1.29458043467,4.762626779942,3.4));
#15215=CARTESIAN_POINT('',(1.29458043467,4.762626779942,3.4));
#15216=CARTESIAN_POINT('',(1.290830491891,4.774116140275,3.4));
#15217=CARTESIAN_POINT('',(1.290830491891,4.774116140275,3.4));
#15218=CARTESIAN_POINT('',(1.28333043467,4.78177571383,3.4));
#15219=CARTESIAN_POINT('',(1.28333043467,4.78177571383,3.4));
#15220=CARTESIAN_POINT('',(1.27208043467,4.785605500607,3.4));
#15221=CARTESIAN_POINT('',(1.27208043467,4.785605500607,3.4));
#15222=CARTESIAN_POINT('',(1.200830491891,4.785605500607,3.4));
#15223=CARTESIAN_POINT('',(1.200830491891,4.785605500607,3.4));
#15224=CARTESIAN_POINT('',(1.200830491891,4.728158688216,3.4));
#15225=CARTESIAN_POINT('',(1.200830491891,4.728158688216,3.4));
#15226=CARTESIAN_POINT('',(1.27208043467,4.728158688216,3.4));
#15227=CARTESIAN_POINT('Origin',(-4.684788838228,3.758398789738,3.4));
#15228=CARTESIAN_POINT('',(-4.684788838228,2.200736002216,3.2));
#15229=CARTESIAN_POINT('',(-4.684788838228,2.200736002216,3.4));
#15230=CARTESIAN_POINT('',(-4.684788838228,3.758398789738,3.2));
#15231=CARTESIAN_POINT('',(-4.684788838228,3.758398789738,3.2));
#15232=CARTESIAN_POINT('',(-4.684788838228,3.758398789738,3.4));
#15233=CARTESIAN_POINT('Origin',(-2.324693705619,3.758398789738,3.4));
#15234=CARTESIAN_POINT('',(-2.324693705619,3.758398789738,3.2));
#15235=CARTESIAN_POINT('',(-2.324693705619,3.758398789738,3.2));
#15236=CARTESIAN_POINT('',(-2.324693705619,3.758398789738,3.4));
#15237=CARTESIAN_POINT('Origin',(-2.324693705619,2.200736002216,3.4));
#15238=CARTESIAN_POINT('',(-2.324693705619,2.200736002216,3.2));
#15239=CARTESIAN_POINT('',(-2.324693705619,2.200736002216,3.2));
#15240=CARTESIAN_POINT('',(-2.324693705619,2.200736002216,3.4));
#15241=CARTESIAN_POINT('Origin',(-4.684788838228,2.200736002216,3.4));
#15242=CARTESIAN_POINT('',(-4.684788838228,2.200736002216,3.2));
#15243=CARTESIAN_POINT('Origin',(6.5,6.2,3.2));
#15244=CARTESIAN_POINT('',(-6.5,6.2,3.2));
#15245=CARTESIAN_POINT('',(-6.5,1.5,3.2));
#15246=CARTESIAN_POINT('',(-6.5,6.2,3.2));
#15247=CARTESIAN_POINT('',(6.5,6.2,3.2));
#15248=CARTESIAN_POINT('',(6.5,6.2,3.2));
#15249=CARTESIAN_POINT('',(6.5,1.5,3.2));
#15250=CARTESIAN_POINT('',(6.5,1.5,3.2));
#15251=CARTESIAN_POINT('',(-6.5,1.5,3.2));
#15252=CARTESIAN_POINT('',(2.324693705619,3.758398789738,3.2));
#15253=CARTESIAN_POINT('',(4.684788838228,3.758398789738,3.2));
#15254=CARTESIAN_POINT('',(2.324693705619,3.758398789738,3.2));
#15255=CARTESIAN_POINT('',(2.324693705619,2.200736002216,3.2));
#15256=CARTESIAN_POINT('',(2.324693705619,2.200736002216,3.2));
#15257=CARTESIAN_POINT('',(4.684788838228,2.200736002216,3.2));
#15258=CARTESIAN_POINT('',(4.684788838228,2.200736002216,3.2));
#15259=CARTESIAN_POINT('',(4.684788838228,3.758398789738,3.2));
#15260=CARTESIAN_POINT('Origin',(6.5,1.5,3.2));
#15261=CARTESIAN_POINT('',(-1.,1.5,3.3));
#15262=CARTESIAN_POINT('',(-1.,1.5,3.4));
#15263=CARTESIAN_POINT('',(-6.5,1.5,3.4));
#15264=CARTESIAN_POINT('',(6.5,1.5,3.4));
#15265=CARTESIAN_POINT('',(1.,1.5,3.3));
#15266=CARTESIAN_POINT('',(1.,1.5,3.4));
#15267=CARTESIAN_POINT('',(-1.,1.5,3.3));
#15268=CARTESIAN_POINT('Origin',(0.,0.,3.3));
#15269=CARTESIAN_POINT('',(1.,3.3,3.3));
#15270=CARTESIAN_POINT('',(1.,1.5,3.3));
#15271=CARTESIAN_POINT('',(-1.,3.3,3.3));
#15272=CARTESIAN_POINT('Origin',(0.,3.3,3.3));
#15273=CARTESIAN_POINT('',(-1.,3.3,3.3));
#15274=CARTESIAN_POINT('',(-0.95,3.3,3.3));
#15275=CARTESIAN_POINT('',(0.95,3.3,3.3));
#15276=CARTESIAN_POINT('Origin',(0.,3.3,3.3));
#15277=CARTESIAN_POINT('',(0.95,1.55,3.3));
#15278=CARTESIAN_POINT('',(0.95,3.3,3.3));
#15279=CARTESIAN_POINT('',(-0.95,1.55,3.3));
#15280=CARTESIAN_POINT('',(0.95,1.55,3.3));
#15281=CARTESIAN_POINT('',(-0.95,1.55,3.3));
#15282=CARTESIAN_POINT('Origin',(-0.95,1.55,3.4));
#15283=CARTESIAN_POINT('',(-0.95,3.3,3.4));
#15284=CARTESIAN_POINT('',(-0.95,1.55,3.4));
#15285=CARTESIAN_POINT('Origin',(0.95,1.55,3.4));
#15286=CARTESIAN_POINT('',(0.95,1.55,3.4));
#15287=CARTESIAN_POINT('Origin',(0.95,3.3,3.4));
#15288=CARTESIAN_POINT('',(0.95,3.3,3.4));
#15289=CARTESIAN_POINT('Origin',(0.,3.3,3.4));
#15290=CARTESIAN_POINT('Origin',(-1.,3.3,3.4));
#15291=CARTESIAN_POINT('',(-1.,3.3,3.4));
#15292=CARTESIAN_POINT('Origin',(0.,3.3,3.4));
#15293=CARTESIAN_POINT('',(1.,3.3,3.4));
#15294=CARTESIAN_POINT('Origin',(1.,1.5,3.4));
#15295=CARTESIAN_POINT('Origin',(6.5,0.,3.4));
#15296=CARTESIAN_POINT('',(6.5,0.,3.18));
#15297=CARTESIAN_POINT('',(6.5,0.,-3.18));
#15298=CARTESIAN_POINT('',(6.5,0.,3.18));
#15299=CARTESIAN_POINT('',(6.5,6.18,-3.18));
#15300=CARTESIAN_POINT('',(6.5,0.,-3.18));
#15301=CARTESIAN_POINT('',(6.5,6.18,3.18));
#15302=CARTESIAN_POINT('',(6.5,6.18,3.18));
#15303=CARTESIAN_POINT('',(6.5,6.18,3.18));
#15304=CARTESIAN_POINT('Origin',(6.5,0.,3.4));
#15305=CARTESIAN_POINT('',(6.5,6.2,-3.2));
#15306=CARTESIAN_POINT('',(6.5,6.2,-3.2));
#15307=CARTESIAN_POINT('',(6.5,1.5,-3.2));
#15308=CARTESIAN_POINT('',(6.5,6.2,-3.2));
#15309=CARTESIAN_POINT('',(6.5,1.5,-3.4));
#15310=CARTESIAN_POINT('',(6.5,1.5,-3.4));
#15311=CARTESIAN_POINT('',(6.5,6.2,-3.4));
#15312=CARTESIAN_POINT('',(6.5,1.5,-3.4));
#15313=CARTESIAN_POINT('',(6.5,6.4,-3.2));
#15314=CARTESIAN_POINT('Origin',(6.5,6.2,-3.2));
#15315=CARTESIAN_POINT('',(6.5,6.4,3.2));
#15316=CARTESIAN_POINT('',(6.5,6.4,3.2));
#15317=CARTESIAN_POINT('Origin',(6.5,6.2,3.2));
#15318=CARTESIAN_POINT('Origin',(6.5,0.,3.18));
#15319=CARTESIAN_POINT('',(-6.5,0.,3.18));
#15320=CARTESIAN_POINT('',(-6.5,0.,3.18));
#15321=CARTESIAN_POINT('',(-6.5,6.18,3.18));
#15322=CARTESIAN_POINT('',(6.5,6.18,3.18));
#15323=CARTESIAN_POINT('',(-6.5,0.,3.18));
#15324=CARTESIAN_POINT('Origin',(-6.5,0.,-3.4));
#15325=CARTESIAN_POINT('',(-6.5,6.18,-3.18));
#15326=CARTESIAN_POINT('',(-6.5,6.18,3.18));
#15327=CARTESIAN_POINT('',(-6.5,0.,-3.18));
#15328=CARTESIAN_POINT('',(-6.5,6.18,-3.18));
#15329=CARTESIAN_POINT('',(-6.5,0.,-3.18));
#15330=CARTESIAN_POINT('Origin',(-6.5,0.,-3.4));
#15331=CARTESIAN_POINT('',(-6.5,6.4,-3.2));
#15332=CARTESIAN_POINT('',(-6.5,6.4,3.2));
#15333=CARTESIAN_POINT('',(-6.5,6.4,-3.2));
#15334=CARTESIAN_POINT('',(-6.5,6.2,-3.4));
#15335=CARTESIAN_POINT('Origin',(-6.5,6.2,-3.2));
#15336=CARTESIAN_POINT('',(-6.5,1.5,-3.4));
#15337=CARTESIAN_POINT('',(-6.5,1.5,-3.4));
#15338=CARTESIAN_POINT('',(-6.5,1.5,-3.2));
#15339=CARTESIAN_POINT('',(-6.5,1.5,-3.4));
#15340=CARTESIAN_POINT('',(-6.5,6.2,-3.2));
#15341=CARTESIAN_POINT('',(-6.5,1.5,-3.2));
#15342=CARTESIAN_POINT('',(-6.5,6.2,-3.2));
#15343=CARTESIAN_POINT('Origin',(-6.5,6.2,3.2));
#15344=CARTESIAN_POINT('Origin',(0.,0.,0.));
#15345=CARTESIAN_POINT('',(-6.5,0.,-3.18));
#15346=CARTESIAN_POINT('',(-0.4,0.,1.));
#15347=CARTESIAN_POINT('',(0.4,0.,1.));
#15348=CARTESIAN_POINT('',(-0.4,0.,1.));
#15349=CARTESIAN_POINT('',(0.4,0.,-1.));
#15350=CARTESIAN_POINT('',(0.4,0.,1.));
#15351=CARTESIAN_POINT('',(-0.4,0.,-1.));
#15352=CARTESIAN_POINT('',(-0.4,0.,-1.));
#15353=CARTESIAN_POINT('',(-0.4,0.,1.));
#15354=CARTESIAN_POINT('',(4.3,0.,1.));
#15355=CARTESIAN_POINT('',(5.1,0.,1.));
#15356=CARTESIAN_POINT('',(4.3,0.,1.));
#15357=CARTESIAN_POINT('',(5.1,0.,-1.));
#15358=CARTESIAN_POINT('',(5.1,0.,1.));
#15359=CARTESIAN_POINT('',(4.3,0.,-1.));
#15360=CARTESIAN_POINT('',(4.3,0.,-1.));
#15361=CARTESIAN_POINT('',(4.3,0.,1.));
#15362=CARTESIAN_POINT('',(-5.1,0.,1.));
#15363=CARTESIAN_POINT('',(-4.3,0.,1.));
#15364=CARTESIAN_POINT('',(-5.1,0.,1.));
#15365=CARTESIAN_POINT('',(-4.3,0.,-1.));
#15366=CARTESIAN_POINT('',(-4.3,0.,1.));
#15367=CARTESIAN_POINT('',(-5.1,0.,-1.));
#15368=CARTESIAN_POINT('',(-5.1,0.,-1.));
#15369=CARTESIAN_POINT('',(-5.1,0.,1.));
#15370=CARTESIAN_POINT('Origin',(6.5,6.18,-3.18));
#15371=CARTESIAN_POINT('',(6.5,6.18,-3.18));
#15372=CARTESIAN_POINT('Origin',(6.5,6.18,3.18));
#15373=CARTESIAN_POINT('',(0.85,6.18,-1.94));
#15374=CARTESIAN_POINT('',(-3.05,6.18,-1.94));
#15375=CARTESIAN_POINT('',(0.85,6.18,-1.94));
#15376=CARTESIAN_POINT('',(0.85,6.18,1.94));
#15377=CARTESIAN_POINT('',(0.85,6.18,1.94));
#15378=CARTESIAN_POINT('',(-3.05,6.18,1.94));
#15379=CARTESIAN_POINT('',(-3.05,6.18,1.94));
#15380=CARTESIAN_POINT('',(-3.05,6.18,-1.94));
#15381=CARTESIAN_POINT('Origin',(-3.05,6.18,-1.94));
#15382=CARTESIAN_POINT('',(-3.05,6.2,1.94));
#15383=CARTESIAN_POINT('',(-3.05,6.18,1.94));
#15384=CARTESIAN_POINT('',(-3.05,6.2,-1.94));
#15385=CARTESIAN_POINT('',(-3.05,6.2,-1.94));
#15386=CARTESIAN_POINT('',(-3.05,6.18,-1.94));
#15387=CARTESIAN_POINT('Origin',(-3.05,6.18,-1.94));
#15388=CARTESIAN_POINT('',(-3.05,6.4,-1.94));
#15389=CARTESIAN_POINT('',(-3.05,11.22867965644,-1.94));
#15390=CARTESIAN_POINT('',(-3.05,6.4,-1.94));
#15391=CARTESIAN_POINT('',(-3.05,6.4,1.94));
#15392=CARTESIAN_POINT('',(-3.05,6.4,-1.94));
#15393=CARTESIAN_POINT('',(-3.05,11.22867965644,1.94));
#15394=CARTESIAN_POINT('',(-3.05,6.4,1.94));
#15395=CARTESIAN_POINT('',(-3.05,11.22867965644,-1.94));
#15396=CARTESIAN_POINT('Origin',(0.85,6.18,-1.94));
#15397=CARTESIAN_POINT('',(-0.7464466094067,11.04644660941,-1.94));
#15398=CARTESIAN_POINT('',(-0.3928932188135,11.4,-1.94));
#15399=CARTESIAN_POINT('',(-0.7464466094067,11.04644660941,-1.94));
#15400=CARTESIAN_POINT('',(-0.03933982822018,11.04644660941,-1.94));
#15401=CARTESIAN_POINT('',(-0.3928932188135,11.4,-1.94));
#15402=CARTESIAN_POINT('',(0.3142135623731,11.4,-1.94));
#15403=CARTESIAN_POINT('',(-0.03933982822018,11.04644660941,-1.94));
#15404=CARTESIAN_POINT('',(0.6677669529664,11.04644660941,-1.94));
#15405=CARTESIAN_POINT('',(0.3142135623731,11.4,-1.94));
#15406=CARTESIAN_POINT('',(0.85,11.22867965644,-1.94));
#15407=CARTESIAN_POINT('',(0.6677669529664,11.04644660941,-1.94));
#15408=CARTESIAN_POINT('',(0.85,6.18,-1.94));
#15409=CARTESIAN_POINT('',(-3.05,6.2,-1.94));
#15410=CARTESIAN_POINT('',(-2.867766952966,11.04644660941,-1.94));
#15411=CARTESIAN_POINT('',(-3.05,11.22867965644,-1.94));
#15412=CARTESIAN_POINT('',(-2.514213562373,11.4,-1.94));
#15413=CARTESIAN_POINT('',(-2.867766952966,11.04644660941,-1.94));
#15414=CARTESIAN_POINT('',(-2.16066017178,11.04644660941,-1.94));
#15415=CARTESIAN_POINT('',(-2.514213562373,11.4,-1.94));
#15416=CARTESIAN_POINT('',(-1.807106781187,11.4,-1.94));
#15417=CARTESIAN_POINT('',(-2.16066017178,11.04644660941,-1.94));
#15418=CARTESIAN_POINT('',(-1.453553390593,11.04644660941,-1.94));
#15419=CARTESIAN_POINT('',(-1.807106781187,11.4,-1.94));
#15420=CARTESIAN_POINT('',(-1.1,11.4,-1.94));
#15421=CARTESIAN_POINT('',(-1.453553390593,11.04644660941,-1.94));
#15422=CARTESIAN_POINT('',(-1.1,11.4,-1.94));
#15423=CARTESIAN_POINT('Origin',(-1.1,11.4,1.94));
#15424=CARTESIAN_POINT('',(-0.7464466094067,11.04644660941,1.94));
#15425=CARTESIAN_POINT('',(-0.7464466094067,11.04644660941,1.94));
#15426=CARTESIAN_POINT('',(-1.1,11.4,1.94));
#15427=CARTESIAN_POINT('',(-1.1,11.4,1.94));
#15428=CARTESIAN_POINT('',(-1.1,11.4,1.94));
#15429=CARTESIAN_POINT('Origin',(-3.05,6.18,1.94));
#15430=CARTESIAN_POINT('',(-1.453553390593,11.04644660941,1.94));
#15431=CARTESIAN_POINT('',(-1.453553390593,11.04644660941,1.94));
#15432=CARTESIAN_POINT('',(-1.807106781187,11.4,1.94));
#15433=CARTESIAN_POINT('',(-1.807106781187,11.4,1.94));
#15434=CARTESIAN_POINT('',(-2.16066017178,11.04644660941,1.94));
#15435=CARTESIAN_POINT('',(-2.16066017178,11.04644660941,1.94));
#15436=CARTESIAN_POINT('',(-2.514213562373,11.4,1.94));
#15437=CARTESIAN_POINT('',(-2.514213562373,11.4,1.94));
#15438=CARTESIAN_POINT('',(-2.867766952966,11.04644660941,1.94));
#15439=CARTESIAN_POINT('',(-2.867766952966,11.04644660941,1.94));
#15440=CARTESIAN_POINT('',(-3.05,11.22867965644,1.94));
#15441=CARTESIAN_POINT('',(-3.05,6.2,1.94));
#15442=CARTESIAN_POINT('',(0.85,11.22867965644,1.94));
#15443=CARTESIAN_POINT('',(0.85,6.18,1.94));
#15444=CARTESIAN_POINT('',(0.6677669529664,11.04644660941,1.94));
#15445=CARTESIAN_POINT('',(0.6677669529664,11.04644660941,1.94));
#15446=CARTESIAN_POINT('',(0.3142135623731,11.4,1.94));
#15447=CARTESIAN_POINT('',(0.3142135623731,11.4,1.94));
#15448=CARTESIAN_POINT('',(-0.03933982822018,11.04644660941,1.94));
#15449=CARTESIAN_POINT('',(-0.03933982822018,11.04644660941,1.94));
#15450=CARTESIAN_POINT('',(-0.3928932188135,11.4,1.94));
#15451=CARTESIAN_POINT('',(-0.3928932188135,11.4,1.94));
#15452=CARTESIAN_POINT('',(-0.7464466094067,11.04644660941,1.94));
#15453=CARTESIAN_POINT('Origin',(-0.7464466094067,11.04644660941,1.94));
#15454=CARTESIAN_POINT('',(-0.3928932188135,11.4,1.94));
#15455=CARTESIAN_POINT('Origin',(-0.3928932188135,11.4,1.94));
#15456=CARTESIAN_POINT('',(-0.03933982822018,11.04644660941,1.94));
#15457=CARTESIAN_POINT('Origin',(-0.03933982822018,11.04644660941,1.94));
#15458=CARTESIAN_POINT('',(0.3142135623731,11.4,1.94));
#15459=CARTESIAN_POINT('Origin',(0.3142135623731,11.4,1.94));
#15460=CARTESIAN_POINT('',(0.6677669529664,11.04644660941,1.94));
#15461=CARTESIAN_POINT('Origin',(0.6677669529664,11.04644660941,1.94));
#15462=CARTESIAN_POINT('',(0.85,11.22867965644,1.94));
#15463=CARTESIAN_POINT('Origin',(0.85,6.18,1.94));
#15464=CARTESIAN_POINT('Origin',(-3.05,6.4,-1.95));
#15465=CARTESIAN_POINT('',(-3.05,6.4,1.95));
#15466=CARTESIAN_POINT('',(-3.05,6.4,1.94));
#15467=CARTESIAN_POINT('',(-3.05,6.2,1.95));
#15468=CARTESIAN_POINT('',(-3.05,6.4,1.95));
#15469=CARTESIAN_POINT('',(-3.05,6.2,1.94));
#15470=CARTESIAN_POINT('Origin',(-3.05,6.4,-1.95));
#15471=CARTESIAN_POINT('',(-3.05,6.2,-1.95));
#15472=CARTESIAN_POINT('',(-3.05,6.2,-1.95));
#15473=CARTESIAN_POINT('',(-3.05,6.4,-1.95));
#15474=CARTESIAN_POINT('',(-3.05,6.4,-1.95));
#15475=CARTESIAN_POINT('',(-3.05,6.4,-1.95));
#15476=CARTESIAN_POINT('Origin',(6.5,6.2,-3.2));
#15477=CARTESIAN_POINT('',(6.5,6.2,-3.2));
#15478=CARTESIAN_POINT('',(3.05,6.2,1.95));
#15479=CARTESIAN_POINT('',(-3.05,6.2,1.95));
#15480=CARTESIAN_POINT('',(3.05,6.2,-1.95));
#15481=CARTESIAN_POINT('',(3.05,6.2,1.95));
#15482=CARTESIAN_POINT('',(3.05,6.2,-1.95));
#15483=CARTESIAN_POINT('Origin',(6.5,0.,-3.2));
#15484=CARTESIAN_POINT('',(-6.5,1.5,-3.2));
#15485=CARTESIAN_POINT('',(-2.324693705619,3.758398789738,-3.2));
#15486=CARTESIAN_POINT('',(-4.684788838228,3.758398789738,-3.2));
#15487=CARTESIAN_POINT('',(-2.324693705619,3.758398789738,-3.2));
#15488=CARTESIAN_POINT('',(-2.324693705619,2.200736002216,-3.2));
#15489=CARTESIAN_POINT('',(-2.324693705619,2.200736002216,-3.2));
#15490=CARTESIAN_POINT('',(-4.684788838228,2.200736002216,-3.2));
#15491=CARTESIAN_POINT('',(-4.684788838228,2.200736002216,-3.2));
#15492=CARTESIAN_POINT('',(-4.684788838228,3.758398789738,-3.2));
#15493=CARTESIAN_POINT('Origin',(6.5,1.5,-4.203058974895));
#15494=CARTESIAN_POINT('',(1.,1.5,-3.4));
#15495=CARTESIAN_POINT('',(1.,1.5,-3.3));
#15496=CARTESIAN_POINT('',(1.,1.5,-3.4));
#15497=CARTESIAN_POINT('',(6.5,1.5,-3.4));
#15498=CARTESIAN_POINT('',(-1.,1.5,-3.4));
#15499=CARTESIAN_POINT('',(-1.,1.5,-3.4));
#15500=CARTESIAN_POINT('',(-1.,1.5,-3.3));
#15501=CARTESIAN_POINT('',(-1.,1.5,-3.4));
#15502=CARTESIAN_POINT('',(-1.,1.5,-3.3));
#15503=CARTESIAN_POINT('Origin',(0.,0.,-3.3));
#15504=CARTESIAN_POINT('',(-1.,3.3,-3.3));
#15505=CARTESIAN_POINT('',(-1.,3.3,-3.3));
#15506=CARTESIAN_POINT('',(1.,3.3,-3.3));
#15507=CARTESIAN_POINT('Origin',(0.,3.3,-3.3));
#15508=CARTESIAN_POINT('',(1.,1.5,-3.3));
#15509=CARTESIAN_POINT('',(0.95,1.55,-3.3));
#15510=CARTESIAN_POINT('',(-0.95,1.55,-3.3));
#15511=CARTESIAN_POINT('',(0.95,1.55,-3.3));
#15512=CARTESIAN_POINT('',(0.95,3.3,-3.3));
#15513=CARTESIAN_POINT('',(0.95,3.3,-3.3));
#15514=CARTESIAN_POINT('',(-0.95,3.3,-3.3));
#15515=CARTESIAN_POINT('Origin',(0.,3.3,-3.3));
#15516=CARTESIAN_POINT('',(-0.95,1.55,-3.3));
#15517=CARTESIAN_POINT('Origin',(-0.95,1.55,-3.4));
#15518=CARTESIAN_POINT('',(-0.95,1.55,-3.4));
#15519=CARTESIAN_POINT('',(-0.95,3.3,-3.4));
#15520=CARTESIAN_POINT('',(-0.95,1.55,-3.4));
#15521=CARTESIAN_POINT('',(-0.95,1.55,-3.4));
#15522=CARTESIAN_POINT('',(-0.95,3.3,-3.4));
#15523=CARTESIAN_POINT('Origin',(0.,3.3,-3.4));
#15524=CARTESIAN_POINT('',(0.95,3.3,-3.4));
#15525=CARTESIAN_POINT('',(0.95,3.3,-3.4));
#15526=CARTESIAN_POINT('Origin',(0.,3.3,-3.4));
#15527=CARTESIAN_POINT('Origin',(6.5,0.,-3.4));
#15528=CARTESIAN_POINT('',(0.95,1.55,-3.4));
#15529=CARTESIAN_POINT('',(0.95,3.3,-3.4));
#15530=CARTESIAN_POINT('',(0.95,1.55,-3.4));
#15531=CARTESIAN_POINT('Origin',(6.5,0.,-3.4));
#15532=CARTESIAN_POINT('',(1.,3.3,-3.4));
#15533=CARTESIAN_POINT('',(1.,1.5,-3.4));
#15534=CARTESIAN_POINT('',(-1.,3.3,-3.4));
#15535=CARTESIAN_POINT('Origin',(0.,3.3,-3.4));
#15536=CARTESIAN_POINT('',(-1.,1.5,-3.4));
#15537=CARTESIAN_POINT('',(6.5,6.2,-3.4));
#15538=CARTESIAN_POINT('',(-4.684788838228,2.200736002216,-3.4));
#15539=CARTESIAN_POINT('',(-2.324693705619,2.200736002216,-3.4));
#15540=CARTESIAN_POINT('',(-4.684788838228,2.200736002216,-3.4));
#15541=CARTESIAN_POINT('',(-2.324693705619,3.758398789738,-3.4));
#15542=CARTESIAN_POINT('',(-2.324693705619,2.200736002216,-3.4));
#15543=CARTESIAN_POINT('',(-4.684788838228,3.758398789738,-3.4));
#15544=CARTESIAN_POINT('',(-2.324693705619,3.758398789738,-3.4));
#15545=CARTESIAN_POINT('',(-4.684788838228,3.758398789738,-3.4));
#15546=CARTESIAN_POINT('Origin',(0.95,1.55,-3.4));
#15547=CARTESIAN_POINT('',(0.95,1.55,-3.4));
#15548=CARTESIAN_POINT('Origin',(0.95,3.3,-3.4));
#15549=CARTESIAN_POINT('Origin',(-4.684788838228,3.758398789738,-3.4));
#15550=CARTESIAN_POINT('',(-4.684788838228,2.200736002216,-3.4));
#15551=CARTESIAN_POINT('',(-4.684788838228,3.758398789738,-3.4));
#15552=CARTESIAN_POINT('Origin',(-2.324693705619,3.758398789738,-3.4));
#15553=CARTESIAN_POINT('',(-2.324693705619,3.758398789738,-3.4));
#15554=CARTESIAN_POINT('Origin',(-2.324693705619,2.200736002216,-3.4));
#15555=CARTESIAN_POINT('',(-2.324693705619,2.200736002216,-3.4));
#15556=CARTESIAN_POINT('Origin',(-4.684788838228,2.200736002216,-3.4));
#15557=CARTESIAN_POINT('Origin',(23.4468,6.2,-3.2));
#15558=CARTESIAN_POINT('',(6.5,6.4,-3.2));
#15559=CARTESIAN_POINT('Origin',(0.,6.4,0.));
#15560=CARTESIAN_POINT('',(-6.5,6.4,3.2));
#15561=CARTESIAN_POINT('',(3.05,6.4,-1.95));
#15562=CARTESIAN_POINT('',(3.05,6.4,-1.95));
#15563=CARTESIAN_POINT('',(3.05,6.4,1.95));
#15564=CARTESIAN_POINT('',(3.05,6.4,1.95));
#15565=CARTESIAN_POINT('',(-3.05,6.4,1.95));
#15566=CARTESIAN_POINT('Origin',(-3.05,6.4,1.95));
#15567=CARTESIAN_POINT('',(3.05,6.4,1.95));
#15568=CARTESIAN_POINT('Origin',(3.05,6.4,1.95));
#15569=CARTESIAN_POINT('',(3.05,6.4,-1.95));
#15570=CARTESIAN_POINT('Origin',(3.05,6.4,-1.95));
#15571=CARTESIAN_POINT('Origin',(-23.4468,6.2,3.2));
#15572=CARTESIAN_POINT('Origin',(-1.,3.3,-3.4));
#15573=CARTESIAN_POINT('',(-1.,3.3,-3.4));
#15574=CARTESIAN_POINT('Origin',(0.,3.3,-3.4));
#15575=CARTESIAN_POINT('',(1.,3.3,-3.4));
#15576=CARTESIAN_POINT('Origin',(1.,1.5,-3.4));
#15577=CARTESIAN_POINT('Origin',(-3.22132034356,11.4,1.94));
#15578=CARTESIAN_POINT('',(-2.867766952966,11.04644660941,1.94));
#15579=CARTESIAN_POINT('Origin',(-2.867766952966,11.04644660941,1.94));
#15580=CARTESIAN_POINT('',(-2.514213562373,11.4,1.94));
#15581=CARTESIAN_POINT('Origin',(-2.514213562373,11.4,1.94));
#15582=CARTESIAN_POINT('',(-2.16066017178,11.04644660941,1.94));
#15583=CARTESIAN_POINT('Origin',(-2.16066017178,11.04644660941,1.94));
#15584=CARTESIAN_POINT('',(-1.807106781187,11.4,1.94));
#15585=CARTESIAN_POINT('Origin',(-1.807106781187,11.4,1.94));
#15586=CARTESIAN_POINT('',(-1.453553390593,11.04644660941,1.94));
#15587=CARTESIAN_POINT('Origin',(-1.453553390593,11.04644660941,1.94));
#15588=CARTESIAN_POINT('Origin',(-0.4,0.,0.));
#15589=CARTESIAN_POINT('',(-0.4,-2.,0.65));
#15590=CARTESIAN_POINT('',(-0.4,-2.,0.65));
#15591=CARTESIAN_POINT('',(-0.4,-1.,1.));
#15592=CARTESIAN_POINT('',(-0.4,-1.,1.));
#15593=CARTESIAN_POINT('',(-0.4,0.,1.));
#15594=CARTESIAN_POINT('',(-0.4,-1.,-1.));
#15595=CARTESIAN_POINT('',(-0.4,-1.,-1.));
#15596=CARTESIAN_POINT('',(-0.4,-2.,-0.65));
#15597=CARTESIAN_POINT('',(-0.4,-2.,-0.65));
#15598=CARTESIAN_POINT('',(-0.4,-6.25,-0.65));
#15599=CARTESIAN_POINT('Origin',(-0.4,-2.,0.65));
#15600=CARTESIAN_POINT('',(0.4,-2.,0.65));
#15601=CARTESIAN_POINT('',(0.4,-2.,0.65));
#15602=CARTESIAN_POINT('',(-0.4,-2.,0.65));
#15603=CARTESIAN_POINT('Origin',(-0.4,-1.,1.));
#15604=CARTESIAN_POINT('',(0.4,-1.,1.));
#15605=CARTESIAN_POINT('',(0.4,-1.,1.));
#15606=CARTESIAN_POINT('',(-0.4,-1.,1.));
#15607=CARTESIAN_POINT('Origin',(-0.4,0.,1.));
#15608=CARTESIAN_POINT('',(0.4,0.,1.));
#15609=CARTESIAN_POINT('Origin',(0.4,0.,0.));
#15610=CARTESIAN_POINT('',(0.4,-2.,-0.65));
#15611=CARTESIAN_POINT('',(0.4,-6.25,-0.65));
#15612=CARTESIAN_POINT('',(0.4,-1.,-1.));
#15613=CARTESIAN_POINT('',(0.4,-2.,-0.65));
#15614=CARTESIAN_POINT('',(0.4,-1.,-1.));
#15615=CARTESIAN_POINT('Origin',(-0.4,-1.,-1.));
#15616=CARTESIAN_POINT('',(-0.4,-1.,-1.));
#15617=CARTESIAN_POINT('Origin',(-0.4,-2.,-0.65));
#15618=CARTESIAN_POINT('',(-0.4,-2.,-0.65));
#15619=CARTESIAN_POINT('Origin',(-0.4,-6.9,-0.65));
#15620=CARTESIAN_POINT('Origin',(4.3,0.,0.));
#15621=CARTESIAN_POINT('',(4.3,-2.,0.65));
#15622=CARTESIAN_POINT('',(4.3,-2.,0.65));
#15623=CARTESIAN_POINT('',(4.3,-1.,1.));
#15624=CARTESIAN_POINT('',(4.3,-1.,1.));
#15625=CARTESIAN_POINT('',(4.3,0.,1.));
#15626=CARTESIAN_POINT('',(4.3,-1.,-1.));
#15627=CARTESIAN_POINT('',(4.3,-1.,-1.));
#15628=CARTESIAN_POINT('',(4.3,-2.,-0.65));
#15629=CARTESIAN_POINT('',(4.3,-2.,-0.65));
#15630=CARTESIAN_POINT('',(4.3,-6.25,-0.65));
#15631=CARTESIAN_POINT('Origin',(4.3,-2.,0.65));
#15632=CARTESIAN_POINT('',(5.1,-2.,0.65));
#15633=CARTESIAN_POINT('',(5.1,-2.,0.65));
#15634=CARTESIAN_POINT('',(4.3,-2.,0.65));
#15635=CARTESIAN_POINT('Origin',(4.3,-1.,1.));
#15636=CARTESIAN_POINT('',(5.1,-1.,1.));
#15637=CARTESIAN_POINT('',(5.1,-1.,1.));
#15638=CARTESIAN_POINT('',(4.3,-1.,1.));
#15639=CARTESIAN_POINT('Origin',(4.3,0.,1.));
#15640=CARTESIAN_POINT('',(5.1,0.,1.));
#15641=CARTESIAN_POINT('Origin',(5.1,0.,0.));
#15642=CARTESIAN_POINT('',(5.1,-2.,-0.65));
#15643=CARTESIAN_POINT('',(5.1,-6.25,-0.65));
#15644=CARTESIAN_POINT('',(5.1,-1.,-1.));
#15645=CARTESIAN_POINT('',(5.1,-2.,-0.65));
#15646=CARTESIAN_POINT('',(5.1,-1.,-1.));
#15647=CARTESIAN_POINT('Origin',(4.3,-1.,-1.));
#15648=CARTESIAN_POINT('',(4.3,-1.,-1.));
#15649=CARTESIAN_POINT('Origin',(4.3,-2.,-0.65));
#15650=CARTESIAN_POINT('',(4.3,-2.,-0.65));
#15651=CARTESIAN_POINT('Origin',(4.3,-6.9,-0.65));
#15652=CARTESIAN_POINT('Origin',(-5.1,0.,0.));
#15653=CARTESIAN_POINT('',(-5.1,-2.,0.65));
#15654=CARTESIAN_POINT('',(-5.1,-2.,0.65));
#15655=CARTESIAN_POINT('',(-5.1,-1.,1.));
#15656=CARTESIAN_POINT('',(-5.1,-1.,1.));
#15657=CARTESIAN_POINT('',(-5.1,0.,1.));
#15658=CARTESIAN_POINT('',(-5.1,-1.,-1.));
#15659=CARTESIAN_POINT('',(-5.1,-1.,-1.));
#15660=CARTESIAN_POINT('',(-5.1,-2.,-0.65));
#15661=CARTESIAN_POINT('',(-5.1,-2.,-0.65));
#15662=CARTESIAN_POINT('',(-5.1,-6.25,-0.65));
#15663=CARTESIAN_POINT('Origin',(-5.1,-2.,0.65));
#15664=CARTESIAN_POINT('',(-4.3,-2.,0.65));
#15665=CARTESIAN_POINT('',(-4.3,-2.,0.65));
#15666=CARTESIAN_POINT('',(-5.1,-2.,0.65));
#15667=CARTESIAN_POINT('Origin',(-5.1,-1.,1.));
#15668=CARTESIAN_POINT('',(-4.3,-1.,1.));
#15669=CARTESIAN_POINT('',(-4.3,-1.,1.));
#15670=CARTESIAN_POINT('',(-5.1,-1.,1.));
#15671=CARTESIAN_POINT('Origin',(-5.1,0.,1.));
#15672=CARTESIAN_POINT('',(-4.3,0.,1.));
#15673=CARTESIAN_POINT('Origin',(-4.3,0.,0.));
#15674=CARTESIAN_POINT('',(-4.3,-2.,-0.65));
#15675=CARTESIAN_POINT('',(-4.3,-6.25,-0.65));
#15676=CARTESIAN_POINT('',(-4.3,-1.,-1.));
#15677=CARTESIAN_POINT('',(-4.3,-2.,-0.65));
#15678=CARTESIAN_POINT('',(-4.3,-1.,-1.));
#15679=CARTESIAN_POINT('Origin',(-5.1,-1.,-1.));
#15680=CARTESIAN_POINT('',(-5.1,-1.,-1.));
#15681=CARTESIAN_POINT('Origin',(-5.1,-2.,-0.65));
#15682=CARTESIAN_POINT('',(-5.1,-2.,-0.65));
#15683=CARTESIAN_POINT('Origin',(-5.1,-6.9,-0.65));
#15684=CARTESIAN_POINT('Origin',(4.684788838228,3.758398789738,3.4));
#15685=CARTESIAN_POINT('',(4.684788838228,2.200736002216,3.4));
#15686=CARTESIAN_POINT('',(4.684788838228,3.758398789738,3.4));
#15687=CARTESIAN_POINT('Origin',(2.324693705619,3.758398789738,3.4));
#15688=CARTESIAN_POINT('',(2.324693705619,3.758398789738,3.4));
#15689=CARTESIAN_POINT('Origin',(2.324693705619,2.200736002216,3.4));
#15690=CARTESIAN_POINT('',(2.324693705619,2.200736002216,3.4));
#15691=CARTESIAN_POINT('Origin',(4.684788838228,2.200736002216,3.4));
#15692=CARTESIAN_POINT('Origin',(0.8730172860481,5.383946451045,3.4));
#15693=CARTESIAN_POINT('',(0.8730172860481,5.383946451045,3.35));
#15694=CARTESIAN_POINT('',(0.8730172860481,5.383946451045,3.35));
#15695=CARTESIAN_POINT('',(0.8730172860481,5.383946451045,3.4));
#15696=CARTESIAN_POINT('Origin',(0.9030534983618,5.538946451045,3.4));
#15697=CARTESIAN_POINT('',(0.9030534983618,5.538946451045,3.35));
#15698=CARTESIAN_POINT('',(0.9030534983618,5.538946451045,3.35));
#15699=CARTESIAN_POINT('',(0.9030534983618,5.538946451045,3.4));
#15700=CARTESIAN_POINT('Origin',(1.111556734375,5.538946451045,3.4));
#15701=CARTESIAN_POINT('',(1.111556734375,5.538946451045,3.35));
#15702=CARTESIAN_POINT('',(1.111556734375,5.538946451045,3.35));
#15703=CARTESIAN_POINT('',(1.111556734375,5.538946451045,3.4));
#15704=CARTESIAN_POINT('Origin',(1.111556734375,5.603946451045,3.4));
#15705=CARTESIAN_POINT('',(1.175369641726,5.591580657281,3.35));
#15706=CARTESIAN_POINT('Origin',(1.111556734375,5.603946451045,3.35));
#15707=CARTESIAN_POINT('',(1.175369641726,5.591580657281,3.4));
#15708=CARTESIAN_POINT('Origin',(1.203926482173,5.738946451045,3.4));
#15709=CARTESIAN_POINT('',(1.203926482173,5.738946451045,3.35));
#15710=CARTESIAN_POINT('',(1.203926482173,5.738946451045,3.35));
#15711=CARTESIAN_POINT('',(1.203926482173,5.738946451045,3.4));
#15712=CARTESIAN_POINT('Origin',(0.9418099013473,5.738946451045,3.4));
#15713=CARTESIAN_POINT('',(0.9418099013473,5.738946451045,3.35));
#15714=CARTESIAN_POINT('',(0.9418099013473,5.738946451045,3.35));
#15715=CARTESIAN_POINT('',(0.9418099013473,5.738946451045,3.4));
#15716=CARTESIAN_POINT('Origin',(0.971846113661,5.893946451045,3.4));
#15717=CARTESIAN_POINT('',(0.971846113661,5.893946451045,3.35));
#15718=CARTESIAN_POINT('',(0.971846113661,5.893946451045,3.35));
#15719=CARTESIAN_POINT('',(0.971846113661,5.893946451045,3.4));
#15720=CARTESIAN_POINT('Origin',(1.27666956533,5.893946451045,3.4));
#15721=CARTESIAN_POINT('',(1.27666956533,5.893946451045,3.35));
#15722=CARTESIAN_POINT('Origin',(1.331410648225,5.582073001598,3.4));
#15723=CARTESIAN_POINT('',(1.331410648225,5.582073001598,3.35));
#15724=CARTESIAN_POINT('',(1.331410648225,5.582073001598,3.35));
#15725=CARTESIAN_POINT('',(1.331410648225,5.582073001598,3.4));
#15726=CARTESIAN_POINT('Origin',(1.185343925667,5.463946451045,3.4));
#15727=CARTESIAN_POINT('',(1.185343925667,5.463946451045,3.35));
#15728=CARTESIAN_POINT('',(1.185343925667,5.463946451045,3.35));
#15729=CARTESIAN_POINT('',(1.185343925667,5.463946451045,3.4));
#15730=CARTESIAN_POINT('Origin',(1.283579160061,5.335241590637,3.4));
#15731=CARTESIAN_POINT('',(1.283579160061,5.335241590637,3.35));
#15732=CARTESIAN_POINT('',(1.283579160061,5.335241590637,3.35));
#15733=CARTESIAN_POINT('',(1.283579160061,5.335241590637,3.4));
#15734=CARTESIAN_POINT('Origin',(1.226441355979,5.040385516901,3.4));
#15735=CARTESIAN_POINT('',(1.226441355979,5.040385516901,3.35));
#15736=CARTESIAN_POINT('',(1.226441355979,5.040385516901,3.35));
#15737=CARTESIAN_POINT('',(1.226441355979,5.040385516901,3.4));
#15738=CARTESIAN_POINT('Origin',(1.182263189352,5.048946451045,3.4));
#15739=CARTESIAN_POINT('',(1.182263189352,5.003946451045,3.35));
#15740=CARTESIAN_POINT('Origin',(1.182263189352,5.048946451045,3.35));
#15741=CARTESIAN_POINT('',(1.182263189352,5.003946451045,3.4));
#15742=CARTESIAN_POINT('Origin',(0.2276359449277,5.003946451045,3.4));
#15743=CARTESIAN_POINT('',(0.2276359449277,5.003946451045,3.35));
#15744=CARTESIAN_POINT('',(0.2276359449277,5.003946451045,3.35));
#15745=CARTESIAN_POINT('',(0.2276359449277,5.003946451045,3.4));
#15746=CARTESIAN_POINT('Origin',(0.01431679865667,5.434429431065,3.4));
#15747=CARTESIAN_POINT('',(0.01431679865667,5.434429431065,3.35));
#15748=CARTESIAN_POINT('',(0.01431679865667,5.434429431065,3.35));
#15749=CARTESIAN_POINT('',(0.01431679865667,5.434429431065,3.4));
#15750=CARTESIAN_POINT('Origin',(-0.07046730931415,5.362476383174,3.4));
#15751=CARTESIAN_POINT('',(-0.07046730931415,5.362476383174,3.35));
#15752=CARTESIAN_POINT('',(-0.07046730931415,5.362476383174,3.35));
#15753=CARTESIAN_POINT('',(-0.07046730931415,5.362476383174,3.4));
#15754=CARTESIAN_POINT('Origin',(-0.1399439619739,5.003946451045,3.4));
#15755=CARTESIAN_POINT('',(-0.1399439619739,5.003946451045,3.35));
#15756=CARTESIAN_POINT('',(-0.1399439619739,5.003946451045,3.35));
#15757=CARTESIAN_POINT('',(-0.1399439619739,5.003946451045,3.4));
#15758=CARTESIAN_POINT('Origin',(-0.2949439619739,5.003946451045,3.4));
#15759=CARTESIAN_POINT('',(-0.2949439619739,5.003946451045,3.35));
#15760=CARTESIAN_POINT('',(-0.2949439619739,5.003946451045,3.35));
#15761=CARTESIAN_POINT('',(-0.2949439619739,5.003946451045,3.4));
#15762=CARTESIAN_POINT('Origin',(-0.1302292492857,5.853946451045,3.4));
#15763=CARTESIAN_POINT('',(-0.1302292492857,5.853946451045,3.35));
#15764=CARTESIAN_POINT('',(-0.1302292492857,5.853946451045,3.35));
#15765=CARTESIAN_POINT('',(-0.1302292492857,5.853946451045,3.4));
#15766=CARTESIAN_POINT('Origin',(-0.3652292492857,5.853946451045,3.4));
#15767=CARTESIAN_POINT('',(-0.3652292492857,5.853946451045,3.35));
#15768=CARTESIAN_POINT('',(-0.3652292492857,5.853946451045,3.35));
#15769=CARTESIAN_POINT('',(-0.3652292492857,5.853946451045,3.4));
#15770=CARTESIAN_POINT('Origin',(-0.6715289673362,5.479854552999,3.4));
#15771=CARTESIAN_POINT('',(-0.6715289673362,5.479854552999,3.35));
#15772=CARTESIAN_POINT('',(-0.6715289673362,5.479854552999,3.35));
#15773=CARTESIAN_POINT('',(-0.6715289673362,5.479854552999,3.4));
#15774=CARTESIAN_POINT('Origin',(-0.3513701636877,5.003946451045,3.4));
#15775=CARTESIAN_POINT('',(-0.3513701636877,5.003946451045,3.35));
#15776=CARTESIAN_POINT('',(-0.3513701636877,5.003946451045,3.35));
#15777=CARTESIAN_POINT('',(-0.3513701636877,5.003946451045,3.4));
#15778=CARTESIAN_POINT('Origin',(-0.5413701636877,5.003946451045,3.4));
#15779=CARTESIAN_POINT('',(-0.5413701636877,5.003946451045,3.35));
#15780=CARTESIAN_POINT('',(-0.5413701636877,5.003946451045,3.35));
#15781=CARTESIAN_POINT('',(-0.5413701636877,5.003946451045,3.4));
#15782=CARTESIAN_POINT('Origin',(-0.7758314000807,5.352467249855,3.4));
#15783=CARTESIAN_POINT('',(-0.7758314000807,5.352467249855,3.35));
#15784=CARTESIAN_POINT('',(-0.7758314000807,5.352467249855,3.35));
#15785=CARTESIAN_POINT('',(-0.7758314000807,5.352467249855,3.4));
#15786=CARTESIAN_POINT('Origin',(-1.061193961974,5.003946451045,3.4));
#15787=CARTESIAN_POINT('',(-1.061193961974,5.003946451045,3.35));
#15788=CARTESIAN_POINT('',(-1.061193961974,5.003946451045,3.35));
#15789=CARTESIAN_POINT('',(-1.061193961974,5.003946451045,3.4));
#15790=CARTESIAN_POINT('Origin',(-1.261193961974,5.003946451045,3.4));
#15791=CARTESIAN_POINT('',(-1.261193961974,5.003946451045,3.35));
#15792=CARTESIAN_POINT('',(-1.261193961974,5.003946451045,3.35));
#15793=CARTESIAN_POINT('',(-1.261193961974,5.003946451045,3.4));
#15794=CARTESIAN_POINT('Origin',(-0.8660393656129,5.486559147901,3.4));
#15795=CARTESIAN_POINT('',(-0.8660393656129,5.486559147901,3.35));
#15796=CARTESIAN_POINT('',(-0.8660393656129,5.486559147901,3.35));
#15797=CARTESIAN_POINT('',(-0.8660393656129,5.486559147901,3.4));
#15798=CARTESIAN_POINT('Origin',(-1.140102007247,5.893946451045,3.4));
#15799=CARTESIAN_POINT('',(-1.140102007247,5.893946451045,3.35));
#15800=CARTESIAN_POINT('',(-1.140102007247,5.893946451045,3.35));
#15801=CARTESIAN_POINT('',(-1.140102007247,5.893946451045,3.4));
#15802=CARTESIAN_POINT('Origin',(-0.9501020072466,5.893946451045,3.4));
#15803=CARTESIAN_POINT('',(-0.9501020072466,5.893946451045,3.35));
#15804=CARTESIAN_POINT('',(-0.9501020072466,5.893946451045,3.35));
#15805=CARTESIAN_POINT('',(-0.9501020072466,5.893946451045,3.4));
#15806=CARTESIAN_POINT('Origin',(-0.7617369328684,5.613946451045,3.4));
#15807=CARTESIAN_POINT('',(-0.7617369328684,5.613946451045,3.35));
#15808=CARTESIAN_POINT('',(-0.7617369328684,5.613946451045,3.35));
#15809=CARTESIAN_POINT('',(-0.7617369328684,5.613946451045,3.4));
#15810=CARTESIAN_POINT('Origin',(-0.5324779686886,5.893946451045,3.4));
#15811=CARTESIAN_POINT('',(-0.5324779686886,5.893946451045,3.35));
#15812=CARTESIAN_POINT('',(-0.5324779686886,5.893946451045,3.35));
#15813=CARTESIAN_POINT('',(-0.5324779686886,5.893946451045,3.4));
#15814=CARTESIAN_POINT('Origin',(0.03252203131139,5.893946451045,3.4));
#15815=CARTESIAN_POINT('',(0.03252203131139,5.893946451045,3.35));
#15816=CARTESIAN_POINT('',(0.03252203131139,5.893946451045,3.35));
#15817=CARTESIAN_POINT('',(0.03252203131139,5.893946451045,3.4));
#15818=CARTESIAN_POINT('Origin',(-0.0232294916216,5.606244194704,3.4));
#15819=CARTESIAN_POINT('',(-0.0232294916216,5.606244194704,3.35));
#15820=CARTESIAN_POINT('',(-0.0232294916216,5.606244194704,3.35));
#15821=CARTESIAN_POINT('',(-0.0232294916216,5.606244194704,3.4));
#15822=CARTESIAN_POINT('Origin',(0.3157774007911,5.893946451045,3.4));
#15823=CARTESIAN_POINT('',(0.3157774007911,5.893946451045,3.35));
#15824=CARTESIAN_POINT('',(0.3157774007911,5.893946451045,3.35));
#15825=CARTESIAN_POINT('',(0.3157774007911,5.893946451045,3.4));
#15826=CARTESIAN_POINT('Origin',(0.5557774007911,5.893946451045,3.4));
#15827=CARTESIAN_POINT('',(0.5557774007911,5.893946451045,3.35));
#15828=CARTESIAN_POINT('',(0.5557774007911,5.893946451045,3.35));
#15829=CARTESIAN_POINT('',(0.5557774007911,5.893946451045,3.4));
#15830=CARTESIAN_POINT('Origin',(0.1360920963992,5.537775494851,3.4));
#15831=CARTESIAN_POINT('',(0.1360920963992,5.537775494851,3.35));
#15832=CARTESIAN_POINT('',(0.1360920963992,5.537775494851,3.35));
#15833=CARTESIAN_POINT('',(0.1360920963992,5.537775494851,3.4));
#15834=CARTESIAN_POINT('Origin',(0.3832790717239,5.038946451045,3.4));
#15835=CARTESIAN_POINT('',(0.3832790717239,5.038946451045,3.35));
#15836=CARTESIAN_POINT('',(0.3832790717239,5.038946451045,3.35));
#15837=CARTESIAN_POINT('',(0.3832790717239,5.038946451045,3.4));
#15838=CARTESIAN_POINT('Origin',(0.4932790717239,5.038946451045,3.4));
#15839=CARTESIAN_POINT('',(0.4932790717239,5.038946451045,3.35));
#15840=CARTESIAN_POINT('',(0.4932790717239,5.038946451045,3.35));
#15841=CARTESIAN_POINT('',(0.4932790717239,5.038946451045,3.4));
#15842=CARTESIAN_POINT('Origin',(0.6589626944867,5.893946451045,3.4));
#15843=CARTESIAN_POINT('',(0.6589626944867,5.893946451045,3.35));
#15844=CARTESIAN_POINT('',(0.6589626944867,5.893946451045,3.35));
#15845=CARTESIAN_POINT('',(0.6589626944867,5.893946451045,3.4));
#15846=CARTESIAN_POINT('Origin',(0.8139626944867,5.893946451045,3.4));
#15847=CARTESIAN_POINT('',(0.8139626944867,5.893946451045,3.35));
#15848=CARTESIAN_POINT('',(0.8139626944867,5.893946451045,3.35));
#15849=CARTESIAN_POINT('',(0.8139626944867,5.893946451045,3.4));
#15850=CARTESIAN_POINT('Origin',(0.6715329135152,5.158946451045,3.4));
#15851=CARTESIAN_POINT('',(0.6715329135152,5.158946451045,3.35));
#15852=CARTESIAN_POINT('',(0.6715329135152,5.158946451045,3.35));
#15853=CARTESIAN_POINT('',(0.6715329135152,5.158946451045,3.4));
#15854=CARTESIAN_POINT('Origin',(1.091532913515,5.158946451045,3.4));
#15855=CARTESIAN_POINT('',(1.091532913515,5.158946451045,3.35));
#15856=CARTESIAN_POINT('',(1.091532913515,5.158946451045,3.35));
#15857=CARTESIAN_POINT('',(1.091532913515,5.158946451045,3.4));
#15858=CARTESIAN_POINT('Origin',(1.124754721134,5.330385516901,3.4));
#15859=CARTESIAN_POINT('',(1.124754721134,5.330385516901,3.35));
#15860=CARTESIAN_POINT('Origin',(0.,0.,3.35));
#15861=CARTESIAN_POINT('Origin',(0.,0.,3.35));
#15862=CARTESIAN_POINT('',(1.217263189352,4.943946451045,3.35));
#15863=CARTESIAN_POINT('',(1.217263189352,4.963946451045,3.35));
#15864=CARTESIAN_POINT('',(1.217263189352,4.943946451045,3.35));
#15865=CARTESIAN_POINT('',(-1.307736810648,4.963946451045,3.35));
#15866=CARTESIAN_POINT('',(1.217263189352,4.963946451045,3.35));
#15867=CARTESIAN_POINT('',(-1.307736810648,4.943946451045,3.35));
#15868=CARTESIAN_POINT('',(-1.307736810648,4.963946451045,3.35));
#15869=CARTESIAN_POINT('',(-1.307736810648,4.943946451045,3.35));
#15870=CARTESIAN_POINT('Origin',(0.,0.,3.35));
#15871=CARTESIAN_POINT('',(-1.322919563541,4.731988474993,3.35));
#15872=CARTESIAN_POINT('',(-1.334169566224,4.739648048548,3.35));
#15873=CARTESIAN_POINT('',(-1.322919563541,4.731988474993,3.35));
#15874=CARTESIAN_POINT('',(-1.33791956533,4.751137408881,3.35));
#15875=CARTESIAN_POINT('',(-1.334169566224,4.739648048548,3.35));
#15876=CARTESIAN_POINT('',(-1.33791956533,4.758796982436,3.35));
#15877=CARTESIAN_POINT('',(-1.33791956533,4.751137408881,3.35));
#15878=CARTESIAN_POINT('',(-1.334169566224,4.770286353497,3.35));
#15879=CARTESIAN_POINT('',(-1.33791956533,4.758796982436,3.35));
#15880=CARTESIAN_POINT('',(-1.322919563541,4.777945927052,3.35));
#15881=CARTESIAN_POINT('',(-1.334169566224,4.770286353497,3.35));
#15882=CARTESIAN_POINT('',(-1.311669563541,4.78177571383,3.35));
#15883=CARTESIAN_POINT('',(-1.322919563541,4.777945927052,3.35));
#15884=CARTESIAN_POINT('',(-1.289169563541,4.78177571383,3.35));
#15885=CARTESIAN_POINT('',(-1.311669563541,4.78177571383,3.35));
#15886=CARTESIAN_POINT('',(-1.277919568906,4.777945927052,3.35));
#15887=CARTESIAN_POINT('',(-1.289169563541,4.78177571383,3.35));
#15888=CARTESIAN_POINT('',(-1.27041956533,4.770286353497,3.35));
#15889=CARTESIAN_POINT('',(-1.277919568906,4.777945927052,3.35));
#15890=CARTESIAN_POINT('',(-1.266669568906,4.762626779942,3.35));
#15891=CARTESIAN_POINT('',(-1.27041956533,4.770286353497,3.35));
#15892=CARTESIAN_POINT('',(-1.244169568906,4.762626779942,3.35));
#15893=CARTESIAN_POINT('',(-1.266669568906,4.762626779942,3.35));
#15894=CARTESIAN_POINT('',(-1.24791956533,4.774116140275,3.35));
#15895=CARTESIAN_POINT('',(-1.244169568906,4.762626779942,3.35));
#15896=CARTESIAN_POINT('',(-1.25916956533,4.789435287385,3.35));
#15897=CARTESIAN_POINT('',(-1.24791956533,4.774116140275,3.35));
#15898=CARTESIAN_POINT('',(-1.274169561753,4.800924647717,3.35));
#15899=CARTESIAN_POINT('',(-1.25916956533,4.789435287385,3.35));
#15900=CARTESIAN_POINT('',(-1.29291956533,4.804754434495,3.35));
#15901=CARTESIAN_POINT('',(-1.274169561753,4.800924647717,3.35));
#15902=CARTESIAN_POINT('',(-1.311669563541,4.804754434495,3.35));
#15903=CARTESIAN_POINT('',(-1.29291956533,4.804754434495,3.35));
#15904=CARTESIAN_POINT('',(-1.32666956533,4.800924647717,3.35));
#15905=CARTESIAN_POINT('',(-1.311669563541,4.804754434495,3.35));
#15906=CARTESIAN_POINT('',(-1.341669564436,4.793265074162,3.35));
#15907=CARTESIAN_POINT('',(-1.32666956533,4.800924647717,3.35));
#15908=CARTESIAN_POINT('',(-1.356669564883,4.777945927052,3.35));
#15909=CARTESIAN_POINT('',(-1.341669564436,4.793265074162,3.35));
#15910=CARTESIAN_POINT('',(-1.36041956533,4.762626779942,3.35));
#15911=CARTESIAN_POINT('',(-1.356669564883,4.777945927052,3.35));
#15912=CARTESIAN_POINT('',(-1.36041956533,4.747307622103,3.35));
#15913=CARTESIAN_POINT('',(-1.36041956533,4.762626779942,3.35));
#15914=CARTESIAN_POINT('',(-1.356669564883,4.731988474993,3.35));
#15915=CARTESIAN_POINT('',(-1.36041956533,4.747307622103,3.35));
#15916=CARTESIAN_POINT('',(-1.341669564436,4.716669327883,3.35));
#15917=CARTESIAN_POINT('',(-1.356669564883,4.731988474993,3.35));
#15918=CARTESIAN_POINT('',(-1.32666956533,4.709009754328,3.35));
#15919=CARTESIAN_POINT('',(-1.341669564436,4.716669327883,3.35));
#15920=CARTESIAN_POINT('',(-1.311669563541,4.705179967551,3.35));
#15921=CARTESIAN_POINT('',(-1.32666956533,4.709009754328,3.35));
#15922=CARTESIAN_POINT('',(-1.289169563541,4.705179967551,3.35));
#15923=CARTESIAN_POINT('',(-1.311669563541,4.705179967551,3.35));
#15924=CARTESIAN_POINT('',(-1.274169561753,4.701350180773,3.35));
#15925=CARTESIAN_POINT('',(-1.289169563541,4.705179967551,3.35));
#15926=CARTESIAN_POINT('',(-1.262919561753,4.693690607218,3.35));
#15927=CARTESIAN_POINT('',(-1.274169561753,4.701350180773,3.35));
#15928=CARTESIAN_POINT('',(-1.255419568906,4.682201241522,3.35));
#15929=CARTESIAN_POINT('',(-1.262919561753,4.693690607218,3.35));
#15930=CARTESIAN_POINT('',(-1.255419568906,4.670711881189,3.35));
#15931=CARTESIAN_POINT('',(-1.255419568906,4.682201241522,3.35));
#15932=CARTESIAN_POINT('',(-1.262919561753,4.659222520857,3.35));
#15933=CARTESIAN_POINT('',(-1.255419568906,4.670711881189,3.35));
#15934=CARTESIAN_POINT('',(-1.274169561753,4.651562944619,3.35));
#15935=CARTESIAN_POINT('',(-1.262919561753,4.659222520857,3.35));
#15936=CARTESIAN_POINT('',(-1.289169563541,4.647733157842,3.35));
#15937=CARTESIAN_POINT('',(-1.274169561753,4.651562944619,3.35));
#15938=CARTESIAN_POINT('',(-1.319169567118,4.647733157842,3.35));
#15939=CARTESIAN_POINT('',(-1.289169563541,4.647733157842,3.35));
#15940=CARTESIAN_POINT('',(-1.334169566224,4.651562944619,3.35));
#15941=CARTESIAN_POINT('',(-1.319169567118,4.647733157842,3.35));
#15942=CARTESIAN_POINT('',(-1.345419566224,4.663052307634,3.35));
#15943=CARTESIAN_POINT('',(-1.334169566224,4.651562944619,3.35));
#15944=CARTESIAN_POINT('',(-1.34916956533,4.674541667967,3.35));
#15945=CARTESIAN_POINT('',(-1.345419566224,4.663052307634,3.35));
#15946=CARTESIAN_POINT('',(-1.37166956533,4.674541667967,3.35));
#15947=CARTESIAN_POINT('',(-1.34916956533,4.674541667967,3.35));
#15948=CARTESIAN_POINT('',(-1.367919565218,4.659222520857,3.35));
#15949=CARTESIAN_POINT('',(-1.37166956533,4.674541667967,3.35));
#15950=CARTESIAN_POINT('',(-1.356669564883,4.640073582946,3.35));
#15951=CARTESIAN_POINT('',(-1.367919565218,4.659222520857,3.35));
#15952=CARTESIAN_POINT('',(-1.33791956533,4.628584221607,3.35));
#15953=CARTESIAN_POINT('',(-1.356669564883,4.640073582946,3.35));
#15954=CARTESIAN_POINT('',(-1.319169567118,4.624754434495,3.35));
#15955=CARTESIAN_POINT('',(-1.33791956533,4.628584221607,3.35));
#15956=CARTESIAN_POINT('',(-1.289169563541,4.624754434495,3.35));
#15957=CARTESIAN_POINT('',(-1.319169567118,4.624754434495,3.35));
#15958=CARTESIAN_POINT('',(-1.27041956533,4.628584221607,3.35));
#15959=CARTESIAN_POINT('',(-1.289169563541,4.624754434495,3.35));
#15960=CARTESIAN_POINT('',(-1.255419568906,4.636243796168,3.35));
#15961=CARTESIAN_POINT('',(-1.27041956533,4.628584221607,3.35));
#15962=CARTESIAN_POINT('',(-1.240419561753,4.651562944619,3.35));
#15963=CARTESIAN_POINT('',(-1.255419568906,4.636243796168,3.35));
#15964=CARTESIAN_POINT('',(-1.232919568906,4.666882094412,3.35));
#15965=CARTESIAN_POINT('',(-1.240419561753,4.651562944619,3.35));
#15966=CARTESIAN_POINT('',(-1.232919568906,4.686031028299,3.35));
#15967=CARTESIAN_POINT('',(-1.232919568906,4.666882094412,3.35));
#15968=CARTESIAN_POINT('',(-1.240419561753,4.701350180773,3.35));
#15969=CARTESIAN_POINT('',(-1.232919568906,4.686031028299,3.35));
#15970=CARTESIAN_POINT('',(-1.255419568906,4.716669327883,3.35));
#15971=CARTESIAN_POINT('',(-1.240419561753,4.701350180773,3.35));
#15972=CARTESIAN_POINT('',(-1.27041956533,4.724328901438,3.35));
#15973=CARTESIAN_POINT('',(-1.255419568906,4.716669327883,3.35));
#15974=CARTESIAN_POINT('',(-1.289169563541,4.728158688216,3.35));
#15975=CARTESIAN_POINT('',(-1.27041956533,4.724328901438,3.35));
#15976=CARTESIAN_POINT('',(-1.311669563541,4.728158688216,3.35));
#15977=CARTESIAN_POINT('',(-1.289169563541,4.728158688216,3.35));
#15978=CARTESIAN_POINT('',(-1.311669563541,4.728158688216,3.35));
#15979=CARTESIAN_POINT('Origin',(0.,0.,3.35));
#15980=CARTESIAN_POINT('',(-1.172919572482,4.624754434495,3.35));
#15981=CARTESIAN_POINT('',(-1.142919558177,4.624754434495,3.35));
#15982=CARTESIAN_POINT('',(-1.172919572482,4.624754434495,3.35));
#15983=CARTESIAN_POINT('',(-1.11291956533,4.770286353497,3.35));
#15984=CARTESIAN_POINT('',(-1.142919558177,4.624754434495,3.35));
#15985=CARTESIAN_POINT('',(-1.082919572482,4.624754434495,3.35));
#15986=CARTESIAN_POINT('',(-1.11291956533,4.770286353497,3.35));
#15987=CARTESIAN_POINT('',(-1.052919558177,4.624754434495,3.35));
#15988=CARTESIAN_POINT('',(-1.082919572482,4.624754434495,3.35));
#15989=CARTESIAN_POINT('',(-1.02291956533,4.804754434495,3.35));
#15990=CARTESIAN_POINT('',(-1.052919558177,4.624754434495,3.35));
#15991=CARTESIAN_POINT('',(-1.04541956533,4.804754434495,3.35));
#15992=CARTESIAN_POINT('',(-1.02291956533,4.804754434495,3.35));
#15993=CARTESIAN_POINT('',(-1.06791956533,4.666882094412,3.35));
#15994=CARTESIAN_POINT('',(-1.04541956533,4.804754434495,3.35));
#15995=CARTESIAN_POINT('',(-1.097919558177,4.804754434495,3.35));
#15996=CARTESIAN_POINT('',(-1.06791956533,4.666882094412,3.35));
#15997=CARTESIAN_POINT('',(-1.127919572482,4.804754434495,3.35));
#15998=CARTESIAN_POINT('',(-1.097919558177,4.804754434495,3.35));
#15999=CARTESIAN_POINT('',(-1.15791956533,4.666882094412,3.35));
#16000=CARTESIAN_POINT('',(-1.127919572482,4.804754434495,3.35));
#16001=CARTESIAN_POINT('',(-1.18041956533,4.804754434495,3.35));
#16002=CARTESIAN_POINT('',(-1.15791956533,4.666882094412,3.35));
#16003=CARTESIAN_POINT('',(-1.20291956533,4.804754434495,3.35));
#16004=CARTESIAN_POINT('',(-1.18041956533,4.804754434495,3.35));
#16005=CARTESIAN_POINT('',(-1.20291956533,4.804754434495,3.35));
#16006=CARTESIAN_POINT('Origin',(0.,0.,3.35));
#16007=CARTESIAN_POINT('',(-0.9929195510245,4.624754434495,3.35));
#16008=CARTESIAN_POINT('',(-0.9704195510245,4.624754434495,3.35));
#16009=CARTESIAN_POINT('',(-0.9929195510245,4.624754434495,3.35));
#16010=CARTESIAN_POINT('',(-0.9704195510245,4.804754434495,3.35));
#16011=CARTESIAN_POINT('',(-0.9704195510245,4.624754434495,3.35));
#16012=CARTESIAN_POINT('',(-0.9929195510245,4.804754434495,3.35));
#16013=CARTESIAN_POINT('',(-0.9704195510245,4.804754434495,3.35));
#16014=CARTESIAN_POINT('',(-0.9929195510245,4.804754434495,3.35));
#16015=CARTESIAN_POINT('Origin',(0.,0.,3.35));
#16016=CARTESIAN_POINT('',(-0.8579195510245,4.785605500607,3.35));
#16017=CARTESIAN_POINT('',(-0.7979195653296,4.785605500607,3.35));
#16018=CARTESIAN_POINT('',(-0.8579195510245,4.785605500607,3.35));
#16019=CARTESIAN_POINT('',(-0.7979195653296,4.804754434495,3.35));
#16020=CARTESIAN_POINT('',(-0.7979195653296,4.785605500607,3.35));
#16021=CARTESIAN_POINT('',(-0.9404195796347,4.804754434495,3.35));
#16022=CARTESIAN_POINT('',(-0.7979195653296,4.804754434495,3.35));
#16023=CARTESIAN_POINT('',(-0.9404195796347,4.785605500607,3.35));
#16024=CARTESIAN_POINT('',(-0.9404195796347,4.804754434495,3.35));
#16025=CARTESIAN_POINT('',(-0.8804195510245,4.785605500607,3.35));
#16026=CARTESIAN_POINT('',(-0.9404195796347,4.785605500607,3.35));
#16027=CARTESIAN_POINT('',(-0.8804195510245,4.624754434495,3.35));
#16028=CARTESIAN_POINT('',(-0.8804195510245,4.785605500607,3.35));
#16029=CARTESIAN_POINT('',(-0.8579195510245,4.624754434495,3.35));
#16030=CARTESIAN_POINT('',(-0.8804195510245,4.624754434495,3.35));
#16031=CARTESIAN_POINT('',(-0.8579195510245,4.624754434495,3.35));
#16032=CARTESIAN_POINT('Origin',(0.,0.,3.35));
#16033=CARTESIAN_POINT('',(-0.7454195510245,4.743477835326,3.35));
#16034=CARTESIAN_POINT('',(-0.7416695653296,4.758796982436,3.35));
#16035=CARTESIAN_POINT('',(-0.7454195510245,4.743477835326,3.35));
#16036=CARTESIAN_POINT('',(-0.7341695510245,4.770286353497,3.35));
#16037=CARTESIAN_POINT('',(-0.7416695653296,4.758796982436,3.35));
#16038=CARTESIAN_POINT('',(-0.7229195510245,4.777945927052,3.35));
#16039=CARTESIAN_POINT('',(-0.7341695510245,4.770286353497,3.35));
#16040=CARTESIAN_POINT('',(-0.7079195653296,4.78177571383,3.35));
#16041=CARTESIAN_POINT('',(-0.7229195510245,4.777945927052,3.35));
#16042=CARTESIAN_POINT('',(-0.6741695653296,4.78177571383,3.35));
#16043=CARTESIAN_POINT('',(-0.7079195653296,4.78177571383,3.35));
#16044=CARTESIAN_POINT('',(-0.6591695796347,4.777945927052,3.35));
#16045=CARTESIAN_POINT('',(-0.6741695653296,4.78177571383,3.35));
#16046=CARTESIAN_POINT('',(-0.6479195367194,4.770286353497,3.35));
#16047=CARTESIAN_POINT('',(-0.6591695796347,4.777945927052,3.35));
#16048=CARTESIAN_POINT('',(-0.6441695939398,4.758796982436,3.35));
#16049=CARTESIAN_POINT('',(-0.6479195367194,4.770286353497,3.35));
#16050=CARTESIAN_POINT('',(-0.6216695939398,4.758796982436,3.35));
#16051=CARTESIAN_POINT('',(-0.6441695939398,4.758796982436,3.35));
#16052=CARTESIAN_POINT('',(-0.6254195367194,4.777945927052,3.35));
#16053=CARTESIAN_POINT('',(-0.6216695939398,4.758796982436,3.35));
#16054=CARTESIAN_POINT('',(-0.6404195653296,4.793265074162,3.35));
#16055=CARTESIAN_POINT('',(-0.6254195367194,4.777945927052,3.35));
#16056=CARTESIAN_POINT('',(-0.6554195510245,4.800924647717,3.35));
#16057=CARTESIAN_POINT('',(-0.6404195653296,4.793265074162,3.35));
#16058=CARTESIAN_POINT('',(-0.6741695653296,4.804754434495,3.35));
#16059=CARTESIAN_POINT('',(-0.6554195510245,4.800924647717,3.35));
#16060=CARTESIAN_POINT('',(-0.7079195653296,4.804754434495,3.35));
#16061=CARTESIAN_POINT('',(-0.6741695653296,4.804754434495,3.35));
#16062=CARTESIAN_POINT('',(-0.7266695796347,4.800924647717,3.35));
#16063=CARTESIAN_POINT('',(-0.7079195653296,4.804754434495,3.35));
#16064=CARTESIAN_POINT('',(-0.7416695653296,4.793265074162,3.35));
#16065=CARTESIAN_POINT('',(-0.7266695796347,4.800924647717,3.35));
#16066=CARTESIAN_POINT('',(-0.7566695510245,4.777945927052,3.35));
#16067=CARTESIAN_POINT('',(-0.7416695653296,4.793265074162,3.35));
#16068=CARTESIAN_POINT('',(-0.7641695653296,4.762626779942,3.35));
#16069=CARTESIAN_POINT('',(-0.7566695510245,4.777945927052,3.35));
#16070=CARTESIAN_POINT('',(-0.7679195510245,4.743477835326,3.35));
#16071=CARTESIAN_POINT('',(-0.7641695653296,4.762626779942,3.35));
#16072=CARTESIAN_POINT('',(-0.7679195510245,4.686031028299,3.35));
#16073=CARTESIAN_POINT('',(-0.7679195510245,4.743477835326,3.35));
#16074=CARTESIAN_POINT('',(-0.7641695653296,4.666882094412,3.35));
#16075=CARTESIAN_POINT('',(-0.7679195510245,4.686031028299,3.35));
#16076=CARTESIAN_POINT('',(-0.7566695510245,4.651562944619,3.35));
#16077=CARTESIAN_POINT('',(-0.7641695653296,4.666882094412,3.35));
#16078=CARTESIAN_POINT('',(-0.7416695653296,4.636243796168,3.35));
#16079=CARTESIAN_POINT('',(-0.7566695510245,4.651562944619,3.35));
#16080=CARTESIAN_POINT('',(-0.7266695796347,4.628584221607,3.35));
#16081=CARTESIAN_POINT('',(-0.7416695653296,4.636243796168,3.35));
#16082=CARTESIAN_POINT('',(-0.7079195653296,4.624754434495,3.35));
#16083=CARTESIAN_POINT('',(-0.7266695796347,4.628584221607,3.35));
#16084=CARTESIAN_POINT('',(-0.6741695653296,4.624754434495,3.35));
#16085=CARTESIAN_POINT('',(-0.7079195653296,4.624754434495,3.35));
#16086=CARTESIAN_POINT('',(-0.6554195510245,4.628584221607,3.35));
#16087=CARTESIAN_POINT('',(-0.6741695653296,4.624754434495,3.35));
#16088=CARTESIAN_POINT('',(-0.6404195653296,4.636243796168,3.35));
#16089=CARTESIAN_POINT('',(-0.6554195510245,4.628584221607,3.35));
#16090=CARTESIAN_POINT('',(-0.6254195367194,4.651562944619,3.35));
#16091=CARTESIAN_POINT('',(-0.6404195653296,4.636243796168,3.35));
#16092=CARTESIAN_POINT('',(-0.6216695939398,4.670711881189,3.35));
#16093=CARTESIAN_POINT('',(-0.6254195367194,4.651562944619,3.35));
#16094=CARTESIAN_POINT('',(-0.6441695939398,4.670711881189,3.35));
#16095=CARTESIAN_POINT('',(-0.6216695939398,4.670711881189,3.35));
#16096=CARTESIAN_POINT('',(-0.6479195367194,4.659222520857,3.35));
#16097=CARTESIAN_POINT('',(-0.6441695939398,4.670711881189,3.35));
#16098=CARTESIAN_POINT('',(-0.6591695796347,4.651562944619,3.35));
#16099=CARTESIAN_POINT('',(-0.6479195367194,4.659222520857,3.35));
#16100=CARTESIAN_POINT('',(-0.6741695653296,4.647733157842,3.35));
#16101=CARTESIAN_POINT('',(-0.6591695796347,4.651562944619,3.35));
#16102=CARTESIAN_POINT('',(-0.7079195653296,4.647733157842,3.35));
#16103=CARTESIAN_POINT('',(-0.6741695653296,4.647733157842,3.35));
#16104=CARTESIAN_POINT('',(-0.7229195510245,4.651562944619,3.35));
#16105=CARTESIAN_POINT('',(-0.7079195653296,4.647733157842,3.35));
#16106=CARTESIAN_POINT('',(-0.7341695510245,4.659222520857,3.35));
#16107=CARTESIAN_POINT('',(-0.7229195510245,4.651562944619,3.35));
#16108=CARTESIAN_POINT('',(-0.7416695653296,4.670711881189,3.35));
#16109=CARTESIAN_POINT('',(-0.7341695510245,4.659222520857,3.35));
#16110=CARTESIAN_POINT('',(-0.7454195510245,4.686031028299,3.35));
#16111=CARTESIAN_POINT('',(-0.7416695653296,4.670711881189,3.35));
#16112=CARTESIAN_POINT('',(-0.7454195510245,4.686031028299,3.35));
#16113=CARTESIAN_POINT('Origin',(0.,0.,3.35));
#16114=CARTESIAN_POINT('',(-0.5916695367194,4.624754434495,3.35));
#16115=CARTESIAN_POINT('',(-0.5691695367194,4.624754434495,3.35));
#16116=CARTESIAN_POINT('',(-0.5916695367194,4.624754434495,3.35));
#16117=CARTESIAN_POINT('',(-0.5691695367194,4.709009754328,3.35));
#16118=CARTESIAN_POINT('',(-0.5691695367194,4.624754434495,3.35));
#16119=CARTESIAN_POINT('',(-0.4641695939398,4.709009754328,3.35));
#16120=CARTESIAN_POINT('',(-0.5691695367194,4.709009754328,3.35));
#16121=CARTESIAN_POINT('',(-0.4641695939398,4.624754434495,3.35));
#16122=CARTESIAN_POINT('',(-0.4641695939398,4.709009754328,3.35));
#16123=CARTESIAN_POINT('',(-0.4416695939398,4.624754434495,3.35));
#16124=CARTESIAN_POINT('',(-0.4641695939398,4.624754434495,3.35));
#16125=CARTESIAN_POINT('',(-0.4416695939398,4.804754434495,3.35));
#16126=CARTESIAN_POINT('',(-0.4416695939398,4.624754434495,3.35));
#16127=CARTESIAN_POINT('',(-0.4641695939398,4.804754434495,3.35));
#16128=CARTESIAN_POINT('',(-0.4416695939398,4.804754434495,3.35));
#16129=CARTESIAN_POINT('',(-0.4641695939398,4.731988474993,3.35));
#16130=CARTESIAN_POINT('',(-0.4641695939398,4.804754434495,3.35));
#16131=CARTESIAN_POINT('',(-0.5691695367194,4.731988474993,3.35));
#16132=CARTESIAN_POINT('',(-0.4641695939398,4.731988474993,3.35));
#16133=CARTESIAN_POINT('',(-0.5691695367194,4.804754434495,3.35));
#16134=CARTESIAN_POINT('',(-0.5691695367194,4.731988474993,3.35));
#16135=CARTESIAN_POINT('',(-0.5916695367194,4.804754434495,3.35));
#16136=CARTESIAN_POINT('',(-0.5691695367194,4.804754434495,3.35));
#16137=CARTESIAN_POINT('',(-0.5916695367194,4.804754434495,3.35));
#16138=CARTESIAN_POINT('Origin',(0.,0.,3.35));
#16139=CARTESIAN_POINT('',(-0.2091695367194,4.743477835326,3.35));
#16140=CARTESIAN_POINT('',(-0.2054195939398,4.758796982436,3.35));
#16141=CARTESIAN_POINT('',(-0.2091695367194,4.743477835326,3.35));
#16142=CARTESIAN_POINT('',(-0.1979195367194,4.770286353497,3.35));
#16143=CARTESIAN_POINT('',(-0.2054195939398,4.758796982436,3.35));
#16144=CARTESIAN_POINT('',(-0.1866695367194,4.777945927052,3.35));
#16145=CARTESIAN_POINT('',(-0.1979195367194,4.770286353497,3.35));
#16146=CARTESIAN_POINT('',(-0.1716695939398,4.78177571383,3.35));
#16147=CARTESIAN_POINT('',(-0.1866695367194,4.777945927052,3.35));
#16148=CARTESIAN_POINT('',(-0.1379195939398,4.78177571383,3.35));
#16149=CARTESIAN_POINT('',(-0.1716695939398,4.78177571383,3.35));
#16150=CARTESIAN_POINT('',(-0.1229195653296,4.777945927052,3.35));
#16151=CARTESIAN_POINT('',(-0.1379195939398,4.78177571383,3.35));
#16152=CARTESIAN_POINT('',(-0.1116695653296,4.770286353497,3.35));
#16153=CARTESIAN_POINT('',(-0.1229195653296,4.777945927052,3.35));
#16154=CARTESIAN_POINT('',(-0.1079195367194,4.758796982436,3.35));
#16155=CARTESIAN_POINT('',(-0.1116695653296,4.770286353497,3.35));
#16156=CARTESIAN_POINT('',(-0.08541953671936,4.758796982436,3.35));
#16157=CARTESIAN_POINT('',(-0.1079195367194,4.758796982436,3.35));
#16158=CARTESIAN_POINT('',(-0.08916956532959,4.777945927052,3.35));
#16159=CARTESIAN_POINT('',(-0.08541953671936,4.758796982436,3.35));
#16160=CARTESIAN_POINT('',(-0.1041695939398,4.793265074162,3.35));
#16161=CARTESIAN_POINT('',(-0.08916956532959,4.777945927052,3.35));
#16162=CARTESIAN_POINT('',(-0.1191695367194,4.800924647717,3.35));
#16163=CARTESIAN_POINT('',(-0.1041695939398,4.793265074162,3.35));
#16164=CARTESIAN_POINT('',(-0.1379195939398,4.804754434495,3.35));
#16165=CARTESIAN_POINT('',(-0.1191695367194,4.800924647717,3.35));
#16166=CARTESIAN_POINT('',(-0.1716695939398,4.804754434495,3.35));
#16167=CARTESIAN_POINT('',(-0.1379195939398,4.804754434495,3.35));
#16168=CARTESIAN_POINT('',(-0.1904195653296,4.800924647717,3.35));
#16169=CARTESIAN_POINT('',(-0.1716695939398,4.804754434495,3.35));
#16170=CARTESIAN_POINT('',(-0.2054195939398,4.793265074162,3.35));
#16171=CARTESIAN_POINT('',(-0.1904195653296,4.800924647717,3.35));
#16172=CARTESIAN_POINT('',(-0.2204195367194,4.777945927052,3.35));
#16173=CARTESIAN_POINT('',(-0.2054195939398,4.793265074162,3.35));
#16174=CARTESIAN_POINT('',(-0.2279195939398,4.762626779942,3.35));
#16175=CARTESIAN_POINT('',(-0.2204195367194,4.777945927052,3.35));
#16176=CARTESIAN_POINT('',(-0.2316695367194,4.743477835326,3.35));
#16177=CARTESIAN_POINT('',(-0.2279195939398,4.762626779942,3.35));
#16178=CARTESIAN_POINT('',(-0.2316695367194,4.686031028299,3.35));
#16179=CARTESIAN_POINT('',(-0.2316695367194,4.743477835326,3.35));
#16180=CARTESIAN_POINT('',(-0.2279195939398,4.666882094412,3.35));
#16181=CARTESIAN_POINT('',(-0.2316695367194,4.686031028299,3.35));
#16182=CARTESIAN_POINT('',(-0.2204195367194,4.651562944619,3.35));
#16183=CARTESIAN_POINT('',(-0.2279195939398,4.666882094412,3.35));
#16184=CARTESIAN_POINT('',(-0.2054195939398,4.636243796168,3.35));
#16185=CARTESIAN_POINT('',(-0.2204195367194,4.651562944619,3.35));
#16186=CARTESIAN_POINT('',(-0.1904195653296,4.628584221607,3.35));
#16187=CARTESIAN_POINT('',(-0.2054195939398,4.636243796168,3.35));
#16188=CARTESIAN_POINT('',(-0.1716695939398,4.624754434495,3.35));
#16189=CARTESIAN_POINT('',(-0.1904195653296,4.628584221607,3.35));
#16190=CARTESIAN_POINT('',(-0.1379195939398,4.624754434495,3.35));
#16191=CARTESIAN_POINT('',(-0.1716695939398,4.624754434495,3.35));
#16192=CARTESIAN_POINT('',(-0.1191695367194,4.628584221607,3.35));
#16193=CARTESIAN_POINT('',(-0.1379195939398,4.624754434495,3.35));
#16194=CARTESIAN_POINT('',(-0.1041695939398,4.636243796168,3.35));
#16195=CARTESIAN_POINT('',(-0.1191695367194,4.628584221607,3.35));
#16196=CARTESIAN_POINT('',(-0.08916956532959,4.651562944619,3.35));
#16197=CARTESIAN_POINT('',(-0.1041695939398,4.636243796168,3.35));
#16198=CARTESIAN_POINT('',(-0.08541953671936,4.670711881189,3.35));
#16199=CARTESIAN_POINT('',(-0.08916956532959,4.651562944619,3.35));
#16200=CARTESIAN_POINT('',(-0.1079195367194,4.670711881189,3.35));
#16201=CARTESIAN_POINT('',(-0.08541953671936,4.670711881189,3.35));
#16202=CARTESIAN_POINT('',(-0.1116695653296,4.659222520857,3.35));
#16203=CARTESIAN_POINT('',(-0.1079195367194,4.670711881189,3.35));
#16204=CARTESIAN_POINT('',(-0.1229195653296,4.651562944619,3.35));
#16205=CARTESIAN_POINT('',(-0.1116695653296,4.659222520857,3.35));
#16206=CARTESIAN_POINT('',(-0.1379195939398,4.647733157842,3.35));
#16207=CARTESIAN_POINT('',(-0.1229195653296,4.651562944619,3.35));
#16208=CARTESIAN_POINT('',(-0.1716695939398,4.647733157842,3.35));
#16209=CARTESIAN_POINT('',(-0.1379195939398,4.647733157842,3.35));
#16210=CARTESIAN_POINT('',(-0.1866695367194,4.651562944619,3.35));
#16211=CARTESIAN_POINT('',(-0.1716695939398,4.647733157842,3.35));
#16212=CARTESIAN_POINT('',(-0.1979195367194,4.659222520857,3.35));
#16213=CARTESIAN_POINT('',(-0.1866695367194,4.651562944619,3.35));
#16214=CARTESIAN_POINT('',(-0.2054195939398,4.670711881189,3.35));
#16215=CARTESIAN_POINT('',(-0.1979195367194,4.659222520857,3.35));
#16216=CARTESIAN_POINT('',(-0.2091695367194,4.686031028299,3.35));
#16217=CARTESIAN_POINT('',(-0.2054195939398,4.670711881189,3.35));
#16218=CARTESIAN_POINT('',(-0.2091695367194,4.686031028299,3.35));
#16219=CARTESIAN_POINT('Origin',(0.,0.,3.35));
#16220=CARTESIAN_POINT('',(0.09458037744996,4.743477835326,3.35));
#16221=CARTESIAN_POINT('',(0.09083043467041,4.762626779942,3.35));
#16222=CARTESIAN_POINT('',(0.09458037744996,4.743477835326,3.35));
#16223=CARTESIAN_POINT('',(0.08333037744996,4.777945927052,3.35));
#16224=CARTESIAN_POINT('',(0.09083043467041,4.762626779942,3.35));
#16225=CARTESIAN_POINT('',(0.08333037744996,4.777945927052,3.35));
#16226=CARTESIAN_POINT('',(0.03458043467041,4.804754434495,3.35));
#16227=CARTESIAN_POINT('',(0.05333040606018,4.800924647717,3.35));
#16228=CARTESIAN_POINT('',(0.004580463280644,4.804754434495,3.35));
#16229=CARTESIAN_POINT('',(0.03458043467041,4.804754434495,3.35));
#16230=CARTESIAN_POINT('',(-0.01416959393982,4.800924647717,3.35));
#16231=CARTESIAN_POINT('',(0.004580463280644,4.804754434495,3.35));
#16232=CARTESIAN_POINT('',(-0.02916953671936,4.793265074162,3.35));
#16233=CARTESIAN_POINT('',(-0.01416959393982,4.800924647717,3.35));
#16234=CARTESIAN_POINT('',(-0.04416956532959,4.777945927052,3.35));
#16235=CARTESIAN_POINT('',(-0.02916953671936,4.793265074162,3.35));
#16236=CARTESIAN_POINT('',(-0.05166953671936,4.762626779942,3.35));
#16237=CARTESIAN_POINT('',(-0.04416956532959,4.777945927052,3.35));
#16238=CARTESIAN_POINT('',(-0.05541956532959,4.743477835326,3.35));
#16239=CARTESIAN_POINT('',(-0.05166953671936,4.762626779942,3.35));
#16240=CARTESIAN_POINT('',(-0.05541956532959,4.686031028299,3.35));
#16241=CARTESIAN_POINT('',(-0.05541956532959,4.743477835326,3.35));
#16242=CARTESIAN_POINT('',(-0.05166953671936,4.666882094412,3.35));
#16243=CARTESIAN_POINT('',(-0.05541956532959,4.686031028299,3.35));
#16244=CARTESIAN_POINT('',(-0.04416956532959,4.651562944619,3.35));
#16245=CARTESIAN_POINT('',(-0.05166953671936,4.666882094412,3.35));
#16246=CARTESIAN_POINT('',(-0.02916953671936,4.636243796168,3.35));
#16247=CARTESIAN_POINT('',(-0.04416956532959,4.651562944619,3.35));
#16248=CARTESIAN_POINT('',(-0.01416959393982,4.628584221607,3.35));
#16249=CARTESIAN_POINT('',(-0.02916953671936,4.636243796168,3.35));
#16250=CARTESIAN_POINT('',(0.004580463280644,4.624754434495,3.35));
#16251=CARTESIAN_POINT('',(-0.01416959393982,4.628584221607,3.35));
#16252=CARTESIAN_POINT('',(0.03458043467041,4.624754434495,3.35));
#16253=CARTESIAN_POINT('',(0.004580463280644,4.624754434495,3.35));
#16254=CARTESIAN_POINT('',(0.05333040606018,4.628584221607,3.35));
#16255=CARTESIAN_POINT('',(0.03458043467041,4.624754434495,3.35));
#16256=CARTESIAN_POINT('',(0.06833043467041,4.636243796168,3.35));
#16257=CARTESIAN_POINT('',(0.05333040606018,4.628584221607,3.35));
#16258=CARTESIAN_POINT('',(0.08333037744996,4.651562944619,3.35));
#16259=CARTESIAN_POINT('',(0.06833043467041,4.636243796168,3.35));
#16260=CARTESIAN_POINT('',(0.09083043467041,4.666882094412,3.35));
#16261=CARTESIAN_POINT('',(0.08333037744996,4.651562944619,3.35));
#16262=CARTESIAN_POINT('',(0.09458037744996,4.686031028299,3.35));
#16263=CARTESIAN_POINT('',(0.09083043467041,4.666882094412,3.35));
#16264=CARTESIAN_POINT('',(0.09458037744996,4.686031028299,3.35));
#16265=CARTESIAN_POINT('',(0.04958046328064,4.651562944619,3.35));
#16266=CARTESIAN_POINT('',(0.03458043467041,4.647733157842,3.35));
#16267=CARTESIAN_POINT('',(0.04958046328064,4.651562944619,3.35));
#16268=CARTESIAN_POINT('',(0.004580463280644,4.647733157842,3.35));
#16269=CARTESIAN_POINT('',(0.03458043467041,4.647733157842,3.35));
#16270=CARTESIAN_POINT('',(-0.01041956532959,4.651562944619,3.35));
#16271=CARTESIAN_POINT('',(0.004580463280644,4.647733157842,3.35));
#16272=CARTESIAN_POINT('',(-0.02166956532959,4.659222520857,3.35));
#16273=CARTESIAN_POINT('',(-0.01041956532959,4.651562944619,3.35));
#16274=CARTESIAN_POINT('',(-0.02916953671936,4.670711881189,3.35));
#16275=CARTESIAN_POINT('',(-0.02166956532959,4.659222520857,3.35));
#16276=CARTESIAN_POINT('',(-0.03291956532959,4.686031028299,3.35));
#16277=CARTESIAN_POINT('',(-0.02916953671936,4.670711881189,3.35));
#16278=CARTESIAN_POINT('',(-0.03291956532959,4.743477835326,3.35));
#16279=CARTESIAN_POINT('',(-0.03291956532959,4.686031028299,3.35));
#16280=CARTESIAN_POINT('',(-0.02916953671936,4.758796982436,3.35));
#16281=CARTESIAN_POINT('',(-0.03291956532959,4.743477835326,3.35));
#16282=CARTESIAN_POINT('',(-0.02166956532959,4.770286353497,3.35));
#16283=CARTESIAN_POINT('',(-0.02916953671936,4.758796982436,3.35));
#16284=CARTESIAN_POINT('',(-0.01041956532959,4.777945927052,3.35));
#16285=CARTESIAN_POINT('',(-0.02166956532959,4.770286353497,3.35));
#16286=CARTESIAN_POINT('',(0.004580463280644,4.78177571383,3.35));
#16287=CARTESIAN_POINT('',(-0.01041956532959,4.777945927052,3.35));
#16288=CARTESIAN_POINT('',(0.03458043467041,4.78177571383,3.35));
#16289=CARTESIAN_POINT('',(0.004580463280644,4.78177571383,3.35));
#16290=CARTESIAN_POINT('',(0.04958046328064,4.777945927052,3.35));
#16291=CARTESIAN_POINT('',(0.03458043467041,4.78177571383,3.35));
#16292=CARTESIAN_POINT('',(0.06083046328064,4.770286353497,3.35));
#16293=CARTESIAN_POINT('',(0.04958046328064,4.777945927052,3.35));
#16294=CARTESIAN_POINT('',(0.06833043467041,4.758796982436,3.35));
#16295=CARTESIAN_POINT('',(0.06083046328064,4.770286353497,3.35));
#16296=CARTESIAN_POINT('',(0.07208037744996,4.743477835326,3.35));
#16297=CARTESIAN_POINT('',(0.06833043467041,4.758796982436,3.35));
#16298=CARTESIAN_POINT('',(0.07208037744996,4.686031028299,3.35));
#16299=CARTESIAN_POINT('',(0.07208037744996,4.743477835326,3.35));
#16300=CARTESIAN_POINT('',(0.06833043467041,4.670711881189,3.35));
#16301=CARTESIAN_POINT('',(0.07208037744996,4.686031028299,3.35));
#16302=CARTESIAN_POINT('',(0.06083046328064,4.659222520857,3.35));
#16303=CARTESIAN_POINT('',(0.06833043467041,4.670711881189,3.35));
#16304=CARTESIAN_POINT('',(0.06083046328064,4.659222520857,3.35));
#16305=CARTESIAN_POINT('Origin',(0.,0.,3.35));
#16306=CARTESIAN_POINT('',(0.1245804346704,4.624754434495,3.35));
#16307=CARTESIAN_POINT('',(0.1470804346704,4.624754434495,3.35));
#16308=CARTESIAN_POINT('',(0.1245804346704,4.624754434495,3.35));
#16309=CARTESIAN_POINT('',(0.1470804346704,4.78177571383,3.35));
#16310=CARTESIAN_POINT('',(0.1470804346704,4.624754434495,3.35));
#16311=CARTESIAN_POINT('',(0.24083037745,4.624754434495,3.35));
#16312=CARTESIAN_POINT('',(0.1470804346704,4.78177571383,3.35));
#16313=CARTESIAN_POINT('',(0.27458037745,4.624754434495,3.35));
#16314=CARTESIAN_POINT('',(0.24083037745,4.624754434495,3.35));
#16315=CARTESIAN_POINT('',(0.27458037745,4.804754434495,3.35));
#16316=CARTESIAN_POINT('',(0.27458037745,4.624754434495,3.35));
#16317=CARTESIAN_POINT('',(0.25208037745,4.804754434495,3.35));
#16318=CARTESIAN_POINT('',(0.27458037745,4.804754434495,3.35));
#16319=CARTESIAN_POINT('',(0.25208037745,4.651562944619,3.35));
#16320=CARTESIAN_POINT('',(0.25208037745,4.804754434495,3.35));
#16321=CARTESIAN_POINT('',(0.1583304346704,4.804754434495,3.35));
#16322=CARTESIAN_POINT('',(0.25208037745,4.651562944619,3.35));
#16323=CARTESIAN_POINT('',(0.1245804346704,4.804754434495,3.35));
#16324=CARTESIAN_POINT('',(0.1583304346704,4.804754434495,3.35));
#16325=CARTESIAN_POINT('',(0.1245804346704,4.804754434495,3.35));
#16326=CARTESIAN_POINT('Origin',(0.,0.,3.35));
#16327=CARTESIAN_POINT('',(0.3045804346704,4.624754434495,3.35));
#16328=CARTESIAN_POINT('',(0.3270804346704,4.624754434495,3.35));
#16329=CARTESIAN_POINT('',(0.3045804346704,4.624754434495,3.35));
#16330=CARTESIAN_POINT('',(0.3270804346704,4.78177571383,3.35));
#16331=CARTESIAN_POINT('',(0.3270804346704,4.624754434495,3.35));
#16332=CARTESIAN_POINT('',(0.42083037745,4.624754434495,3.35));
#16333=CARTESIAN_POINT('',(0.3270804346704,4.78177571383,3.35));
#16334=CARTESIAN_POINT('',(0.45458037745,4.624754434495,3.35));
#16335=CARTESIAN_POINT('',(0.42083037745,4.624754434495,3.35));
#16336=CARTESIAN_POINT('',(0.45458037745,4.804754434495,3.35));
#16337=CARTESIAN_POINT('',(0.45458037745,4.624754434495,3.35));
#16338=CARTESIAN_POINT('',(0.43208037745,4.804754434495,3.35));
#16339=CARTESIAN_POINT('',(0.45458037745,4.804754434495,3.35));
#16340=CARTESIAN_POINT('',(0.43208037745,4.651562944619,3.35));
#16341=CARTESIAN_POINT('',(0.43208037745,4.804754434495,3.35));
#16342=CARTESIAN_POINT('',(0.3383304346704,4.804754434495,3.35));
#16343=CARTESIAN_POINT('',(0.43208037745,4.651562944619,3.35));
#16344=CARTESIAN_POINT('',(0.3045804346704,4.804754434495,3.35));
#16345=CARTESIAN_POINT('',(0.3383304346704,4.804754434495,3.35));
#16346=CARTESIAN_POINT('',(0.3045804346704,4.804754434495,3.35));
#16347=CARTESIAN_POINT('Origin',(0.,0.,3.35));
#16348=CARTESIAN_POINT('',(0.5070804346704,4.709009754328,3.35));
#16349=CARTESIAN_POINT('',(0.6045804918909,4.709009754328,3.35));
#16350=CARTESIAN_POINT('',(0.5070804346704,4.709009754328,3.35));
#16351=CARTESIAN_POINT('',(0.6045804918909,4.731988474993,3.35));
#16352=CARTESIAN_POINT('',(0.6045804918909,4.709009754328,3.35));
#16353=CARTESIAN_POINT('',(0.5070804346704,4.731988474993,3.35));
#16354=CARTESIAN_POINT('',(0.6045804918909,4.731988474993,3.35));
#16355=CARTESIAN_POINT('',(0.5070804346704,4.78177571383,3.35));
#16356=CARTESIAN_POINT('',(0.5070804346704,4.731988474993,3.35));
#16357=CARTESIAN_POINT('',(0.6195804346704,4.78177571383,3.35));
#16358=CARTESIAN_POINT('',(0.5070804346704,4.78177571383,3.35));
#16359=CARTESIAN_POINT('',(0.6195804346704,4.804754434495,3.35));
#16360=CARTESIAN_POINT('',(0.6195804346704,4.78177571383,3.35));
#16361=CARTESIAN_POINT('',(0.4845804346704,4.804754434495,3.35));
#16362=CARTESIAN_POINT('',(0.6195804346704,4.804754434495,3.35));
#16363=CARTESIAN_POINT('',(0.4845804346704,4.624754434495,3.35));
#16364=CARTESIAN_POINT('',(0.4845804346704,4.804754434495,3.35));
#16365=CARTESIAN_POINT('',(0.6195804346704,4.624754434495,3.35));
#16366=CARTESIAN_POINT('',(0.4845804346704,4.624754434495,3.35));
#16367=CARTESIAN_POINT('',(0.6195804346704,4.647733157842,3.35));
#16368=CARTESIAN_POINT('',(0.6195804346704,4.624754434495,3.35));
#16369=CARTESIAN_POINT('',(0.5070804346704,4.647733157842,3.35));
#16370=CARTESIAN_POINT('',(0.6195804346704,4.647733157842,3.35));
#16371=CARTESIAN_POINT('',(0.5070804346704,4.647733157842,3.35));
#16372=CARTESIAN_POINT('Origin',(0.,0.,3.35));
#16373=CARTESIAN_POINT('',(0.6720804918909,4.743477835326,3.35));
#16374=CARTESIAN_POINT('',(0.6758304346704,4.758796982436,3.35));
#16375=CARTESIAN_POINT('',(0.6720804918909,4.743477835326,3.35));
#16376=CARTESIAN_POINT('',(0.6833304918909,4.770286353497,3.35));
#16377=CARTESIAN_POINT('',(0.6758304346704,4.758796982436,3.35));
#16378=CARTESIAN_POINT('',(0.6945804918909,4.777945927052,3.35));
#16379=CARTESIAN_POINT('',(0.6833304918909,4.770286353497,3.35));
#16380=CARTESIAN_POINT('',(0.7095804346704,4.78177571383,3.35));
#16381=CARTESIAN_POINT('',(0.6945804918909,4.777945927052,3.35));
#16382=CARTESIAN_POINT('',(0.7433304346704,4.78177571383,3.35));
#16383=CARTESIAN_POINT('',(0.7095804346704,4.78177571383,3.35));
#16384=CARTESIAN_POINT('',(0.75833037745,4.777945927052,3.35));
#16385=CARTESIAN_POINT('',(0.7433304346704,4.78177571383,3.35));
#16386=CARTESIAN_POINT('',(0.76958037745,4.770286353497,3.35));
#16387=CARTESIAN_POINT('',(0.75833037745,4.777945927052,3.35));
#16388=CARTESIAN_POINT('',(0.7733304918909,4.758796982436,3.35));
#16389=CARTESIAN_POINT('',(0.76958037745,4.770286353497,3.35));
#16390=CARTESIAN_POINT('',(0.7958304918909,4.758796982436,3.35));
#16391=CARTESIAN_POINT('',(0.7733304918909,4.758796982436,3.35));
#16392=CARTESIAN_POINT('',(0.79208037745,4.777945927052,3.35));
#16393=CARTESIAN_POINT('',(0.7958304918909,4.758796982436,3.35));
#16394=CARTESIAN_POINT('',(0.7770804346704,4.793265074162,3.35));
#16395=CARTESIAN_POINT('',(0.79208037745,4.777945927052,3.35));
#16396=CARTESIAN_POINT('',(0.7620804918909,4.800924647717,3.35));
#16397=CARTESIAN_POINT('',(0.7770804346704,4.793265074162,3.35));
#16398=CARTESIAN_POINT('',(0.7433304346704,4.804754434495,3.35));
#16399=CARTESIAN_POINT('',(0.7620804918909,4.800924647717,3.35));
#16400=CARTESIAN_POINT('',(0.7095804346704,4.804754434495,3.35));
#16401=CARTESIAN_POINT('',(0.7433304346704,4.804754434495,3.35));
#16402=CARTESIAN_POINT('',(0.69083037745,4.800924647717,3.35));
#16403=CARTESIAN_POINT('',(0.7095804346704,4.804754434495,3.35));
#16404=CARTESIAN_POINT('',(0.6758304346704,4.793265074162,3.35));
#16405=CARTESIAN_POINT('',(0.69083037745,4.800924647717,3.35));
#16406=CARTESIAN_POINT('',(0.6608304918909,4.777945927052,3.35));
#16407=CARTESIAN_POINT('',(0.6758304346704,4.793265074162,3.35));
#16408=CARTESIAN_POINT('',(0.6533304346704,4.762626779942,3.35));
#16409=CARTESIAN_POINT('',(0.6608304918909,4.777945927052,3.35));
#16410=CARTESIAN_POINT('',(0.6495804918909,4.743477835326,3.35));
#16411=CARTESIAN_POINT('',(0.6533304346704,4.762626779942,3.35));
#16412=CARTESIAN_POINT('',(0.6495804918909,4.686031028299,3.35));
#16413=CARTESIAN_POINT('',(0.6495804918909,4.743477835326,3.35));
#16414=CARTESIAN_POINT('',(0.6533304346704,4.666882094412,3.35));
#16415=CARTESIAN_POINT('',(0.6495804918909,4.686031028299,3.35));
#16416=CARTESIAN_POINT('',(0.6608304918909,4.651562944619,3.35));
#16417=CARTESIAN_POINT('',(0.6533304346704,4.666882094412,3.35));
#16418=CARTESIAN_POINT('',(0.6758304346704,4.636243796168,3.35));
#16419=CARTESIAN_POINT('',(0.6608304918909,4.651562944619,3.35));
#16420=CARTESIAN_POINT('',(0.69083037745,4.628584221607,3.35));
#16421=CARTESIAN_POINT('',(0.6758304346704,4.636243796168,3.35));
#16422=CARTESIAN_POINT('',(0.7095804346704,4.624754434495,3.35));
#16423=CARTESIAN_POINT('',(0.69083037745,4.628584221607,3.35));
#16424=CARTESIAN_POINT('',(0.7433304346704,4.624754434495,3.35));
#16425=CARTESIAN_POINT('',(0.7095804346704,4.624754434495,3.35));
#16426=CARTESIAN_POINT('',(0.7620804918909,4.628584221607,3.35));
#16427=CARTESIAN_POINT('',(0.7433304346704,4.624754434495,3.35));
#16428=CARTESIAN_POINT('',(0.7770804346704,4.636243796168,3.35));
#16429=CARTESIAN_POINT('',(0.7620804918909,4.628584221607,3.35));
#16430=CARTESIAN_POINT('',(0.79208037745,4.651562944619,3.35));
#16431=CARTESIAN_POINT('',(0.7770804346704,4.636243796168,3.35));
#16432=CARTESIAN_POINT('',(0.7958304918909,4.670711881189,3.35));
#16433=CARTESIAN_POINT('',(0.79208037745,4.651562944619,3.35));
#16434=CARTESIAN_POINT('',(0.7733304918909,4.670711881189,3.35));
#16435=CARTESIAN_POINT('',(0.7958304918909,4.670711881189,3.35));
#16436=CARTESIAN_POINT('',(0.76958037745,4.659222520857,3.35));
#16437=CARTESIAN_POINT('',(0.7733304918909,4.670711881189,3.35));
#16438=CARTESIAN_POINT('',(0.75833037745,4.651562944619,3.35));
#16439=CARTESIAN_POINT('',(0.76958037745,4.659222520857,3.35));
#16440=CARTESIAN_POINT('',(0.7433304346704,4.647733157842,3.35));
#16441=CARTESIAN_POINT('',(0.75833037745,4.651562944619,3.35));
#16442=CARTESIAN_POINT('',(0.7095804346704,4.647733157842,3.35));
#16443=CARTESIAN_POINT('',(0.7433304346704,4.647733157842,3.35));
#16444=CARTESIAN_POINT('',(0.6945804918909,4.651562944619,3.35));
#16445=CARTESIAN_POINT('',(0.7095804346704,4.647733157842,3.35));
#16446=CARTESIAN_POINT('',(0.6833304918909,4.659222520857,3.35));
#16447=CARTESIAN_POINT('',(0.6945804918909,4.651562944619,3.35));
#16448=CARTESIAN_POINT('',(0.6758304346704,4.670711881189,3.35));
#16449=CARTESIAN_POINT('',(0.6833304918909,4.659222520857,3.35));
#16450=CARTESIAN_POINT('',(0.6720804918909,4.686031028299,3.35));
#16451=CARTESIAN_POINT('',(0.6758304346704,4.670711881189,3.35));
#16452=CARTESIAN_POINT('',(0.6720804918909,4.686031028299,3.35));
#16453=CARTESIAN_POINT('Origin',(0.,0.,3.35));
#16454=CARTESIAN_POINT('',(0.8858304918909,4.624754434495,3.35));
#16455=CARTESIAN_POINT('',(0.9083304918909,4.624754434495,3.35));
#16456=CARTESIAN_POINT('',(0.8858304918909,4.624754434495,3.35));
#16457=CARTESIAN_POINT('',(0.9083304918909,4.785605500607,3.35));
#16458=CARTESIAN_POINT('',(0.9083304918909,4.624754434495,3.35));
#16459=CARTESIAN_POINT('',(0.9683304346704,4.785605500607,3.35));
#16460=CARTESIAN_POINT('',(0.9083304918909,4.785605500607,3.35));
#16461=CARTESIAN_POINT('',(0.9683304346704,4.804754434495,3.35));
#16462=CARTESIAN_POINT('',(0.9683304346704,4.785605500607,3.35));
#16463=CARTESIAN_POINT('',(0.82583037745,4.804754434495,3.35));
#16464=CARTESIAN_POINT('',(0.9683304346704,4.804754434495,3.35));
#16465=CARTESIAN_POINT('',(0.82583037745,4.785605500607,3.35));
#16466=CARTESIAN_POINT('',(0.82583037745,4.804754434495,3.35));
#16467=CARTESIAN_POINT('',(0.8858304918909,4.785605500607,3.35));
#16468=CARTESIAN_POINT('',(0.82583037745,4.785605500607,3.35));
#16469=CARTESIAN_POINT('',(0.8858304918909,4.785605500607,3.35));
#16470=CARTESIAN_POINT('Origin',(0.,0.,3.35));
#16471=CARTESIAN_POINT('',(0.9983304918909,4.686031028299,3.35));
#16472=CARTESIAN_POINT('',(1.00208043467,4.666882094412,3.35));
#16473=CARTESIAN_POINT('',(0.9983304918909,4.686031028299,3.35));
#16474=CARTESIAN_POINT('',(1.009580491891,4.651562944619,3.35));
#16475=CARTESIAN_POINT('',(1.00208043467,4.666882094412,3.35));
#16476=CARTESIAN_POINT('',(1.02458043467,4.636243796168,3.35));
#16477=CARTESIAN_POINT('',(1.009580491891,4.651562944619,3.35));
#16478=CARTESIAN_POINT('',(1.03958037745,4.628584221607,3.35));
#16479=CARTESIAN_POINT('',(1.02458043467,4.636243796168,3.35));
#16480=CARTESIAN_POINT('',(1.05833043467,4.624754434495,3.35));
#16481=CARTESIAN_POINT('',(1.03958037745,4.628584221607,3.35));
#16482=CARTESIAN_POINT('',(1.088330491891,4.624754434495,3.35));
#16483=CARTESIAN_POINT('',(1.05833043467,4.624754434495,3.35));
#16484=CARTESIAN_POINT('',(1.10708037745,4.628584221607,3.35));
#16485=CARTESIAN_POINT('',(1.088330491891,4.624754434495,3.35));
#16486=CARTESIAN_POINT('',(1.122080491891,4.636243796168,3.35));
#16487=CARTESIAN_POINT('',(1.10708037745,4.628584221607,3.35));
#16488=CARTESIAN_POINT('',(1.13708043467,4.651562944619,3.35));
#16489=CARTESIAN_POINT('',(1.122080491891,4.636243796168,3.35));
#16490=CARTESIAN_POINT('',(1.144580491891,4.666882094412,3.35));
#16491=CARTESIAN_POINT('',(1.13708043467,4.651562944619,3.35));
#16492=CARTESIAN_POINT('',(1.14833043467,4.686031028299,3.35));
#16493=CARTESIAN_POINT('',(1.144580491891,4.666882094412,3.35));
#16494=CARTESIAN_POINT('',(1.14833043467,4.743477835326,3.35));
#16495=CARTESIAN_POINT('',(1.14833043467,4.686031028299,3.35));
#16496=CARTESIAN_POINT('',(1.144580491891,4.762626779942,3.35));
#16497=CARTESIAN_POINT('',(1.14833043467,4.743477835326,3.35));
#16498=CARTESIAN_POINT('',(1.13708043467,4.777945927052,3.35));
#16499=CARTESIAN_POINT('',(1.144580491891,4.762626779942,3.35));
#16500=CARTESIAN_POINT('',(1.122080491891,4.793265074162,3.35));
#16501=CARTESIAN_POINT('',(1.13708043467,4.777945927052,3.35));
#16502=CARTESIAN_POINT('',(1.10708037745,4.800924647717,3.35));
#16503=CARTESIAN_POINT('',(1.122080491891,4.793265074162,3.35));
#16504=CARTESIAN_POINT('',(1.088330491891,4.804754434495,3.35));
#16505=CARTESIAN_POINT('',(1.10708037745,4.800924647717,3.35));
#16506=CARTESIAN_POINT('',(1.05833043467,4.804754434495,3.35));
#16507=CARTESIAN_POINT('',(1.088330491891,4.804754434495,3.35));
#16508=CARTESIAN_POINT('',(1.03958037745,4.800924647717,3.35));
#16509=CARTESIAN_POINT('',(1.05833043467,4.804754434495,3.35));
#16510=CARTESIAN_POINT('',(1.02458043467,4.793265074162,3.35));
#16511=CARTESIAN_POINT('',(1.03958037745,4.800924647717,3.35));
#16512=CARTESIAN_POINT('',(1.009580491891,4.777945927052,3.35));
#16513=CARTESIAN_POINT('',(1.02458043467,4.793265074162,3.35));
#16514=CARTESIAN_POINT('',(1.00208043467,4.762626779942,3.35));
#16515=CARTESIAN_POINT('',(1.009580491891,4.777945927052,3.35));
#16516=CARTESIAN_POINT('',(0.9983304918909,4.743477835326,3.35));
#16517=CARTESIAN_POINT('',(1.00208043467,4.762626779942,3.35));
#16518=CARTESIAN_POINT('',(0.9983304918909,4.743477835326,3.35));
#16519=CARTESIAN_POINT('',(1.02458043467,4.758796982436,3.35));
#16520=CARTESIAN_POINT('',(1.032080491891,4.770286353497,3.35));
#16521=CARTESIAN_POINT('',(1.02458043467,4.758796982436,3.35));
#16522=CARTESIAN_POINT('',(1.043330491891,4.777945927052,3.35));
#16523=CARTESIAN_POINT('',(1.032080491891,4.770286353497,3.35));
#16524=CARTESIAN_POINT('',(1.05833043467,4.78177571383,3.35));
#16525=CARTESIAN_POINT('',(1.043330491891,4.777945927052,3.35));
#16526=CARTESIAN_POINT('',(1.088330491891,4.78177571383,3.35));
#16527=CARTESIAN_POINT('',(1.05833043467,4.78177571383,3.35));
#16528=CARTESIAN_POINT('',(1.10333043467,4.777945927052,3.35));
#16529=CARTESIAN_POINT('',(1.088330491891,4.78177571383,3.35));
#16530=CARTESIAN_POINT('',(1.11458043467,4.770286353497,3.35));
#16531=CARTESIAN_POINT('',(1.10333043467,4.777945927052,3.35));
#16532=CARTESIAN_POINT('',(1.122080491891,4.758796982436,3.35));
#16533=CARTESIAN_POINT('',(1.11458043467,4.770286353497,3.35));
#16534=CARTESIAN_POINT('',(1.12583043467,4.743477835326,3.35));
#16535=CARTESIAN_POINT('',(1.122080491891,4.758796982436,3.35));
#16536=CARTESIAN_POINT('',(1.12583043467,4.686031028299,3.35));
#16537=CARTESIAN_POINT('',(1.12583043467,4.743477835326,3.35));
#16538=CARTESIAN_POINT('',(1.122080491891,4.670711881189,3.35));
#16539=CARTESIAN_POINT('',(1.12583043467,4.686031028299,3.35));
#16540=CARTESIAN_POINT('',(1.11458043467,4.659222520857,3.35));
#16541=CARTESIAN_POINT('',(1.122080491891,4.670711881189,3.35));
#16542=CARTESIAN_POINT('',(1.10333043467,4.651562944619,3.35));
#16543=CARTESIAN_POINT('',(1.11458043467,4.659222520857,3.35));
#16544=CARTESIAN_POINT('',(1.088330491891,4.647733157842,3.35));
#16545=CARTESIAN_POINT('',(1.10333043467,4.651562944619,3.35));
#16546=CARTESIAN_POINT('',(1.05833043467,4.647733157842,3.35));
#16547=CARTESIAN_POINT('',(1.088330491891,4.647733157842,3.35));
#16548=CARTESIAN_POINT('',(1.043330491891,4.651562944619,3.35));
#16549=CARTESIAN_POINT('',(1.05833043467,4.647733157842,3.35));
#16550=CARTESIAN_POINT('',(1.032080491891,4.659222520857,3.35));
#16551=CARTESIAN_POINT('',(1.043330491891,4.651562944619,3.35));
#16552=CARTESIAN_POINT('',(1.02458043467,4.670711881189,3.35));
#16553=CARTESIAN_POINT('',(1.032080491891,4.659222520857,3.35));
#16554=CARTESIAN_POINT('',(1.020830491891,4.686031028299,3.35));
#16555=CARTESIAN_POINT('',(1.02458043467,4.670711881189,3.35));
#16556=CARTESIAN_POINT('',(1.020830491891,4.743477835326,3.35));
#16557=CARTESIAN_POINT('',(1.020830491891,4.686031028299,3.35));
#16558=CARTESIAN_POINT('',(1.020830491891,4.743477835326,3.35));
#16559=CARTESIAN_POINT('Origin',(0.,0.,3.35));
#16560=CARTESIAN_POINT('',(1.26458037745,4.705179967551,3.35));
#16561=CARTESIAN_POINT('',(1.29458043467,4.624754434495,3.35));
#16562=CARTESIAN_POINT('',(1.26458037745,4.705179967551,3.35));
#16563=CARTESIAN_POINT('',(1.32083037745,4.624754434495,3.35));
#16564=CARTESIAN_POINT('',(1.29458043467,4.624754434495,3.35));
#16565=CARTESIAN_POINT('',(1.28708037745,4.712839541106,3.35));
#16566=CARTESIAN_POINT('',(1.32083037745,4.624754434495,3.35));
#16567=CARTESIAN_POINT('',(1.302080491891,4.720499114661,3.35));
#16568=CARTESIAN_POINT('',(1.28708037745,4.712839541106,3.35));
#16569=CARTESIAN_POINT('',(1.313330491891,4.735818261771,3.35));
#16570=CARTESIAN_POINT('',(1.302080491891,4.720499114661,3.35));
#16571=CARTESIAN_POINT('',(1.31708043467,4.747307622103,3.35));
#16572=CARTESIAN_POINT('',(1.313330491891,4.735818261771,3.35));
#16573=CARTESIAN_POINT('',(1.31708043467,4.762626779942,3.35));
#16574=CARTESIAN_POINT('',(1.31708043467,4.747307622103,3.35));
#16575=CARTESIAN_POINT('',(1.313330491891,4.774116140275,3.35));
#16576=CARTESIAN_POINT('',(1.31708043467,4.762626779942,3.35));
#16577=CARTESIAN_POINT('',(1.302080491891,4.789435287385,3.35));
#16578=CARTESIAN_POINT('',(1.313330491891,4.774116140275,3.35));
#16579=CARTESIAN_POINT('',(1.28708037745,4.800924647717,3.35));
#16580=CARTESIAN_POINT('',(1.302080491891,4.789435287385,3.35));
#16581=CARTESIAN_POINT('',(1.268330491891,4.804754434495,3.35));
#16582=CARTESIAN_POINT('',(1.28708037745,4.800924647717,3.35));
#16583=CARTESIAN_POINT('',(1.178330491891,4.804754434495,3.35));
#16584=CARTESIAN_POINT('',(1.268330491891,4.804754434495,3.35));
#16585=CARTESIAN_POINT('',(1.178330491891,4.624754434495,3.35));
#16586=CARTESIAN_POINT('',(1.178330491891,4.804754434495,3.35));
#16587=CARTESIAN_POINT('',(1.200830491891,4.624754434495,3.35));
#16588=CARTESIAN_POINT('',(1.178330491891,4.624754434495,3.35));
#16589=CARTESIAN_POINT('',(1.200830491891,4.705179967551,3.35));
#16590=CARTESIAN_POINT('',(1.200830491891,4.624754434495,3.35));
#16591=CARTESIAN_POINT('',(1.200830491891,4.705179967551,3.35));
#16592=CARTESIAN_POINT('',(1.200830491891,4.728158688216,3.35));
#16593=CARTESIAN_POINT('',(1.200830491891,4.785605500607,3.35));
#16594=CARTESIAN_POINT('',(1.200830491891,4.728158688216,3.35));
#16595=CARTESIAN_POINT('',(1.27208043467,4.785605500607,3.35));
#16596=CARTESIAN_POINT('',(1.200830491891,4.785605500607,3.35));
#16597=CARTESIAN_POINT('',(1.28333043467,4.78177571383,3.35));
#16598=CARTESIAN_POINT('',(1.27208043467,4.785605500607,3.35));
#16599=CARTESIAN_POINT('',(1.290830491891,4.774116140275,3.35));
#16600=CARTESIAN_POINT('',(1.28333043467,4.78177571383,3.35));
#16601=CARTESIAN_POINT('',(1.29458043467,4.762626779942,3.35));
#16602=CARTESIAN_POINT('',(1.290830491891,4.774116140275,3.35));
#16603=CARTESIAN_POINT('',(1.29458043467,4.751137408881,3.35));
#16604=CARTESIAN_POINT('',(1.29458043467,4.762626779942,3.35));
#16605=CARTESIAN_POINT('',(1.290830491891,4.739648048548,3.35));
#16606=CARTESIAN_POINT('',(1.29458043467,4.751137408881,3.35));
#16607=CARTESIAN_POINT('',(1.28333043467,4.731988474993,3.35));
#16608=CARTESIAN_POINT('',(1.290830491891,4.739648048548,3.35));
#16609=CARTESIAN_POINT('',(1.27208043467,4.728158688216,3.35));
#16610=CARTESIAN_POINT('',(1.28333043467,4.731988474993,3.35));
#16611=CARTESIAN_POINT('',(1.27208043467,4.728158688216,3.35));
#16612=CARTESIAN_POINT('Origin',(-1.307736810648,4.943946451045,3.4));
#16613=CARTESIAN_POINT('',(1.217263189352,4.943946451045,3.4));
#16614=CARTESIAN_POINT('',(-1.307736810648,4.943946451045,3.4));
#16615=CARTESIAN_POINT('Origin',(-1.307736810648,4.963946451045,3.4));
#16616=CARTESIAN_POINT('',(-1.307736810648,4.963946451045,3.4));
#16617=CARTESIAN_POINT('Origin',(1.217263189352,4.963946451045,3.4));
#16618=CARTESIAN_POINT('',(1.217263189352,4.963946451045,3.4));
#16619=CARTESIAN_POINT('Origin',(1.217263189352,4.943946451045,3.4));
#16620=CARTESIAN_POINT('Origin',(-1.311669563541,4.728158688216,3.4));
#16621=CARTESIAN_POINT('',(-1.322919563541,4.731988474993,3.4));
#16622=CARTESIAN_POINT('',(-1.311669563541,4.728158688216,3.4));
#16623=CARTESIAN_POINT('Origin',(-1.289169563541,4.728158688216,3.4));
#16624=CARTESIAN_POINT('',(-1.289169563541,4.728158688216,3.4));
#16625=CARTESIAN_POINT('Origin',(-1.27041956533,4.724328901438,3.4));
#16626=CARTESIAN_POINT('',(-1.27041956533,4.724328901438,3.4));
#16627=CARTESIAN_POINT('Origin',(-1.255419568906,4.716669327883,3.4));
#16628=CARTESIAN_POINT('',(-1.255419568906,4.716669327883,3.4));
#16629=CARTESIAN_POINT('Origin',(-1.240419561753,4.701350180773,3.4));
#16630=CARTESIAN_POINT('',(-1.240419561753,4.701350180773,3.4));
#16631=CARTESIAN_POINT('Origin',(-1.232919568906,4.686031028299,3.4));
#16632=CARTESIAN_POINT('',(-1.232919568906,4.686031028299,3.4));
#16633=CARTESIAN_POINT('Origin',(-1.232919568906,4.666882094412,3.4));
#16634=CARTESIAN_POINT('',(-1.232919568906,4.666882094412,3.4));
#16635=CARTESIAN_POINT('Origin',(-1.240419561753,4.651562944619,3.4));
#16636=CARTESIAN_POINT('',(-1.240419561753,4.651562944619,3.4));
#16637=CARTESIAN_POINT('Origin',(-1.255419568906,4.636243796168,3.4));
#16638=CARTESIAN_POINT('',(-1.255419568906,4.636243796168,3.4));
#16639=CARTESIAN_POINT('Origin',(-1.27041956533,4.628584221607,3.4));
#16640=CARTESIAN_POINT('',(-1.27041956533,4.628584221607,3.4));
#16641=CARTESIAN_POINT('Origin',(-1.289169563541,4.624754434495,3.4));
#16642=CARTESIAN_POINT('',(-1.289169563541,4.624754434495,3.4));
#16643=CARTESIAN_POINT('Origin',(-1.319169567118,4.624754434495,3.4));
#16644=CARTESIAN_POINT('',(-1.319169567118,4.624754434495,3.4));
#16645=CARTESIAN_POINT('Origin',(-1.33791956533,4.628584221607,3.4));
#16646=CARTESIAN_POINT('',(-1.33791956533,4.628584221607,3.4));
#16647=CARTESIAN_POINT('Origin',(-1.356669564883,4.640073582946,3.4));
#16648=CARTESIAN_POINT('',(-1.356669564883,4.640073582946,3.4));
#16649=CARTESIAN_POINT('Origin',(-1.367919565218,4.659222520857,3.4));
#16650=CARTESIAN_POINT('',(-1.367919565218,4.659222520857,3.4));
#16651=CARTESIAN_POINT('Origin',(-1.37166956533,4.674541667967,3.4));
#16652=CARTESIAN_POINT('',(-1.37166956533,4.674541667967,3.4));
#16653=CARTESIAN_POINT('Origin',(-1.34916956533,4.674541667967,3.4));
#16654=CARTESIAN_POINT('',(-1.34916956533,4.674541667967,3.4));
#16655=CARTESIAN_POINT('Origin',(-1.345419566224,4.663052307634,3.4));
#16656=CARTESIAN_POINT('',(-1.345419566224,4.663052307634,3.4));
#16657=CARTESIAN_POINT('Origin',(-1.334169566224,4.651562944619,3.4));
#16658=CARTESIAN_POINT('',(-1.334169566224,4.651562944619,3.4));
#16659=CARTESIAN_POINT('Origin',(-1.319169567118,4.647733157842,3.4));
#16660=CARTESIAN_POINT('',(-1.319169567118,4.647733157842,3.4));
#16661=CARTESIAN_POINT('Origin',(-1.289169563541,4.647733157842,3.4));
#16662=CARTESIAN_POINT('',(-1.289169563541,4.647733157842,3.4));
#16663=CARTESIAN_POINT('Origin',(-1.274169561753,4.651562944619,3.4));
#16664=CARTESIAN_POINT('',(-1.274169561753,4.651562944619,3.4));
#16665=CARTESIAN_POINT('Origin',(-1.262919561753,4.659222520857,3.4));
#16666=CARTESIAN_POINT('',(-1.262919561753,4.659222520857,3.4));
#16667=CARTESIAN_POINT('Origin',(-1.255419568906,4.670711881189,3.4));
#16668=CARTESIAN_POINT('',(-1.255419568906,4.670711881189,3.4));
#16669=CARTESIAN_POINT('Origin',(-1.255419568906,4.682201241522,3.4));
#16670=CARTESIAN_POINT('',(-1.255419568906,4.682201241522,3.4));
#16671=CARTESIAN_POINT('Origin',(-1.262919561753,4.693690607218,3.4));
#16672=CARTESIAN_POINT('',(-1.262919561753,4.693690607218,3.4));
#16673=CARTESIAN_POINT('Origin',(-1.274169561753,4.701350180773,3.4));
#16674=CARTESIAN_POINT('',(-1.274169561753,4.701350180773,3.4));
#16675=CARTESIAN_POINT('Origin',(-1.289169563541,4.705179967551,3.4));
#16676=CARTESIAN_POINT('',(-1.289169563541,4.705179967551,3.4));
#16677=CARTESIAN_POINT('Origin',(-1.311669563541,4.705179967551,3.4));
#16678=CARTESIAN_POINT('',(-1.311669563541,4.705179967551,3.4));
#16679=CARTESIAN_POINT('Origin',(-1.32666956533,4.709009754328,3.4));
#16680=CARTESIAN_POINT('',(-1.32666956533,4.709009754328,3.4));
#16681=CARTESIAN_POINT('Origin',(-1.341669564436,4.716669327883,3.4));
#16682=CARTESIAN_POINT('',(-1.341669564436,4.716669327883,3.4));
#16683=CARTESIAN_POINT('Origin',(-1.356669564883,4.731988474993,3.4));
#16684=CARTESIAN_POINT('',(-1.356669564883,4.731988474993,3.4));
#16685=CARTESIAN_POINT('Origin',(-1.36041956533,4.747307622103,3.4));
#16686=CARTESIAN_POINT('',(-1.36041956533,4.747307622103,3.4));
#16687=CARTESIAN_POINT('Origin',(-1.36041956533,4.762626779942,3.4));
#16688=CARTESIAN_POINT('',(-1.36041956533,4.762626779942,3.4));
#16689=CARTESIAN_POINT('Origin',(-1.356669564883,4.777945927052,3.4));
#16690=CARTESIAN_POINT('',(-1.356669564883,4.777945927052,3.4));
#16691=CARTESIAN_POINT('Origin',(-1.341669564436,4.793265074162,3.4));
#16692=CARTESIAN_POINT('',(-1.341669564436,4.793265074162,3.4));
#16693=CARTESIAN_POINT('Origin',(-1.32666956533,4.800924647717,3.4));
#16694=CARTESIAN_POINT('',(-1.32666956533,4.800924647717,3.4));
#16695=CARTESIAN_POINT('Origin',(-1.311669563541,4.804754434495,3.4));
#16696=CARTESIAN_POINT('',(-1.311669563541,4.804754434495,3.4));
#16697=CARTESIAN_POINT('Origin',(-1.29291956533,4.804754434495,3.4));
#16698=CARTESIAN_POINT('',(-1.29291956533,4.804754434495,3.4));
#16699=CARTESIAN_POINT('Origin',(-1.274169561753,4.800924647717,3.4));
#16700=CARTESIAN_POINT('',(-1.274169561753,4.800924647717,3.4));
#16701=CARTESIAN_POINT('Origin',(-1.25916956533,4.789435287385,3.4));
#16702=CARTESIAN_POINT('',(-1.25916956533,4.789435287385,3.4));
#16703=CARTESIAN_POINT('Origin',(-1.24791956533,4.774116140275,3.4));
#16704=CARTESIAN_POINT('',(-1.24791956533,4.774116140275,3.4));
#16705=CARTESIAN_POINT('Origin',(-1.244169568906,4.762626779942,3.4));
#16706=CARTESIAN_POINT('',(-1.244169568906,4.762626779942,3.4));
#16707=CARTESIAN_POINT('Origin',(-1.266669568906,4.762626779942,3.4));
#16708=CARTESIAN_POINT('',(-1.266669568906,4.762626779942,3.4));
#16709=CARTESIAN_POINT('Origin',(-1.27041956533,4.770286353497,3.4));
#16710=CARTESIAN_POINT('',(-1.27041956533,4.770286353497,3.4));
#16711=CARTESIAN_POINT('Origin',(-1.277919568906,4.777945927052,3.4));
#16712=CARTESIAN_POINT('',(-1.277919568906,4.777945927052,3.4));
#16713=CARTESIAN_POINT('Origin',(-1.289169563541,4.78177571383,3.4));
#16714=CARTESIAN_POINT('',(-1.289169563541,4.78177571383,3.4));
#16715=CARTESIAN_POINT('Origin',(-1.311669563541,4.78177571383,3.4));
#16716=CARTESIAN_POINT('',(-1.311669563541,4.78177571383,3.4));
#16717=CARTESIAN_POINT('Origin',(-1.322919563541,4.777945927052,3.4));
#16718=CARTESIAN_POINT('',(-1.322919563541,4.777945927052,3.4));
#16719=CARTESIAN_POINT('Origin',(-1.334169566224,4.770286353497,3.4));
#16720=CARTESIAN_POINT('',(-1.334169566224,4.770286353497,3.4));
#16721=CARTESIAN_POINT('Origin',(-1.33791956533,4.758796982436,3.4));
#16722=CARTESIAN_POINT('',(-1.33791956533,4.758796982436,3.4));
#16723=CARTESIAN_POINT('Origin',(-1.33791956533,4.751137408881,3.4));
#16724=CARTESIAN_POINT('',(-1.33791956533,4.751137408881,3.4));
#16725=CARTESIAN_POINT('Origin',(-1.334169566224,4.739648048548,3.4));
#16726=CARTESIAN_POINT('',(-1.334169566224,4.739648048548,3.4));
#16727=CARTESIAN_POINT('Origin',(-1.322919563541,4.731988474993,3.4));
#16728=CARTESIAN_POINT('Origin',(-1.20291956533,4.804754434495,3.4));
#16729=CARTESIAN_POINT('',(-1.172919572482,4.624754434495,3.4));
#16730=CARTESIAN_POINT('',(-1.20291956533,4.804754434495,3.4));
#16731=CARTESIAN_POINT('Origin',(-1.18041956533,4.804754434495,3.4));
#16732=CARTESIAN_POINT('',(-1.18041956533,4.804754434495,3.4));
#16733=CARTESIAN_POINT('Origin',(-1.15791956533,4.666882094412,3.4));
#16734=CARTESIAN_POINT('',(-1.15791956533,4.666882094412,3.4));
#16735=CARTESIAN_POINT('Origin',(-1.127919572482,4.804754434495,3.4));
#16736=CARTESIAN_POINT('',(-1.127919572482,4.804754434495,3.4));
#16737=CARTESIAN_POINT('Origin',(-1.097919558177,4.804754434495,3.4));
#16738=CARTESIAN_POINT('',(-1.097919558177,4.804754434495,3.4));
#16739=CARTESIAN_POINT('Origin',(-1.06791956533,4.666882094412,3.4));
#16740=CARTESIAN_POINT('',(-1.06791956533,4.666882094412,3.4));
#16741=CARTESIAN_POINT('Origin',(-1.04541956533,4.804754434495,3.4));
#16742=CARTESIAN_POINT('',(-1.04541956533,4.804754434495,3.4));
#16743=CARTESIAN_POINT('Origin',(-1.02291956533,4.804754434495,3.4));
#16744=CARTESIAN_POINT('',(-1.02291956533,4.804754434495,3.4));
#16745=CARTESIAN_POINT('Origin',(-1.052919558177,4.624754434495,3.4));
#16746=CARTESIAN_POINT('',(-1.052919558177,4.624754434495,3.4));
#16747=CARTESIAN_POINT('Origin',(-1.082919572482,4.624754434495,3.4));
#16748=CARTESIAN_POINT('',(-1.082919572482,4.624754434495,3.4));
#16749=CARTESIAN_POINT('Origin',(-1.11291956533,4.770286353497,3.4));
#16750=CARTESIAN_POINT('',(-1.11291956533,4.770286353497,3.4));
#16751=CARTESIAN_POINT('Origin',(-1.142919558177,4.624754434495,3.4));
#16752=CARTESIAN_POINT('',(-1.142919558177,4.624754434495,3.4));
#16753=CARTESIAN_POINT('Origin',(-1.172919572482,4.624754434495,3.4));
#16754=CARTESIAN_POINT('Origin',(-0.9929195510245,4.804754434495,3.4));
#16755=CARTESIAN_POINT('',(-0.9929195510245,4.624754434495,3.4));
#16756=CARTESIAN_POINT('',(-0.9929195510245,4.804754434495,3.4));
#16757=CARTESIAN_POINT('Origin',(-0.9704195510245,4.804754434495,3.4));
#16758=CARTESIAN_POINT('',(-0.9704195510245,4.804754434495,3.4));
#16759=CARTESIAN_POINT('Origin',(-0.9704195510245,4.624754434495,3.4));
#16760=CARTESIAN_POINT('',(-0.9704195510245,4.624754434495,3.4));
#16761=CARTESIAN_POINT('Origin',(-0.9929195510245,4.624754434495,3.4));
#16762=CARTESIAN_POINT('Origin',(-0.8579195510245,4.624754434495,3.4));
#16763=CARTESIAN_POINT('',(-0.8579195510245,4.785605500607,3.4));
#16764=CARTESIAN_POINT('',(-0.8579195510245,4.624754434495,3.4));
#16765=CARTESIAN_POINT('Origin',(-0.8804195510245,4.624754434495,3.4));
#16766=CARTESIAN_POINT('',(-0.8804195510245,4.624754434495,3.4));
#16767=CARTESIAN_POINT('Origin',(-0.8804195510245,4.785605500607,3.4));
#16768=CARTESIAN_POINT('',(-0.8804195510245,4.785605500607,3.4));
#16769=CARTESIAN_POINT('Origin',(-0.9404195796347,4.785605500607,3.4));
#16770=CARTESIAN_POINT('',(-0.9404195796347,4.785605500607,3.4));
#16771=CARTESIAN_POINT('Origin',(-0.9404195796347,4.804754434495,3.4));
#16772=CARTESIAN_POINT('',(-0.9404195796347,4.804754434495,3.4));
#16773=CARTESIAN_POINT('Origin',(-0.7979195653296,4.804754434495,3.4));
#16774=CARTESIAN_POINT('',(-0.7979195653296,4.804754434495,3.4));
#16775=CARTESIAN_POINT('Origin',(-0.7979195653296,4.785605500607,3.4));
#16776=CARTESIAN_POINT('',(-0.7979195653296,4.785605500607,3.4));
#16777=CARTESIAN_POINT('Origin',(-0.8579195510245,4.785605500607,3.4));
#16778=CARTESIAN_POINT('Origin',(-0.7454195510245,4.686031028299,3.4));
#16779=CARTESIAN_POINT('',(-0.7454195510245,4.743477835326,3.4));
#16780=CARTESIAN_POINT('',(-0.7454195510245,4.686031028299,3.4));
#16781=CARTESIAN_POINT('Origin',(-0.7416695653296,4.670711881189,3.4));
#16782=CARTESIAN_POINT('',(-0.7416695653296,4.670711881189,3.4));
#16783=CARTESIAN_POINT('Origin',(-0.7341695510245,4.659222520857,3.4));
#16784=CARTESIAN_POINT('',(-0.7341695510245,4.659222520857,3.4));
#16785=CARTESIAN_POINT('Origin',(-0.7229195510245,4.651562944619,3.4));
#16786=CARTESIAN_POINT('',(-0.7229195510245,4.651562944619,3.4));
#16787=CARTESIAN_POINT('Origin',(-0.7079195653296,4.647733157842,3.4));
#16788=CARTESIAN_POINT('',(-0.7079195653296,4.647733157842,3.4));
#16789=CARTESIAN_POINT('Origin',(-0.6741695653296,4.647733157842,3.4));
#16790=CARTESIAN_POINT('',(-0.6741695653296,4.647733157842,3.4));
#16791=CARTESIAN_POINT('Origin',(-0.6591695796347,4.651562944619,3.4));
#16792=CARTESIAN_POINT('',(-0.6591695796347,4.651562944619,3.4));
#16793=CARTESIAN_POINT('Origin',(-0.6479195367194,4.659222520857,3.4));
#16794=CARTESIAN_POINT('',(-0.6479195367194,4.659222520857,3.4));
#16795=CARTESIAN_POINT('Origin',(-0.6441695939398,4.670711881189,3.4));
#16796=CARTESIAN_POINT('',(-0.6441695939398,4.670711881189,3.4));
#16797=CARTESIAN_POINT('Origin',(-0.6216695939398,4.670711881189,3.4));
#16798=CARTESIAN_POINT('',(-0.6216695939398,4.670711881189,3.4));
#16799=CARTESIAN_POINT('Origin',(-0.6254195367194,4.651562944619,3.4));
#16800=CARTESIAN_POINT('',(-0.6254195367194,4.651562944619,3.4));
#16801=CARTESIAN_POINT('Origin',(-0.6404195653296,4.636243796168,3.4));
#16802=CARTESIAN_POINT('',(-0.6404195653296,4.636243796168,3.4));
#16803=CARTESIAN_POINT('Origin',(-0.6554195510245,4.628584221607,3.4));
#16804=CARTESIAN_POINT('',(-0.6554195510245,4.628584221607,3.4));
#16805=CARTESIAN_POINT('Origin',(-0.6741695653296,4.624754434495,3.4));
#16806=CARTESIAN_POINT('',(-0.6741695653296,4.624754434495,3.4));
#16807=CARTESIAN_POINT('Origin',(-0.7079195653296,4.624754434495,3.4));
#16808=CARTESIAN_POINT('',(-0.7079195653296,4.624754434495,3.4));
#16809=CARTESIAN_POINT('Origin',(-0.7266695796347,4.628584221607,3.4));
#16810=CARTESIAN_POINT('',(-0.7266695796347,4.628584221607,3.4));
#16811=CARTESIAN_POINT('Origin',(-0.7416695653296,4.636243796168,3.4));
#16812=CARTESIAN_POINT('',(-0.7416695653296,4.636243796168,3.4));
#16813=CARTESIAN_POINT('Origin',(-0.7566695510245,4.651562944619,3.4));
#16814=CARTESIAN_POINT('',(-0.7566695510245,4.651562944619,3.4));
#16815=CARTESIAN_POINT('Origin',(-0.7641695653296,4.666882094412,3.4));
#16816=CARTESIAN_POINT('',(-0.7641695653296,4.666882094412,3.4));
#16817=CARTESIAN_POINT('Origin',(-0.7679195510245,4.686031028299,3.4));
#16818=CARTESIAN_POINT('',(-0.7679195510245,4.686031028299,3.4));
#16819=CARTESIAN_POINT('Origin',(-0.7679195510245,4.743477835326,3.4));
#16820=CARTESIAN_POINT('',(-0.7679195510245,4.743477835326,3.4));
#16821=CARTESIAN_POINT('Origin',(-0.7641695653296,4.762626779942,3.4));
#16822=CARTESIAN_POINT('',(-0.7641695653296,4.762626779942,3.4));
#16823=CARTESIAN_POINT('Origin',(-0.7566695510245,4.777945927052,3.4));
#16824=CARTESIAN_POINT('',(-0.7566695510245,4.777945927052,3.4));
#16825=CARTESIAN_POINT('Origin',(-0.7416695653296,4.793265074162,3.4));
#16826=CARTESIAN_POINT('',(-0.7416695653296,4.793265074162,3.4));
#16827=CARTESIAN_POINT('Origin',(-0.7266695796347,4.800924647717,3.4));
#16828=CARTESIAN_POINT('',(-0.7266695796347,4.800924647717,3.4));
#16829=CARTESIAN_POINT('Origin',(-0.7079195653296,4.804754434495,3.4));
#16830=CARTESIAN_POINT('',(-0.7079195653296,4.804754434495,3.4));
#16831=CARTESIAN_POINT('Origin',(-0.6741695653296,4.804754434495,3.4));
#16832=CARTESIAN_POINT('',(-0.6741695653296,4.804754434495,3.4));
#16833=CARTESIAN_POINT('Origin',(-0.6554195510245,4.800924647717,3.4));
#16834=CARTESIAN_POINT('',(-0.6554195510245,4.800924647717,3.4));
#16835=CARTESIAN_POINT('Origin',(-0.6404195653296,4.793265074162,3.4));
#16836=CARTESIAN_POINT('',(-0.6404195653296,4.793265074162,3.4));
#16837=CARTESIAN_POINT('Origin',(-0.6254195367194,4.777945927052,3.4));
#16838=CARTESIAN_POINT('',(-0.6254195367194,4.777945927052,3.4));
#16839=CARTESIAN_POINT('Origin',(-0.6216695939398,4.758796982436,3.4));
#16840=CARTESIAN_POINT('',(-0.6216695939398,4.758796982436,3.4));
#16841=CARTESIAN_POINT('Origin',(-0.6441695939398,4.758796982436,3.4));
#16842=CARTESIAN_POINT('',(-0.6441695939398,4.758796982436,3.4));
#16843=CARTESIAN_POINT('Origin',(-0.6479195367194,4.770286353497,3.4));
#16844=CARTESIAN_POINT('',(-0.6479195367194,4.770286353497,3.4));
#16845=CARTESIAN_POINT('Origin',(-0.6591695796347,4.777945927052,3.4));
#16846=CARTESIAN_POINT('',(-0.6591695796347,4.777945927052,3.4));
#16847=CARTESIAN_POINT('Origin',(-0.6741695653296,4.78177571383,3.4));
#16848=CARTESIAN_POINT('',(-0.6741695653296,4.78177571383,3.4));
#16849=CARTESIAN_POINT('Origin',(-0.7079195653296,4.78177571383,3.4));
#16850=CARTESIAN_POINT('',(-0.7079195653296,4.78177571383,3.4));
#16851=CARTESIAN_POINT('Origin',(-0.7229195510245,4.777945927052,3.4));
#16852=CARTESIAN_POINT('',(-0.7229195510245,4.777945927052,3.4));
#16853=CARTESIAN_POINT('Origin',(-0.7341695510245,4.770286353497,3.4));
#16854=CARTESIAN_POINT('',(-0.7341695510245,4.770286353497,3.4));
#16855=CARTESIAN_POINT('Origin',(-0.7416695653296,4.758796982436,3.4));
#16856=CARTESIAN_POINT('',(-0.7416695653296,4.758796982436,3.4));
#16857=CARTESIAN_POINT('Origin',(-0.7454195510245,4.743477835326,3.4));
#16858=CARTESIAN_POINT('Origin',(-0.5916695367194,4.804754434495,3.4));
#16859=CARTESIAN_POINT('',(-0.5916695367194,4.624754434495,3.4));
#16860=CARTESIAN_POINT('',(-0.5916695367194,4.804754434495,3.4));
#16861=CARTESIAN_POINT('Origin',(-0.5691695367194,4.804754434495,3.4));
#16862=CARTESIAN_POINT('',(-0.5691695367194,4.804754434495,3.4));
#16863=CARTESIAN_POINT('Origin',(-0.5691695367194,4.731988474993,3.4));
#16864=CARTESIAN_POINT('',(-0.5691695367194,4.731988474993,3.4));
#16865=CARTESIAN_POINT('Origin',(-0.4641695939398,4.731988474993,3.4));
#16866=CARTESIAN_POINT('',(-0.4641695939398,4.731988474993,3.4));
#16867=CARTESIAN_POINT('Origin',(-0.4641695939398,4.804754434495,3.4));
#16868=CARTESIAN_POINT('',(-0.4641695939398,4.804754434495,3.4));
#16869=CARTESIAN_POINT('Origin',(-0.4416695939398,4.804754434495,3.4));
#16870=CARTESIAN_POINT('',(-0.4416695939398,4.804754434495,3.4));
#16871=CARTESIAN_POINT('Origin',(-0.4416695939398,4.624754434495,3.4));
#16872=CARTESIAN_POINT('',(-0.4416695939398,4.624754434495,3.4));
#16873=CARTESIAN_POINT('Origin',(-0.4641695939398,4.624754434495,3.4));
#16874=CARTESIAN_POINT('',(-0.4641695939398,4.624754434495,3.4));
#16875=CARTESIAN_POINT('Origin',(-0.4641695939398,4.709009754328,3.4));
#16876=CARTESIAN_POINT('',(-0.4641695939398,4.709009754328,3.4));
#16877=CARTESIAN_POINT('Origin',(-0.5691695367194,4.709009754328,3.4));
#16878=CARTESIAN_POINT('',(-0.5691695367194,4.709009754328,3.4));
#16879=CARTESIAN_POINT('Origin',(-0.5691695367194,4.624754434495,3.4));
#16880=CARTESIAN_POINT('',(-0.5691695367194,4.624754434495,3.4));
#16881=CARTESIAN_POINT('Origin',(-0.5916695367194,4.624754434495,3.4));
#16882=CARTESIAN_POINT('Origin',(-0.2091695367194,4.686031028299,3.4));
#16883=CARTESIAN_POINT('',(-0.2091695367194,4.743477835326,3.4));
#16884=CARTESIAN_POINT('',(-0.2091695367194,4.686031028299,3.4));
#16885=CARTESIAN_POINT('Origin',(-0.2054195939398,4.670711881189,3.4));
#16886=CARTESIAN_POINT('',(-0.2054195939398,4.670711881189,3.4));
#16887=CARTESIAN_POINT('Origin',(-0.1979195367194,4.659222520857,3.4));
#16888=CARTESIAN_POINT('',(-0.1979195367194,4.659222520857,3.4));
#16889=CARTESIAN_POINT('Origin',(-0.1866695367194,4.651562944619,3.4));
#16890=CARTESIAN_POINT('',(-0.1866695367194,4.651562944619,3.4));
#16891=CARTESIAN_POINT('Origin',(-0.1716695939398,4.647733157842,3.4));
#16892=CARTESIAN_POINT('',(-0.1716695939398,4.647733157842,3.4));
#16893=CARTESIAN_POINT('Origin',(-0.1379195939398,4.647733157842,3.4));
#16894=CARTESIAN_POINT('',(-0.1379195939398,4.647733157842,3.4));
#16895=CARTESIAN_POINT('Origin',(-0.1229195653296,4.651562944619,3.4));
#16896=CARTESIAN_POINT('',(-0.1229195653296,4.651562944619,3.4));
#16897=CARTESIAN_POINT('Origin',(-0.1116695653296,4.659222520857,3.4));
#16898=CARTESIAN_POINT('',(-0.1116695653296,4.659222520857,3.4));
#16899=CARTESIAN_POINT('Origin',(-0.1079195367194,4.670711881189,3.4));
#16900=CARTESIAN_POINT('',(-0.1079195367194,4.670711881189,3.4));
#16901=CARTESIAN_POINT('Origin',(-0.08541953671936,4.670711881189,3.4));
#16902=CARTESIAN_POINT('',(-0.08541953671936,4.670711881189,3.4));
#16903=CARTESIAN_POINT('Origin',(-0.08916956532959,4.651562944619,3.4));
#16904=CARTESIAN_POINT('',(-0.08916956532959,4.651562944619,3.4));
#16905=CARTESIAN_POINT('Origin',(-0.1041695939398,4.636243796168,3.4));
#16906=CARTESIAN_POINT('',(-0.1041695939398,4.636243796168,3.4));
#16907=CARTESIAN_POINT('Origin',(-0.1191695367194,4.628584221607,3.4));
#16908=CARTESIAN_POINT('',(-0.1191695367194,4.628584221607,3.4));
#16909=CARTESIAN_POINT('Origin',(-0.1379195939398,4.624754434495,3.4));
#16910=CARTESIAN_POINT('',(-0.1379195939398,4.624754434495,3.4));
#16911=CARTESIAN_POINT('Origin',(-0.1716695939398,4.624754434495,3.4));
#16912=CARTESIAN_POINT('',(-0.1716695939398,4.624754434495,3.4));
#16913=CARTESIAN_POINT('Origin',(-0.1904195653296,4.628584221607,3.4));
#16914=CARTESIAN_POINT('',(-0.1904195653296,4.628584221607,3.4));
#16915=CARTESIAN_POINT('Origin',(-0.2054195939398,4.636243796168,3.4));
#16916=CARTESIAN_POINT('',(-0.2054195939398,4.636243796168,3.4));
#16917=CARTESIAN_POINT('Origin',(-0.2204195367194,4.651562944619,3.4));
#16918=CARTESIAN_POINT('',(-0.2204195367194,4.651562944619,3.4));
#16919=CARTESIAN_POINT('Origin',(-0.2279195939398,4.666882094412,3.4));
#16920=CARTESIAN_POINT('',(-0.2279195939398,4.666882094412,3.4));
#16921=CARTESIAN_POINT('Origin',(-0.2316695367194,4.686031028299,3.4));
#16922=CARTESIAN_POINT('',(-0.2316695367194,4.686031028299,3.4));
#16923=CARTESIAN_POINT('Origin',(-0.2316695367194,4.743477835326,3.4));
#16924=CARTESIAN_POINT('',(-0.2316695367194,4.743477835326,3.4));
#16925=CARTESIAN_POINT('Origin',(-0.2279195939398,4.762626779942,3.4));
#16926=CARTESIAN_POINT('',(-0.2279195939398,4.762626779942,3.4));
#16927=CARTESIAN_POINT('Origin',(-0.2204195367194,4.777945927052,3.4));
#16928=CARTESIAN_POINT('',(-0.2204195367194,4.777945927052,3.4));
#16929=CARTESIAN_POINT('Origin',(-0.2054195939398,4.793265074162,3.4));
#16930=CARTESIAN_POINT('',(-0.2054195939398,4.793265074162,3.4));
#16931=CARTESIAN_POINT('Origin',(-0.1904195653296,4.800924647717,3.4));
#16932=CARTESIAN_POINT('',(-0.1904195653296,4.800924647717,3.4));
#16933=CARTESIAN_POINT('Origin',(-0.1716695939398,4.804754434495,3.4));
#16934=CARTESIAN_POINT('',(-0.1716695939398,4.804754434495,3.4));
#16935=CARTESIAN_POINT('Origin',(-0.1379195939398,4.804754434495,3.4));
#16936=CARTESIAN_POINT('',(-0.1379195939398,4.804754434495,3.4));
#16937=CARTESIAN_POINT('Origin',(-0.1191695367194,4.800924647717,3.4));
#16938=CARTESIAN_POINT('',(-0.1191695367194,4.800924647717,3.4));
#16939=CARTESIAN_POINT('Origin',(-0.1041695939398,4.793265074162,3.4));
#16940=CARTESIAN_POINT('',(-0.1041695939398,4.793265074162,3.4));
#16941=CARTESIAN_POINT('Origin',(-0.08916956532959,4.777945927052,3.4));
#16942=CARTESIAN_POINT('',(-0.08916956532959,4.777945927052,3.4));
#16943=CARTESIAN_POINT('Origin',(-0.08541953671936,4.758796982436,3.4));
#16944=CARTESIAN_POINT('',(-0.08541953671936,4.758796982436,3.4));
#16945=CARTESIAN_POINT('Origin',(-0.1079195367194,4.758796982436,3.4));
#16946=CARTESIAN_POINT('',(-0.1079195367194,4.758796982436,3.4));
#16947=CARTESIAN_POINT('Origin',(-0.1116695653296,4.770286353497,3.4));
#16948=CARTESIAN_POINT('',(-0.1116695653296,4.770286353497,3.4));
#16949=CARTESIAN_POINT('Origin',(-0.1229195653296,4.777945927052,3.4));
#16950=CARTESIAN_POINT('',(-0.1229195653296,4.777945927052,3.4));
#16951=CARTESIAN_POINT('Origin',(-0.1379195939398,4.78177571383,3.4));
#16952=CARTESIAN_POINT('',(-0.1379195939398,4.78177571383,3.4));
#16953=CARTESIAN_POINT('Origin',(-0.1716695939398,4.78177571383,3.4));
#16954=CARTESIAN_POINT('',(-0.1716695939398,4.78177571383,3.4));
#16955=CARTESIAN_POINT('Origin',(-0.1866695367194,4.777945927052,3.4));
#16956=CARTESIAN_POINT('',(-0.1866695367194,4.777945927052,3.4));
#16957=CARTESIAN_POINT('Origin',(-0.1979195367194,4.770286353497,3.4));
#16958=CARTESIAN_POINT('',(-0.1979195367194,4.770286353497,3.4));
#16959=CARTESIAN_POINT('Origin',(-0.2054195939398,4.758796982436,3.4));
#16960=CARTESIAN_POINT('',(-0.2054195939398,4.758796982436,3.4));
#16961=CARTESIAN_POINT('Origin',(-0.2091695367194,4.743477835326,3.4));
#16962=CARTESIAN_POINT('Origin',(0.06083046328064,4.659222520857,3.4));
#16963=CARTESIAN_POINT('',(0.04958046328064,4.651562944619,3.4));
#16964=CARTESIAN_POINT('',(0.06083046328064,4.659222520857,3.4));
#16965=CARTESIAN_POINT('Origin',(0.06833043467041,4.670711881189,3.4));
#16966=CARTESIAN_POINT('',(0.06833043467041,4.670711881189,3.4));
#16967=CARTESIAN_POINT('Origin',(0.07208037744996,4.686031028299,3.4));
#16968=CARTESIAN_POINT('',(0.07208037744996,4.686031028299,3.4));
#16969=CARTESIAN_POINT('Origin',(0.07208037744996,4.743477835326,3.4));
#16970=CARTESIAN_POINT('',(0.07208037744996,4.743477835326,3.4));
#16971=CARTESIAN_POINT('Origin',(0.06833043467041,4.758796982436,3.4));
#16972=CARTESIAN_POINT('',(0.06833043467041,4.758796982436,3.4));
#16973=CARTESIAN_POINT('Origin',(0.06083046328064,4.770286353497,3.4));
#16974=CARTESIAN_POINT('',(0.06083046328064,4.770286353497,3.4));
#16975=CARTESIAN_POINT('Origin',(0.04958046328064,4.777945927052,3.4));
#16976=CARTESIAN_POINT('',(0.04958046328064,4.777945927052,3.4));
#16977=CARTESIAN_POINT('Origin',(0.03458043467041,4.78177571383,3.4));
#16978=CARTESIAN_POINT('',(0.03458043467041,4.78177571383,3.4));
#16979=CARTESIAN_POINT('Origin',(0.004580463280644,4.78177571383,3.4));
#16980=CARTESIAN_POINT('',(0.004580463280644,4.78177571383,3.4));
#16981=CARTESIAN_POINT('Origin',(-0.01041956532959,4.777945927052,3.4));
#16982=CARTESIAN_POINT('',(-0.01041956532959,4.777945927052,3.4));
#16983=CARTESIAN_POINT('Origin',(-0.02166956532959,4.770286353497,3.4));
#16984=CARTESIAN_POINT('',(-0.02166956532959,4.770286353497,3.4));
#16985=CARTESIAN_POINT('Origin',(-0.02916953671936,4.758796982436,3.4));
#16986=CARTESIAN_POINT('',(-0.02916953671936,4.758796982436,3.4));
#16987=CARTESIAN_POINT('Origin',(-0.03291956532959,4.743477835326,3.4));
#16988=CARTESIAN_POINT('',(-0.03291956532959,4.743477835326,3.4));
#16989=CARTESIAN_POINT('Origin',(-0.03291956532959,4.686031028299,3.4));
#16990=CARTESIAN_POINT('',(-0.03291956532959,4.686031028299,3.4));
#16991=CARTESIAN_POINT('Origin',(-0.02916953671936,4.670711881189,3.4));
#16992=CARTESIAN_POINT('',(-0.02916953671936,4.670711881189,3.4));
#16993=CARTESIAN_POINT('Origin',(-0.02166956532959,4.659222520857,3.4));
#16994=CARTESIAN_POINT('',(-0.02166956532959,4.659222520857,3.4));
#16995=CARTESIAN_POINT('Origin',(-0.01041956532959,4.651562944619,3.4));
#16996=CARTESIAN_POINT('',(-0.01041956532959,4.651562944619,3.4));
#16997=CARTESIAN_POINT('Origin',(0.004580463280644,4.647733157842,3.4));
#16998=CARTESIAN_POINT('',(0.004580463280644,4.647733157842,3.4));
#16999=CARTESIAN_POINT('Origin',(0.03458043467041,4.647733157842,3.4));
#17000=CARTESIAN_POINT('',(0.03458043467041,4.647733157842,3.4));
#17001=CARTESIAN_POINT('Origin',(0.04958046328064,4.651562944619,3.4));
#17002=CARTESIAN_POINT('Origin',(0.09458037744996,4.686031028299,3.4));
#17003=CARTESIAN_POINT('',(0.09458037744996,4.743477835326,3.4));
#17004=CARTESIAN_POINT('',(0.09458037744996,4.686031028299,3.4));
#17005=CARTESIAN_POINT('Origin',(0.09083043467041,4.666882094412,3.4));
#17006=CARTESIAN_POINT('',(0.09083043467041,4.666882094412,3.4));
#17007=CARTESIAN_POINT('Origin',(0.08333037744996,4.651562944619,3.4));
#17008=CARTESIAN_POINT('',(0.08333037744996,4.651562944619,3.4));
#17009=CARTESIAN_POINT('Origin',(0.06833043467041,4.636243796168,3.4));
#17010=CARTESIAN_POINT('',(0.06833043467041,4.636243796168,3.4));
#17011=CARTESIAN_POINT('Origin',(0.05333040606018,4.628584221607,3.4));
#17012=CARTESIAN_POINT('',(0.05333040606019,4.628584221607,3.4));
#17013=CARTESIAN_POINT('Origin',(0.03458043467041,4.624754434495,3.4));
#17014=CARTESIAN_POINT('',(0.03458043467041,4.624754434495,3.4));
#17015=CARTESIAN_POINT('Origin',(0.004580463280644,4.624754434495,3.4));
#17016=CARTESIAN_POINT('',(0.004580463280644,4.624754434495,3.4));
#17017=CARTESIAN_POINT('Origin',(-0.01416959393982,4.628584221607,3.4));
#17018=CARTESIAN_POINT('',(-0.01416959393981,4.628584221607,3.4));
#17019=CARTESIAN_POINT('Origin',(-0.02916953671936,4.636243796168,3.4));
#17020=CARTESIAN_POINT('',(-0.02916953671936,4.636243796168,3.4));
#17021=CARTESIAN_POINT('Origin',(-0.04416956532959,4.651562944619,3.4));
#17022=CARTESIAN_POINT('',(-0.04416956532959,4.651562944619,3.4));
#17023=CARTESIAN_POINT('Origin',(-0.05166953671936,4.666882094412,3.4));
#17024=CARTESIAN_POINT('',(-0.05166953671936,4.666882094412,3.4));
#17025=CARTESIAN_POINT('Origin',(-0.05541956532959,4.686031028299,3.4));
#17026=CARTESIAN_POINT('',(-0.05541956532959,4.686031028299,3.4));
#17027=CARTESIAN_POINT('Origin',(-0.05541956532959,4.743477835326,3.4));
#17028=CARTESIAN_POINT('',(-0.05541956532959,4.743477835326,3.4));
#17029=CARTESIAN_POINT('Origin',(-0.05166953671936,4.762626779942,3.4));
#17030=CARTESIAN_POINT('',(-0.05166953671936,4.762626779942,3.4));
#17031=CARTESIAN_POINT('Origin',(-0.04416956532959,4.777945927052,3.4));
#17032=CARTESIAN_POINT('',(-0.04416956532959,4.777945927052,3.4));
#17033=CARTESIAN_POINT('Origin',(-0.02916953671936,4.793265074162,3.4));
#17034=CARTESIAN_POINT('',(-0.02916953671936,4.793265074162,3.4));
#17035=CARTESIAN_POINT('Origin',(-0.01416959393982,4.800924647717,3.4));
#17036=CARTESIAN_POINT('',(-0.01416959393982,4.800924647717,3.4));
#17037=CARTESIAN_POINT('Origin',(0.004580463280644,4.804754434495,3.4));
#17038=CARTESIAN_POINT('',(0.004580463280644,4.804754434495,3.4));
#17039=CARTESIAN_POINT('Origin',(0.03458043467041,4.804754434495,3.4));
#17040=CARTESIAN_POINT('',(0.03458043467041,4.804754434495,3.4));
#17041=CARTESIAN_POINT('Origin',(0.05333040606018,4.800924647717,3.4));
#17042=CARTESIAN_POINT('Origin',(0.09458037744996,4.743477835326,3.4));
#17043=CARTESIAN_POINT('',(0.09083043467041,4.762626779942,3.4));
#17044=CARTESIAN_POINT('Origin',(0.09083043467041,4.762626779942,3.4));
#17045=CARTESIAN_POINT('',(0.08333037744996,4.777945927052,3.4));
#17046=CARTESIAN_POINT('Origin',(0.08333037744996,4.777945927052,3.4));
#17047=CARTESIAN_POINT('Origin',(0.1245804346704,4.804754434495,3.4));
#17048=CARTESIAN_POINT('',(0.1245804346704,4.624754434495,3.4));
#17049=CARTESIAN_POINT('',(0.1245804346704,4.804754434495,3.4));
#17050=CARTESIAN_POINT('Origin',(0.1583304346704,4.804754434495,3.4));
#17051=CARTESIAN_POINT('',(0.1583304346704,4.804754434495,3.4));
#17052=CARTESIAN_POINT('Origin',(0.25208037745,4.651562944619,3.4));
#17053=CARTESIAN_POINT('',(0.25208037745,4.651562944619,3.4));
#17054=CARTESIAN_POINT('Origin',(0.25208037745,4.804754434495,3.4));
#17055=CARTESIAN_POINT('',(0.25208037745,4.804754434495,3.4));
#17056=CARTESIAN_POINT('Origin',(0.27458037745,4.804754434495,3.4));
#17057=CARTESIAN_POINT('',(0.27458037745,4.804754434495,3.4));
#17058=CARTESIAN_POINT('Origin',(0.27458037745,4.624754434495,3.4));
#17059=CARTESIAN_POINT('',(0.27458037745,4.624754434495,3.4));
#17060=CARTESIAN_POINT('Origin',(0.24083037745,4.624754434495,3.4));
#17061=CARTESIAN_POINT('',(0.24083037745,4.624754434495,3.4));
#17062=CARTESIAN_POINT('Origin',(0.1470804346704,4.78177571383,3.4));
#17063=CARTESIAN_POINT('',(0.1470804346704,4.78177571383,3.4));
#17064=CARTESIAN_POINT('Origin',(0.1470804346704,4.624754434495,3.4));
#17065=CARTESIAN_POINT('',(0.1470804346704,4.624754434495,3.4));
#17066=CARTESIAN_POINT('Origin',(0.1245804346704,4.624754434495,3.4));
#17067=CARTESIAN_POINT('Origin',(0.3045804346704,4.804754434495,3.4));
#17068=CARTESIAN_POINT('',(0.3045804346704,4.624754434495,3.4));
#17069=CARTESIAN_POINT('',(0.3045804346704,4.804754434495,3.4));
#17070=CARTESIAN_POINT('Origin',(0.3383304346704,4.804754434495,3.4));
#17071=CARTESIAN_POINT('',(0.3383304346704,4.804754434495,3.4));
#17072=CARTESIAN_POINT('Origin',(0.43208037745,4.651562944619,3.4));
#17073=CARTESIAN_POINT('',(0.43208037745,4.651562944619,3.4));
#17074=CARTESIAN_POINT('Origin',(0.43208037745,4.804754434495,3.4));
#17075=CARTESIAN_POINT('',(0.43208037745,4.804754434495,3.4));
#17076=CARTESIAN_POINT('Origin',(0.45458037745,4.804754434495,3.4));
#17077=CARTESIAN_POINT('',(0.45458037745,4.804754434495,3.4));
#17078=CARTESIAN_POINT('Origin',(0.45458037745,4.624754434495,3.4));
#17079=CARTESIAN_POINT('',(0.45458037745,4.624754434495,3.4));
#17080=CARTESIAN_POINT('Origin',(0.42083037745,4.624754434495,3.4));
#17081=CARTESIAN_POINT('',(0.42083037745,4.624754434495,3.4));
#17082=CARTESIAN_POINT('Origin',(0.3270804346704,4.78177571383,3.4));
#17083=CARTESIAN_POINT('',(0.3270804346704,4.78177571383,3.4));
#17084=CARTESIAN_POINT('Origin',(0.3270804346704,4.624754434495,3.4));
#17085=CARTESIAN_POINT('',(0.3270804346704,4.624754434495,3.4));
#17086=CARTESIAN_POINT('Origin',(0.3045804346704,4.624754434495,3.4));
#17087=CARTESIAN_POINT('Origin',(0.5070804346704,4.647733157842,3.4));
#17088=CARTESIAN_POINT('',(0.5070804346704,4.709009754328,3.4));
#17089=CARTESIAN_POINT('',(0.5070804346704,4.647733157842,3.4));
#17090=CARTESIAN_POINT('Origin',(0.6195804346704,4.647733157842,3.4));
#17091=CARTESIAN_POINT('',(0.6195804346704,4.647733157842,3.4));
#17092=CARTESIAN_POINT('Origin',(0.6195804346704,4.624754434495,3.4));
#17093=CARTESIAN_POINT('',(0.6195804346704,4.624754434495,3.4));
#17094=CARTESIAN_POINT('Origin',(0.4845804346704,4.624754434495,3.4));
#17095=CARTESIAN_POINT('',(0.4845804346704,4.624754434495,3.4));
#17096=CARTESIAN_POINT('Origin',(0.4845804346704,4.804754434495,3.4));
#17097=CARTESIAN_POINT('',(0.4845804346704,4.804754434495,3.4));
#17098=CARTESIAN_POINT('Origin',(0.6195804346704,4.804754434495,3.4));
#17099=CARTESIAN_POINT('',(0.6195804346704,4.804754434495,3.4));
#17100=CARTESIAN_POINT('Origin',(0.6195804346704,4.78177571383,3.4));
#17101=CARTESIAN_POINT('',(0.6195804346704,4.78177571383,3.4));
#17102=CARTESIAN_POINT('Origin',(0.5070804346704,4.78177571383,3.4));
#17103=CARTESIAN_POINT('',(0.5070804346704,4.78177571383,3.4));
#17104=CARTESIAN_POINT('Origin',(0.5070804346704,4.731988474993,3.4));
#17105=CARTESIAN_POINT('',(0.5070804346704,4.731988474993,3.4));
#17106=CARTESIAN_POINT('Origin',(0.6045804918909,4.731988474993,3.4));
#17107=CARTESIAN_POINT('',(0.6045804918909,4.731988474993,3.4));
#17108=CARTESIAN_POINT('Origin',(0.6045804918909,4.709009754328,3.4));
#17109=CARTESIAN_POINT('',(0.6045804918909,4.709009754328,3.4));
#17110=CARTESIAN_POINT('Origin',(0.5070804346704,4.709009754328,3.4));
#17111=CARTESIAN_POINT('Origin',(0.6720804918909,4.686031028299,3.4));
#17112=CARTESIAN_POINT('',(0.6720804918909,4.743477835326,3.4));
#17113=CARTESIAN_POINT('',(0.6720804918909,4.686031028299,3.4));
#17114=CARTESIAN_POINT('Origin',(0.6758304346704,4.670711881189,3.4));
#17115=CARTESIAN_POINT('',(0.6758304346704,4.670711881189,3.4));
#17116=CARTESIAN_POINT('Origin',(0.6833304918909,4.659222520857,3.4));
#17117=CARTESIAN_POINT('',(0.6833304918909,4.659222520857,3.4));
#17118=CARTESIAN_POINT('Origin',(0.6945804918909,4.651562944619,3.4));
#17119=CARTESIAN_POINT('',(0.6945804918909,4.651562944619,3.4));
#17120=CARTESIAN_POINT('Origin',(0.7095804346704,4.647733157842,3.4));
#17121=CARTESIAN_POINT('',(0.7095804346704,4.647733157842,3.4));
#17122=CARTESIAN_POINT('Origin',(0.7433304346704,4.647733157842,3.4));
#17123=CARTESIAN_POINT('',(0.7433304346704,4.647733157842,3.4));
#17124=CARTESIAN_POINT('Origin',(0.75833037745,4.651562944619,3.4));
#17125=CARTESIAN_POINT('',(0.75833037745,4.651562944619,3.4));
#17126=CARTESIAN_POINT('Origin',(0.76958037745,4.659222520857,3.4));
#17127=CARTESIAN_POINT('',(0.76958037745,4.659222520857,3.4));
#17128=CARTESIAN_POINT('Origin',(0.7733304918909,4.670711881189,3.4));
#17129=CARTESIAN_POINT('',(0.7733304918909,4.670711881189,3.4));
#17130=CARTESIAN_POINT('Origin',(0.7958304918909,4.670711881189,3.4));
#17131=CARTESIAN_POINT('',(0.7958304918909,4.670711881189,3.4));
#17132=CARTESIAN_POINT('Origin',(0.79208037745,4.651562944619,3.4));
#17133=CARTESIAN_POINT('',(0.79208037745,4.651562944619,3.4));
#17134=CARTESIAN_POINT('Origin',(0.7770804346704,4.636243796168,3.4));
#17135=CARTESIAN_POINT('',(0.7770804346704,4.636243796168,3.4));
#17136=CARTESIAN_POINT('Origin',(0.7620804918909,4.628584221607,3.4));
#17137=CARTESIAN_POINT('',(0.7620804918909,4.628584221607,3.4));
#17138=CARTESIAN_POINT('Origin',(0.7433304346704,4.624754434495,3.4));
#17139=CARTESIAN_POINT('',(0.7433304346704,4.624754434495,3.4));
#17140=CARTESIAN_POINT('Origin',(0.7095804346704,4.624754434495,3.4));
#17141=CARTESIAN_POINT('',(0.7095804346704,4.624754434495,3.4));
#17142=CARTESIAN_POINT('Origin',(0.69083037745,4.628584221607,3.4));
#17143=CARTESIAN_POINT('',(0.69083037745,4.628584221607,3.4));
#17144=CARTESIAN_POINT('Origin',(0.6758304346704,4.636243796168,3.4));
#17145=CARTESIAN_POINT('',(0.6758304346704,4.636243796168,3.4));
#17146=CARTESIAN_POINT('Origin',(0.6608304918909,4.651562944619,3.4));
#17147=CARTESIAN_POINT('',(0.6608304918909,4.651562944619,3.4));
#17148=CARTESIAN_POINT('Origin',(0.6533304346704,4.666882094412,3.4));
#17149=CARTESIAN_POINT('',(0.6533304346704,4.666882094412,3.4));
#17150=CARTESIAN_POINT('Origin',(0.6495804918909,4.686031028299,3.4));
#17151=CARTESIAN_POINT('',(0.6495804918909,4.686031028299,3.4));
#17152=CARTESIAN_POINT('Origin',(0.6495804918909,4.743477835326,3.4));
#17153=CARTESIAN_POINT('',(0.6495804918909,4.743477835326,3.4));
#17154=CARTESIAN_POINT('Origin',(0.6533304346704,4.762626779942,3.4));
#17155=CARTESIAN_POINT('',(0.6533304346704,4.762626779942,3.4));
#17156=CARTESIAN_POINT('Origin',(0.6608304918909,4.777945927052,3.4));
#17157=CARTESIAN_POINT('',(0.6608304918909,4.777945927052,3.4));
#17158=CARTESIAN_POINT('Origin',(0.6758304346704,4.793265074162,3.4));
#17159=CARTESIAN_POINT('',(0.6758304346704,4.793265074162,3.4));
#17160=CARTESIAN_POINT('Origin',(0.69083037745,4.800924647717,3.4));
#17161=CARTESIAN_POINT('',(0.69083037745,4.800924647717,3.4));
#17162=CARTESIAN_POINT('Origin',(0.7095804346704,4.804754434495,3.4));
#17163=CARTESIAN_POINT('',(0.7095804346704,4.804754434495,3.4));
#17164=CARTESIAN_POINT('Origin',(0.7433304346704,4.804754434495,3.4));
#17165=CARTESIAN_POINT('',(0.7433304346704,4.804754434495,3.4));
#17166=CARTESIAN_POINT('Origin',(0.7620804918909,4.800924647717,3.4));
#17167=CARTESIAN_POINT('',(0.7620804918909,4.800924647717,3.4));
#17168=CARTESIAN_POINT('Origin',(0.7770804346704,4.793265074162,3.4));
#17169=CARTESIAN_POINT('',(0.7770804346704,4.793265074162,3.4));
#17170=CARTESIAN_POINT('Origin',(0.79208037745,4.777945927052,3.4));
#17171=CARTESIAN_POINT('',(0.79208037745,4.777945927052,3.4));
#17172=CARTESIAN_POINT('Origin',(0.7958304918909,4.758796982436,3.4));
#17173=CARTESIAN_POINT('',(0.7958304918909,4.758796982436,3.4));
#17174=CARTESIAN_POINT('Origin',(0.7733304918909,4.758796982436,3.4));
#17175=CARTESIAN_POINT('',(0.7733304918909,4.758796982436,3.4));
#17176=CARTESIAN_POINT('Origin',(0.76958037745,4.770286353497,3.4));
#17177=CARTESIAN_POINT('',(0.76958037745,4.770286353497,3.4));
#17178=CARTESIAN_POINT('Origin',(0.75833037745,4.777945927052,3.4));
#17179=CARTESIAN_POINT('',(0.75833037745,4.777945927052,3.4));
#17180=CARTESIAN_POINT('Origin',(0.7433304346704,4.78177571383,3.4));
#17181=CARTESIAN_POINT('',(0.7433304346704,4.78177571383,3.4));
#17182=CARTESIAN_POINT('Origin',(0.7095804346704,4.78177571383,3.4));
#17183=CARTESIAN_POINT('',(0.7095804346704,4.78177571383,3.4));
#17184=CARTESIAN_POINT('Origin',(0.6945804918909,4.777945927052,3.4));
#17185=CARTESIAN_POINT('',(0.6945804918909,4.777945927052,3.4));
#17186=CARTESIAN_POINT('Origin',(0.6833304918909,4.770286353497,3.4));
#17187=CARTESIAN_POINT('',(0.6833304918909,4.770286353497,3.4));
#17188=CARTESIAN_POINT('Origin',(0.6758304346704,4.758796982436,3.4));
#17189=CARTESIAN_POINT('',(0.6758304346704,4.758796982436,3.4));
#17190=CARTESIAN_POINT('Origin',(0.6720804918909,4.743477835326,3.4));
#17191=CARTESIAN_POINT('Origin',(0.8858304918909,4.785605500607,3.4));
#17192=CARTESIAN_POINT('',(0.8858304918909,4.624754434495,3.4));
#17193=CARTESIAN_POINT('',(0.8858304918909,4.785605500607,3.4));
#17194=CARTESIAN_POINT('Origin',(0.82583037745,4.785605500607,3.4));
#17195=CARTESIAN_POINT('',(0.82583037745,4.785605500607,3.4));
#17196=CARTESIAN_POINT('Origin',(0.82583037745,4.804754434495,3.4));
#17197=CARTESIAN_POINT('',(0.82583037745,4.804754434495,3.4));
#17198=CARTESIAN_POINT('Origin',(0.9683304346704,4.804754434495,3.4));
#17199=CARTESIAN_POINT('',(0.9683304346704,4.804754434495,3.4));
#17200=CARTESIAN_POINT('Origin',(0.9683304346704,4.785605500607,3.4));
#17201=CARTESIAN_POINT('',(0.9683304346704,4.785605500607,3.4));
#17202=CARTESIAN_POINT('Origin',(0.9083304918909,4.785605500607,3.4));
#17203=CARTESIAN_POINT('',(0.9083304918909,4.785605500607,3.4));
#17204=CARTESIAN_POINT('Origin',(0.9083304918909,4.624754434495,3.4));
#17205=CARTESIAN_POINT('',(0.9083304918909,4.624754434495,3.4));
#17206=CARTESIAN_POINT('Origin',(0.8858304918909,4.624754434495,3.4));
#17207=CARTESIAN_POINT('Origin',(1.020830491891,4.743477835326,3.4));
#17208=CARTESIAN_POINT('',(1.02458043467,4.758796982436,3.4));
#17209=CARTESIAN_POINT('',(1.020830491891,4.743477835326,3.4));
#17210=CARTESIAN_POINT('Origin',(1.020830491891,4.686031028299,3.4));
#17211=CARTESIAN_POINT('',(1.020830491891,4.686031028299,3.4));
#17212=CARTESIAN_POINT('Origin',(1.02458043467,4.670711881189,3.4));
#17213=CARTESIAN_POINT('',(1.02458043467,4.670711881189,3.4));
#17214=CARTESIAN_POINT('Origin',(1.032080491891,4.659222520857,3.4));
#17215=CARTESIAN_POINT('',(1.032080491891,4.659222520857,3.4));
#17216=CARTESIAN_POINT('Origin',(1.043330491891,4.651562944619,3.4));
#17217=CARTESIAN_POINT('',(1.043330491891,4.651562944619,3.4));
#17218=CARTESIAN_POINT('Origin',(1.05833043467,4.647733157842,3.4));
#17219=CARTESIAN_POINT('',(1.05833043467,4.647733157842,3.4));
#17220=CARTESIAN_POINT('Origin',(1.088330491891,4.647733157842,3.4));
#17221=CARTESIAN_POINT('',(1.088330491891,4.647733157842,3.4));
#17222=CARTESIAN_POINT('Origin',(1.10333043467,4.651562944619,3.4));
#17223=CARTESIAN_POINT('',(1.10333043467,4.651562944619,3.4));
#17224=CARTESIAN_POINT('Origin',(1.11458043467,4.659222520857,3.4));
#17225=CARTESIAN_POINT('',(1.11458043467,4.659222520857,3.4));
#17226=CARTESIAN_POINT('Origin',(1.122080491891,4.670711881189,3.4));
#17227=CARTESIAN_POINT('',(1.122080491891,4.670711881189,3.4));
#17228=CARTESIAN_POINT('Origin',(1.12583043467,4.686031028299,3.4));
#17229=CARTESIAN_POINT('',(1.12583043467,4.686031028299,3.4));
#17230=CARTESIAN_POINT('Origin',(1.12583043467,4.743477835326,3.4));
#17231=CARTESIAN_POINT('',(1.12583043467,4.743477835326,3.4));
#17232=CARTESIAN_POINT('Origin',(1.122080491891,4.758796982436,3.4));
#17233=CARTESIAN_POINT('',(1.122080491891,4.758796982436,3.4));
#17234=CARTESIAN_POINT('Origin',(1.11458043467,4.770286353497,3.4));
#17235=CARTESIAN_POINT('',(1.11458043467,4.770286353497,3.4));
#17236=CARTESIAN_POINT('Origin',(1.10333043467,4.777945927052,3.4));
#17237=CARTESIAN_POINT('',(1.10333043467,4.777945927052,3.4));
#17238=CARTESIAN_POINT('Origin',(1.088330491891,4.78177571383,3.4));
#17239=CARTESIAN_POINT('',(1.088330491891,4.78177571383,3.4));
#17240=CARTESIAN_POINT('Origin',(1.05833043467,4.78177571383,3.4));
#17241=CARTESIAN_POINT('',(1.05833043467,4.78177571383,3.4));
#17242=CARTESIAN_POINT('Origin',(1.043330491891,4.777945927052,3.4));
#17243=CARTESIAN_POINT('',(1.043330491891,4.777945927052,3.4));
#17244=CARTESIAN_POINT('Origin',(1.032080491891,4.770286353497,3.4));
#17245=CARTESIAN_POINT('',(1.032080491891,4.770286353497,3.4));
#17246=CARTESIAN_POINT('Origin',(1.02458043467,4.758796982436,3.4));
#17247=CARTESIAN_POINT('Origin',(0.9983304918909,4.743477835326,3.4));
#17248=CARTESIAN_POINT('',(0.9983304918909,4.686031028299,3.4));
#17249=CARTESIAN_POINT('',(0.9983304918909,4.743477835326,3.4));
#17250=CARTESIAN_POINT('Origin',(1.00208043467,4.762626779942,3.4));
#17251=CARTESIAN_POINT('',(1.00208043467,4.762626779942,3.4));
#17252=CARTESIAN_POINT('Origin',(1.009580491891,4.777945927052,3.4));
#17253=CARTESIAN_POINT('',(1.009580491891,4.777945927052,3.4));
#17254=CARTESIAN_POINT('Origin',(1.02458043467,4.793265074162,3.4));
#17255=CARTESIAN_POINT('',(1.02458043467,4.793265074162,3.4));
#17256=CARTESIAN_POINT('Origin',(1.03958037745,4.800924647717,3.4));
#17257=CARTESIAN_POINT('',(1.03958037745,4.800924647717,3.4));
#17258=CARTESIAN_POINT('Origin',(1.05833043467,4.804754434495,3.4));
#17259=CARTESIAN_POINT('',(1.05833043467,4.804754434495,3.4));
#17260=CARTESIAN_POINT('Origin',(1.088330491891,4.804754434495,3.4));
#17261=CARTESIAN_POINT('',(1.088330491891,4.804754434495,3.4));
#17262=CARTESIAN_POINT('Origin',(1.10708037745,4.800924647717,3.4));
#17263=CARTESIAN_POINT('',(1.10708037745,4.800924647717,3.4));
#17264=CARTESIAN_POINT('Origin',(1.122080491891,4.793265074162,3.4));
#17265=CARTESIAN_POINT('',(1.122080491891,4.793265074162,3.4));
#17266=CARTESIAN_POINT('Origin',(1.13708043467,4.777945927052,3.4));
#17267=CARTESIAN_POINT('',(1.13708043467,4.777945927052,3.4));
#17268=CARTESIAN_POINT('Origin',(1.144580491891,4.762626779942,3.4));
#17269=CARTESIAN_POINT('',(1.144580491891,4.762626779942,3.4));
#17270=CARTESIAN_POINT('Origin',(1.14833043467,4.743477835326,3.4));
#17271=CARTESIAN_POINT('',(1.14833043467,4.743477835326,3.4));
#17272=CARTESIAN_POINT('Origin',(1.14833043467,4.686031028299,3.4));
#17273=CARTESIAN_POINT('',(1.14833043467,4.686031028299,3.4));
#17274=CARTESIAN_POINT('Origin',(1.144580491891,4.666882094412,3.4));
#17275=CARTESIAN_POINT('',(1.144580491891,4.666882094412,3.4));
#17276=CARTESIAN_POINT('Origin',(1.13708043467,4.651562944619,3.4));
#17277=CARTESIAN_POINT('',(1.13708043467,4.651562944619,3.4));
#17278=CARTESIAN_POINT('Origin',(1.122080491891,4.636243796168,3.4));
#17279=CARTESIAN_POINT('',(1.122080491891,4.636243796168,3.4));
#17280=CARTESIAN_POINT('Origin',(1.10708037745,4.628584221607,3.4));
#17281=CARTESIAN_POINT('',(1.10708037745,4.628584221607,3.4));
#17282=CARTESIAN_POINT('Origin',(1.088330491891,4.624754434495,3.4));
#17283=CARTESIAN_POINT('',(1.088330491891,4.624754434495,3.4));
#17284=CARTESIAN_POINT('Origin',(1.05833043467,4.624754434495,3.4));
#17285=CARTESIAN_POINT('',(1.05833043467,4.624754434495,3.4));
#17286=CARTESIAN_POINT('Origin',(1.03958037745,4.628584221607,3.4));
#17287=CARTESIAN_POINT('',(1.03958037745,4.628584221607,3.4));
#17288=CARTESIAN_POINT('Origin',(1.02458043467,4.636243796168,3.4));
#17289=CARTESIAN_POINT('',(1.02458043467,4.636243796168,3.4));
#17290=CARTESIAN_POINT('Origin',(1.009580491891,4.651562944619,3.4));
#17291=CARTESIAN_POINT('',(1.009580491891,4.651562944619,3.4));
#17292=CARTESIAN_POINT('Origin',(1.00208043467,4.666882094412,3.4));
#17293=CARTESIAN_POINT('',(1.00208043467,4.666882094412,3.4));
#17294=CARTESIAN_POINT('Origin',(0.9983304918909,4.686031028299,3.4));
#17295=CARTESIAN_POINT('Origin',(1.200830491891,4.705179967551,3.4));
#17296=CARTESIAN_POINT('',(1.26458037745,4.705179967551,3.4));
#17297=CARTESIAN_POINT('',(1.200830491891,4.705179967551,3.4));
#17298=CARTESIAN_POINT('Origin',(1.200830491891,4.624754434495,3.4));
#17299=CARTESIAN_POINT('',(1.200830491891,4.624754434495,3.4));
#17300=CARTESIAN_POINT('Origin',(1.178330491891,4.624754434495,3.4));
#17301=CARTESIAN_POINT('',(1.178330491891,4.624754434495,3.4));
#17302=CARTESIAN_POINT('Origin',(1.178330491891,4.804754434495,3.4));
#17303=CARTESIAN_POINT('',(1.178330491891,4.804754434495,3.4));
#17304=CARTESIAN_POINT('Origin',(1.268330491891,4.804754434495,3.4));
#17305=CARTESIAN_POINT('',(1.268330491891,4.804754434495,3.4));
#17306=CARTESIAN_POINT('Origin',(1.28708037745,4.800924647717,3.4));
#17307=CARTESIAN_POINT('',(1.28708037745,4.800924647717,3.4));
#17308=CARTESIAN_POINT('Origin',(1.302080491891,4.789435287385,3.4));
#17309=CARTESIAN_POINT('',(1.302080491891,4.789435287385,3.4));
#17310=CARTESIAN_POINT('Origin',(1.313330491891,4.774116140275,3.4));
#17311=CARTESIAN_POINT('',(1.313330491891,4.774116140275,3.4));
#17312=CARTESIAN_POINT('Origin',(1.31708043467,4.762626779942,3.4));
#17313=CARTESIAN_POINT('',(1.31708043467,4.762626779942,3.4));
#17314=CARTESIAN_POINT('Origin',(1.31708043467,4.747307622103,3.4));
#17315=CARTESIAN_POINT('',(1.31708043467,4.747307622103,3.4));
#17316=CARTESIAN_POINT('Origin',(1.313330491891,4.735818261771,3.4));
#17317=CARTESIAN_POINT('',(1.313330491891,4.735818261771,3.4));
#17318=CARTESIAN_POINT('Origin',(1.302080491891,4.720499114661,3.4));
#17319=CARTESIAN_POINT('',(1.302080491891,4.720499114661,3.4));
#17320=CARTESIAN_POINT('Origin',(1.28708037745,4.712839541106,3.4));
#17321=CARTESIAN_POINT('',(1.28708037745,4.712839541106,3.4));
#17322=CARTESIAN_POINT('Origin',(1.32083037745,4.624754434495,3.4));
#17323=CARTESIAN_POINT('',(1.32083037745,4.624754434495,3.4));
#17324=CARTESIAN_POINT('Origin',(1.29458043467,4.624754434495,3.4));
#17325=CARTESIAN_POINT('',(1.29458043467,4.624754434495,3.4));
#17326=CARTESIAN_POINT('Origin',(1.26458037745,4.705179967551,3.4));
#17327=CARTESIAN_POINT('Origin',(1.27208043467,4.728158688216,3.4));
#17328=CARTESIAN_POINT('',(1.200830491891,4.728158688216,3.4));
#17329=CARTESIAN_POINT('',(1.27208043467,4.728158688216,3.4));
#17330=CARTESIAN_POINT('Origin',(1.28333043467,4.731988474993,3.4));
#17331=CARTESIAN_POINT('',(1.28333043467,4.731988474993,3.4));
#17332=CARTESIAN_POINT('Origin',(1.290830491891,4.739648048548,3.4));
#17333=CARTESIAN_POINT('',(1.290830491891,4.739648048548,3.4));
#17334=CARTESIAN_POINT('Origin',(1.29458043467,4.751137408881,3.4));
#17335=CARTESIAN_POINT('',(1.29458043467,4.751137408881,3.4));
#17336=CARTESIAN_POINT('Origin',(1.29458043467,4.762626779942,3.4));
#17337=CARTESIAN_POINT('',(1.29458043467,4.762626779942,3.4));
#17338=CARTESIAN_POINT('Origin',(1.290830491891,4.774116140275,3.4));
#17339=CARTESIAN_POINT('',(1.290830491891,4.774116140275,3.4));
#17340=CARTESIAN_POINT('Origin',(1.28333043467,4.78177571383,3.4));
#17341=CARTESIAN_POINT('',(1.28333043467,4.78177571383,3.4));
#17342=CARTESIAN_POINT('Origin',(1.27208043467,4.785605500607,3.4));
#17343=CARTESIAN_POINT('',(1.27208043467,4.785605500607,3.4));
#17344=CARTESIAN_POINT('Origin',(1.200830491891,4.785605500607,3.4));
#17345=CARTESIAN_POINT('',(1.200830491891,4.785605500607,3.4));
#17346=CARTESIAN_POINT('Origin',(1.200830491891,4.728158688216,3.4));
#17347=CARTESIAN_POINT('Origin',(-6.5,0.,3.4));
#17348=CARTESIAN_POINT('',(-4.634788838228,2.250736002216,3.4));
#17349=CARTESIAN_POINT('',(-4.634788838228,3.708398789738,3.4));
#17350=CARTESIAN_POINT('',(-4.634788838228,2.250736002216,3.4));
#17351=CARTESIAN_POINT('',(-2.374693705619,2.250736002216,3.4));
#17352=CARTESIAN_POINT('',(-2.374693705619,2.250736002216,3.4));
#17353=CARTESIAN_POINT('',(-2.374693705619,3.708398789738,3.4));
#17354=CARTESIAN_POINT('',(-2.374693705619,3.708398789738,3.4));
#17355=CARTESIAN_POINT('',(-4.634788838228,3.708398789738,3.4));
#17356=CARTESIAN_POINT('Origin',(-4.634788838228,3.708398789738,3.4));
#17357=CARTESIAN_POINT('',(-2.374693705619,3.708398789738,3.2));
#17358=CARTESIAN_POINT('',(-2.374693705619,3.708398789738,3.4));
#17359=CARTESIAN_POINT('',(-4.634788838228,3.708398789738,3.2));
#17360=CARTESIAN_POINT('',(-4.634788838228,3.708398789738,3.2));
#17361=CARTESIAN_POINT('',(-4.634788838228,3.708398789738,3.4));
#17362=CARTESIAN_POINT('Origin',(-4.634788838228,2.250736002216,3.4));
#17363=CARTESIAN_POINT('',(-4.634788838228,2.250736002216,3.2));
#17364=CARTESIAN_POINT('',(-4.634788838228,2.250736002216,3.2));
#17365=CARTESIAN_POINT('',(-4.634788838228,2.250736002216,3.4));
#17366=CARTESIAN_POINT('Origin',(-2.374693705619,2.250736002216,3.4));
#17367=CARTESIAN_POINT('',(-2.374693705619,2.250736002216,3.2));
#17368=CARTESIAN_POINT('',(-2.374693705619,2.250736002216,3.2));
#17369=CARTESIAN_POINT('',(-2.374693705619,2.250736002216,3.4));
#17370=CARTESIAN_POINT('Origin',(-2.374693705619,3.708398789738,3.4));
#17371=CARTESIAN_POINT('',(-2.374693705619,3.708398789738,3.2));
#17372=CARTESIAN_POINT('Origin',(6.5,6.2,3.2));
#17373=CARTESIAN_POINT('Origin',(4.634788838228,3.708398789738,3.4));
#17374=CARTESIAN_POINT('',(4.634788838228,3.708398789738,3.2));
#17375=CARTESIAN_POINT('',(2.374693705619,3.708398789738,3.2));
#17376=CARTESIAN_POINT('',(4.634788838228,3.708398789738,3.2));
#17377=CARTESIAN_POINT('',(2.374693705619,3.708398789738,3.4));
#17378=CARTESIAN_POINT('',(2.374693705619,3.708398789738,3.4));
#17379=CARTESIAN_POINT('',(4.634788838228,3.708398789738,3.4));
#17380=CARTESIAN_POINT('',(4.634788838228,3.708398789738,3.4));
#17381=CARTESIAN_POINT('',(4.634788838228,3.708398789738,3.4));
#17382=CARTESIAN_POINT('Origin',(4.634788838228,2.250736002216,3.4));
#17383=CARTESIAN_POINT('',(4.634788838228,2.250736002216,3.4));
#17384=CARTESIAN_POINT('',(4.634788838228,2.250736002216,3.4));
#17385=CARTESIAN_POINT('',(4.634788838228,2.250736002216,3.2));
#17386=CARTESIAN_POINT('',(4.634788838228,2.250736002216,3.4));
#17387=CARTESIAN_POINT('',(4.634788838228,2.250736002216,3.2));
#17388=CARTESIAN_POINT('Origin',(6.5,6.2,3.2));
#17389=CARTESIAN_POINT('',(2.374693705619,2.250736002216,3.2));
#17390=CARTESIAN_POINT('',(2.374693705619,2.250736002216,3.2));
#17391=CARTESIAN_POINT('',(2.374693705619,3.708398789738,3.2));
#17392=CARTESIAN_POINT('Origin',(2.374693705619,3.708398789738,3.4));
#17393=CARTESIAN_POINT('',(2.374693705619,2.250736002216,3.4));
#17394=CARTESIAN_POINT('',(2.374693705619,2.250736002216,3.4));
#17395=CARTESIAN_POINT('',(2.374693705619,3.708398789738,3.4));
#17396=CARTESIAN_POINT('Origin',(-6.5,0.,3.4));
#17397=CARTESIAN_POINT('',(2.374693705619,2.250736002216,3.4));
#17398=CARTESIAN_POINT('Origin',(2.374693705619,2.250736002216,3.4));
#17399=CARTESIAN_POINT('Origin',(6.5,0.,-3.4));
#17400=CARTESIAN_POINT('',(-2.374693705619,3.708398789738,-3.4));
#17401=CARTESIAN_POINT('',(-2.374693705619,2.250736002216,-3.4));
#17402=CARTESIAN_POINT('',(-2.374693705619,3.708398789738,-3.4));
#17403=CARTESIAN_POINT('',(-4.634788838228,2.250736002216,-3.4));
#17404=CARTESIAN_POINT('',(-2.374693705619,2.250736002216,-3.4));
#17405=CARTESIAN_POINT('',(-4.634788838228,3.708398789738,-3.4));
#17406=CARTESIAN_POINT('',(-4.634788838228,2.250736002216,-3.4));
#17407=CARTESIAN_POINT('',(-4.634788838228,3.708398789738,-3.4));
#17408=CARTESIAN_POINT('Origin',(-4.634788838228,3.708398789738,-3.4));
#17409=CARTESIAN_POINT('',(-4.634788838228,3.708398789738,-3.2));
#17410=CARTESIAN_POINT('',(-2.374693705619,3.708398789738,-3.2));
#17411=CARTESIAN_POINT('',(-4.634788838228,3.708398789738,-3.2));
#17412=CARTESIAN_POINT('',(-2.374693705619,3.708398789738,-3.4));
#17413=CARTESIAN_POINT('',(-4.634788838228,3.708398789738,-3.4));
#17414=CARTESIAN_POINT('Origin',(-4.634788838228,2.250736002216,-3.4));
#17415=CARTESIAN_POINT('',(-4.634788838228,2.250736002216,-3.2));
#17416=CARTESIAN_POINT('',(-4.634788838228,2.250736002216,-3.4));
#17417=CARTESIAN_POINT('',(-4.634788838228,2.250736002216,-3.2));
#17418=CARTESIAN_POINT('Origin',(6.5,0.,-3.2));
#17419=CARTESIAN_POINT('',(-2.374693705619,2.250736002216,-3.2));
#17420=CARTESIAN_POINT('',(-2.374693705619,2.250736002216,-3.2));
#17421=CARTESIAN_POINT('',(-2.374693705619,3.708398789738,-3.2));
#17422=CARTESIAN_POINT('Origin',(-2.374693705619,3.708398789738,-3.4));
#17423=CARTESIAN_POINT('',(-2.374693705619,2.250736002216,-3.4));
#17424=CARTESIAN_POINT('Origin',(-2.374693705619,2.250736002216,-3.4));
#17425=UNCERTAINTY_MEASURE_WITH_UNIT(LENGTH_MEASURE(0.01),#17429,
'DISTANCE_ACCURACY_VALUE',
'Maximum model space distance between geometric entities at asserted c
onnectivities');
#17426=UNCERTAINTY_MEASURE_WITH_UNIT(LENGTH_MEASURE(0.01),#17429,
'DISTANCE_ACCURACY_VALUE',
'Maximum model space distance between geometric entities at asserted c
onnectivities');
#17427=(
GEOMETRIC_REPRESENTATION_CONTEXT(3)
GLOBAL_UNCERTAINTY_ASSIGNED_CONTEXT((#17425))
GLOBAL_UNIT_ASSIGNED_CONTEXT((#17429,#17431,#17432))
REPRESENTATION_CONTEXT('','3D')
);
#17428=(
GEOMETRIC_REPRESENTATION_CONTEXT(3)
GLOBAL_UNCERTAINTY_ASSIGNED_CONTEXT((#17426))
GLOBAL_UNIT_ASSIGNED_CONTEXT((#17429,#17431,#17432))
REPRESENTATION_CONTEXT('','3D')
);
#17429=(
LENGTH_UNIT()
NAMED_UNIT(*)
SI_UNIT(.MILLI.,.METRE.)
);
#17430=(
LENGTH_UNIT()
NAMED_UNIT(*)
SI_UNIT($,.METRE.)
);
#17431=(
NAMED_UNIT(*)
PLANE_ANGLE_UNIT()
SI_UNIT($,.RADIAN.)
);
#17432=(
NAMED_UNIT(*)
SI_UNIT($,.STERADIAN.)
SOLID_ANGLE_UNIT()
);
#17433=SHAPE_DEFINITION_REPRESENTATION(#17434,#17435);
#17434=PRODUCT_DEFINITION_SHAPE('',$,#17437);
#17435=SHAPE_REPRESENTATION('',(#11065),#17427);
#17436=PRODUCT_DEFINITION_CONTEXT('part definition',#17441,'design');
#17437=PRODUCT_DEFINITION('ss-12d10l5','ss-12d10l5 v2',#17438,#17436);
#17438=PRODUCT_DEFINITION_FORMATION('',$,#17443);
#17439=PRODUCT_RELATED_PRODUCT_CATEGORY('ss-12d10l5 v2','ss-12d10l5 v2',
(#17443));
#17440=APPLICATION_PROTOCOL_DEFINITION('international standard',
'automotive_design',2009,#17441);
#17441=APPLICATION_CONTEXT(
'Core Data for Automotive Mechanical Design Process');
#17442=PRODUCT_CONTEXT('part definition',#17441,'mechanical');
#17443=PRODUCT('ss-12d10l5','ss-12d10l5 v2',$,(#17442));
#17444=PRESENTATION_STYLE_ASSIGNMENT((#17447));
#17445=PRESENTATION_STYLE_ASSIGNMENT((#17448));
#17446=PRESENTATION_STYLE_ASSIGNMENT((#17449));
#17447=SURFACE_STYLE_USAGE(.BOTH.,#17450);
#17448=SURFACE_STYLE_USAGE(.BOTH.,#17451);
#17449=SURFACE_STYLE_USAGE(.BOTH.,#17452);
#17450=SURFACE_SIDE_STYLE('',(#17453));
#17451=SURFACE_SIDE_STYLE('',(#17454));
#17452=SURFACE_SIDE_STYLE('',(#17455));
#17453=SURFACE_STYLE_FILL_AREA(#17456);
#17454=SURFACE_STYLE_FILL_AREA(#17457);
#17455=SURFACE_STYLE_FILL_AREA(#17458);
#17456=FILL_AREA_STYLE('Steel - Satin',(#17459));
#17457=FILL_AREA_STYLE('Brass - Polished',(#17460));
#17458=FILL_AREA_STYLE('Plastic - Glossy (Black)',(#17461));
#17459=FILL_AREA_STYLE_COLOUR('Steel - Satin',#17462);
#17460=FILL_AREA_STYLE_COLOUR('Brass - Polished',#17463);
#17461=FILL_AREA_STYLE_COLOUR('Plastic - Glossy (Black)',#17464);
#17462=COLOUR_RGB('Steel - Satin',0.627450980392157,0.627450980392157,0.627450980392157);
#17463=COLOUR_RGB('Brass - Polished',0.952941176470588,0.796078431372549,
0.486274509803922);
#17464=COLOUR_RGB('Plastic - Glossy (Black)',0.0980392156862745,0.0980392156862745,
0.0980392156862745);
ENDSEC;
END-ISO-10303-21;
